timestamp,machine_id,sensor,value,threshold,severity,anomaly_type
2025-01-02 20:30:00,Transfer Pump,temperature,80.50437456607736,71.96446774211343,Warning,Spike
2025-01-02 20:30:00,Transfer Pump,vibration,6.963191851905116,3.9421961648401727,Warning,Spike
2025-01-03 08:10:00,Reactor,temperature,81.62343995589148,70.61191346954348,Warning,Spike
2025-01-03 08:10:00,Reactor,vibration,7.472400737636123,3.7273566182843085,Warning,Spike
2025-01-03 08:20:00,Reactor,temperature,72.65156265758941,70.61191346954348,Warning,Spike
2025-01-08 19:20:00,Reactor,temperature,80.10967472420104,70.61191346954348,Warning,Spike
2025-01-08 19:20:00,Reactor,vibration,7.382110786477426,3.7273566182843085,Warning,Spike
2025-01-10 08:20:00,Transfer Pump,temperature,84.36482992855296,71.96446774211343,Warning,Spike
2025-01-10 08:20:00,Transfer Pump,vibration,8.22350740465498,3.9421961648401727,Warning,Spike
2025-01-11 14:10:00,Heat Exchanger,temperature,85.5376933686608,73.86863969930432,Warning,Spike
2025-01-11 14:10:00,Heat Exchanger,vibration,8.45930825556979,4.022832791489556,Warning,Spike
2025-01-14 05:10:00,Reactor,vibration,7.640979592623635,3.7273566182843085,Warning,Spike
2025-01-14 05:10:00,Reactor,temperature,79.53817510497512,70.61191346954348,Warning,Spike
2025-01-15 03:10:00,Heat Exchanger,vibration,7.720819074340662,4.022832791489556,Warning,Spike
2025-01-15 03:10:00,Heat Exchanger,temperature,82.35193298013122,73.86863969930432,Warning,Spike
2025-01-15 09:50:00,Transfer Pump,vibration,4.024960222817643,3.9421961648401727,Warning,Spike
2025-01-15 13:40:00,Transfer Pump,temperature,72.10450544043108,71.96446774211343,Warning,Spike
2025-01-16 10:10:00,Transfer Pump,vibration,4.048749497933896,3.9421961648401727,Warning,Spike
2025-01-16 11:10:00,Transfer Pump,temperature,72.83686409832568,71.96446774211343,Warning,Spike
2025-01-16 11:30:00,Transfer Pump,vibration,4.19135120927387,3.9421961648401727,Warning,Spike
2025-01-16 20:00:00,Transfer Pump,temperature,84.22655728350628,71.96446774211343,Warning,Spike
2025-01-16 20:00:00,Transfer Pump,vibration,8.21587599381315,3.9421961648401727,Warning,Spike
2025-01-17 09:10:00,Transfer Pump,vibration,4.08879857038854,3.9421961648401727,Warning,Spike
2025-01-17 09:20:00,Transfer Pump,vibration,4.2188820568414345,3.9421961648401727,Warning,Spike
2025-01-17 10:10:00,Transfer Pump,vibration,4.083939978691714,3.9421961648401727,Warning,Spike
2025-01-17 10:40:00,Transfer Pump,temperature,72.0412155376563,71.96446774211343,Warning,Spike
2025-01-17 11:00:00,Transfer Pump,temperature,72.88634413774183,71.96446774211343,Warning,Spike
2025-01-17 11:10:00,Transfer Pump,temperature,73.37322853254278,71.96446774211343,Warning,Spike
2025-01-17 11:30:00,Transfer Pump,temperature,72.45756957908769,71.96446774211343,Warning,Spike
2025-01-17 11:40:00,Transfer Pump,temperature,73.39433380787,71.96446774211343,Warning,Spike
2025-01-17 11:50:00,Transfer Pump,temperature,72.51405301484947,71.96446774211343,Warning,Spike
2025-01-17 12:00:00,Transfer Pump,temperature,72.29885879514143,71.96446774211343,Warning,Spike
2025-01-17 12:00:00,Transfer Pump,vibration,3.983524318657203,3.9421961648401727,Warning,Spike
2025-01-17 12:10:00,Transfer Pump,vibration,4.097323302747666,3.9421961648401727,Warning,Spike
2025-01-17 12:30:00,Transfer Pump,vibration,4.211122286838129,3.9421961648401727,Warning,Spike
2025-01-17 12:40:00,Transfer Pump,vibration,3.950446907589404,3.9421961648401727,Warning,Spike
2025-01-17 12:40:00,Transfer Pump,temperature,72.79963526164737,71.96446774211343,Warning,Spike
2025-01-17 12:50:00,Transfer Pump,vibration,4.127571991807794,3.9421961648401727,Warning,Spike
2025-01-17 13:10:00,Transfer Pump,temperature,72.26682691304883,71.96446774211343,Warning,Spike
2025-01-17 13:20:00,Transfer Pump,vibration,4.032523820303881,3.9421961648401727,Warning,Spike
2025-01-17 13:30:00,Transfer Pump,vibration,3.9863600167599618,3.9421961648401727,Warning,Spike
2025-01-17 13:50:00,Transfer Pump,temperature,72.08087879410313,71.96446774211343,Warning,Spike
2025-01-17 15:00:00,Transfer Pump,vibration,4.16712858368256,3.9421961648401727,Warning,Spike
2025-01-17 15:20:00,Transfer Pump,vibration,3.95340730290319,3.9421961648401727,Warning,Spike
2025-01-18 06:50:00,Transfer Pump,vibration,4.046346531334764,3.9421961648401727,Warning,Spike
2025-01-18 07:10:00,Transfer Pump,temperature,72.11892082329145,71.96446774211343,Warning,Spike
2025-01-18 08:00:00,Transfer Pump,vibration,3.944672357176808,3.9421961648401727,Warning,Spike
2025-01-18 08:30:00,Transfer Pump,vibration,3.943033673198693,3.9421961648401727,Warning,Spike
2025-01-18 09:00:00,Heat Exchanger,vibration,4.166623519060675,4.022832791489556,Warning,Spike
2025-01-18 09:40:00,Transfer Pump,temperature,72.32198113423492,71.96446774211343,Warning,Spike
2025-01-18 09:40:00,Transfer Pump,vibration,4.043541021553028,3.9421961648401727,Warning,Spike
2025-01-18 10:00:00,Transfer Pump,temperature,72.15716350729029,71.96446774211343,Warning,Spike
2025-01-18 10:00:00,Transfer Pump,vibration,4.1025184842641735,3.9421961648401727,Warning,Spike
2025-01-18 10:10:00,Transfer Pump,temperature,71.99225991610115,71.96446774211343,Warning,Spike
2025-01-18 10:20:00,Transfer Pump,temperature,72.16412371633115,71.96446774211343,Warning,Spike
2025-01-18 10:20:00,Transfer Pump,vibration,3.949298249168319,3.9421961648401727,Warning,Spike
2025-01-18 10:30:00,Transfer Pump,vibration,4.125560992772983,3.9421961648401727,Warning,Spike
2025-01-18 10:40:00,Transfer Pump,temperature,72.22567441057146,71.96446774211343,Warning,Spike
2025-01-18 10:40:00,Transfer Pump,vibration,4.246155895792506,3.9421961648401727,Warning,Spike
2025-01-18 10:50:00,Transfer Pump,temperature,73.32370201106481,71.96446774211343,Warning,Spike
2025-01-18 11:00:00,Transfer Pump,temperature,72.36385020380987,71.96446774211343,Warning,Spike
2025-01-18 11:20:00,Transfer Pump,temperature,73.48499560994935,71.96446774211343,Warning,Spike
2025-01-18 11:30:00,Transfer Pump,temperature,72.90861269037268,71.96446774211343,Warning,Spike
2025-01-18 11:40:00,Transfer Pump,temperature,72.96675587535721,71.96446774211343,Warning,Spike
2025-01-18 11:50:00,Transfer Pump,temperature,72.95957271782555,71.96446774211343,Warning,Spike
2025-01-18 11:50:00,Heat Exchanger,temperature,74.48452562059467,73.86863969930432,Warning,Spike
2025-01-18 12:10:00,Transfer Pump,temperature,72.89442664198606,71.96446774211343,Warning,Spike
2025-01-18 12:20:00,Transfer Pump,vibration,4.018323489124265,3.9421961648401727,Warning,Spike
2025-01-18 12:20:00,Transfer Pump,temperature,73.4784135876401,71.96446774211343,Warning,Spike
2025-01-18 12:30:00,Transfer Pump,vibration,4.043597772771551,3.9421961648401727,Warning,Spike
2025-01-18 12:30:00,Transfer Pump,temperature,71.97443730119898,71.96446774211343,Warning,Spike
2025-01-18 12:50:00,Transfer Pump,temperature,72.60706271307473,71.96446774211343,Warning,Spike
2025-01-18 12:50:00,Transfer Pump,vibration,4.279183711132426,3.9421961648401727,Warning,Spike
2025-01-18 13:00:00,Transfer Pump,temperature,72.3090218433686,71.96446774211343,Warning,Spike
2025-01-18 13:00:00,Transfer Pump,vibration,4.15136678622,3.9421961648401727,Warning,Spike
2025-01-18 13:20:00,Transfer Pump,temperature,72.68433812851261,71.96446774211343,Warning,Spike
2025-01-18 13:20:00,Transfer Pump,vibration,3.960421994952126,3.9421961648401727,Warning,Spike
2025-01-18 13:30:00,Transfer Pump,temperature,72.57343725104226,71.96446774211343,Warning,Spike
2025-01-18 13:30:00,Transfer Pump,vibration,4.134218084678446,3.9421961648401727,Warning,Spike
2025-01-18 13:40:00,Transfer Pump,vibration,3.980576713402384,3.9421961648401727,Warning,Spike
2025-01-18 13:50:00,Transfer Pump,temperature,73.54063647180448,71.96446774211343,Warning,Spike
2025-01-18 13:50:00,Transfer Pump,vibration,4.210605606616767,3.9421961648401727,Warning,Spike
2025-01-18 14:00:00,Transfer Pump,vibration,4.051629177549853,3.9421961648401727,Warning,Spike
2025-01-18 14:00:00,Transfer Pump,temperature,72.56115253253658,71.96446774211343,Warning,Spike
2025-01-18 14:10:00,Transfer Pump,vibration,3.9858784738325466,3.9421961648401727,Warning,Drift
2025-01-18 14:20:00,Transfer Pump,temperature,72.460317851924,71.96446774211343,Warning,Spike
2025-01-18 14:20:00,Transfer Pump,vibration,3.974254879811408,3.9421961648401727,Warning,Drift
2025-01-18 14:30:00,Transfer Pump,temperature,72.3513058806868,71.96446774211343,Warning,Drift
2025-01-18 14:30:00,Transfer Pump,vibration,4.486310399239493,3.9421961648401727,Warning,Drift
2025-01-18 14:40:00,Transfer Pump,temperature,72.76038422456735,71.96446774211343,Warning,Drift
2025-01-18 14:40:00,Transfer Pump,vibration,3.724729987350387,1.3763250384549288,Warning,Drift
2025-01-18 14:50:00,Transfer Pump,temperature,71.03310609245997,56.11255468087906,Warning,Drift
2025-01-18 14:50:00,Transfer Pump,vibration,3.6989429793989097,1.3763250384549288,Warning,Drift
2025-01-18 15:00:00,Transfer Pump,temperature,90.09776617682516,71.96446774211343,Critical,Drift
2025-01-18 15:00:00,Transfer Pump,vibration,8.839738300659004,3.9421961648401727,Critical,Drift
2025-01-18 15:10:00,Transfer Pump,vibration,4.122692826399295,3.9421961648401727,Warning,Drift
2025-01-18 15:10:00,Transfer Pump,temperature,71.13600809125306,56.11255468087906,Warning,Drift
2025-01-18 15:20:00,Transfer Pump,vibration,3.412421485982433,1.3763250384549288,Warning,Drift
2025-01-18 15:20:00,Transfer Pump,temperature,70.76984659556965,56.11255468087906,Warning,Drift
2025-01-18 15:30:00,Transfer Pump,vibration,3.498742526911388,1.3763250384549288,Warning,Drift
2025-01-18 15:30:00,Transfer Pump,temperature,70.11457755678745,56.11255468087906,Warning,Drift
2025-01-18 15:40:00,Transfer Pump,vibration,3.754491692856618,1.3763250384549288,Warning,Drift
2025-01-18 15:40:00,Transfer Pump,temperature,69.45930851800527,56.11255468087906,Warning,Drift
2025-01-18 15:50:00,Transfer Pump,vibration,4.192580237839999,3.9421961648401727,Warning,Drift
2025-01-18 15:50:00,Transfer Pump,temperature,71.29170727568265,56.11255468087906,Warning,Drift
2025-01-18 16:00:00,Transfer Pump,vibration,3.7995793227735057,1.3763250384549288,Warning,Drift
2025-01-18 16:00:00,Transfer Pump,temperature,70.51489406732121,56.11255468087906,Warning,Drift
2025-01-18 16:10:00,Transfer Pump,temperature,68.41987311672838,56.11255468087906,Warning,Drift
2025-01-18 16:10:00,Transfer Pump,vibration,3.5693847957818687,1.3763250384549288,Warning,Drift
2025-01-18 16:20:00,Transfer Pump,temperature,70.53180918708809,56.11255468087906,Warning,Drift
2025-01-18 16:20:00,Transfer Pump,vibration,3.9098136037169553,1.3763250384549288,Warning,Drift
2025-01-18 16:30:00,Transfer Pump,temperature,71.26254449444548,56.11255468087906,Warning,Drift
2025-01-18 16:30:00,Transfer Pump,vibration,4.0438549032268,3.9421961648401727,Warning,Drift
2025-01-18 16:40:00,Transfer Pump,temperature,69.15287102321999,56.11255468087906,Warning,Drift
2025-01-18 16:40:00,Transfer Pump,vibration,3.612278226514,1.3763250384549288,Warning,Drift
2025-01-18 16:50:00,Transfer Pump,temperature,69.48829381051331,56.11255468087906,Warning,Drift
2025-01-18 16:50:00,Transfer Pump,vibration,3.791277277121445,1.3763250384549288,Warning,Drift
2025-01-18 17:00:00,Transfer Pump,vibration,3.7837581019246107,1.3763250384549288,Warning,Drift
2025-01-18 17:00:00,Transfer Pump,temperature,70.2690206920582,56.11255468087906,Warning,Drift
2025-01-18 17:10:00,Transfer Pump,vibration,3.776238926727777,1.3763250384549288,Warning,Drift
2025-01-18 17:10:00,Transfer Pump,temperature,67.72536822018904,56.11255468087906,Warning,Drift
2025-01-18 17:20:00,Transfer Pump,vibration,3.572196026533815,1.3763250384549288,Warning,Drift
2025-01-18 17:30:00,Transfer Pump,vibration,3.749390366819212,1.3763250384549288,Warning,Drift
2025-01-18 17:40:00,Transfer Pump,vibration,3.768477666946262,1.3763250384549288,Warning,Drift
2025-01-18 17:50:00,Transfer Pump,vibration,3.7273692801192064,1.3763250384549288,Warning,Drift
2025-01-18 18:00:00,Transfer Pump,vibration,3.287978684650872,1.3763250384549288,Warning,Drift
2025-01-18 18:10:00,Transfer Pump,vibration,3.303109151548207,1.3763250384549288,Warning,Drift
2025-01-18 18:30:00,Transfer Pump,vibration,3.5719109470730683,1.3763250384549288,Warning,Drift
2025-01-18 18:40:00,Transfer Pump,vibration,3.605847582002572,1.3763250384549288,Warning,Drift
2025-01-18 18:50:00,Transfer Pump,vibration,3.2970332020252644,1.3763250384549288,Warning,Drift
2025-01-19 07:00:00,Transfer Pump,vibration,4.142230349745328,3.9421961648401727,Warning,Spike
2025-01-19 07:20:00,Transfer Pump,vibration,4.178740636225502,3.9421961648401727,Warning,Spike
2025-01-19 07:30:00,Transfer Pump,vibration,4.023025042281343,3.9421961648401727,Warning,Spike
2025-01-19 07:50:00,Transfer Pump,vibration,3.964192502012358,3.9421961648401727,Warning,Spike
2025-01-19 08:10:00,Transfer Pump,temperature,72.35043536612038,71.96446774211343,Warning,Spike
2025-01-19 08:20:00,Transfer Pump,temperature,72.6455957042232,71.96446774211343,Warning,Spike
2025-01-19 08:40:00,Transfer Pump,temperature,72.3006920789116,71.96446774211343,Warning,Spike
2025-01-19 08:50:00,Transfer Pump,vibration,4.0887254331830425,3.9421961648401727,Warning,Spike
2025-01-19 09:10:00,Transfer Pump,temperature,73.12286297864526,71.96446774211343,Warning,Spike
2025-01-19 09:10:00,Transfer Pump,vibration,4.24170910639185,3.9421961648401727,Warning,Spike
2025-01-19 09:20:00,Transfer Pump,temperature,72.10200987942297,71.96446774211343,Warning,Spike
2025-01-19 09:20:00,Transfer Pump,vibration,4.065470716715737,3.9421961648401727,Warning,Spike
2025-01-19 09:30:00,Transfer Pump,temperature,72.36177056715064,71.96446774211343,Warning,Spike
2025-01-19 09:30:00,Transfer Pump,vibration,4.1872028025653325,3.9421961648401727,Warning,Spike
2025-01-19 09:50:00,Transfer Pump,temperature,72.75624323652895,71.96446774211343,Warning,Spike
2025-01-19 09:50:00,Reactor,temperature,84.16729719925851,70.61191346954348,Warning,Spike
2025-01-19 09:50:00,Reactor,vibration,7.770248553066422,3.7273566182843085,Warning,Spike
2025-01-19 10:00:00,Transfer Pump,vibration,3.9871211906274224,3.9421961648401727,Warning,Spike
2025-01-19 10:00:00,Transfer Pump,temperature,73.10516567445544,71.96446774211343,Warning,Spike
2025-01-19 10:10:00,Transfer Pump,vibration,4.251541319790684,3.9421961648401727,Warning,Spike
2025-01-19 10:10:00,Transfer Pump,temperature,73.15830346133014,71.96446774211343,Warning,Spike
2025-01-19 10:20:00,Transfer Pump,vibration,4.450214473618756,3.9421961648401727,Warning,Spike
2025-01-19 10:30:00,Transfer Pump,temperature,73.51790883843833,71.96446774211343,Warning,Spike
2025-01-19 10:30:00,Transfer Pump,vibration,4.169751497574109,3.9421961648401727,Warning,Spike
2025-01-19 10:40:00,Transfer Pump,temperature,71.97933253345116,71.96446774211343,Warning,Spike
2025-01-19 10:50:00,Transfer Pump,temperature,72.81028010612692,71.96446774211343,Warning,Spike
2025-01-19 11:20:00,Transfer Pump,temperature,72.15090240545803,71.96446774211343,Warning,Spike
2025-01-19 11:20:00,Transfer Pump,vibration,4.05992754978374,3.9421961648401727,Warning,Spike
2025-01-19 11:30:00,Transfer Pump,vibration,4.089060269994046,3.9421961648401727,Warning,Spike
2025-01-19 11:30:00,Transfer Pump,temperature,72.6224296204019,71.96446774211343,Warning,Spike
2025-01-19 11:40:00,Transfer Pump,temperature,73.0505820172909,71.96446774211343,Warning,Spike
2025-01-19 11:50:00,Transfer Pump,temperature,73.67893473214662,71.96446774211343,Warning,Spike
2025-01-19 12:00:00,Transfer Pump,temperature,73.65932277335384,71.96446774211343,Warning,Spike
2025-01-19 12:00:00,Transfer Pump,vibration,4.136940774429862,3.9421961648401727,Warning,Spike
2025-01-19 12:10:00,Transfer Pump,vibration,4.207598991661568,3.9421961648401727,Warning,Spike
2025-01-19 12:20:00,Transfer Pump,temperature,73.56336383960621,71.96446774211343,Warning,Spike
2025-01-19 12:50:00,Transfer Pump,temperature,72.26027962729509,71.96446774211343,Warning,Spike
2025-01-19 13:00:00,Transfer Pump,temperature,72.88288121536497,71.96446774211343,Warning,Spike
2025-01-19 13:00:00,Transfer Pump,vibration,4.393289363330633,3.9421961648401727,Warning,Drift
2025-01-19 13:10:00,Transfer Pump,temperature,73.07908496495614,71.96446774211343,Warning,Drift
2025-01-19 13:10:00,Transfer Pump,vibration,4.231402737676105,3.9421961648401727,Warning,Drift
2025-01-19 13:20:00,Transfer Pump,vibration,4.271631573453112,3.9421961648401727,Warning,Drift
2025-01-19 13:20:00,Transfer Pump,temperature,73.15234110968679,71.96446774211343,Warning,Drift
2025-01-19 13:30:00,Transfer Pump,temperature,72.64137129249345,71.96446774211343,Warning,Drift
2025-01-19 13:30:00,Transfer Pump,vibration,3.909487083271607,1.3763250384549288,Warning,Drift
2025-01-19 13:40:00,Transfer Pump,temperature,70.72283879926027,56.11255468087906,Warning,Drift
2025-01-19 13:40:00,Transfer Pump,vibration,4.227858666481202,3.9421961648401727,Warning,Drift
2025-01-19 13:50:00,Transfer Pump,temperature,72.28294809981881,71.96446774211343,Warning,Drift
2025-01-19 13:50:00,Transfer Pump,vibration,4.240695265594584,3.9421961648401727,Warning,Drift
2025-01-19 14:00:00,Transfer Pump,vibration,3.9524330478472782,3.9421961648401727,Warning,Drift
2025-01-19 14:00:00,Transfer Pump,temperature,71.6633017062833,56.11255468087906,Warning,Drift
2025-01-19 14:10:00,Transfer Pump,vibration,4.2007368990666745,3.9421961648401727,Warning,Drift
2025-01-19 14:10:00,Transfer Pump,temperature,74.17972739071374,71.96446774211343,Warning,Drift
2025-01-19 14:20:00,Transfer Pump,vibration,4.025416354481198,3.9421961648401727,Warning,Drift
2025-01-19 14:20:00,Transfer Pump,temperature,72.50267681179142,71.96446774211343,Warning,Drift
2025-01-19 14:30:00,Transfer Pump,temperature,72.96234103465926,71.96446774211343,Warning,Drift
2025-01-19 14:30:00,Transfer Pump,vibration,3.928357600048491,1.3763250384549288,Warning,Drift
2025-01-19 14:40:00,Transfer Pump,temperature,72.78647944813927,71.96446774211343,Warning,Drift
2025-01-19 14:40:00,Transfer Pump,vibration,3.9926927843486455,3.9421961648401727,Warning,Drift
2025-01-19 15:00:00,Transfer Pump,temperature,71.74814963823347,56.11255468087906,Warning,Drift
2025-01-19 15:00:00,Transfer Pump,vibration,3.94872950731674,3.9421961648401727,Warning,Drift
2025-01-19 15:10:00,Transfer Pump,temperature,71.54026637240139,56.11255468087906,Warning,Drift
2025-01-19 15:10:00,Transfer Pump,vibration,3.84732742228654,1.3763250384549288,Warning,Drift
2025-01-19 15:20:00,Transfer Pump,temperature,70.24855961141479,56.11255468087906,Warning,Drift
2025-01-19 15:20:00,Transfer Pump,vibration,4.046652822396829,3.9421961648401727,Warning,Drift
2025-01-19 15:30:00,Transfer Pump,vibration,4.062202772115517,3.9421961648401727,Warning,Drift
2025-01-19 15:30:00,Transfer Pump,temperature,71.86421117631023,56.11255468087906,Warning,Drift
2025-01-19 15:40:00,Transfer Pump,temperature,71.87212783235051,56.11255468087906,Warning,Drift
2025-01-19 15:40:00,Transfer Pump,vibration,3.972726530759303,3.9421961648401727,Warning,Drift
2025-01-19 15:50:00,Transfer Pump,temperature,71.4711041967,56.11255468087906,Warning,Drift
2025-01-19 15:50:00,Transfer Pump,vibration,3.639791674855278,1.3763250384549288,Warning,Drift
2025-01-19 16:00:00,Transfer Pump,temperature,71.4980708283054,56.11255468087906,Warning,Drift
2025-01-19 16:00:00,Transfer Pump,vibration,3.809773539782096,1.3763250384549288,Warning,Drift
2025-01-19 16:20:00,Transfer Pump,temperature,70.88628717603058,56.11255468087906,Warning,Drift
2025-01-19 16:20:00,Transfer Pump,vibration,4.193442589269066,3.9421961648401727,Warning,Drift
2025-01-19 16:40:00,Transfer Pump,vibration,3.7968013250521073,1.3763250384549288,Warning,Drift
2025-01-19 16:40:00,Transfer Pump,temperature,71.38046412303675,56.11255468087906,Warning,Drift
2025-01-19 16:50:00,Transfer Pump,temperature,70.74116053863095,56.11255468087906,Warning,Drift
2025-01-19 16:50:00,Transfer Pump,vibration,3.728914990749872,1.3763250384549288,Warning,Drift
2025-01-19 17:00:00,Transfer Pump,temperature,70.05443321317199,56.11255468087906,Warning,Drift
2025-01-19 17:00:00,Transfer Pump,vibration,3.788994507016784,1.3763250384549288,Warning,Drift
2025-01-19 17:10:00,Transfer Pump,temperature,70.29450849668427,56.11255468087906,Warning,Drift
2025-01-19 17:10:00,Transfer Pump,vibration,3.9285071754130794,1.3763250384549288,Warning,Drift
2025-01-19 17:20:00,Transfer Pump,temperature,69.4455933257019,56.11255468087906,Warning,Drift
2025-01-19 17:20:00,Transfer Pump,vibration,3.4454256516073745,1.3763250384549288,Warning,Drift
2025-01-19 17:30:00,Transfer Pump,vibration,3.797666544460319,1.3763250384549288,Warning,Drift
2025-01-19 17:40:00,Transfer Pump,vibration,3.646726216994951,1.3763250384549288,Warning,Drift
2025-01-19 17:50:00,Transfer Pump,vibration,3.796316012464194,1.3763250384549288,Warning,Drift
2025-01-19 18:00:00,Transfer Pump,vibration,3.843838263523939,1.3763250384549288,Warning,Drift
2025-01-19 18:10:00,Transfer Pump,vibration,3.556010981982319,1.3763250384549288,Warning,Drift
2025-01-19 23:20:00,Heat Exchanger,temperature,82.95606134112643,73.86863969930432,Warning,Spike
2025-01-19 23:20:00,Heat Exchanger,vibration,8.351025966684745,4.022832791489556,Warning,Spike
2025-01-20 05:00:00,Transfer Pump,vibration,3.953947224251827,3.9421961648401727,Warning,Spike
2025-01-20 06:30:00,Transfer Pump,temperature,72.1781662213245,71.96446774211343,Warning,Spike
2025-01-20 06:30:00,Transfer Pump,vibration,4.149020345684957,3.9421961648401727,Warning,Spike
2025-01-20 06:40:00,Transfer Pump,vibration,4.201027119912048,3.9421961648401727,Warning,Spike
2025-01-20 06:50:00,Heat Exchanger,temperature,88.53133728493557,73.86863969930432,Critical,Spike
2025-01-20 06:50:00,Heat Exchanger,vibration,8.806990384005143,4.022832791489556,Critical,Spike
2025-01-20 07:00:00,Transfer Pump,temperature,72.27219871679975,71.96446774211343,Warning,Spike
2025-01-20 07:00:00,Transfer Pump,vibration,4.034283223600485,3.9421961648401727,Warning,Spike
2025-01-20 07:10:00,Heat Exchanger,vibration,4.109450594538687,4.022832791489556,Warning,Spike
2025-01-20 07:40:00,Transfer Pump,vibration,4.142081637345904,3.9421961648401727,Warning,Spike
2025-01-20 07:50:00,Transfer Pump,vibration,4.064167686752645,3.9421961648401727,Warning,Spike
2025-01-20 08:00:00,Transfer Pump,vibration,4.116580513358226,3.9421961648401727,Warning,Spike
2025-01-20 08:10:00,Transfer Pump,vibration,4.172504488916148,3.9421961648401727,Warning,Spike
2025-01-20 08:20:00,Transfer Pump,temperature,72.09031073875502,71.96446774211343,Warning,Spike
2025-01-20 08:30:00,Transfer Pump,vibration,3.988047420665845,3.9421961648401727,Warning,Spike
2025-01-20 08:30:00,Transfer Pump,temperature,73.61669270852157,71.96446774211343,Warning,Spike
2025-01-20 08:40:00,Transfer Pump,vibration,4.142729583014006,3.9421961648401727,Warning,Spike
2025-01-20 08:40:00,Transfer Pump,temperature,72.92673874536096,71.96446774211343,Warning,Spike
2025-01-20 08:50:00,Transfer Pump,temperature,72.23678478220036,71.96446774211343,Warning,Spike
2025-01-20 08:50:00,Heat Exchanger,vibration,4.043837478187816,4.022832791489556,Warning,Spike
2025-01-20 08:50:00,Transfer Pump,vibration,4.015980178608797,3.9421961648401727,Warning,Spike
2025-01-20 09:00:00,Transfer Pump,vibration,4.10569457567009,3.9421961648401727,Warning,Spike
2025-01-20 09:00:00,Heat Exchanger,vibration,4.141978971501361,4.022832791489556,Warning,Spike
2025-01-20 09:10:00,Transfer Pump,vibration,3.963658128923916,3.9421961648401727,Warning,Spike
2025-01-20 09:10:00,Transfer Pump,temperature,73.60460040426318,71.96446774211343,Warning,Spike
2025-01-20 09:20:00,Transfer Pump,temperature,73.44769663219317,71.96446774211343,Warning,Spike
2025-01-20 09:20:00,Transfer Pump,vibration,4.360738208525882,3.9421961648401727,Warning,Spike
2025-01-20 09:30:00,Transfer Pump,vibration,4.303444535464871,3.9421961648401727,Warning,Spike
2025-01-20 09:30:00,Heat Exchanger,vibration,4.172042244304902,4.022832791489556,Warning,Spike
2025-01-20 09:40:00,Heat Exchanger,vibration,4.215122429478852,4.022832791489556,Warning,Spike
2025-01-20 09:40:00,Transfer Pump,vibration,4.369625783633169,3.9421961648401727,Warning,Spike
2025-01-20 09:50:00,Transfer Pump,vibration,4.277334502632858,3.9421961648401727,Warning,Spike
2025-01-20 09:50:00,Transfer Pump,temperature,73.76075044785723,71.96446774211343,Warning,Spike
2025-01-20 09:50:00,Heat Exchanger,vibration,4.078616337170208,4.022832791489556,Warning,Spike
2025-01-20 10:10:00,Transfer Pump,vibration,4.093673341066534,3.9421961648401727,Warning,Spike
2025-01-20 10:10:00,Transfer Pump,temperature,73.8924982237772,71.96446774211343,Warning,Spike
2025-01-20 10:20:00,Heat Exchanger,vibration,4.187580104497136,4.022832791489556,Warning,Spike
2025-01-20 10:20:00,Transfer Pump,vibration,4.063193323746001,3.9421961648401727,Warning,Spike
2025-01-20 10:20:00,Transfer Pump,temperature,72.79147993752596,71.96446774211343,Warning,Spike
2025-01-20 10:30:00,Transfer Pump,temperature,73.92395309889972,71.96446774211343,Warning,Spike
2025-01-20 10:30:00,Transfer Pump,vibration,4.151936309404347,3.9421961648401727,Warning,Spike
2025-01-20 10:40:00,Transfer Pump,vibration,4.3965924779076975,3.9421961648401727,Warning,Drift
2025-01-20 10:40:00,Transfer Pump,temperature,73.7831062025743,71.96446774211343,Warning,Spike
2025-01-20 10:40:00,Heat Exchanger,vibration,4.226578102164459,4.022832791489556,Warning,Spike
2025-01-20 10:50:00,Heat Exchanger,temperature,74.20509968116274,73.86863969930432,Warning,Spike
2025-01-20 11:00:00,Transfer Pump,vibration,4.11461152507355,3.9421961648401727,Warning,Drift
2025-01-20 11:00:00,Transfer Pump,temperature,72.82546344812151,71.96446774211343,Warning,Spike
2025-01-20 11:00:00,Heat Exchanger,vibration,4.216524538388613,4.022832791489556,Warning,Spike
2025-01-20 11:10:00,Heat Exchanger,vibration,4.27584231904352,4.022832791489556,Warning,Spike
2025-01-20 11:30:00,Heat Exchanger,vibration,4.086594210943144,4.022832791489556,Warning,Spike
2025-01-20 11:30:00,Transfer Pump,temperature,74.51869953896335,71.96446774211343,Warning,Spike
2025-01-20 11:30:00,Transfer Pump,vibration,4.270506673486418,3.9421961648401727,Warning,Drift
2025-01-20 11:40:00,Transfer Pump,temperature,72.98677373387285,71.96446774211343,Warning,Spike
2025-01-20 11:40:00,Transfer Pump,vibration,4.175064669997476,3.9421961648401727,Warning,Drift
2025-01-20 11:50:00,Transfer Pump,temperature,73.94743514329203,71.96446774211343,Warning,Spike
2025-01-20 11:50:00,Transfer Pump,vibration,4.438865394980212,3.9421961648401727,Warning,Drift
2025-01-20 12:00:00,Heat Exchanger,vibration,4.094612896256253,4.022832791489556,Warning,Drift
2025-01-20 12:00:00,Transfer Pump,vibration,4.190477787939067,3.9421961648401727,Warning,Drift
2025-01-20 12:00:00,Transfer Pump,temperature,73.3628363952318,71.96446774211343,Warning,Drift
2025-01-20 12:10:00,Transfer Pump,vibration,4.323014621539628,3.9421961648401727,Warning,Drift
2025-01-20 12:10:00,Transfer Pump,temperature,73.68075395286763,71.96446774211343,Warning,Drift
2025-01-20 12:10:00,Heat Exchanger,vibration,3.9407113751661935,1.786686922550898,Warning,Drift
2025-01-20 12:20:00,Heat Exchanger,vibration,4.080851229819945,4.022832791489556,Warning,Drift
2025-01-20 12:20:00,Transfer Pump,temperature,73.11028762861005,71.96446774211343,Warning,Drift
2025-01-20 12:20:00,Transfer Pump,vibration,4.260651647115862,3.9421961648401727,Warning,Drift
2025-01-20 12:30:00,Heat Exchanger,vibration,4.065746599720348,4.022832791489556,Warning,Drift
2025-01-20 12:40:00,Heat Exchanger,vibration,4.1515847419988825,4.022832791489556,Warning,Drift
2025-01-20 12:40:00,Transfer Pump,vibration,3.978170615472223,3.9421961648401727,Warning,Drift
2025-01-20 12:40:00,Transfer Pump,temperature,71.59048144145189,56.11255468087906,Warning,Drift
2025-01-20 12:50:00,Transfer Pump,vibration,4.302537154283021,3.9421961648401727,Warning,Drift
2025-01-20 12:50:00,Transfer Pump,temperature,72.9642674834766,71.96446774211343,Warning,Drift
2025-01-20 12:50:00,Heat Exchanger,vibration,4.126519478453661,4.022832791489556,Warning,Spike
2025-01-20 13:00:00,Heat Exchanger,vibration,4.193074120620538,4.022832791489556,Warning,Spike
2025-01-20 13:00:00,Transfer Pump,vibration,4.290499748820489,3.9421961648401727,Warning,Drift
2025-01-20 13:00:00,Transfer Pump,temperature,73.11273437861695,71.96446774211343,Warning,Drift
2025-01-20 13:10:00,Transfer Pump,temperature,73.48710532617248,71.96446774211343,Warning,Drift
2025-01-20 13:10:00,Heat Exchanger,vibration,4.06361189708541,4.022832791489556,Warning,Spike
2025-01-20 13:10:00,Transfer Pump,vibration,4.212645387359866,3.9421961648401727,Warning,Drift
2025-01-20 13:20:00,Transfer Pump,temperature,74.53458869882353,71.96446774211343,Warning,Drift
2025-01-20 13:20:00,Transfer Pump,vibration,4.458952341449137,3.9421961648401727,Warning,Drift
2025-01-20 13:20:00,Heat Exchanger,vibration,4.072619683027056,4.022832791489556,Warning,Spike
2025-01-20 13:30:00,Transfer Pump,temperature,72.8910189509924,71.96446774211343,Warning,Drift
2025-01-20 13:30:00,Transfer Pump,vibration,4.30504124295759,3.9421961648401727,Warning,Drift
2025-01-20 13:40:00,Transfer Pump,temperature,74.5234042691154,71.96446774211343,Warning,Drift
2025-01-20 13:40:00,Heat Exchanger,vibration,4.169080524170856,4.022832791489556,Warning,Spike
2025-01-20 13:40:00,Transfer Pump,vibration,4.488825029897721,3.9421961648401727,Warning,Drift
2025-01-20 13:50:00,Transfer Pump,temperature,72.6400557834235,71.96446774211343,Warning,Drift
2025-01-20 13:50:00,Transfer Pump,vibration,3.755581455123968,1.3763250384549288,Warning,Drift
2025-01-20 13:50:00,Heat Exchanger,vibration,4.327476163745406,4.022832791489556,Warning,Spike
2025-01-20 14:00:00,Heat Exchanger,vibration,4.122567765862046,4.022832791489556,Warning,Spike
2025-01-20 14:00:00,Transfer Pump,vibration,4.501858076056196,3.9421961648401727,Warning,Drift
2025-01-20 14:00:00,Transfer Pump,temperature,72.15911669225329,71.96446774211343,Warning,Drift
2025-01-20 14:10:00,Transfer Pump,temperature,71.67817760108308,56.11255468087906,Warning,Drift
2025-01-20 14:10:00,Transfer Pump,vibration,4.071071950014704,3.9421961648401727,Warning,Drift
2025-01-20 14:10:00,Heat Exchanger,vibration,4.067854088559983,4.022832791489556,Warning,Drift
2025-01-20 14:20:00,Transfer Pump,vibration,4.174760540492297,3.9421961648401727,Warning,Drift
2025-01-20 14:20:00,Heat Exchanger,vibration,3.929148263131902,1.786686922550898,Warning,Drift
2025-01-20 14:20:00,Transfer Pump,temperature,73.59065431701939,71.96446774211343,Warning,Drift
2025-01-20 14:30:00,Heat Exchanger,vibration,4.001264454539779,1.786686922550898,Warning,Drift
2025-01-20 14:30:00,Transfer Pump,temperature,73.08826296438538,71.96446774211343,Warning,Drift
2025-01-20 14:30:00,Transfer Pump,vibration,4.373127945848417,3.9421961648401727,Warning,Drift
2025-01-20 14:40:00,Transfer Pump,temperature,73.36640674856424,71.96446774211343,Warning,Drift
2025-01-20 14:40:00,Transfer Pump,vibration,3.76739565137548,1.3763250384549288,Warning,Drift
2025-01-20 14:40:00,Heat Exchanger,vibration,3.875010156647525,1.786686922550898,Warning,Drift
2025-01-20 14:50:00,Transfer Pump,temperature,72.9375033411377,71.96446774211343,Warning,Drift
2025-01-20 14:50:00,Transfer Pump,vibration,4.090341394763608,3.9421961648401727,Warning,Drift
2025-01-20 14:50:00,Heat Exchanger,vibration,3.823173662623267,1.786686922550898,Warning,Drift
2025-01-20 15:00:00,Transfer Pump,temperature,72.72376600291217,71.96446774211343,Warning,Drift
2025-01-20 15:00:00,Heat Exchanger,vibration,3.886007251908864,1.786686922550898,Warning,Drift
2025-01-20 15:00:00,Transfer Pump,vibration,4.304784815441847,3.9421961648401727,Warning,Drift
2025-01-20 15:10:00,Transfer Pump,vibration,3.998779964891536,3.9421961648401727,Warning,Drift
2025-01-20 15:10:00,Transfer Pump,temperature,72.85286860790528,71.96446774211343,Warning,Drift
2025-01-20 15:10:00,Heat Exchanger,vibration,4.230140485117797,4.022832791489556,Warning,Drift
2025-01-20 15:20:00,Heat Exchanger,vibration,3.878860166387379,1.786686922550898,Warning,Drift
2025-01-20 15:30:00,Heat Exchanger,vibration,4.1718857991668274,4.022832791489556,Warning,Drift
2025-01-20 15:30:00,Transfer Pump,vibration,4.203191352600607,3.9421961648401727,Warning,Drift
2025-01-20 15:30:00,Transfer Pump,temperature,72.02130611137864,71.96446774211343,Warning,Drift
2025-01-20 15:40:00,Transfer Pump,vibration,4.09689276716044,3.9421961648401727,Warning,Drift
2025-01-20 15:40:00,Transfer Pump,temperature,73.9252808472344,71.96446774211343,Warning,Drift
2025-01-20 15:40:00,Heat Exchanger,vibration,3.6897236453612816,1.786686922550898,Warning,Drift
2025-01-20 15:50:00,Transfer Pump,vibration,4.158753420172475,3.9421961648401727,Warning,Drift
2025-01-20 15:50:00,Transfer Pump,temperature,72.84125858149861,71.96446774211343,Warning,Drift
2025-01-20 16:00:00,Heat Exchanger,vibration,3.963059259935434,1.786686922550898,Warning,Drift
2025-01-20 16:00:00,Transfer Pump,vibration,4.268033994673223,3.9421961648401727,Warning,Drift
2025-01-20 16:00:00,Transfer Pump,temperature,72.32549166006247,71.96446774211343,Warning,Drift
2025-01-20 16:10:00,Transfer Pump,vibration,4.127070383854695,3.9421961648401727,Warning,Drift
2025-01-20 16:10:00,Transfer Pump,temperature,72.34759022456228,71.96446774211343,Warning,Drift
2025-01-20 16:10:00,Heat Exchanger,vibration,3.955977385542056,1.786686922550898,Warning,Drift
2025-01-20 16:20:00,Heat Exchanger,vibration,3.605308290822802,1.786686922550898,Warning,Drift
2025-01-20 16:20:00,Transfer Pump,temperature,69.21502575641152,56.11255468087906,Warning,Drift
2025-01-20 16:20:00,Transfer Pump,vibration,4.169088079705661,3.9421961648401727,Warning,Drift
2025-01-20 16:30:00,Transfer Pump,temperature,71.4269361458932,56.11255468087906,Warning,Drift
2025-01-20 16:30:00,Transfer Pump,vibration,3.8260746725000887,1.3763250384549288,Warning,Drift
2025-01-20 16:40:00,Transfer Pump,temperature,70.96227270075799,56.11255468087906,Warning,Drift
2025-01-20 16:40:00,Transfer Pump,vibration,4.072001282624975,3.9421961648401727,Warning,Drift
2025-01-20 16:50:00,Transfer Pump,temperature,73.04828773869428,71.96446774211343,Warning,Drift
2025-01-20 16:50:00,Transfer Pump,vibration,4.037569973793168,3.9421961648401727,Warning,Drift
2025-01-20 17:00:00,Transfer Pump,temperature,70.94316440201861,56.11255468087906,Warning,Drift
2025-01-20 17:00:00,Transfer Pump,vibration,4.133769362526959,3.9421961648401727,Warning,Drift
2025-01-20 17:10:00,Transfer Pump,temperature,71.04862922338305,56.11255468087906,Warning,Drift
2025-01-20 17:10:00,Transfer Pump,vibration,3.704791945000519,1.3763250384549288,Warning,Drift
2025-01-20 17:20:00,Transfer Pump,temperature,70.89037807878132,56.11255468087906,Warning,Drift
2025-01-20 17:20:00,Transfer Pump,vibration,4.088058199761004,3.9421961648401727,Warning,Drift
2025-01-20 17:30:00,Transfer Pump,vibration,4.183463704871869,3.9421961648401727,Warning,Drift
2025-01-20 17:30:00,Transfer Pump,temperature,69.73557389277376,56.11255468087906,Warning,Drift
2025-01-20 17:40:00,Transfer Pump,vibration,4.278869209982734,3.9421961648401727,Warning,Drift
2025-01-20 17:40:00,Transfer Pump,temperature,70.18534001962713,56.11255468087906,Warning,Drift
2025-01-20 17:50:00,Transfer Pump,vibration,3.678870436980482,1.3763250384549288,Warning,Drift
2025-01-20 17:50:00,Transfer Pump,temperature,71.13917229593504,56.11255468087906,Warning,Drift
2025-01-20 18:00:00,Transfer Pump,vibration,3.609980717277343,1.3763250384549288,Warning,Drift
2025-01-20 18:00:00,Transfer Pump,temperature,68.63205457259828,56.11255468087906,Warning,Drift
2025-01-20 18:10:00,Transfer Pump,vibration,3.748913680121954,1.3763250384549288,Warning,Drift
2025-01-20 18:10:00,Transfer Pump,temperature,70.43842793952145,56.11255468087906,Warning,Drift
2025-01-20 18:20:00,Transfer Pump,vibration,3.9711522618445967,3.9421961648401727,Warning,Drift
2025-01-20 18:20:00,Transfer Pump,temperature,69.32029884707423,56.11255468087906,Warning,Drift
2025-01-20 18:30:00,Transfer Pump,vibration,3.827671794362893,1.3763250384549288,Warning,Drift
2025-01-20 18:30:00,Transfer Pump,temperature,70.93413517634593,56.11255468087906,Warning,Drift
2025-01-20 18:40:00,Transfer Pump,vibration,4.047501985042069,3.9421961648401727,Warning,Drift
2025-01-20 18:50:00,Transfer Pump,vibration,3.672679458581995,1.3763250384549288,Warning,Drift
2025-01-20 19:10:00,Transfer Pump,vibration,3.5583137352115406,1.3763250384549288,Warning,Drift
2025-01-20 19:20:00,Transfer Pump,vibration,3.578022299748632,1.3763250384549288,Warning,Drift
2025-01-20 19:30:00,Transfer Pump,vibration,3.4037938911692835,1.3763250384549288,Warning,Drift
2025-01-20 19:40:00,Transfer Pump,vibration,3.5213672701106957,1.3763250384549288,Warning,Drift
2025-01-20 19:50:00,Transfer Pump,vibration,3.403492924521357,1.3763250384549288,Warning,Drift
2025-01-20 20:00:00,Transfer Pump,vibration,3.734414607077978,1.3763250384549288,Warning,Drift
2025-01-20 20:10:00,Transfer Pump,vibration,3.6739335076333757,1.3763250384549288,Warning,Drift
2025-01-21 05:30:00,Transfer Pump,temperature,72.09690985203463,71.96446774211343,Warning,Spike
2025-01-21 06:00:00,Transfer Pump,temperature,72.35916639626723,71.96446774211343,Warning,Spike
2025-01-21 06:20:00,Transfer Pump,temperature,72.44361596488561,71.96446774211343,Warning,Spike
2025-01-21 06:50:00,Transfer Pump,vibration,4.034799094503434,3.9421961648401727,Warning,Spike
2025-01-21 07:00:00,Transfer Pump,vibration,4.102322120571866,3.9421961648401727,Warning,Spike
2025-01-21 07:10:00,Transfer Pump,vibration,4.291859557420183,3.9421961648401727,Warning,Spike
2025-01-21 07:30:00,Transfer Pump,temperature,72.83531395705778,71.96446774211343,Warning,Spike
2025-01-21 07:40:00,Transfer Pump,vibration,4.111882226409628,3.9421961648401727,Warning,Spike
2025-01-21 07:50:00,Transfer Pump,temperature,72.02747039845,71.96446774211343,Warning,Spike
2025-01-21 07:50:00,Transfer Pump,vibration,4.084936890550512,3.9421961648401727,Warning,Spike
2025-01-21 08:00:00,Transfer Pump,temperature,73.56307358915326,71.96446774211343,Warning,Spike
2025-01-21 08:00:00,Transfer Pump,vibration,4.178979123024883,3.9421961648401727,Warning,Spike
2025-01-21 08:10:00,Heat Exchanger,vibration,4.0558080857875645,4.022832791489556,Warning,Spike
2025-01-21 08:10:00,Transfer Pump,vibration,4.091301688463562,3.9421961648401727,Warning,Spike
2025-01-21 08:10:00,Transfer Pump,temperature,72.00311238639017,71.96446774211343,Warning,Spike
2025-01-21 08:20:00,Heat Exchanger,vibration,4.093537791275188,4.022832791489556,Warning,Spike
2025-01-21 08:20:00,Transfer Pump,vibration,3.969989595047404,3.9421961648401727,Warning,Spike
2025-01-21 08:20:00,Transfer Pump,temperature,73.22835406254929,71.96446774211343,Warning,Spike
2025-01-21 08:30:00,Heat Exchanger,vibration,4.168186954061528,4.022832791489556,Warning,Spike
2025-01-21 08:30:00,Transfer Pump,vibration,4.2048773097210494,3.9421961648401727,Warning,Spike
2025-01-21 08:40:00,Transfer Pump,vibration,4.299453567651103,3.9421961648401727,Warning,Spike
2025-01-21 08:40:00,Transfer Pump,temperature,72.21156523309324,71.96446774211343,Warning,Spike
2025-01-21 09:00:00,Transfer Pump,vibration,4.403879709338881,3.9421961648401727,Warning,Spike
2025-01-21 09:00:00,Transfer Pump,temperature,74.1859195821134,71.96446774211343,Warning,Spike
2025-01-21 09:10:00,Heat Exchanger,vibration,4.262247050371881,4.022832791489556,Warning,Spike
2025-01-21 09:10:00,Transfer Pump,temperature,72.59870255378787,71.96446774211343,Warning,Spike
2025-01-21 09:10:00,Transfer Pump,vibration,4.1848766520800735,3.9421961648401727,Warning,Spike
2025-01-21 09:20:00,Transfer Pump,vibration,4.324288524218485,3.9421961648401727,Warning,Spike
2025-01-21 09:20:00,Transfer Pump,temperature,72.69428546613088,71.96446774211343,Warning,Spike
2025-01-21 09:20:00,Heat Exchanger,vibration,4.204440652999683,4.022832791489556,Warning,Spike
2025-01-21 09:30:00,Transfer Pump,vibration,3.969795224820838,3.9421961648401727,Warning,Spike
2025-01-21 09:30:00,Transfer Pump,temperature,73.75191034775955,71.96446774211343,Warning,Spike
2025-01-21 09:30:00,Heat Exchanger,vibration,4.146634255627485,4.022832791489556,Warning,Spike
2025-01-21 09:40:00,Transfer Pump,vibration,4.1037618823099855,3.9421961648401727,Warning,Spike
2025-01-21 09:40:00,Transfer Pump,temperature,73.97514690627939,71.96446774211343,Warning,Spike
2025-01-21 09:50:00,Transfer Pump,temperature,72.88971112496561,71.96446774211343,Warning,Spike
2025-01-21 09:50:00,Transfer Pump,vibration,4.237728539799134,3.9421961648401727,Warning,Spike
2025-01-21 09:50:00,Heat Exchanger,vibration,4.100539796976318,4.022832791489556,Warning,Spike
2025-01-21 10:00:00,Transfer Pump,vibration,4.201837883650473,3.9421961648401727,Warning,Drift
2025-01-21 10:00:00,Transfer Pump,temperature,73.38440565649228,71.96446774211343,Warning,Spike
2025-01-21 10:10:00,Transfer Pump,temperature,74.74921380062678,71.96446774211343,Warning,Spike
2025-01-21 10:10:00,Transfer Pump,vibration,4.252152984903721,3.9421961648401727,Warning,Drift
2025-01-21 10:10:00,Heat Exchanger,vibration,4.142893296237064,4.022832791489556,Warning,Spike
2025-01-21 10:20:00,Transfer Pump,vibration,4.138724035429307,3.9421961648401727,Warning,Drift
2025-01-21 10:20:00,Transfer Pump,temperature,73.00793109586151,71.96446774211343,Warning,Spike
2025-01-21 10:20:00,Heat Exchanger,vibration,4.466998975699725,4.022832791489556,Warning,Spike
2025-01-21 10:20:00,Heat Exchanger,temperature,73.92492602975878,73.86863969930432,Warning,Spike
2025-01-21 10:30:00,Transfer Pump,vibration,4.107912810128727,3.9421961648401727,Warning,Drift
2025-01-21 10:30:00,Transfer Pump,temperature,74.29113475502716,71.96446774211343,Warning,Spike
2025-01-21 10:40:00,Transfer Pump,vibration,4.333582991745681,3.9421961648401727,Warning,Drift
2025-01-21 10:40:00,Heat Exchanger,vibration,4.084796095162579,4.022832791489556,Warning,Spike
2025-01-21 10:40:00,Transfer Pump,temperature,73.66378627050902,71.96446774211343,Warning,Spike
2025-01-21 10:50:00,Transfer Pump,vibration,4.353880129527371,3.9421961648401727,Warning,Drift
2025-01-21 10:50:00,Transfer Pump,temperature,75.25347723903101,71.96446774211343,Warning,Drift
2025-01-21 10:50:00,Heat Exchanger,vibration,4.291602787719414,4.022832791489556,Warning,Spike
2025-01-21 11:00:00,Heat Exchanger,vibration,4.14998720389183,4.022832791489556,Warning,Spike
2025-01-21 11:00:00,Transfer Pump,vibration,4.379964243954484,3.9421961648401727,Warning,Drift
2025-01-21 11:00:00,Transfer Pump,temperature,74.6429928638523,71.96446774211343,Warning,Drift
2025-01-21 11:10:00,Heat Exchanger,vibration,4.36747471607512,4.022832791489556,Warning,Spike
2025-01-21 11:10:00,Transfer Pump,temperature,74.92391689592147,71.96446774211343,Warning,Drift
2025-01-21 11:10:00,Transfer Pump,vibration,4.33905693281694,3.9421961648401727,Warning,Drift
2025-01-21 11:20:00,Heat Exchanger,temperature,73.88229249631792,73.86863969930432,Warning,Spike
2025-01-21 11:20:00,Transfer Pump,temperature,73.82370433583681,71.96446774211343,Warning,Drift
2025-01-21 11:20:00,Transfer Pump,vibration,4.3348743149552496,3.9421961648401727,Warning,Drift
2025-01-21 11:20:00,Heat Exchanger,vibration,4.223034977917123,4.022832791489556,Warning,Spike
2025-01-21 11:30:00,Transfer Pump,temperature,74.94112747295654,71.96446774211343,Warning,Drift
2025-01-21 11:30:00,Transfer Pump,vibration,4.137096505682052,3.9421961648401727,Warning,Drift
2025-01-21 11:30:00,Heat Exchanger,vibration,4.3136406559051705,4.022832791489556,Warning,Spike
2025-01-21 11:40:00,Transfer Pump,vibration,4.268894537432212,3.9421961648401727,Warning,Drift
2025-01-21 11:40:00,Transfer Pump,temperature,74.94143527389953,71.96446774211343,Warning,Drift
2025-01-21 11:50:00,Transfer Pump,temperature,74.73274598596602,71.96446774211343,Warning,Drift
2025-01-21 11:50:00,Heat Exchanger,vibration,4.177755595749617,4.022832791489556,Warning,Spike
2025-01-21 11:50:00,Transfer Pump,vibration,4.387767793263061,3.9421961648401727,Warning,Drift
2025-01-21 12:00:00,Transfer Pump,temperature,74.09891258600702,71.96446774211343,Warning,Drift
2025-01-21 12:00:00,Transfer Pump,vibration,4.263026591586157,3.9421961648401727,Warning,Drift
2025-01-21 12:10:00,Transfer Pump,temperature,74.45626694046543,71.96446774211343,Warning,Drift
2025-01-21 12:10:00,Transfer Pump,vibration,4.41299539037767,3.9421961648401727,Warning,Drift
2025-01-21 12:10:00,Heat Exchanger,vibration,4.091850519006567,4.022832791489556,Warning,Spike
2025-01-21 12:20:00,Transfer Pump,vibration,4.335616568444524,3.9421961648401727,Warning,Drift
2025-01-21 12:20:00,Transfer Pump,temperature,72.83854159320666,71.96446774211343,Warning,Drift
2025-01-21 12:20:00,Heat Exchanger,vibration,4.240296948137137,4.022832791489556,Warning,Spike
2025-01-21 12:30:00,Heat Exchanger,vibration,4.119919041473166,4.022832791489556,Warning,Spike
2025-01-21 12:30:00,Transfer Pump,vibration,4.332924545811887,3.9421961648401727,Warning,Drift
2025-01-21 12:30:00,Transfer Pump,temperature,75.71580237588532,71.96446774211343,Warning,Drift
2025-01-21 12:40:00,Transfer Pump,temperature,73.80674461610332,71.96446774211343,Warning,Drift
2025-01-21 12:40:00,Transfer Pump,vibration,4.393805197752266,3.9421961648401727,Warning,Drift
2025-01-21 12:50:00,Transfer Pump,temperature,73.99672488567526,71.96446774211343,Warning,Drift
2025-01-21 12:50:00,Transfer Pump,vibration,4.440825627087319,3.9421961648401727,Warning,Drift
2025-01-21 12:50:00,Heat Exchanger,vibration,4.381922183810026,4.022832791489556,Warning,Drift
2025-01-21 12:50:00,Heat Exchanger,temperature,74.32125088077268,73.86863969930432,Warning,Spike
2025-01-21 13:00:00,Transfer Pump,temperature,73.17858489940957,71.96446774211343,Warning,Drift
2025-01-21 13:00:00,Transfer Pump,vibration,4.4771104370862735,3.9421961648401727,Warning,Drift
2025-01-21 13:10:00,Heat Exchanger,vibration,3.900807301143557,1.786686922550898,Warning,Drift
2025-01-21 13:10:00,Transfer Pump,vibration,4.7019536216731295,3.9421961648401727,Warning,Drift
2025-01-21 13:10:00,Transfer Pump,temperature,74.73292244288032,71.96446774211343,Warning,Drift
2025-01-21 13:20:00,Heat Exchanger,vibration,4.279550145133047,4.022832791489556,Warning,Drift
2025-01-21 13:30:00,Transfer Pump,temperature,73.86279032918509,71.96446774211343,Warning,Drift
2025-01-21 13:30:00,Transfer Pump,vibration,4.066765883125989,3.9421961648401727,Warning,Drift
2025-01-21 13:30:00,Heat Exchanger,vibration,4.166691308668225,4.022832791489556,Warning,Drift
2025-01-21 13:40:00,Transfer Pump,temperature,72.1744781848646,71.96446774211343,Warning,Drift
2025-01-21 13:40:00,Transfer Pump,vibration,4.131076652649676,3.9421961648401727,Warning,Drift
2025-01-21 13:40:00,Heat Exchanger,vibration,4.171469345467012,4.022832791489556,Warning,Drift
2025-01-21 13:50:00,Heat Exchanger,vibration,4.401201821329412,4.022832791489556,Warning,Drift
2025-01-21 13:50:00,Transfer Pump,temperature,73.40994629867797,71.96446774211343,Warning,Drift
2025-01-21 13:50:00,Transfer Pump,vibration,4.268885119120936,3.9421961648401727,Warning,Drift
2025-01-21 13:50:00,Heat Exchanger,temperature,75.09045042772283,73.86863969930432,Warning,Spike
2025-01-21 14:00:00,Transfer Pump,temperature,74.27827373894766,71.96446774211343,Warning,Drift
2025-01-21 14:00:00,Transfer Pump,vibration,4.172386367388235,3.9421961648401727,Warning,Drift
2025-01-21 14:00:00,Heat Exchanger,vibration,4.140509267927517,4.022832791489556,Warning,Drift
2025-01-21 14:10:00,Heat Exchanger,vibration,4.136153647842587,4.022832791489556,Warning,Drift
2025-01-21 14:10:00,Transfer Pump,temperature,74.03668790182438,71.96446774211343,Warning,Drift
2025-01-21 14:10:00,Transfer Pump,vibration,4.370648918835828,3.9421961648401727,Warning,Drift
2025-01-21 14:20:00,Heat Exchanger,vibration,4.1317980277576565,4.022832791489556,Warning,Drift
2025-01-21 14:20:00,Transfer Pump,vibration,4.379671709810967,3.9421961648401727,Warning,Drift
2025-01-21 14:20:00,Transfer Pump,temperature,73.71826542256875,71.96446774211343,Warning,Drift
2025-01-21 14:30:00,Transfer Pump,vibration,4.19247673719447,3.9421961648401727,Warning,Drift
2025-01-21 14:30:00,Heat Exchanger,vibration,4.122044541214899,4.022832791489556,Warning,Drift
2025-01-21 14:30:00,Transfer Pump,temperature,73.33028689469282,71.96446774211343,Warning,Drift
2025-01-21 14:40:00,Transfer Pump,vibration,4.482194868410177,3.9421961648401727,Warning,Drift
2025-01-21 14:40:00,Transfer Pump,temperature,72.31548165439537,71.96446774211343,Warning,Drift
2025-01-21 14:40:00,Heat Exchanger,vibration,3.9045484674470754,1.786686922550898,Warning,Drift
2025-01-21 14:50:00,Transfer Pump,temperature,74.25330320514607,71.96446774211343,Warning,Drift
2025-01-21 14:50:00,Heat Exchanger,vibration,4.500733223149558,4.022832791489556,Warning,Drift
2025-01-21 14:50:00,Transfer Pump,vibration,4.51769747044087,3.9421961648401727,Warning,Drift
2025-01-21 15:00:00,Transfer Pump,temperature,72.2290268308894,71.96446774211343,Warning,Drift
2025-01-21 15:00:00,Transfer Pump,vibration,3.9170690218919386,1.3763250384549288,Warning,Drift
2025-01-21 15:00:00,Heat Exchanger,vibration,3.49271814952844,1.786686922550898,Warning,Drift
2025-01-21 15:10:00,Heat Exchanger,vibration,3.902405962286023,1.786686922550898,Warning,Drift
2025-01-21 15:10:00,Transfer Pump,vibration,3.972650894945189,3.9421961648401727,Warning,Drift
2025-01-21 15:10:00,Transfer Pump,temperature,73.11193016588027,71.96446774211343,Warning,Drift
2025-01-21 15:20:00,Transfer Pump,vibration,4.413424318306319,3.9421961648401727,Warning,Drift
2025-01-21 15:20:00,Transfer Pump,temperature,72.33712159672938,71.96446774211343,Warning,Drift
2025-01-21 15:30:00,Heat Exchanger,vibration,4.168186112066052,4.022832791489556,Warning,Drift
2025-01-21 15:30:00,Transfer Pump,vibration,4.35801186042593,3.9421961648401727,Warning,Drift
2025-01-21 15:30:00,Transfer Pump,temperature,73.84540840923769,71.96446774211343,Warning,Drift
2025-01-21 15:40:00,Heat Exchanger,vibration,3.735731454228863,1.786686922550898,Warning,Drift
2025-01-21 15:40:00,Transfer Pump,vibration,4.276920056859902,3.9421961648401727,Warning,Drift
2025-01-21 15:40:00,Transfer Pump,temperature,73.39744496567803,71.96446774211343,Warning,Drift
2025-01-21 15:50:00,Transfer Pump,vibration,4.172920644086403,3.9421961648401727,Warning,Drift
2025-01-21 15:50:00,Heat Exchanger,vibration,3.942643858928827,1.786686922550898,Warning,Drift
2025-01-21 15:50:00,Transfer Pump,temperature,72.52360624064977,71.96446774211343,Warning,Drift
2025-01-21 16:00:00,Transfer Pump,vibration,4.204064375696213,3.9421961648401727,Warning,Drift
2025-01-21 16:00:00,Transfer Pump,temperature,73.23628066003513,71.96446774211343,Warning,Drift
2025-01-21 16:00:00,Heat Exchanger,vibration,4.099973175813312,4.022832791489556,Warning,Drift
2025-01-21 16:10:00,Transfer Pump,temperature,71.36057592251174,56.11255468087906,Warning,Drift
2025-01-21 16:10:00,Transfer Pump,vibration,4.235208107306021,3.9421961648401727,Warning,Drift
2025-01-21 16:10:00,Heat Exchanger,vibration,3.722771202505687,1.786686922550898,Warning,Drift
2025-01-21 16:20:00,Transfer Pump,vibration,4.15361068009629,3.9421961648401727,Warning,Drift
2025-01-21 16:20:00,Heat Exchanger,vibration,3.900594958311419,1.786686922550898,Warning,Drift
2025-01-21 16:20:00,Transfer Pump,temperature,72.35792667050868,71.96446774211343,Warning,Drift
2025-01-21 16:30:00,Transfer Pump,vibration,4.340097631820004,3.9421961648401727,Warning,Drift
2025-01-21 16:30:00,Heat Exchanger,vibration,3.877894485018838,1.786686922550898,Warning,Drift
2025-01-21 16:30:00,Transfer Pump,temperature,72.66321834893915,71.96446774211343,Warning,Drift
2025-01-21 16:40:00,Transfer Pump,temperature,72.96851002736962,71.96446774211343,Warning,Drift
2025-01-21 16:40:00,Heat Exchanger,vibration,3.7830778123557183,1.786686922550898,Warning,Drift
2025-01-21 16:40:00,Transfer Pump,vibration,3.964618487100942,3.9421961648401727,Warning,Drift
2025-01-21 16:50:00,Transfer Pump,temperature,72.30780468414743,71.96446774211343,Warning,Drift
2025-01-21 16:50:00,Transfer Pump,vibration,4.072723459577465,3.9421961648401727,Warning,Drift
2025-01-21 16:50:00,Heat Exchanger,vibration,3.879605364028142,1.786686922550898,Warning,Drift
2025-01-21 17:00:00,Transfer Pump,temperature,72.38623773877539,71.96446774211343,Warning,Drift
2025-01-21 17:00:00,Transfer Pump,vibration,4.211728926992907,3.9421961648401727,Warning,Drift
2025-01-21 17:10:00,Heat Exchanger,vibration,4.010980298441226,1.786686922550898,Warning,Drift
2025-01-21 17:10:00,Transfer Pump,vibration,4.062826433287993,3.9421961648401727,Warning,Drift
2025-01-21 17:10:00,Transfer Pump,temperature,71.27987545697697,56.11255468087906,Warning,Drift
2025-01-21 17:20:00,Heat Exchanger,vibration,3.9137069807528944,1.786686922550898,Warning,Drift
2025-01-21 17:30:00,Heat Exchanger,vibration,3.766700447089772,1.786686922550898,Warning,Drift
2025-01-21 17:30:00,Transfer Pump,vibration,4.114788712073798,3.9421961648401727,Warning,Drift
2025-01-21 17:30:00,Transfer Pump,temperature,70.53721575923109,56.11255468087906,Warning,Drift
2025-01-21 17:40:00,Transfer Pump,temperature,70.50469667492106,56.11255468087906,Warning,Drift
2025-01-21 17:40:00,Transfer Pump,vibration,3.901082040672363,1.3763250384549288,Warning,Drift
2025-01-21 17:50:00,Transfer Pump,temperature,70.99552880340214,56.11255468087906,Warning,Drift
2025-01-21 17:50:00,Transfer Pump,vibration,3.775075199598744,1.3763250384549288,Warning,Drift
2025-01-21 17:50:00,Heat Exchanger,vibration,3.692478270945773,1.786686922550898,Warning,Drift
2025-01-21 18:00:00,Transfer Pump,vibration,3.8053990528506336,1.3763250384549288,Warning,Drift
2025-01-21 18:00:00,Heat Exchanger,vibration,3.984368061737895,1.786686922550898,Warning,Drift
2025-01-21 18:00:00,Transfer Pump,temperature,70.2397214553532,56.11255468087906,Warning,Drift
2025-01-21 18:10:00,Transfer Pump,temperature,71.40702994364045,56.11255468087906,Warning,Drift
2025-01-21 18:10:00,Transfer Pump,vibration,3.726126650388184,1.3763250384549288,Warning,Drift
2025-01-21 18:10:00,Heat Exchanger,vibration,3.806389071040941,1.786686922550898,Warning,Drift
2025-01-21 18:30:00,Transfer Pump,temperature,69.67967245023709,56.11255468087906,Warning,Drift
2025-01-21 18:30:00,Transfer Pump,vibration,4.080280259039238,3.9421961648401727,Warning,Drift
2025-01-21 18:40:00,Transfer Pump,temperature,69.42964140964348,56.11255468087906,Warning,Drift
2025-01-21 18:40:00,Transfer Pump,vibration,3.525707512146915,1.3763250384549288,Warning,Drift
2025-01-21 18:50:00,Transfer Pump,temperature,70.8104454566173,56.11255468087906,Warning,Drift
2025-01-21 18:50:00,Transfer Pump,vibration,4.181831680836789,3.9421961648401727,Warning,Drift
2025-01-21 19:00:00,Transfer Pump,temperature,68.07345626048726,56.11255468087906,Warning,Drift
2025-01-21 19:00:00,Transfer Pump,vibration,3.733529710013968,1.3763250384549288,Warning,Drift
2025-01-21 19:10:00,Transfer Pump,temperature,69.15779583376991,56.11255468087906,Warning,Drift
2025-01-21 19:10:00,Transfer Pump,vibration,3.7604117666369543,1.3763250384549288,Warning,Drift
2025-01-21 19:20:00,Transfer Pump,temperature,70.94886443664103,56.11255468087906,Warning,Drift
2025-01-21 19:20:00,Transfer Pump,vibration,3.520076772336382,1.3763250384549288,Warning,Drift
2025-01-21 19:30:00,Transfer Pump,vibration,3.844514489145282,1.3763250384549288,Warning,Drift
2025-01-21 19:30:00,Transfer Pump,temperature,69.4132423221807,56.11255468087906,Warning,Drift
2025-01-21 19:40:00,Transfer Pump,vibration,3.7111945070423946,1.3763250384549288,Warning,Drift
2025-01-21 19:50:00,Transfer Pump,vibration,3.752377365062939,1.3763250384549288,Warning,Drift
2025-01-21 20:00:00,Transfer Pump,vibration,3.583317760942352,1.3763250384549288,Warning,Drift
2025-01-21 20:10:00,Transfer Pump,vibration,3.7955953487513048,1.3763250384549288,Warning,Drift
2025-01-21 20:20:00,Transfer Pump,vibration,3.545252136997558,1.3763250384549288,Warning,Drift
2025-01-21 20:30:00,Transfer Pump,vibration,3.692735278280797,1.3763250384549288,Warning,Drift
2025-01-21 20:40:00,Transfer Pump,vibration,3.7472356169355776,1.3763250384549288,Warning,Drift
2025-01-21 20:50:00,Transfer Pump,vibration,3.9113867015736736,1.3763250384549288,Warning,Drift
2025-01-21 21:00:00,Transfer Pump,vibration,3.781864118225995,1.3763250384549288,Warning,Drift
2025-01-22 04:20:00,Transfer Pump,vibration,4.093812012788428,3.9421961648401727,Warning,Spike
2025-01-22 05:10:00,Heat Exchanger,vibration,4.149021966992091,4.022832791489556,Warning,Spike
2025-01-22 05:10:00,Transfer Pump,vibration,3.969003171806523,3.9421961648401727,Warning,Spike
2025-01-22 05:40:00,Transfer Pump,vibration,3.994783576069693,3.9421961648401727,Warning,Spike
2025-01-22 05:50:00,Transfer Pump,vibration,3.99100204382159,3.9421961648401727,Warning,Spike
2025-01-22 06:00:00,Transfer Pump,vibration,4.024292990244777,3.9421961648401727,Warning,Spike
2025-01-22 06:10:00,Transfer Pump,vibration,4.044099087616544,3.9421961648401727,Warning,Spike
2025-01-22 06:20:00,Transfer Pump,vibration,4.153314844183443,3.9421961648401727,Warning,Spike
2025-01-22 06:30:00,Transfer Pump,vibration,4.536622326658269,3.9421961648401727,Warning,Spike
2025-01-22 06:40:00,Transfer Pump,vibration,4.302750937826887,3.9421961648401727,Warning,Spike
2025-01-22 06:40:00,Heat Exchanger,vibration,4.214717410435703,4.022832791489556,Warning,Spike
2025-01-22 06:50:00,Transfer Pump,vibration,4.036352274222781,3.9421961648401727,Warning,Spike
2025-01-22 06:50:00,Transfer Pump,temperature,72.74639738842612,71.96446774211343,Warning,Spike
2025-01-22 07:00:00,Transfer Pump,temperature,72.31990341221741,71.96446774211343,Warning,Spike
2025-01-22 07:00:00,Transfer Pump,vibration,4.340259795200289,3.9421961648401727,Warning,Spike
2025-01-22 07:10:00,Heat Exchanger,vibration,4.106346661286348,4.022832791489556,Warning,Spike
2025-01-22 07:20:00,Transfer Pump,vibration,4.058649368756525,3.9421961648401727,Warning,Spike
2025-01-22 07:30:00,Transfer Pump,vibration,4.306946470392288,3.9421961648401727,Warning,Spike
2025-01-22 07:30:00,Transfer Pump,temperature,73.84783166984812,71.96446774211343,Warning,Spike
2025-01-22 07:40:00,Transfer Pump,vibration,4.316088248173584,3.9421961648401727,Warning,Spike
2025-01-22 07:40:00,Transfer Pump,temperature,72.38729508397134,71.96446774211343,Warning,Spike
2025-01-22 07:50:00,Transfer Pump,temperature,73.35843422645807,71.96446774211343,Warning,Spike
2025-01-22 07:50:00,Transfer Pump,vibration,4.32523002595488,3.9421961648401727,Warning,Spike
2025-01-22 08:00:00,Transfer Pump,temperature,73.01660224109065,71.96446774211343,Warning,Spike
2025-01-22 08:00:00,Transfer Pump,vibration,4.236414151640645,3.9421961648401727,Warning,Spike
2025-01-22 08:10:00,Transfer Pump,temperature,72.81971771391338,71.96446774211343,Warning,Spike
2025-01-22 08:10:00,Transfer Pump,vibration,4.147598277326409,3.9421961648401727,Warning,Spike
2025-01-22 08:20:00,Transfer Pump,temperature,73.72946680468536,71.96446774211343,Warning,Spike
2025-01-22 08:20:00,Transfer Pump,vibration,4.293383322719716,3.9421961648401727,Warning,Drift
2025-01-22 08:20:00,Heat Exchanger,vibration,4.331155657379913,4.022832791489556,Warning,Spike
2025-01-22 08:30:00,Transfer Pump,temperature,73.9912811726456,71.96446774211343,Warning,Spike
2025-01-22 08:30:00,Transfer Pump,vibration,4.241030491947214,3.9421961648401727,Warning,Drift
2025-01-22 08:30:00,Heat Exchanger,vibration,4.0704684586055,4.022832791489556,Warning,Spike
2025-01-22 08:40:00,Transfer Pump,temperature,75.78489028851796,71.96446774211343,Warning,Spike
2025-01-22 08:40:00,Transfer Pump,vibration,4.462459392154704,3.9421961648401727,Warning,Drift
2025-01-22 08:50:00,Heat Exchanger,vibration,4.246312594923674,4.022832791489556,Warning,Spike
2025-01-22 08:50:00,Transfer Pump,vibration,4.268262136457594,3.9421961648401727,Warning,Drift
2025-01-22 08:50:00,Transfer Pump,temperature,74.26521779574817,71.96446774211343,Warning,Spike
2025-01-22 09:00:00,Transfer Pump,vibration,4.277971748237684,3.9421961648401727,Warning,Drift
2025-01-22 09:00:00,Transfer Pump,temperature,74.36803905762558,71.96446774211343,Warning,Spike
2025-01-22 09:10:00,Heat Exchanger,vibration,4.255221340568652,4.022832791489556,Warning,Spike
2025-01-22 09:10:00,Heat Exchanger,temperature,74.24315613961967,73.86863969930432,Warning,Spike
2025-01-22 09:10:00,Transfer Pump,vibration,4.054956706552842,3.9421961648401727,Warning,Drift
2025-01-22 09:10:00,Transfer Pump,temperature,74.89463986668284,71.96446774211343,Warning,Spike
2025-01-22 09:20:00,Transfer Pump,vibration,4.518946108210832,3.9421961648401727,Warning,Drift
2025-01-22 09:20:00,Heat Exchanger,vibration,4.218838989047876,4.022832791489556,Warning,Spike
2025-01-22 09:20:00,Transfer Pump,temperature,74.50941654507324,71.96446774211343,Warning,Spike
2025-01-22 09:30:00,Transfer Pump,vibration,4.432536930144069,3.9421961648401727,Warning,Drift
2025-01-22 09:30:00,Transfer Pump,temperature,74.15305654252877,71.96446774211343,Warning,Spike
2025-01-22 09:30:00,Heat Exchanger,temperature,73.92864420716629,73.86863969930432,Warning,Spike
2025-01-22 09:40:00,Heat Exchanger,vibration,4.338331030501041,4.022832791489556,Warning,Spike
2025-01-22 09:40:00,Transfer Pump,vibration,3.975471297504527,3.9421961648401727,Warning,Drift
2025-01-22 09:40:00,Transfer Pump,temperature,74.53941773796194,71.96446774211343,Warning,Spike
2025-01-22 09:50:00,Transfer Pump,temperature,75.05203513331062,71.96446774211343,Warning,Drift
2025-01-22 09:50:00,Transfer Pump,vibration,4.4787961760659964,3.9421961648401727,Warning,Drift
2025-01-22 09:50:00,Heat Exchanger,vibration,4.106386398595251,4.022832791489556,Warning,Spike
2025-01-22 10:00:00,Transfer Pump,temperature,75.56453278420565,71.96446774211343,Warning,Drift
2025-01-22 10:00:00,Transfer Pump,vibration,4.3374995887247785,3.9421961648401727,Warning,Drift
2025-01-22 10:00:00,Heat Exchanger,temperature,74.48978802185864,73.86863969930432,Warning,Spike
2025-01-22 10:10:00,Transfer Pump,temperature,73.32133737561476,71.96446774211343,Warning,Drift
2025-01-22 10:10:00,Transfer Pump,vibration,4.559657962436164,3.9421961648401727,Warning,Drift
2025-01-22 10:20:00,Transfer Pump,temperature,73.08974583442979,71.96446774211343,Warning,Drift
2025-01-22 10:20:00,Transfer Pump,vibration,4.410585393672802,3.9421961648401727,Warning,Drift
2025-01-22 10:20:00,Heat Exchanger,temperature,75.1163526730809,73.86863969930432,Warning,Spike
2025-01-22 10:30:00,Transfer Pump,temperature,75.74665372245994,71.96446774211343,Warning,Drift
2025-01-22 10:30:00,Transfer Pump,vibration,4.293458398385749,3.9421961648401727,Warning,Drift
2025-01-22 10:30:00,Heat Exchanger,vibration,4.45149244081605,4.022832791489556,Warning,Spike
2025-01-22 10:30:00,Heat Exchanger,temperature,75.68746738580967,73.86863969930432,Warning,Spike
2025-01-22 10:40:00,Heat Exchanger,vibration,4.20103443521792,4.022832791489556,Warning,Spike
2025-01-22 10:40:00,Transfer Pump,vibration,4.757423518801666,3.9421961648401727,Warning,Drift
2025-01-22 10:40:00,Transfer Pump,temperature,74.08984464339443,71.96446774211343,Warning,Drift
2025-01-22 10:50:00,Transfer Pump,vibration,4.73629353187314,3.9421961648401727,Warning,Drift
2025-01-22 10:50:00,Heat Exchanger,vibration,4.274802667151775,4.022832791489556,Warning,Spike
2025-01-22 10:50:00,Transfer Pump,temperature,73.4550657104198,71.96446774211343,Warning,Drift
2025-01-22 11:00:00,Transfer Pump,vibration,4.426244295236909,3.9421961648401727,Warning,Drift
2025-01-22 11:00:00,Transfer Pump,temperature,73.42708623091396,71.96446774211343,Warning,Drift
2025-01-22 11:00:00,Heat Exchanger,vibration,4.360501007969476,4.022832791489556,Warning,Spike
2025-01-22 11:10:00,Transfer Pump,vibration,4.53224149151468,3.9421961648401727,Warning,Drift
2025-01-22 11:10:00,Transfer Pump,temperature,76.31094500098403,71.96446774211343,Warning,Drift
2025-01-22 11:10:00,Heat Exchanger,temperature,74.86292625292745,73.86863969930432,Warning,Spike
2025-01-22 11:10:00,Heat Exchanger,vibration,4.291381394515625,4.022832791489556,Warning,Spike
2025-01-22 11:20:00,Transfer Pump,vibration,4.387169455625818,3.9421961648401727,Warning,Drift
2025-01-22 11:20:00,Transfer Pump,temperature,75.60586183160957,71.96446774211343,Warning,Drift
2025-01-22 11:20:00,Heat Exchanger,vibration,4.170805922957595,4.022832791489556,Warning,Spike
2025-01-22 11:30:00,Transfer Pump,vibration,4.166482144635815,3.9421961648401727,Warning,Drift
2025-01-22 11:30:00,Transfer Pump,temperature,74.29544109643099,71.96446774211343,Warning,Drift
2025-01-22 11:30:00,Heat Exchanger,vibration,4.484370516868817,4.022832791489556,Warning,Drift
2025-01-22 11:40:00,Heat Exchanger,vibration,4.264511671137507,4.022832791489556,Warning,Drift
2025-01-22 11:40:00,Transfer Pump,temperature,74.34965019308943,71.96446774211343,Warning,Drift
2025-01-22 11:40:00,Transfer Pump,vibration,4.713806530229648,3.9421961648401727,Warning,Drift
2025-01-22 11:50:00,Heat Exchanger,temperature,74.89489954652946,73.86863969930432,Warning,Spike
2025-01-22 11:50:00,Heat Exchanger,vibration,4.08384935132652,4.022832791489556,Warning,Drift
2025-01-22 11:50:00,Transfer Pump,temperature,75.01104551637253,71.96446774211343,Warning,Drift
2025-01-22 11:50:00,Transfer Pump,vibration,4.335144896656336,3.9421961648401727,Warning,Drift
2025-01-22 12:00:00,Heat Exchanger,temperature,74.59894953460126,73.86863969930432,Warning,Spike
2025-01-22 12:00:00,Heat Exchanger,vibration,4.351360592587674,4.022832791489556,Warning,Drift
2025-01-22 12:00:00,Transfer Pump,vibration,4.709237331498455,3.9421961648401727,Warning,Drift
2025-01-22 12:00:00,Transfer Pump,temperature,75.66251239825587,71.96446774211343,Warning,Drift
2025-01-22 12:10:00,Heat Exchanger,temperature,74.72716687373891,73.86863969930432,Warning,Spike
2025-01-22 12:10:00,Heat Exchanger,vibration,4.273447978857379,4.022832791489556,Warning,Drift
2025-01-22 12:10:00,Transfer Pump,vibration,4.605906105336419,3.9421961648401727,Warning,Drift
2025-01-22 12:10:00,Transfer Pump,temperature,74.74097645551949,71.96446774211343,Warning,Drift
2025-01-22 12:20:00,Transfer Pump,temperature,74.3418866015763,71.96446774211343,Warning,Drift
2025-01-22 12:20:00,Heat Exchanger,vibration,4.283392152884996,4.022832791489556,Warning,Drift
2025-01-22 12:20:00,Heat Exchanger,temperature,75.4664803558541,73.86863969930432,Warning,Spike
2025-01-22 12:20:00,Transfer Pump,vibration,4.531642992517264,3.9421961648401727,Warning,Drift
2025-01-22 12:30:00,Heat Exchanger,vibration,4.3088894550904895,4.022832791489556,Warning,Drift
2025-01-22 12:30:00,Transfer Pump,temperature,75.86663593097074,71.96446774211343,Warning,Drift
2025-01-22 12:30:00,Transfer Pump,vibration,4.471285197754377,3.9421961648401727,Warning,Drift
2025-01-22 12:30:00,Heat Exchanger,temperature,74.00140940812366,73.86863969930432,Warning,Spike
2025-01-22 12:40:00,Transfer Pump,temperature,74.91921217532538,71.96446774211343,Warning,Drift
2025-01-22 12:40:00,Heat Exchanger,vibration,4.294211802294874,4.022832791489556,Warning,Drift
2025-01-22 12:40:00,Heat Exchanger,temperature,75.5263487187711,73.86863969930432,Warning,Spike
2025-01-22 12:40:00,Transfer Pump,vibration,4.602756271275919,3.9421961648401727,Warning,Drift
2025-01-22 12:50:00,Transfer Pump,vibration,4.306026252761398,3.9421961648401727,Warning,Drift
2025-01-22 12:50:00,Transfer Pump,temperature,74.76130473683827,71.96446774211343,Warning,Drift
2025-01-22 12:50:00,Heat Exchanger,temperature,74.00273978164438,73.86863969930432,Warning,Spike
2025-01-22 12:50:00,Heat Exchanger,vibration,4.543520875884094,4.022832791489556,Warning,Drift
2025-01-22 13:00:00,Transfer Pump,vibration,4.709861663748287,3.9421961648401727,Warning,Drift
2025-01-22 13:00:00,Transfer Pump,temperature,75.35652342514136,71.96446774211343,Warning,Drift
2025-01-22 13:00:00,Heat Exchanger,vibration,4.133186480269913,4.022832791489556,Warning,Drift
2025-01-22 13:00:00,Heat Exchanger,temperature,74.99560330910943,73.86863969930432,Warning,Spike
2025-01-22 13:10:00,Heat Exchanger,vibration,3.8982025008631,1.786686922550898,Warning,Drift
2025-01-22 13:10:00,Heat Exchanger,temperature,73.94196298393574,73.86863969930432,Warning,Spike
2025-01-22 13:10:00,Transfer Pump,vibration,4.490783348569175,3.9421961648401727,Warning,Drift
2025-01-22 13:10:00,Transfer Pump,temperature,73.13554118053223,71.96446774211343,Warning,Drift
2025-01-22 13:20:00,Heat Exchanger,temperature,75.64179105558065,73.86863969930432,Warning,Spike
2025-01-22 13:20:00,Heat Exchanger,vibration,4.2674119615116695,4.022832791489556,Warning,Drift
2025-01-22 13:20:00,Transfer Pump,vibration,4.728632759554833,3.9421961648401727,Warning,Drift
2025-01-22 13:20:00,Transfer Pump,temperature,75.17934312480827,71.96446774211343,Warning,Drift
2025-01-22 13:30:00,Transfer Pump,temperature,75.07793627066393,71.96446774211343,Warning,Drift
2025-01-22 13:30:00,Heat Exchanger,temperature,74.47847493445636,73.86863969930432,Warning,Spike
2025-01-22 13:30:00,Heat Exchanger,vibration,4.410790633275008,4.022832791489556,Warning,Drift
2025-01-22 13:30:00,Transfer Pump,vibration,4.431229921937609,3.9421961648401727,Warning,Drift
2025-01-22 13:40:00,Transfer Pump,vibration,4.471822539260788,3.9421961648401727,Warning,Drift
2025-01-22 13:40:00,Transfer Pump,temperature,73.5890829045433,71.96446774211343,Warning,Drift
2025-01-22 13:40:00,Heat Exchanger,vibration,3.972464602005191,1.786686922550898,Warning,Drift
2025-01-22 13:50:00,Transfer Pump,temperature,73.07609219071541,71.96446774211343,Warning,Drift
2025-01-22 13:50:00,Heat Exchanger,vibration,4.3118190548721245,4.022832791489556,Warning,Drift
2025-01-22 13:50:00,Transfer Pump,vibration,4.502607295983049,3.9421961648401727,Warning,Drift
2025-01-22 14:00:00,Transfer Pump,temperature,74.10876633706329,71.96446774211343,Warning,Drift
2025-01-22 14:00:00,Transfer Pump,vibration,4.533392052705309,3.9421961648401727,Warning,Drift
2025-01-22 14:00:00,Heat Exchanger,vibration,3.9844343610438977,1.786686922550898,Warning,Drift
2025-01-22 14:00:00,Heat Exchanger,temperature,73.93564282803656,73.86863969930432,Warning,Drift
2025-01-22 14:10:00,Transfer Pump,vibration,4.74631666599614,3.9421961648401727,Warning,Drift
2025-01-22 14:10:00,Transfer Pump,temperature,74.63192930414488,71.96446774211343,Warning,Drift
2025-01-22 14:10:00,Heat Exchanger,vibration,4.380187666154347,4.022832791489556,Warning,Drift
2025-01-22 14:10:00,Heat Exchanger,temperature,73.04037189152557,58.08404267265845,Warning,Drift
2025-01-22 14:20:00,Heat Exchanger,vibration,4.2202131839990304,4.022832791489556,Warning,Drift
2025-01-22 14:20:00,Heat Exchanger,temperature,73.96809599966448,73.86863969930432,Warning,Drift
2025-01-22 14:20:00,Transfer Pump,temperature,74.6331234133846,71.96446774211343,Warning,Drift
2025-01-22 14:20:00,Transfer Pump,vibration,4.331432681216135,3.9421961648401727,Warning,Drift
2025-01-22 14:30:00,Heat Exchanger,vibration,4.049154873849269,4.022832791489556,Warning,Drift
2025-01-22 14:30:00,Transfer Pump,temperature,75.6826822082102,71.96446774211343,Warning,Drift
2025-01-22 14:30:00,Transfer Pump,vibration,4.376486659601325,3.9421961648401727,Warning,Drift
2025-01-22 14:30:00,Heat Exchanger,temperature,74.0565151560983,73.86863969930432,Warning,Drift
2025-01-22 14:40:00,Heat Exchanger,vibration,3.90747330125156,1.786686922550898,Warning,Drift
2025-01-22 14:40:00,Transfer Pump,temperature,74.37511334035561,71.96446774211343,Warning,Drift
2025-01-22 14:40:00,Transfer Pump,vibration,4.384591016695467,3.9421961648401727,Warning,Drift
2025-01-22 14:40:00,Heat Exchanger,temperature,74.2703887202981,73.86863969930432,Warning,Drift
2025-01-22 14:50:00,Heat Exchanger,temperature,73.7719207214676,58.08404267265845,Warning,Drift
2025-01-22 14:50:00,Heat Exchanger,vibration,4.5766258901973424,4.022832791489556,Warning,Drift
2025-01-22 14:50:00,Transfer Pump,temperature,74.10272995964226,71.96446774211343,Warning,Drift
2025-01-22 14:50:00,Transfer Pump,vibration,3.9591613075054113,3.9421961648401727,Warning,Drift
2025-01-22 15:00:00,Heat Exchanger,vibration,4.586267038755334,4.022832791489556,Warning,Drift
2025-01-22 15:00:00,Heat Exchanger,temperature,73.30454510416178,58.08404267265845,Warning,Drift
2025-01-22 15:00:00,Transfer Pump,vibration,4.2633148149359865,3.9421961648401727,Warning,Drift
2025-01-22 15:00:00,Transfer Pump,temperature,73.83034657892892,71.96446774211343,Warning,Drift
2025-01-22 15:10:00,Transfer Pump,vibration,4.26167639059665,3.9421961648401727,Warning,Drift
2025-01-22 15:10:00,Heat Exchanger,vibration,3.96377697507628,1.786686922550898,Warning,Drift
2025-01-22 15:10:00,Heat Exchanger,temperature,74.19418685898702,73.86863969930432,Warning,Drift
2025-01-22 15:10:00,Transfer Pump,temperature,72.88641489955259,71.96446774211343,Warning,Drift
2025-01-22 15:20:00,Heat Exchanger,vibration,3.9456449838282337,1.786686922550898,Warning,Drift
2025-01-22 15:20:00,Transfer Pump,vibration,4.810779572707138,3.9421961648401727,Warning,Drift
2025-01-22 15:20:00,Transfer Pump,temperature,73.67175156877455,71.96446774211343,Warning,Drift
2025-01-22 15:20:00,Heat Exchanger,temperature,74.17643638097947,73.86863969930432,Warning,Drift
2025-01-22 15:30:00,Transfer Pump,temperature,74.82758527418352,71.96446774211343,Warning,Drift
2025-01-22 15:30:00,Heat Exchanger,temperature,72.06714509670158,58.08404267265845,Warning,Drift
2025-01-22 15:30:00,Transfer Pump,vibration,4.367967366420924,3.9421961648401727,Warning,Drift
2025-01-22 15:30:00,Heat Exchanger,vibration,4.143906794659431,4.022832791489556,Warning,Drift
2025-01-22 15:40:00,Heat Exchanger,vibration,4.045297279490455,4.022832791489556,Warning,Drift
2025-01-22 15:40:00,Heat Exchanger,temperature,74.20016588444695,73.86863969930432,Warning,Drift
2025-01-22 15:50:00,Transfer Pump,temperature,72.88274023621034,71.96446774211343,Warning,Drift
2025-01-22 15:50:00,Heat Exchanger,temperature,73.65111194528198,58.08404267265845,Warning,Drift
2025-01-22 15:50:00,Heat Exchanger,vibration,4.040555072905455,4.022832791489556,Warning,Drift
2025-01-22 15:50:00,Transfer Pump,vibration,4.026591695624085,3.9421961648401727,Warning,Drift
2025-01-22 16:00:00,Heat Exchanger,temperature,71.85917546388492,58.08404267265845,Warning,Drift
2025-01-22 16:00:00,Heat Exchanger,vibration,4.134405339899188,4.022832791489556,Warning,Drift
2025-01-22 16:00:00,Transfer Pump,vibration,4.263708981783655,3.9421961648401727,Warning,Drift
2025-01-22 16:00:00,Transfer Pump,temperature,73.80720594919045,71.96446774211343,Warning,Drift
2025-01-22 16:10:00,Transfer Pump,vibration,4.427117965313063,3.9421961648401727,Warning,Drift
2025-01-22 16:10:00,Transfer Pump,temperature,72.58174163758132,71.96446774211343,Warning,Drift
2025-01-22 16:10:00,Heat Exchanger,temperature,70.9088197513016,58.08404267265845,Warning,Drift
2025-01-22 16:10:00,Heat Exchanger,vibration,4.412182018492302,4.022832791489556,Warning,Drift
2025-01-22 16:20:00,Transfer Pump,vibration,4.694841264492878,3.9421961648401727,Warning,Drift
2025-01-22 16:20:00,Transfer Pump,temperature,70.86076969631652,56.11255468087906,Warning,Drift
2025-01-22 16:20:00,Heat Exchanger,temperature,73.24308906623881,58.08404267265845,Warning,Drift
2025-01-22 16:20:00,Heat Exchanger,vibration,4.295426812006809,4.022832791489556,Warning,Drift
2025-01-22 16:30:00,Transfer Pump,vibration,4.101533908271594,3.9421961648401727,Warning,Drift
2025-01-22 16:30:00,Transfer Pump,temperature,71.94947988534172,56.11255468087906,Warning,Drift
2025-01-22 16:30:00,Heat Exchanger,vibration,3.9754990061766,1.786686922550898,Warning,Drift
2025-01-22 16:40:00,Transfer Pump,temperature,73.16521171201137,71.96446774211343,Warning,Drift
2025-01-22 16:40:00,Transfer Pump,vibration,3.880438125667772,1.3763250384549288,Warning,Drift
2025-01-22 16:40:00,Heat Exchanger,vibration,4.145695117156519,4.022832791489556,Warning,Drift
2025-01-22 16:50:00,Transfer Pump,vibration,4.049918111218006,3.9421961648401727,Warning,Drift
2025-01-22 16:50:00,Transfer Pump,temperature,73.27624190827818,71.96446774211343,Warning,Drift
2025-01-22 16:50:00,Heat Exchanger,vibration,3.665523064398084,1.786686922550898,Warning,Drift
2025-01-22 17:00:00,Transfer Pump,vibration,4.032629864815809,3.9421961648401727,Warning,Drift
2025-01-22 17:00:00,Transfer Pump,temperature,73.89040147387013,71.96446774211343,Warning,Drift
2025-01-22 17:00:00,Heat Exchanger,vibration,4.004472216598304,1.786686922550898,Warning,Drift
2025-01-22 17:10:00,Heat Exchanger,vibration,3.919210745599613,1.786686922550898,Warning,Drift
2025-01-22 17:10:00,Transfer Pump,vibration,4.016075257898283,3.9421961648401727,Warning,Drift
2025-01-22 17:10:00,Transfer Pump,temperature,72.6454129075416,71.96446774211343,Warning,Drift
2025-01-22 17:20:00,Heat Exchanger,vibration,4.116841299269712,4.022832791489556,Warning,Drift
2025-01-22 17:20:00,Transfer Pump,temperature,73.30494050100558,71.96446774211343,Warning,Drift
2025-01-22 17:20:00,Transfer Pump,vibration,4.298159617951498,3.9421961648401727,Warning,Drift
2025-01-22 17:30:00,Transfer Pump,vibration,4.177937914387336,3.9421961648401727,Warning,Drift
2025-01-22 17:30:00,Transfer Pump,temperature,72.58487453260872,71.96446774211343,Warning,Drift
2025-01-22 17:30:00,Heat Exchanger,vibration,4.036830085717148,4.022832791489556,Warning,Drift
2025-01-22 17:40:00,Transfer Pump,vibration,3.89443804119223,1.3763250384549288,Warning,Drift
2025-01-22 17:40:00,Transfer Pump,temperature,72.68343949021666,71.96446774211343,Warning,Drift
2025-01-22 17:50:00,Heat Exchanger,vibration,3.970354843509404,1.786686922550898,Warning,Drift
2025-01-22 17:50:00,Transfer Pump,temperature,72.66703035616105,71.96446774211343,Warning,Drift
2025-01-22 17:50:00,Transfer Pump,vibration,4.333711988956182,3.9421961648401727,Warning,Drift
2025-01-22 18:00:00,Heat Exchanger,vibration,3.790712076446173,1.786686922550898,Warning,Drift
2025-01-22 18:00:00,Transfer Pump,temperature,72.02711372513623,71.96446774211343,Warning,Drift
2025-01-22 18:00:00,Transfer Pump,vibration,4.400746506172633,3.9421961648401727,Warning,Drift
2025-01-22 18:10:00,Heat Exchanger,vibration,4.024165403414197,4.022832791489556,Warning,Drift
2025-01-22 18:10:00,Transfer Pump,vibration,3.734303029926009,1.3763250384549288,Warning,Drift
2025-01-22 18:10:00,Transfer Pump,temperature,72.34922501045472,71.96446774211343,Warning,Drift
2025-01-22 18:20:00,Transfer Pump,temperature,70.7826402386548,56.11255468087906,Warning,Drift
2025-01-22 18:20:00,Transfer Pump,vibration,4.234423219638959,3.9421961648401727,Warning,Drift
2025-01-22 18:20:00,Heat Exchanger,vibration,3.914090687620766,1.786686922550898,Warning,Drift
2025-01-22 18:30:00,Transfer Pump,temperature,69.25290562571152,56.11255468087906,Warning,Drift
2025-01-22 18:30:00,Transfer Pump,vibration,3.973141959959356,3.9421961648401727,Warning,Drift
2025-01-22 18:40:00,Transfer Pump,temperature,71.56837869699582,56.11255468087906,Warning,Drift
2025-01-22 18:40:00,Transfer Pump,vibration,3.815629253961872,1.3763250384549288,Warning,Drift
2025-01-22 18:40:00,Heat Exchanger,vibration,3.811854186617092,1.786686922550898,Warning,Drift
2025-01-22 18:50:00,Heat Exchanger,vibration,3.927628623576661,1.786686922550898,Warning,Drift
2025-01-22 18:50:00,Transfer Pump,temperature,71.20235362034802,56.11255468087906,Warning,Drift
2025-01-22 18:50:00,Transfer Pump,vibration,3.7048337411516874,1.3763250384549288,Warning,Drift
2025-01-22 19:00:00,Transfer Pump,temperature,70.05849899661452,56.11255468087906,Warning,Drift
2025-01-22 19:00:00,Transfer Pump,vibration,3.867030138409208,1.3763250384549288,Warning,Drift
2025-01-22 19:10:00,Transfer Pump,temperature,69.60666500262553,56.11255468087906,Warning,Drift
2025-01-22 19:10:00,Transfer Pump,vibration,3.836581741134922,1.3763250384549288,Warning,Drift
2025-01-22 19:10:00,Heat Exchanger,vibration,3.677905593516905,1.786686922550898,Warning,Drift
2025-01-22 19:20:00,Transfer Pump,vibration,3.939306455122156,1.3763250384549288,Warning,Drift
2025-01-22 19:20:00,Heat Exchanger,vibration,3.5609162384513944,1.786686922550898,Warning,Drift
2025-01-22 19:20:00,Transfer Pump,temperature,70.58108052938537,56.11255468087906,Warning,Drift
2025-01-22 19:30:00,Transfer Pump,vibration,4.281580137956961,3.9421961648401727,Warning,Drift
2025-01-22 19:30:00,Heat Exchanger,vibration,3.622338278453406,1.786686922550898,Warning,Drift
2025-01-22 19:30:00,Transfer Pump,temperature,70.91227054863059,56.11255468087906,Warning,Drift
2025-01-22 19:40:00,Transfer Pump,temperature,70.61940303066571,56.11255468087906,Warning,Drift
2025-01-22 19:40:00,Transfer Pump,vibration,3.944889182438755,3.9421961648401727,Warning,Drift
2025-01-22 19:40:00,Heat Exchanger,vibration,3.614509297625293,1.786686922550898,Warning,Drift
2025-01-22 19:50:00,Transfer Pump,temperature,69.25531636285913,56.11255468087906,Warning,Drift
2025-01-22 19:50:00,Transfer Pump,vibration,3.608198226920549,1.3763250384549288,Warning,Drift
2025-01-22 19:50:00,Heat Exchanger,vibration,3.69269714205506,1.786686922550898,Warning,Drift
2025-01-22 20:00:00,Transfer Pump,temperature,69.3053597231701,56.11255468087906,Warning,Drift
2025-01-22 20:00:00,Transfer Pump,vibration,3.7855678565413657,1.3763250384549288,Warning,Drift
2025-01-22 20:10:00,Transfer Pump,temperature,70.35122021048144,56.11255468087906,Warning,Drift
2025-01-22 20:10:00,Transfer Pump,vibration,4.016609768562111,3.9421961648401727,Warning,Drift
2025-01-22 20:20:00,Transfer Pump,vibration,3.7689746078513258,1.3763250384549288,Warning,Drift
2025-01-22 20:20:00,Transfer Pump,temperature,69.75132581726675,56.11255468087906,Warning,Drift
2025-01-22 20:30:00,Transfer Pump,temperature,70.42266646359941,56.11255468087906,Warning,Drift
2025-01-22 20:30:00,Transfer Pump,vibration,3.9158232613534274,1.3763250384549288,Warning,Drift
2025-01-22 20:40:00,Transfer Pump,vibration,3.814678196439382,1.3763250384549288,Warning,Drift
2025-01-22 20:50:00,Transfer Pump,vibration,3.7811607522078177,1.3763250384549288,Warning,Drift
2025-01-22 21:00:00,Transfer Pump,vibration,4.042502584154654,3.9421961648401727,Warning,Drift
2025-01-22 21:10:00,Transfer Pump,vibration,3.5697949501033515,1.3763250384549288,Warning,Drift
2025-01-22 21:20:00,Transfer Pump,vibration,3.5446279429680336,1.3763250384549288,Warning,Drift
2025-01-22 21:30:00,Transfer Pump,vibration,3.556908172773741,1.3763250384549288,Warning,Drift
2025-01-22 21:40:00,Transfer Pump,vibration,3.771872919747945,1.3763250384549288,Warning,Drift
2025-01-22 22:00:00,Transfer Pump,vibration,3.818111973595928,1.3763250384549288,Warning,Drift
2025-01-22 22:10:00,Transfer Pump,vibration,3.667989964386028,1.3763250384549288,Warning,Drift
2025-01-22 22:40:00,Transfer Pump,vibration,3.965834133623672,3.9421961648401727,Warning,Spike
2025-01-22 23:20:00,Transfer Pump,vibration,4.009348436815892,3.9421961648401727,Warning,Spike
2025-01-23 02:20:00,Transfer Pump,vibration,3.9923562273109097,3.9421961648401727,Warning,Spike
2025-01-23 03:00:00,Transfer Pump,vibration,4.019701183924116,3.9421961648401727,Warning,Spike
2025-01-23 03:10:00,Transfer Pump,vibration,4.059796412986795,3.9421961648401727,Warning,Spike
2025-01-23 04:00:00,Transfer Pump,vibration,3.969974867149357,3.9421961648401727,Warning,Spike
2025-01-23 04:10:00,Transfer Pump,vibration,3.984404675547581,3.9421961648401727,Warning,Spike
2025-01-23 04:30:00,Transfer Pump,vibration,4.174560105401788,3.9421961648401727,Warning,Spike
2025-01-23 04:40:00,Transfer Pump,temperature,72.3020750688543,71.96446774211343,Warning,Spike
2025-01-23 05:00:00,Transfer Pump,vibration,4.209340562365791,3.9421961648401727,Warning,Spike
2025-01-23 05:20:00,Transfer Pump,vibration,4.029237727111311,3.9421961648401727,Warning,Spike
2025-01-23 05:30:00,Transfer Pump,vibration,4.151918786791415,3.9421961648401727,Warning,Spike
2025-01-23 05:40:00,Transfer Pump,vibration,4.19498172043976,3.9421961648401727,Warning,Spike
2025-01-23 05:50:00,Transfer Pump,temperature,71.9690128358048,71.96446774211343,Warning,Spike
2025-01-23 05:50:00,Transfer Pump,vibration,4.491085980550644,3.9421961648401727,Warning,Spike
2025-01-23 06:00:00,Transfer Pump,temperature,72.49027797551022,71.96446774211343,Warning,Spike
2025-01-23 06:00:00,Transfer Pump,vibration,4.09641632367235,3.9421961648401727,Warning,Spike
2025-01-23 06:10:00,Heat Exchanger,vibration,4.137832658185438,4.022832791489556,Warning,Spike
2025-01-23 06:20:00,Transfer Pump,vibration,4.273472860775021,3.9421961648401727,Warning,Spike
2025-01-23 06:20:00,Heat Exchanger,vibration,4.217589981831019,4.022832791489556,Warning,Spike
2025-01-23 06:30:00,Transfer Pump,vibration,4.192435499896159,3.9421961648401727,Warning,Spike
2025-01-23 06:30:00,Transfer Pump,temperature,72.46302430320371,71.96446774211343,Warning,Spike
2025-01-23 06:30:00,Heat Exchanger,vibration,4.083981342312667,4.022832791489556,Warning,Spike
2025-01-23 06:40:00,Heat Exchanger,vibration,4.076861553139817,4.022832791489556,Warning,Spike
2025-01-23 06:40:00,Transfer Pump,vibration,4.221692318076549,3.9421961648401727,Warning,Spike
2025-01-23 06:50:00,Transfer Pump,temperature,72.93155541746613,71.96446774211343,Warning,Spike
2025-01-23 06:50:00,Transfer Pump,vibration,4.215944360350516,3.9421961648401727,Warning,Spike
2025-01-23 07:00:00,Transfer Pump,temperature,72.80118621711755,71.96446774211343,Warning,Spike
2025-01-23 07:00:00,Heat Exchanger,vibration,4.159782007217081,4.022832791489556,Warning,Spike
2025-01-23 07:00:00,Transfer Pump,vibration,3.9550301410861977,3.9421961648401727,Warning,Spike
2025-01-23 07:10:00,Transfer Pump,temperature,72.68769502332712,71.96446774211343,Warning,Spike
2025-01-23 07:10:00,Transfer Pump,vibration,4.3081991749965205,3.9421961648401727,Warning,Spike
2025-01-23 07:10:00,Heat Exchanger,vibration,4.358558660947844,4.022832791489556,Warning,Spike
2025-01-23 07:20:00,Transfer Pump,vibration,4.215927617384181,3.9421961648401727,Warning,Drift
2025-01-23 07:20:00,Heat Exchanger,vibration,4.285101855138963,4.022832791489556,Warning,Spike
2025-01-23 07:20:00,Transfer Pump,temperature,72.50408832334566,71.96446774211343,Warning,Spike
2025-01-23 07:30:00,Heat Exchanger,vibration,4.294520245894928,4.022832791489556,Warning,Spike
2025-01-23 07:30:00,Transfer Pump,vibration,4.244075300561745,3.9421961648401727,Warning,Drift
2025-01-23 07:30:00,Transfer Pump,temperature,73.56124324507813,71.96446774211343,Warning,Spike
2025-01-23 07:40:00,Transfer Pump,temperature,72.87601270521044,71.96446774211343,Warning,Spike
2025-01-23 07:40:00,Transfer Pump,vibration,4.246839669104319,3.9421961648401727,Warning,Drift
2025-01-23 07:50:00,Transfer Pump,vibration,4.329897327936836,3.9421961648401727,Warning,Drift
2025-01-23 07:50:00,Transfer Pump,temperature,72.24186189330732,71.96446774211343,Warning,Spike
2025-01-23 08:00:00,Heat Exchanger,vibration,4.140595558551245,4.022832791489556,Warning,Spike
2025-01-23 08:00:00,Transfer Pump,vibration,4.401880986530513,3.9421961648401727,Warning,Drift
2025-01-23 08:00:00,Transfer Pump,temperature,73.78434612550741,71.96446774211343,Warning,Spike
2025-01-23 08:00:00,Heat Exchanger,temperature,73.98738522861186,73.86863969930432,Warning,Spike
2025-01-23 08:10:00,Heat Exchanger,vibration,4.056223471810861,4.022832791489556,Warning,Spike
2025-01-23 08:10:00,Transfer Pump,vibration,4.367343164088556,3.9421961648401727,Warning,Drift
2025-01-23 08:10:00,Transfer Pump,temperature,72.91051057652155,71.96446774211343,Warning,Spike
2025-01-23 08:20:00,Transfer Pump,vibration,4.597642784537085,3.9421961648401727,Warning,Drift
2025-01-23 08:20:00,Transfer Pump,temperature,72.71625493137013,71.96446774211343,Warning,Spike
2025-01-23 08:30:00,Transfer Pump,temperature,74.26449099747975,71.96446774211343,Warning,Spike
2025-01-23 08:30:00,Transfer Pump,vibration,4.542552846980092,3.9421961648401727,Warning,Drift
2025-01-23 08:30:00,Heat Exchanger,vibration,4.293654333465504,4.022832791489556,Warning,Spike
2025-01-23 08:30:00,Heat Exchanger,temperature,74.03180396469489,73.86863969930432,Warning,Spike
2025-01-23 08:40:00,Heat Exchanger,vibration,4.41380678354433,4.022832791489556,Warning,Spike
2025-01-23 08:40:00,Transfer Pump,temperature,73.98761177074769,71.96446774211343,Warning,Spike
2025-01-23 08:40:00,Transfer Pump,vibration,4.409429751272725,3.9421961648401727,Warning,Drift
2025-01-23 08:40:00,Heat Exchanger,temperature,74.02779061086119,73.86863969930432,Warning,Spike
2025-01-23 08:50:00,Heat Exchanger,temperature,74.00789648631256,73.86863969930432,Warning,Spike
2025-01-23 08:50:00,Transfer Pump,vibration,4.2518145995496255,3.9421961648401727,Warning,Drift
2025-01-23 08:50:00,Transfer Pump,temperature,73.71073254401564,71.96446774211343,Warning,Spike
2025-01-23 09:00:00,Heat Exchanger,vibration,4.451898267871249,4.022832791489556,Warning,Spike
2025-01-23 09:00:00,Transfer Pump,vibration,4.557693118339158,3.9421961648401727,Warning,Drift
2025-01-23 09:00:00,Transfer Pump,temperature,74.70177592926994,71.96446774211343,Warning,Spike
2025-01-23 09:10:00,Transfer Pump,temperature,74.96788041701517,71.96446774211343,Warning,Spike
2025-01-23 09:10:00,Transfer Pump,vibration,4.410925131952611,3.9421961648401727,Warning,Drift
2025-01-23 09:10:00,Heat Exchanger,temperature,74.28648861378056,73.86863969930432,Warning,Spike
2025-01-23 09:10:00,Heat Exchanger,vibration,4.319703406142275,4.022832791489556,Warning,Spike
2025-01-23 09:20:00,Transfer Pump,temperature,74.92579615903307,71.96446774211343,Warning,Drift
2025-01-23 09:20:00,Heat Exchanger,vibration,4.585477103597784,4.022832791489556,Warning,Spike
2025-01-23 09:20:00,Transfer Pump,vibration,4.450652550169967,3.9421961648401727,Warning,Drift
2025-01-23 09:20:00,Heat Exchanger,temperature,74.55786274641288,73.86863969930432,Warning,Spike
2025-01-23 09:30:00,Heat Exchanger,temperature,74.37748539026147,73.86863969930432,Warning,Spike
2025-01-23 09:30:00,Transfer Pump,vibration,4.257145692164341,3.9421961648401727,Warning,Drift
2025-01-23 09:30:00,Transfer Pump,temperature,74.9968481618579,71.96446774211343,Warning,Drift
2025-01-23 09:30:00,Heat Exchanger,vibration,4.449557716280333,4.022832791489556,Warning,Spike
2025-01-23 09:40:00,Transfer Pump,temperature,73.64453128891918,71.96446774211343,Warning,Drift
2025-01-23 09:40:00,Heat Exchanger,temperature,74.09287777819588,73.86863969930432,Warning,Spike
2025-01-23 09:40:00,Transfer Pump,vibration,4.581394500198929,3.9421961648401727,Warning,Drift
2025-01-23 09:40:00,Heat Exchanger,vibration,4.34234652767352,4.022832791489556,Warning,Spike
2025-01-23 09:50:00,Heat Exchanger,vibration,4.355533025075573,4.022832791489556,Warning,Spike
2025-01-23 09:50:00,Heat Exchanger,temperature,74.66962157558385,73.86863969930432,Warning,Spike
2025-01-23 09:50:00,Transfer Pump,vibration,4.985502251463348,3.9421961648401727,Warning,Drift
2025-01-23 09:50:00,Transfer Pump,temperature,76.05277914666924,71.96446774211343,Warning,Drift
2025-01-23 10:00:00,Transfer Pump,temperature,75.54789866905236,71.96446774211343,Warning,Drift
2025-01-23 10:00:00,Transfer Pump,vibration,4.438579837981504,3.9421961648401727,Warning,Drift
2025-01-23 10:00:00,Heat Exchanger,vibration,4.342178214092028,4.022832791489556,Warning,Drift
2025-01-23 10:00:00,Heat Exchanger,temperature,74.23088566463865,73.86863969930432,Warning,Spike
2025-01-23 10:10:00,Transfer Pump,vibration,4.65205662913464,3.9421961648401727,Warning,Drift
2025-01-23 10:10:00,Transfer Pump,temperature,74.41925240351978,71.96446774211343,Warning,Drift
2025-01-23 10:10:00,Heat Exchanger,vibration,4.67945028638323,4.022832791489556,Warning,Drift
2025-01-23 10:10:00,Heat Exchanger,temperature,74.69243739593054,73.86863969930432,Warning,Spike
2025-01-23 10:20:00,Heat Exchanger,temperature,74.50086565527585,73.86863969930432,Warning,Spike
2025-01-23 10:20:00,Heat Exchanger,vibration,4.471827747480119,4.022832791489556,Warning,Drift
2025-01-23 10:20:00,Transfer Pump,temperature,75.24253191902429,71.96446774211343,Warning,Drift
2025-01-23 10:20:00,Transfer Pump,vibration,4.773759805447061,3.9421961648401727,Warning,Drift
2025-01-23 10:30:00,Transfer Pump,temperature,75.46058611669002,71.96446774211343,Warning,Drift
2025-01-23 10:30:00,Transfer Pump,vibration,4.464109911546712,3.9421961648401727,Warning,Drift
2025-01-23 10:30:00,Heat Exchanger,vibration,4.304195993738096,4.022832791489556,Warning,Drift
2025-01-23 10:40:00,Transfer Pump,temperature,75.34634109689769,71.96446774211343,Warning,Drift
2025-01-23 10:40:00,Transfer Pump,vibration,4.1296609650250815,3.9421961648401727,Warning,Drift
2025-01-23 10:40:00,Heat Exchanger,temperature,74.09972142386133,73.86863969930432,Warning,Spike
2025-01-23 10:40:00,Heat Exchanger,vibration,4.480887458031327,4.022832791489556,Warning,Drift
2025-01-23 10:50:00,Heat Exchanger,vibration,4.469491952633771,4.022832791489556,Warning,Drift
2025-01-23 10:50:00,Heat Exchanger,temperature,76.28449600032512,73.86863969930432,Warning,Spike
2025-01-23 10:50:00,Transfer Pump,temperature,76.86586089884496,71.96446774211343,Warning,Drift
2025-01-23 10:50:00,Transfer Pump,vibration,4.698531363290768,3.9421961648401727,Warning,Drift
2025-01-23 11:00:00,Heat Exchanger,vibration,4.315850985550086,4.022832791489556,Warning,Drift
2025-01-23 11:00:00,Transfer Pump,temperature,73.92245570110941,71.96446774211343,Warning,Drift
2025-01-23 11:00:00,Transfer Pump,vibration,4.593942687582586,3.9421961648401727,Warning,Drift
2025-01-23 11:10:00,Heat Exchanger,vibration,4.249866265871597,4.022832791489556,Warning,Drift
2025-01-23 11:10:00,Heat Exchanger,temperature,75.94962399116235,73.86863969930432,Warning,Spike
2025-01-23 11:10:00,Transfer Pump,vibration,4.641206689342432,3.9421961648401727,Warning,Drift
2025-01-23 11:10:00,Transfer Pump,temperature,74.3385086279106,71.96446774211343,Warning,Drift
2025-01-23 11:20:00,Heat Exchanger,temperature,75.24238941939198,73.86863969930432,Warning,Spike
2025-01-23 11:20:00,Heat Exchanger,vibration,4.614943004192548,4.022832791489556,Warning,Drift
2025-01-23 11:30:00,Heat Exchanger,vibration,4.358814616934927,4.022832791489556,Warning,Drift
2025-01-23 11:30:00,Heat Exchanger,temperature,74.79691483722722,73.86863969930432,Warning,Spike
2025-01-23 11:30:00,Transfer Pump,temperature,75.64541619155784,71.96446774211343,Warning,Drift
2025-01-23 11:30:00,Transfer Pump,vibration,4.802414792897179,3.9421961648401727,Warning,Drift
2025-01-23 11:40:00,Heat Exchanger,vibration,4.35171277500117,4.022832791489556,Warning,Drift
2025-01-23 11:40:00,Transfer Pump,temperature,76.03786561618845,71.96446774211343,Warning,Drift
2025-01-23 11:40:00,Transfer Pump,vibration,4.579066766851867,3.9421961648401727,Warning,Drift
2025-01-23 11:50:00,Heat Exchanger,vibration,4.51593102238066,4.022832791489556,Warning,Drift
2025-01-23 11:50:00,Heat Exchanger,temperature,74.80390885428683,73.86863969930432,Warning,Spike
2025-01-23 11:50:00,Transfer Pump,vibration,4.98949755925302,3.9421961648401727,Warning,Drift
2025-01-23 11:50:00,Transfer Pump,temperature,75.90643411396401,71.96446774211343,Warning,Drift
2025-01-23 12:00:00,Transfer Pump,vibration,4.885984972660088,3.9421961648401727,Warning,Drift
2025-01-23 12:00:00,Transfer Pump,temperature,75.3937005625724,71.96446774211343,Warning,Drift
2025-01-23 12:00:00,Heat Exchanger,temperature,75.28430036246765,73.86863969930432,Warning,Spike
2025-01-23 12:00:00,Heat Exchanger,vibration,4.3193002523866975,4.022832791489556,Warning,Drift
2025-01-23 12:10:00,Transfer Pump,temperature,75.95141489942698,71.96446774211343,Warning,Drift
2025-01-23 12:10:00,Transfer Pump,vibration,4.782472386067157,3.9421961648401727,Warning,Drift
2025-01-23 12:10:00,Heat Exchanger,vibration,4.454094980265811,4.022832791489556,Warning,Drift
2025-01-23 12:10:00,Heat Exchanger,temperature,75.76469187064846,73.86863969930432,Warning,Spike
2025-01-23 12:20:00,Heat Exchanger,vibration,4.344080027623878,4.022832791489556,Warning,Drift
2025-01-23 12:20:00,Heat Exchanger,temperature,74.27450280916187,73.86863969930432,Warning,Spike
2025-01-23 12:20:00,Transfer Pump,temperature,75.38354960942043,71.96446774211343,Warning,Drift
2025-01-23 12:20:00,Transfer Pump,vibration,4.601136797123673,3.9421961648401727,Warning,Drift
2025-01-23 12:30:00,Heat Exchanger,vibration,3.946983882682988,1.786686922550898,Warning,Drift
2025-01-23 12:30:00,Transfer Pump,temperature,76.20117922786112,71.96446774211343,Warning,Drift
2025-01-23 12:30:00,Transfer Pump,vibration,4.6546023786109645,3.9421961648401727,Warning,Drift
2025-01-23 12:30:00,Heat Exchanger,temperature,74.57491568981852,73.86863969930432,Warning,Spike
2025-01-23 12:40:00,Transfer Pump,temperature,76.47571809700679,71.96446774211343,Warning,Drift
2025-01-23 12:40:00,Heat Exchanger,temperature,74.9736324337245,73.86863969930432,Warning,Spike
2025-01-23 12:40:00,Heat Exchanger,vibration,4.478678767494648,4.022832791489556,Warning,Drift
2025-01-23 12:40:00,Transfer Pump,vibration,4.292362440388361,3.9421961648401727,Warning,Drift
2025-01-23 12:50:00,Transfer Pump,temperature,74.81965504340138,71.96446774211343,Warning,Drift
2025-01-23 12:50:00,Heat Exchanger,temperature,74.23561476530011,73.86863969930432,Warning,Drift
2025-01-23 12:50:00,Heat Exchanger,vibration,4.453301609192506,4.022832791489556,Warning,Drift
2025-01-23 12:50:00,Transfer Pump,vibration,4.489642521712159,3.9421961648401727,Warning,Drift
2025-01-23 13:00:00,Heat Exchanger,vibration,4.466063623506743,4.022832791489556,Warning,Drift
2025-01-23 13:00:00,Heat Exchanger,temperature,75.4861543136338,73.86863969930432,Warning,Drift
2025-01-23 13:10:00,Transfer Pump,temperature,75.39407424162299,71.96446774211343,Warning,Drift
2025-01-23 13:10:00,Transfer Pump,vibration,4.572968586441963,3.9421961648401727,Warning,Drift
2025-01-23 13:10:00,Heat Exchanger,vibration,4.02415028767834,4.022832791489556,Warning,Drift
2025-01-23 13:10:00,Heat Exchanger,temperature,74.44417917478805,73.86863969930432,Warning,Drift
2025-01-23 13:20:00,Heat Exchanger,temperature,73.13147535418857,58.08404267265845,Warning,Drift
2025-01-23 13:20:00,Heat Exchanger,vibration,4.149184448940103,4.022832791489556,Warning,Drift
2025-01-23 13:20:00,Transfer Pump,temperature,76.5903819074855,71.96446774211343,Warning,Drift
2025-01-23 13:20:00,Transfer Pump,vibration,4.3770502510499005,3.9421961648401727,Warning,Drift
2025-01-23 13:30:00,Transfer Pump,vibration,4.450088246161743,3.9421961648401727,Warning,Drift
2025-01-23 13:30:00,Heat Exchanger,vibration,4.595312150602873,4.022832791489556,Warning,Drift
2025-01-23 13:30:00,Transfer Pump,temperature,74.74844971898514,71.96446774211343,Warning,Drift
2025-01-23 13:30:00,Heat Exchanger,temperature,74.70575419514245,73.86863969930432,Warning,Drift
2025-01-23 13:40:00,Transfer Pump,vibration,4.4415609930103965,3.9421961648401727,Warning,Drift
2025-01-23 13:40:00,Transfer Pump,temperature,76.22034639279444,71.96446774211343,Warning,Drift
2025-01-23 13:50:00,Transfer Pump,temperature,76.21271922679244,71.96446774211343,Warning,Drift
2025-01-23 13:50:00,Heat Exchanger,temperature,75.6152056812157,73.86863969930432,Warning,Drift
2025-01-23 13:50:00,Heat Exchanger,vibration,4.030372969843208,4.022832791489556,Warning,Drift
2025-01-23 13:50:00,Transfer Pump,vibration,4.551315409844451,3.9421961648401727,Warning,Drift
2025-01-23 14:00:00,Transfer Pump,temperature,76.20509206079046,71.96446774211343,Warning,Drift
2025-01-23 14:00:00,Transfer Pump,vibration,4.399554537685393,3.9421961648401727,Warning,Drift
2025-01-23 14:00:00,Heat Exchanger,temperature,74.83780742019708,73.86863969930432,Warning,Drift
2025-01-23 14:00:00,Heat Exchanger,vibration,4.377854310301524,4.022832791489556,Warning,Drift
2025-01-23 14:20:00,Transfer Pump,temperature,74.930700568824,71.96446774211343,Warning,Drift
2025-01-23 14:20:00,Transfer Pump,vibration,4.333935448634666,3.9421961648401727,Warning,Drift
2025-01-23 14:30:00,Heat Exchanger,vibration,4.378174165617685,4.022832791489556,Warning,Drift
2025-01-23 14:30:00,Transfer Pump,temperature,75.7027839938304,71.96446774211343,Warning,Drift
2025-01-23 14:30:00,Transfer Pump,vibration,4.268316359583937,3.9421961648401727,Warning,Drift
2025-01-23 14:30:00,Heat Exchanger,temperature,73.38680743457624,58.08404267265845,Warning,Drift
2025-01-23 14:40:00,Heat Exchanger,temperature,73.4381125589967,58.08404267265845,Warning,Drift
2025-01-23 14:40:00,Heat Exchanger,vibration,4.367013050782443,4.022832791489556,Warning,Drift
2025-01-23 14:40:00,Transfer Pump,vibration,4.784558659077753,3.9421961648401727,Warning,Drift
2025-01-23 14:40:00,Transfer Pump,temperature,74.47762534338139,71.96446774211343,Warning,Drift
2025-01-23 14:50:00,Heat Exchanger,vibration,4.490265549603275,4.022832791489556,Warning,Drift
2025-01-23 14:50:00,Heat Exchanger,temperature,72.12774396231482,58.08404267265845,Warning,Drift
2025-01-23 14:50:00,Transfer Pump,temperature,74.04395642996062,71.96446774211343,Warning,Drift
2025-01-23 14:50:00,Transfer Pump,vibration,4.487700507358371,3.9421961648401727,Warning,Drift
2025-01-23 15:00:00,Heat Exchanger,temperature,73.69201498088007,58.08404267265845,Warning,Drift
2025-01-23 15:00:00,Heat Exchanger,vibration,4.380072028791833,4.022832791489556,Warning,Drift
2025-01-23 15:00:00,Transfer Pump,vibration,4.574276803516184,3.9421961648401727,Warning,Drift
2025-01-23 15:00:00,Transfer Pump,temperature,76.04629369875036,71.96446774211343,Warning,Drift
2025-01-23 15:10:00,Transfer Pump,vibration,4.525062362448078,3.9421961648401727,Warning,Drift
2025-01-23 15:10:00,Transfer Pump,temperature,74.14238469191694,71.96446774211343,Warning,Drift
2025-01-23 15:10:00,Heat Exchanger,temperature,74.28178691737686,73.86863969930432,Warning,Drift
2025-01-23 15:10:00,Heat Exchanger,vibration,4.378098243481384,4.022832791489556,Warning,Drift
2025-01-23 15:20:00,Transfer Pump,vibration,4.531057056650539,3.9421961648401727,Warning,Drift
2025-01-23 15:20:00,Transfer Pump,temperature,75.00663632953164,71.96446774211343,Warning,Drift
2025-01-23 15:30:00,Transfer Pump,temperature,75.23752980345455,71.96446774211343,Warning,Drift
2025-01-23 15:30:00,Heat Exchanger,vibration,4.101599970746053,4.022832791489556,Warning,Drift
2025-01-23 15:30:00,Heat Exchanger,temperature,73.80752827796337,58.08404267265845,Warning,Drift
2025-01-23 15:30:00,Transfer Pump,vibration,4.379611017815915,3.9421961648401727,Warning,Drift
2025-01-23 15:40:00,Heat Exchanger,vibration,4.248512620315717,4.022832791489556,Warning,Drift
2025-01-23 15:40:00,Heat Exchanger,temperature,73.33326963854988,58.08404267265845,Warning,Drift
2025-01-23 15:40:00,Transfer Pump,temperature,74.87688869803137,71.96446774211343,Warning,Drift
2025-01-23 15:40:00,Transfer Pump,vibration,4.485980050477819,3.9421961648401727,Warning,Drift
2025-01-23 15:50:00,Transfer Pump,vibration,4.384088899753028,3.9421961648401727,Warning,Drift
2025-01-23 15:50:00,Heat Exchanger,temperature,72.57577065730098,58.08404267265845,Warning,Drift
2025-01-23 15:50:00,Heat Exchanger,vibration,4.407866761967781,4.022832791489556,Warning,Drift
2025-01-23 15:50:00,Transfer Pump,temperature,74.58878541035652,71.96446774211343,Warning,Drift
2025-01-23 16:00:00,Transfer Pump,temperature,74.52747419738395,71.96446774211343,Warning,Drift
2025-01-23 16:00:00,Heat Exchanger,temperature,71.90031889770195,58.08404267265845,Warning,Drift
2025-01-23 16:00:00,Heat Exchanger,vibration,4.357025033402742,4.022832791489556,Warning,Drift
2025-01-23 16:00:00,Transfer Pump,vibration,4.460178859798312,3.9421961648401727,Warning,Drift
2025-01-23 16:10:00,Heat Exchanger,vibration,4.15578912154926,4.022832791489556,Warning,Drift
2025-01-23 16:10:00,Transfer Pump,vibration,4.345189325688011,3.9421961648401727,Warning,Drift
2025-01-23 16:10:00,Transfer Pump,temperature,74.6999298800922,71.96446774211343,Warning,Drift
2025-01-23 16:10:00,Heat Exchanger,temperature,74.36597027159466,73.86863969930432,Warning,Drift
2025-01-23 16:20:00,Transfer Pump,vibration,4.309637380669479,3.9421961648401727,Warning,Drift
2025-01-23 16:20:00,Transfer Pump,temperature,73.9757024152139,71.96446774211343,Warning,Drift
2025-01-23 16:20:00,Heat Exchanger,temperature,73.8501887691547,58.08404267265845,Warning,Drift
2025-01-23 16:20:00,Heat Exchanger,vibration,4.164512209676624,4.022832791489556,Warning,Drift
2025-01-23 16:30:00,Transfer Pump,vibration,4.081541638928078,3.9421961648401727,Warning,Drift
2025-01-23 16:30:00,Transfer Pump,temperature,73.55455335096188,71.96446774211343,Warning,Drift
2025-01-23 16:30:00,Heat Exchanger,vibration,3.995716376958584,1.786686922550898,Warning,Drift
2025-01-23 16:30:00,Heat Exchanger,temperature,72.4463533036222,58.08404267265845,Warning,Drift
2025-01-23 16:40:00,Heat Exchanger,vibration,4.3478058036539045,4.022832791489556,Warning,Drift
2025-01-23 16:40:00,Heat Exchanger,temperature,73.37430550229575,58.08404267265845,Warning,Drift
2025-01-23 16:40:00,Transfer Pump,temperature,72.35330694516617,71.96446774211343,Warning,Drift
2025-01-23 16:40:00,Transfer Pump,vibration,4.326305599673583,3.9421961648401727,Warning,Drift
2025-01-23 16:50:00,Heat Exchanger,temperature,72.32319291566616,58.08404267265845,Warning,Drift
2025-01-23 16:50:00,Heat Exchanger,vibration,4.413712742422382,4.022832791489556,Warning,Drift
2025-01-23 16:50:00,Transfer Pump,temperature,73.5628745659417,71.96446774211343,Warning,Drift
2025-01-23 16:50:00,Transfer Pump,vibration,4.349914736423788,3.9421961648401727,Warning,Drift
2025-01-23 17:00:00,Heat Exchanger,vibration,4.18408935655075,4.022832791489556,Warning,Drift
2025-01-23 17:00:00,Transfer Pump,temperature,73.9889540260918,71.96446774211343,Warning,Drift
2025-01-23 17:00:00,Heat Exchanger,temperature,71.8650289422657,58.08404267265845,Warning,Drift
2025-01-23 17:00:00,Transfer Pump,vibration,4.624265900282939,3.9421961648401727,Warning,Drift
2025-01-23 17:10:00,Transfer Pump,vibration,4.3595170408003785,3.9421961648401727,Warning,Drift
2025-01-23 17:10:00,Heat Exchanger,vibration,3.792383993160792,1.786686922550898,Warning,Drift
2025-01-23 17:10:00,Heat Exchanger,temperature,71.68199108093715,58.08404267265845,Warning,Drift
2025-01-23 17:10:00,Transfer Pump,temperature,72.14189144460812,71.96446774211343,Warning,Drift
2025-01-23 17:20:00,Transfer Pump,temperature,72.69396768856535,71.96446774211343,Warning,Drift
2025-01-23 17:20:00,Heat Exchanger,temperature,71.87344402814065,58.08404267265845,Warning,Drift
2025-01-23 17:20:00,Transfer Pump,vibration,4.124365542982999,3.9421961648401727,Warning,Drift
2025-01-23 17:20:00,Heat Exchanger,vibration,4.189631299988674,4.022832791489556,Warning,Drift
2025-01-23 17:30:00,Heat Exchanger,vibration,4.347697715152171,4.022832791489556,Warning,Drift
2025-01-23 17:30:00,Transfer Pump,vibration,4.053594813946872,3.9421961648401727,Warning,Drift
2025-01-23 17:30:00,Transfer Pump,temperature,73.0710984915427,71.96446774211343,Warning,Drift
2025-01-23 17:40:00,Heat Exchanger,vibration,3.8299048918313,1.786686922550898,Warning,Drift
2025-01-23 17:40:00,Transfer Pump,vibration,4.265692235970702,3.9421961648401727,Warning,Drift
2025-01-23 17:40:00,Transfer Pump,temperature,73.79340995973604,71.96446774211343,Warning,Drift
2025-01-23 17:50:00,Heat Exchanger,vibration,4.164763122671263,4.022832791489556,Warning,Drift
2025-01-23 17:50:00,Transfer Pump,vibration,4.064704812296908,3.9421961648401727,Warning,Drift
2025-01-23 17:50:00,Transfer Pump,temperature,71.50879864085272,56.11255468087906,Warning,Drift
2025-01-23 18:00:00,Heat Exchanger,vibration,3.959908471427818,1.786686922550898,Warning,Drift
2025-01-23 18:00:00,Transfer Pump,temperature,72.92226199106754,71.96446774211343,Warning,Drift
2025-01-23 18:00:00,Transfer Pump,vibration,4.0776741705747135,3.9421961648401727,Warning,Drift
2025-01-23 18:10:00,Transfer Pump,vibration,4.026541908148069,3.9421961648401727,Warning,Drift
2025-01-23 18:10:00,Transfer Pump,temperature,71.85311650632556,56.11255468087906,Warning,Drift
2025-01-23 18:10:00,Heat Exchanger,vibration,4.198881471877548,4.022832791489556,Warning,Drift
2025-01-23 18:20:00,Heat Exchanger,vibration,3.7478671013077434,1.786686922550898,Warning,Drift
2025-01-23 18:20:00,Transfer Pump,temperature,71.45257661701656,56.11255468087906,Warning,Drift
2025-01-23 18:20:00,Transfer Pump,vibration,4.083300961976486,3.9421961648401727,Warning,Drift
2025-01-23 18:30:00,Transfer Pump,temperature,71.10979338180472,56.11255468087906,Warning,Drift
2025-01-23 18:30:00,Transfer Pump,vibration,3.9151609062984933,1.3763250384549288,Warning,Drift
2025-01-23 18:40:00,Transfer Pump,vibration,3.7470208506205,1.3763250384549288,Warning,Drift
2025-01-23 18:40:00,Transfer Pump,temperature,71.17335290507255,56.11255468087906,Warning,Drift
2025-01-23 18:40:00,Heat Exchanger,vibration,3.636854608351469,1.786686922550898,Warning,Drift
2025-01-23 18:50:00,Transfer Pump,temperature,71.95181594924503,56.11255468087906,Warning,Drift
2025-01-23 18:50:00,Heat Exchanger,vibration,3.96180912612384,1.786686922550898,Warning,Drift
2025-01-23 18:50:00,Transfer Pump,vibration,4.319805826772246,3.9421961648401727,Warning,Drift
2025-01-23 19:00:00,Transfer Pump,temperature,71.22649965447934,56.11255468087906,Warning,Drift
2025-01-23 19:00:00,Transfer Pump,vibration,4.031786917755708,3.9421961648401727,Warning,Drift
2025-01-23 19:00:00,Heat Exchanger,vibration,3.982048168152256,1.786686922550898,Warning,Drift
2025-01-23 19:10:00,Transfer Pump,temperature,71.83801689814263,56.11255468087906,Warning,Drift
2025-01-23 19:10:00,Transfer Pump,vibration,3.936380900936929,1.3763250384549288,Warning,Drift
2025-01-23 19:10:00,Heat Exchanger,vibration,3.926422995443145,1.786686922550898,Warning,Drift
2025-01-23 19:20:00,Transfer Pump,temperature,70.22906153399276,56.11255468087906,Warning,Drift
2025-01-23 19:20:00,Transfer Pump,vibration,4.192554448191551,3.9421961648401727,Warning,Drift
2025-01-23 19:20:00,Heat Exchanger,vibration,3.753955643406748,1.786686922550898,Warning,Drift
2025-01-23 19:30:00,Heat Exchanger,vibration,3.750260469676836,1.786686922550898,Warning,Drift
2025-01-23 19:30:00,Transfer Pump,temperature,71.5463306690607,56.11255468087906,Warning,Drift
2025-01-23 19:30:00,Transfer Pump,vibration,3.978167435735294,3.9421961648401727,Warning,Drift
2025-01-23 19:40:00,Transfer Pump,temperature,71.20050969681165,56.11255468087906,Warning,Drift
2025-01-23 19:40:00,Transfer Pump,vibration,3.8097210031578657,1.3763250384549288,Warning,Drift
2025-01-23 19:40:00,Heat Exchanger,vibration,3.753355797701704,1.786686922550898,Warning,Drift
2025-01-23 19:50:00,Heat Exchanger,vibration,3.6355238292558,1.786686922550898,Warning,Drift
2025-01-23 19:50:00,Transfer Pump,vibration,3.7074497476697776,1.3763250384549288,Warning,Drift
2025-01-23 19:50:00,Transfer Pump,temperature,69.51479547578381,56.11255468087906,Warning,Drift
2025-01-23 20:00:00,Heat Exchanger,vibration,3.5176918608098964,1.786686922550898,Warning,Drift
2025-01-23 20:00:00,Transfer Pump,temperature,71.79665325498418,56.11255468087906,Warning,Drift
2025-01-23 20:00:00,Transfer Pump,vibration,4.090180052550659,3.9421961648401727,Warning,Drift
2025-01-23 20:10:00,Transfer Pump,temperature,70.73755587007425,56.11255468087906,Warning,Drift
2025-01-23 20:10:00,Transfer Pump,vibration,4.085801252567741,3.9421961648401727,Warning,Drift
2025-01-23 20:10:00,Heat Exchanger,vibration,3.7019493184265735,1.786686922550898,Warning,Drift
2025-01-23 20:20:00,Transfer Pump,vibration,3.8592085423184272,1.3763250384549288,Warning,Drift
2025-01-23 20:20:00,Heat Exchanger,vibration,3.4827746159309925,1.786686922550898,Warning,Drift
2025-01-23 20:20:00,Transfer Pump,temperature,70.95552150060387,56.11255468087906,Warning,Drift
2025-01-23 20:30:00,Heat Exchanger,vibration,3.659166236976386,1.786686922550898,Warning,Drift
2025-01-23 20:40:00,Transfer Pump,temperature,70.42715497590683,56.11255468087906,Warning,Drift
2025-01-23 20:40:00,Transfer Pump,vibration,3.9105284789689696,1.3763250384549288,Warning,Drift
2025-01-23 20:40:00,Heat Exchanger,vibration,3.715824253284709,1.786686922550898,Warning,Drift
2025-01-23 20:50:00,Heat Exchanger,vibration,4.082574314628491,4.022832791489556,Warning,Spike
2025-01-23 20:50:00,Transfer Pump,vibration,4.129191952678487,3.9421961648401727,Warning,Drift
2025-01-23 20:50:00,Transfer Pump,temperature,69.89878845120978,56.11255468087906,Warning,Drift
2025-01-23 21:00:00,Transfer Pump,vibration,3.704475774757145,1.3763250384549288,Warning,Drift
2025-01-23 21:00:00,Transfer Pump,temperature,70.47400437256981,56.11255468087906,Warning,Drift
2025-01-23 21:10:00,Transfer Pump,vibration,3.6696952255098543,1.3763250384549288,Warning,Drift
2025-01-23 21:10:00,Transfer Pump,temperature,68.34475871203104,56.11255468087906,Warning,Drift
2025-01-23 21:20:00,Transfer Pump,vibration,3.7594897926005455,1.3763250384549288,Warning,Drift
2025-01-23 21:20:00,Transfer Pump,temperature,70.01163522070459,56.11255468087906,Warning,Drift
2025-01-23 21:30:00,Transfer Pump,vibration,3.7685694104381375,1.3763250384549288,Warning,Drift
2025-01-23 21:30:00,Transfer Pump,temperature,70.99154298180385,56.11255468087906,Warning,Drift
2025-01-23 21:40:00,Transfer Pump,vibration,4.036910548259449,3.9421961648401727,Warning,Drift
2025-01-23 21:50:00,Transfer Pump,vibration,3.872442272259072,1.3763250384549288,Warning,Drift
2025-01-23 22:00:00,Transfer Pump,vibration,3.673624885550228,1.3763250384549288,Warning,Drift
2025-01-23 22:10:00,Transfer Pump,vibration,3.803687062495376,1.3763250384549288,Warning,Drift
2025-01-23 22:20:00,Transfer Pump,vibration,3.716778841353429,1.3763250384549288,Warning,Drift
2025-01-23 22:30:00,Transfer Pump,vibration,3.642077749790518,1.3763250384549288,Warning,Drift
2025-01-23 22:40:00,Transfer Pump,vibration,3.766118136298095,1.3763250384549288,Warning,Drift
2025-01-23 22:50:00,Transfer Pump,vibration,3.740639938941392,1.3763250384549288,Warning,Drift
2025-01-23 23:00:00,Transfer Pump,vibration,3.6325112269327553,1.3763250384549288,Warning,Drift
2025-01-24 00:20:00,Transfer Pump,vibration,3.9482955735999816,3.9421961648401727,Warning,Spike
2025-01-24 00:40:00,Transfer Pump,vibration,4.030217803692048,3.9421961648401727,Warning,Spike
2025-01-24 01:40:00,Transfer Pump,vibration,4.144178570151304,3.9421961648401727,Warning,Spike
2025-01-24 02:00:00,Transfer Pump,vibration,3.944354301062254,3.9421961648401727,Warning,Spike
2025-01-24 02:30:00,Transfer Pump,vibration,4.005266506171745,3.9421961648401727,Warning,Spike
2025-01-24 03:10:00,Transfer Pump,vibration,3.9441284602916458,3.9421961648401727,Warning,Spike
2025-01-24 03:20:00,Heat Exchanger,vibration,4.13681794657921,4.022832791489556,Warning,Spike
2025-01-24 03:50:00,Transfer Pump,vibration,4.098037396249554,3.9421961648401727,Warning,Spike
2025-01-24 04:10:00,Transfer Pump,vibration,4.200094155538214,3.9421961648401727,Warning,Spike
2025-01-24 04:20:00,Transfer Pump,vibration,4.311614138862055,3.9421961648401727,Warning,Spike
2025-01-24 04:20:00,Transfer Pump,temperature,72.10183292504209,71.96446774211343,Warning,Spike
2025-01-24 04:30:00,Transfer Pump,vibration,4.062458936025044,3.9421961648401727,Warning,Spike
2025-01-24 04:40:00,Transfer Pump,temperature,72.21663707592246,71.96446774211343,Warning,Spike
2025-01-24 04:50:00,Transfer Pump,vibration,4.272671449019432,3.9421961648401727,Warning,Spike
2025-01-24 05:10:00,Transfer Pump,vibration,3.9758480401422,3.9421961648401727,Warning,Spike
2025-01-24 05:30:00,Transfer Pump,vibration,4.352132864064759,3.9421961648401727,Warning,Spike
2025-01-24 05:40:00,Transfer Pump,vibration,4.302088671956684,3.9421961648401727,Warning,Spike
2025-01-24 05:40:00,Heat Exchanger,vibration,4.07074466934213,4.022832791489556,Warning,Spike
2025-01-24 05:40:00,Transfer Pump,temperature,72.36004953928212,71.96446774211343,Warning,Spike
2025-01-24 05:50:00,Transfer Pump,temperature,73.0131988510429,71.96446774211343,Warning,Spike
2025-01-24 05:50:00,Transfer Pump,vibration,4.231331331122435,3.9421961648401727,Warning,Spike
2025-01-24 05:50:00,Heat Exchanger,vibration,4.127400993520561,4.022832791489556,Warning,Spike
2025-01-24 06:00:00,Heat Exchanger,vibration,4.036578090789528,4.022832791489556,Warning,Spike
2025-01-24 06:00:00,Transfer Pump,vibration,4.160573990288187,3.9421961648401727,Warning,Spike
2025-01-24 06:00:00,Transfer Pump,temperature,73.1123363115756,71.96446774211343,Warning,Spike
2025-01-24 06:10:00,Transfer Pump,vibration,4.112146529133794,3.9421961648401727,Warning,Spike
2025-01-24 06:10:00,Transfer Pump,temperature,73.67819475880741,71.96446774211343,Warning,Spike
2025-01-24 06:20:00,Transfer Pump,temperature,72.21673178376562,71.96446774211343,Warning,Spike
2025-01-24 06:20:00,Transfer Pump,vibration,4.186420836722459,3.9421961648401727,Warning,Spike
2025-01-24 06:30:00,Transfer Pump,vibration,4.061338047011664,3.9421961648401727,Warning,Spike
2025-01-24 06:30:00,Transfer Pump,temperature,73.1075427029789,71.96446774211343,Warning,Spike
2025-01-24 06:40:00,Heat Exchanger,vibration,4.3904695811672605,4.022832791489556,Warning,Spike
2025-01-24 06:40:00,Transfer Pump,vibration,4.578632333796653,3.9421961648401727,Warning,Drift
2025-01-24 06:40:00,Transfer Pump,temperature,72.43819013623082,71.96446774211343,Warning,Spike
2025-01-24 06:50:00,Transfer Pump,temperature,73.72399562866903,71.96446774211343,Warning,Spike
2025-01-24 06:50:00,Transfer Pump,vibration,4.949358596491724,3.9421961648401727,Warning,Drift
2025-01-24 06:50:00,Heat Exchanger,vibration,4.131414988801218,4.022832791489556,Warning,Spike
2025-01-24 07:00:00,Transfer Pump,temperature,74.98885410085447,71.96446774211343,Warning,Spike
2025-01-24 07:00:00,Transfer Pump,vibration,4.231182446678267,3.9421961648401727,Warning,Drift
2025-01-24 07:10:00,Transfer Pump,temperature,72.73942495640621,71.96446774211343,Warning,Spike
2025-01-24 07:10:00,Transfer Pump,vibration,4.487836597673738,3.9421961648401727,Warning,Drift
2025-01-24 07:20:00,Heat Exchanger,vibration,4.218353349696665,4.022832791489556,Warning,Spike
2025-01-24 07:20:00,Transfer Pump,temperature,74.39571978444793,71.96446774211343,Warning,Spike
2025-01-24 07:20:00,Transfer Pump,vibration,4.372587688578187,3.9421961648401727,Warning,Drift
2025-01-24 07:30:00,Heat Exchanger,vibration,4.246737904523233,4.022832791489556,Warning,Spike
2025-01-24 07:30:00,Transfer Pump,vibration,4.499220821634618,3.9421961648401727,Warning,Drift
2025-01-24 07:30:00,Transfer Pump,temperature,74.83142958057434,71.96446774211343,Warning,Spike
2025-01-24 07:40:00,Heat Exchanger,vibration,4.220273699035436,4.022832791489556,Warning,Spike
2025-01-24 07:40:00,Transfer Pump,vibration,4.629257314561393,3.9421961648401727,Warning,Drift
2025-01-24 07:40:00,Transfer Pump,temperature,73.4226204281515,71.96446774211343,Warning,Spike
2025-01-24 07:50:00,Transfer Pump,vibration,4.251197096232246,3.9421961648401727,Warning,Drift
2025-01-24 07:50:00,Heat Exchanger,vibration,4.452468386986813,4.022832791489556,Warning,Spike
2025-01-24 07:50:00,Transfer Pump,temperature,74.62733548002296,71.96446774211343,Warning,Spike
2025-01-24 08:00:00,Heat Exchanger,vibration,4.118569190970104,4.022832791489556,Warning,Spike
2025-01-24 08:10:00,Heat Exchanger,vibration,4.489967256522286,4.022832791489556,Warning,Spike
2025-01-24 08:10:00,Transfer Pump,temperature,74.45479647052703,71.96446774211343,Warning,Spike
2025-01-24 08:10:00,Transfer Pump,vibration,4.709186157878007,3.9421961648401727,Warning,Drift
2025-01-24 08:20:00,Transfer Pump,temperature,74.3687704549701,71.96446774211343,Warning,Spike
2025-01-24 08:20:00,Transfer Pump,vibration,4.601366344041982,3.9421961648401727,Warning,Drift
2025-01-24 08:20:00,Heat Exchanger,temperature,74.96028236104162,73.86863969930432,Warning,Spike
2025-01-24 08:20:00,Heat Exchanger,vibration,4.30960051414457,4.022832791489556,Warning,Spike
2025-01-24 08:30:00,Transfer Pump,temperature,74.6309730325018,71.96446774211343,Warning,Drift
2025-01-24 08:30:00,Transfer Pump,vibration,4.585360196744944,3.9421961648401727,Warning,Drift
2025-01-24 08:30:00,Heat Exchanger,temperature,75.2660077745376,73.86863969930432,Warning,Spike
2025-01-24 08:30:00,Heat Exchanger,vibration,4.498473266682165,4.022832791489556,Warning,Spike
2025-01-24 08:40:00,Transfer Pump,temperature,75.85890267721108,71.96446774211343,Warning,Drift
2025-01-24 08:40:00,Heat Exchanger,temperature,74.90036204846915,73.86863969930432,Warning,Spike
2025-01-24 08:40:00,Heat Exchanger,vibration,4.24678973327382,4.022832791489556,Warning,Spike
2025-01-24 08:40:00,Transfer Pump,vibration,4.634330849026595,3.9421961648401727,Warning,Drift
2025-01-24 08:50:00,Transfer Pump,temperature,74.99048892636927,71.96446774211343,Warning,Drift
2025-01-24 08:50:00,Transfer Pump,vibration,4.66760273175269,3.9421961648401727,Warning,Drift
2025-01-24 08:50:00,Heat Exchanger,vibration,4.515083729633404,4.022832791489556,Warning,Spike
2025-01-24 08:50:00,Heat Exchanger,temperature,74.43168964951805,73.86863969930432,Warning,Spike
2025-01-24 09:00:00,Transfer Pump,temperature,74.68728839246697,71.96446774211343,Warning,Drift
2025-01-24 09:00:00,Heat Exchanger,vibration,4.244814724468417,4.022832791489556,Warning,Drift
2025-01-24 09:00:00,Transfer Pump,vibration,4.781595466906627,3.9421961648401727,Warning,Drift
2025-01-24 09:00:00,Heat Exchanger,temperature,74.44282345790728,73.86863969930432,Warning,Spike
2025-01-24 09:10:00,Heat Exchanger,temperature,75.31346012411149,73.86863969930432,Warning,Spike
2025-01-24 09:10:00,Heat Exchanger,vibration,4.701040101840818,4.022832791489556,Warning,Drift
2025-01-24 09:10:00,Transfer Pump,vibration,4.723287389797148,3.9421961648401727,Warning,Drift
2025-01-24 09:10:00,Transfer Pump,temperature,75.33393261665431,71.96446774211343,Warning,Drift
2025-01-24 09:20:00,Transfer Pump,temperature,73.68622659855464,71.96446774211343,Warning,Drift
2025-01-24 09:20:00,Transfer Pump,vibration,4.592255864300732,3.9421961648401727,Warning,Drift
2025-01-24 09:20:00,Heat Exchanger,temperature,74.44865861026189,73.86863969930432,Warning,Spike
2025-01-24 09:20:00,Heat Exchanger,vibration,4.403934142796691,4.022832791489556,Warning,Drift
2025-01-24 09:30:00,Heat Exchanger,temperature,75.70325640501427,73.86863969930432,Warning,Spike
2025-01-24 09:30:00,Heat Exchanger,vibration,4.353942289954589,4.022832791489556,Warning,Drift
2025-01-24 09:30:00,Transfer Pump,temperature,74.83051148714347,71.96446774211343,Warning,Drift
2025-01-24 09:30:00,Transfer Pump,vibration,4.678055552172768,3.9421961648401727,Warning,Drift
2025-01-24 09:40:00,Heat Exchanger,temperature,73.97366456374394,73.86863969930432,Warning,Spike
2025-01-24 09:40:00,Heat Exchanger,vibration,4.2326964765778605,4.022832791489556,Warning,Drift
2025-01-24 09:40:00,Transfer Pump,temperature,76.57771061956652,71.96446774211343,Warning,Drift
2025-01-24 09:40:00,Transfer Pump,vibration,4.614814533921685,3.9421961648401727,Warning,Drift
2025-01-24 09:50:00,Heat Exchanger,temperature,75.6182123153118,73.86863969930432,Warning,Spike
2025-01-24 09:50:00,Transfer Pump,temperature,75.55191325319936,71.96446774211343,Warning,Drift
2025-01-24 09:50:00,Transfer Pump,vibration,4.504386950645559,3.9421961648401727,Warning,Drift
2025-01-24 09:50:00,Heat Exchanger,vibration,4.48608854386549,4.022832791489556,Warning,Drift
2025-01-24 10:00:00,Heat Exchanger,temperature,75.94457983891019,73.86863969930432,Warning,Spike
2025-01-24 10:00:00,Transfer Pump,temperature,75.36949503647347,71.96446774211343,Warning,Drift
2025-01-24 10:00:00,Transfer Pump,vibration,4.640418490339098,3.9421961648401727,Warning,Drift
2025-01-24 10:00:00,Heat Exchanger,vibration,4.440041199439263,4.022832791489556,Warning,Drift
2025-01-24 10:10:00,Transfer Pump,vibration,4.639502308846042,3.9421961648401727,Warning,Drift
2025-01-24 10:10:00,Transfer Pump,temperature,75.96826098471067,71.96446774211343,Warning,Drift
2025-01-24 10:10:00,Heat Exchanger,vibration,4.236436800371866,4.022832791489556,Warning,Drift
2025-01-24 10:10:00,Heat Exchanger,temperature,74.11580436279955,73.86863969930432,Warning,Spike
2025-01-24 10:20:00,Heat Exchanger,vibration,4.354117065961591,4.022832791489556,Warning,Drift
2025-01-24 10:20:00,Heat Exchanger,temperature,74.39495124812561,73.86863969930432,Warning,Spike
2025-01-24 10:20:00,Transfer Pump,vibration,4.363848618429695,3.9421961648401727,Warning,Drift
2025-01-24 10:20:00,Transfer Pump,temperature,76.49123431205985,71.96446774211343,Warning,Drift
2025-01-24 10:30:00,Heat Exchanger,temperature,75.09643899995714,73.86863969930432,Warning,Spike
2025-01-24 10:30:00,Transfer Pump,temperature,77.0309465078689,71.96446774211343,Warning,Drift
2025-01-24 10:30:00,Transfer Pump,vibration,4.817734082326048,3.9421961648401727,Warning,Drift
2025-01-24 10:30:00,Heat Exchanger,vibration,4.143679459502909,4.022832791489556,Warning,Drift
2025-01-24 10:40:00,Heat Exchanger,temperature,75.5301998444099,73.86863969930432,Warning,Spike
2025-01-24 10:40:00,Heat Exchanger,vibration,4.300073595781431,4.022832791489556,Warning,Drift
2025-01-24 10:40:00,Transfer Pump,vibration,4.856198432900144,3.9421961648401727,Warning,Drift
2025-01-24 10:40:00,Transfer Pump,temperature,75.66699216674725,71.96446774211343,Warning,Drift
2025-01-24 10:50:00,Transfer Pump,vibration,4.791224897666753,3.9421961648401727,Warning,Drift
2025-01-24 10:50:00,Transfer Pump,temperature,75.7389967008296,71.96446774211343,Warning,Drift
2025-01-24 11:00:00,Transfer Pump,vibration,4.858913669380194,3.9421961648401727,Warning,Drift
2025-01-24 11:00:00,Transfer Pump,temperature,76.36589597164031,71.96446774211343,Warning,Drift
2025-01-24 11:00:00,Heat Exchanger,vibration,4.580606600383854,4.022832791489556,Warning,Drift
2025-01-24 11:00:00,Heat Exchanger,temperature,75.36595625861526,73.86863969930432,Warning,Spike
2025-01-24 11:10:00,Transfer Pump,vibration,4.673502892138025,3.9421961648401727,Warning,Drift
2025-01-24 11:10:00,Transfer Pump,temperature,76.99279524245102,71.96446774211343,Warning,Drift
2025-01-24 11:10:00,Heat Exchanger,vibration,4.46421192598015,4.022832791489556,Warning,Drift
2025-01-24 11:20:00,Transfer Pump,temperature,76.24940492773034,71.96446774211343,Warning,Drift
2025-01-24 11:20:00,Transfer Pump,vibration,4.617296815488064,3.9421961648401727,Warning,Drift
2025-01-24 11:20:00,Heat Exchanger,temperature,75.97895990091435,73.86863969930432,Warning,Spike
2025-01-24 11:20:00,Heat Exchanger,vibration,4.539070142821101,4.022832791489556,Warning,Drift
2025-01-24 11:30:00,Transfer Pump,vibration,4.884453154289624,3.9421961648401727,Warning,Drift
2025-01-24 11:30:00,Transfer Pump,temperature,77.96421914125462,71.96446774211343,Warning,Drift
2025-01-24 11:40:00,Heat Exchanger,temperature,76.63230060707704,73.86863969930432,Warning,Spike
2025-01-24 11:40:00,Heat Exchanger,vibration,4.613928359662053,4.022832791489556,Warning,Drift
2025-01-24 11:40:00,Transfer Pump,temperature,76.12384713258756,71.96446774211343,Warning,Drift
2025-01-24 11:40:00,Transfer Pump,vibration,4.526039928108081,3.9421961648401727,Warning,Drift
2025-01-24 11:50:00,Transfer Pump,temperature,77.67794337258181,71.96446774211343,Warning,Drift
2025-01-24 11:50:00,Transfer Pump,vibration,4.521919089749162,3.9421961648401727,Warning,Drift
2025-01-24 11:50:00,Heat Exchanger,vibration,4.522305280950562,4.022832791489556,Warning,Drift
2025-01-24 11:50:00,Heat Exchanger,temperature,75.88884751570114,73.86863969930432,Warning,Drift
2025-01-24 12:00:00,Transfer Pump,vibration,4.800664970933207,3.9421961648401727,Warning,Drift
2025-01-24 12:00:00,Transfer Pump,temperature,75.56057559847319,71.96446774211343,Warning,Drift
2025-01-24 12:10:00,Transfer Pump,vibration,4.796142408629678,3.9421961648401727,Warning,Drift
2025-01-24 12:10:00,Transfer Pump,temperature,75.16430501157959,71.96446774211343,Warning,Drift
2025-01-24 12:10:00,Heat Exchanger,temperature,74.62704674240051,73.86863969930432,Warning,Drift
2025-01-24 12:10:00,Heat Exchanger,vibration,4.537298741810495,4.022832791489556,Warning,Drift
2025-01-24 12:20:00,Transfer Pump,temperature,76.18956610655476,71.96446774211343,Warning,Drift
2025-01-24 12:20:00,Heat Exchanger,temperature,74.78235081348183,73.86863969930432,Warning,Drift
2025-01-24 12:20:00,Heat Exchanger,vibration,4.42965761724815,4.022832791489556,Warning,Drift
2025-01-24 12:20:00,Transfer Pump,vibration,4.887367323482354,3.9421961648401727,Warning,Drift
2025-01-24 12:30:00,Transfer Pump,vibration,4.410770564595145,3.9421961648401727,Warning,Drift
2025-01-24 12:30:00,Transfer Pump,temperature,77.17010822588793,71.96446774211343,Warning,Drift
2025-01-24 12:40:00,Transfer Pump,temperature,75.8582991796401,71.96446774211343,Warning,Drift
2025-01-24 12:40:00,Heat Exchanger,temperature,74.72421826361565,73.86863969930432,Warning,Drift
2025-01-24 12:40:00,Heat Exchanger,vibration,4.346004605877548,4.022832791489556,Warning,Drift
2025-01-24 12:40:00,Transfer Pump,vibration,4.698903218845997,3.9421961648401727,Warning,Drift
2025-01-24 12:50:00,Transfer Pump,temperature,75.72137592766161,71.96446774211343,Warning,Drift
2025-01-24 12:50:00,Transfer Pump,vibration,4.51003386011486,3.9421961648401727,Warning,Drift
2025-01-24 13:00:00,Heat Exchanger,vibration,4.486360733013611,4.022832791489556,Warning,Drift
2025-01-24 13:00:00,Heat Exchanger,temperature,75.31406320313081,73.86863969930432,Warning,Drift
2025-01-24 13:00:00,Transfer Pump,vibration,4.863619580206497,3.9421961648401727,Warning,Drift
2025-01-24 13:00:00,Transfer Pump,temperature,77.00283548223703,71.96446774211343,Warning,Drift
2025-01-24 13:10:00,Transfer Pump,temperature,76.7086863393648,71.96446774211343,Warning,Drift
2025-01-24 13:10:00,Heat Exchanger,vibration,4.645636553762308,4.022832791489556,Warning,Drift
2025-01-24 13:10:00,Heat Exchanger,temperature,74.01660755648305,73.86863969930432,Warning,Drift
2025-01-24 13:10:00,Transfer Pump,vibration,4.945080789922988,3.9421961648401727,Warning,Drift
2025-01-24 13:20:00,Transfer Pump,temperature,75.4661031625019,71.96446774211343,Warning,Drift
2025-01-24 13:20:00,Transfer Pump,vibration,4.790337567854281,3.9421961648401727,Warning,Drift
2025-01-24 13:20:00,Heat Exchanger,temperature,74.46853569661374,73.86863969930432,Warning,Drift
2025-01-24 13:20:00,Heat Exchanger,vibration,4.784360911157163,4.022832791489556,Warning,Drift
2025-01-24 13:30:00,Heat Exchanger,temperature,75.38488845983565,73.86863969930432,Warning,Drift
2025-01-24 13:30:00,Transfer Pump,temperature,75.36849432376727,71.96446774211343,Warning,Drift
2025-01-24 13:30:00,Transfer Pump,vibration,4.59283317568446,3.9421961648401727,Warning,Drift
2025-01-24 13:30:00,Heat Exchanger,vibration,4.428046479964106,4.022832791489556,Warning,Drift
2025-01-24 13:40:00,Heat Exchanger,vibration,4.47507890773088,4.022832791489556,Warning,Drift
2025-01-24 13:40:00,Heat Exchanger,temperature,75.3661799262283,73.86863969930432,Warning,Drift
2025-01-24 13:50:00,Heat Exchanger,vibration,4.835072095160284,4.022832791489556,Warning,Drift
2025-01-24 13:50:00,Heat Exchanger,temperature,75.7816873974368,73.86863969930432,Warning,Drift
2025-01-24 13:50:00,Transfer Pump,temperature,74.62369422739516,71.96446774211343,Warning,Drift
2025-01-24 13:50:00,Transfer Pump,vibration,4.60419239407842,3.9421961648401727,Warning,Drift
2025-01-24 14:00:00,Transfer Pump,temperature,76.72387439275234,71.96446774211343,Warning,Drift
2025-01-24 14:00:00,Heat Exchanger,vibration,4.415137390323547,4.022832791489556,Warning,Drift
2025-01-24 14:00:00,Heat Exchanger,temperature,75.14463109524034,73.86863969930432,Warning,Drift
2025-01-24 14:00:00,Transfer Pump,vibration,4.518309041111985,3.9421961648401727,Warning,Drift
2025-01-24 14:10:00,Transfer Pump,vibration,4.631696077126979,3.9421961648401727,Warning,Drift
2025-01-24 14:10:00,Heat Exchanger,vibration,4.365504318609468,4.022832791489556,Warning,Drift
2025-01-24 14:10:00,Heat Exchanger,temperature,74.97053352799493,73.86863969930432,Warning,Drift
2025-01-24 14:10:00,Transfer Pump,temperature,76.33901364895004,71.96446774211343,Warning,Drift
2025-01-24 14:20:00,Transfer Pump,vibration,4.515129311514564,3.9421961648401727,Warning,Drift
2025-01-24 14:20:00,Heat Exchanger,vibration,4.444798796226371,4.022832791489556,Warning,Drift
2025-01-24 14:20:00,Heat Exchanger,temperature,75.37492089238334,73.86863969930432,Warning,Drift
2025-01-24 14:20:00,Transfer Pump,temperature,73.88049691288964,71.96446774211343,Warning,Drift
2025-01-24 14:30:00,Transfer Pump,temperature,75.63189964420275,71.96446774211343,Warning,Drift
2025-01-24 14:30:00,Transfer Pump,vibration,4.3908121633683095,3.9421961648401727,Warning,Drift
2025-01-24 14:30:00,Heat Exchanger,temperature,74.93158228958069,73.86863969930432,Warning,Drift
2025-01-24 14:30:00,Heat Exchanger,vibration,4.38112103088696,4.022832791489556,Warning,Drift
2025-01-24 14:40:00,Heat Exchanger,vibration,4.323969123922497,4.022832791489556,Warning,Drift
2025-01-24 14:40:00,Heat Exchanger,temperature,73.9104154305209,73.86863969930432,Warning,Drift
2025-01-24 14:40:00,Transfer Pump,vibration,4.696569689767003,3.9421961648401727,Warning,Drift
2025-01-24 14:40:00,Transfer Pump,temperature,73.94528324502659,71.96446774211343,Warning,Drift
2025-01-24 14:50:00,Transfer Pump,vibration,4.698349792056342,3.9421961648401727,Warning,Drift
2025-01-24 14:50:00,Transfer Pump,temperature,74.46813545685555,71.96446774211343,Warning,Drift
2025-01-24 15:00:00,Heat Exchanger,vibration,4.707995752628498,4.022832791489556,Warning,Drift
2025-01-24 15:00:00,Transfer Pump,temperature,74.92874692542762,71.96446774211343,Warning,Drift
2025-01-24 15:00:00,Heat Exchanger,temperature,75.83175998771424,73.86863969930432,Warning,Drift
2025-01-24 15:00:00,Transfer Pump,vibration,4.90909365016625,3.9421961648401727,Warning,Drift
2025-01-24 15:10:00,Transfer Pump,temperature,74.21109876413438,71.96446774211343,Warning,Drift
2025-01-24 15:10:00,Transfer Pump,vibration,4.511874051880215,3.9421961648401727,Warning,Drift
2025-01-24 15:20:00,Transfer Pump,vibration,4.235684252828802,3.9421961648401727,Warning,Drift
2025-01-24 15:20:00,Transfer Pump,temperature,76.88956313603605,71.96446774211343,Warning,Drift
2025-01-24 15:30:00,Heat Exchanger,temperature,73.35257972281771,58.08404267265845,Warning,Drift
2025-01-24 15:30:00,Heat Exchanger,vibration,4.551517358827543,4.022832791489556,Warning,Drift
2025-01-24 15:30:00,Transfer Pump,temperature,75.69170311108853,71.96446774211343,Warning,Drift
2025-01-24 15:30:00,Transfer Pump,vibration,4.708196899132761,3.9421961648401727,Warning,Drift
2025-01-24 15:40:00,Heat Exchanger,vibration,4.367514781769579,4.022832791489556,Warning,Drift
2025-01-24 15:40:00,Heat Exchanger,temperature,75.55967590609306,73.86863969930432,Warning,Drift
2025-01-24 15:40:00,Transfer Pump,vibration,4.71343885556386,3.9421961648401727,Warning,Drift
2025-01-24 15:40:00,Transfer Pump,temperature,75.97577431731466,71.96446774211343,Warning,Drift
2025-01-24 15:50:00,Transfer Pump,temperature,74.64713886697977,71.96446774211343,Warning,Drift
2025-01-24 15:50:00,Heat Exchanger,temperature,73.57368674983137,58.08404267265845,Warning,Drift
2025-01-24 15:50:00,Transfer Pump,vibration,4.73651178527756,3.9421961648401727,Warning,Drift
2025-01-24 15:50:00,Heat Exchanger,vibration,4.048627810041893,4.022832791489556,Warning,Drift
2025-01-24 16:00:00,Heat Exchanger,vibration,4.169692305971328,4.022832791489556,Warning,Drift
2025-01-24 16:00:00,Transfer Pump,vibration,4.779838380608873,3.9421961648401727,Warning,Drift
2025-01-24 16:00:00,Transfer Pump,temperature,74.65770725877653,71.96446774211343,Warning,Drift
2025-01-24 16:00:00,Heat Exchanger,temperature,74.13159277269419,73.86863969930432,Warning,Drift
2025-01-24 16:10:00,Heat Exchanger,vibration,4.254229373894978,4.022832791489556,Warning,Drift
2025-01-24 16:10:00,Transfer Pump,temperature,75.76854900246364,71.96446774211343,Warning,Drift
2025-01-24 16:10:00,Transfer Pump,vibration,4.766015740512309,3.9421961648401727,Warning,Drift
2025-01-24 16:10:00,Heat Exchanger,temperature,73.64580540506623,58.08404267265845,Warning,Drift
2025-01-24 16:20:00,Heat Exchanger,temperature,73.67829603151044,58.08404267265845,Warning,Drift
2025-01-24 16:20:00,Heat Exchanger,vibration,4.126747569318117,4.022832791489556,Warning,Drift
2025-01-24 16:20:00,Transfer Pump,temperature,74.71851094242598,71.96446774211343,Warning,Drift
2025-01-24 16:20:00,Transfer Pump,vibration,4.306025123840001,3.9421961648401727,Warning,Drift
2025-01-24 16:30:00,Transfer Pump,vibration,4.743361504433845,3.9421961648401727,Warning,Drift
2025-01-24 16:30:00,Transfer Pump,temperature,74.72606045443604,71.96446774211343,Warning,Drift
2025-01-24 16:40:00,Heat Exchanger,temperature,74.29440584258346,73.86863969930432,Warning,Drift
2025-01-24 16:40:00,Heat Exchanger,vibration,4.105351467256958,4.022832791489556,Warning,Drift
2025-01-24 16:40:00,Transfer Pump,vibration,4.388196042962487,3.9421961648401727,Warning,Drift
2025-01-24 16:40:00,Transfer Pump,temperature,73.36951572241385,71.96446774211343,Warning,Drift
2025-01-24 16:50:00,Heat Exchanger,temperature,72.96827861513805,58.08404267265845,Warning,Drift
2025-01-24 16:50:00,Heat Exchanger,vibration,4.21305853368052,4.022832791489556,Warning,Drift
2025-01-24 16:50:00,Transfer Pump,temperature,73.22572363270233,71.96446774211343,Warning,Drift
2025-01-24 16:50:00,Transfer Pump,vibration,4.423186651522087,3.9421961648401727,Warning,Drift
2025-01-24 17:00:00,Heat Exchanger,temperature,73.46373316481142,58.08404267265845,Warning,Drift
2025-01-24 17:00:00,Transfer Pump,temperature,74.02511531059501,71.96446774211343,Warning,Drift
2025-01-24 17:00:00,Transfer Pump,vibration,4.458177260081687,3.9421961648401727,Warning,Drift
2025-01-24 17:00:00,Heat Exchanger,vibration,4.516195769034167,4.022832791489556,Warning,Drift
2025-01-24 17:10:00,Transfer Pump,temperature,73.97084467410657,71.96446774211343,Warning,Drift
2025-01-24 17:10:00,Heat Exchanger,vibration,4.09064600411895,4.022832791489556,Warning,Drift
2025-01-24 17:10:00,Transfer Pump,vibration,4.218136320823058,3.9421961648401727,Warning,Drift
2025-01-24 17:10:00,Heat Exchanger,temperature,73.30244824823056,58.08404267265845,Warning,Drift
2025-01-24 17:20:00,Transfer Pump,temperature,72.72954016686643,71.96446774211343,Warning,Drift
2025-01-24 17:20:00,Transfer Pump,vibration,4.583672849158955,3.9421961648401727,Warning,Drift
2025-01-24 17:20:00,Heat Exchanger,vibration,4.311384819557371,4.022832791489556,Warning,Drift
2025-01-24 17:20:00,Heat Exchanger,temperature,72.59581389413452,58.08404267265845,Warning,Drift
2025-01-24 17:30:00,Transfer Pump,vibration,4.627902831935906,3.9421961648401727,Warning,Drift
2025-01-24 17:30:00,Transfer Pump,temperature,73.6675655790858,71.96446774211343,Warning,Drift
2025-01-24 17:30:00,Heat Exchanger,vibration,3.999064867012928,1.786686922550898,Warning,Drift
2025-01-24 17:30:00,Heat Exchanger,temperature,71.33380022101574,58.08404267265845,Warning,Drift
2025-01-24 17:40:00,Heat Exchanger,vibration,4.115840688580327,4.022832791489556,Warning,Drift
2025-01-24 17:40:00,Heat Exchanger,temperature,71.72818237279259,58.08404267265845,Warning,Drift
2025-01-24 17:40:00,Transfer Pump,vibration,4.672132814712857,3.9421961648401727,Warning,Drift
2025-01-24 17:40:00,Transfer Pump,temperature,72.25618164004446,71.96446774211343,Warning,Drift
2025-01-24 17:50:00,Heat Exchanger,temperature,72.81165753033285,58.08404267265845,Warning,Drift
2025-01-24 17:50:00,Transfer Pump,vibration,4.181411615222127,3.9421961648401727,Warning,Drift
2025-01-24 17:50:00,Transfer Pump,temperature,73.09671812666873,71.96446774211343,Warning,Drift
2025-01-24 17:50:00,Heat Exchanger,vibration,4.131322940606514,4.022832791489556,Warning,Drift
2025-01-24 18:00:00,Transfer Pump,vibration,4.119198794550796,3.9421961648401727,Warning,Drift
2025-01-24 18:00:00,Transfer Pump,temperature,71.78751016359426,56.11255468087906,Warning,Drift
2025-01-24 18:00:00,Heat Exchanger,temperature,72.3396832233458,58.08404267265845,Warning,Drift
2025-01-24 18:00:00,Heat Exchanger,vibration,4.406776807721134,4.022832791489556,Warning,Drift
2025-01-24 18:10:00,Transfer Pump,vibration,4.1618878992857,3.9421961648401727,Warning,Drift
2025-01-24 18:10:00,Heat Exchanger,vibration,3.619339372882285,1.786686922550898,Warning,Drift
2025-01-24 18:10:00,Transfer Pump,temperature,73.85173850365739,71.96446774211343,Warning,Drift
2025-01-24 18:10:00,Heat Exchanger,temperature,71.29339741068375,58.08404267265845,Warning,Drift
2025-01-24 18:20:00,Heat Exchanger,vibration,3.935216557670081,1.786686922550898,Warning,Drift
2025-01-24 18:20:00,Transfer Pump,temperature,72.39250498325315,71.96446774211343,Warning,Drift
2025-01-24 18:20:00,Transfer Pump,vibration,4.531582811827404,3.9421961648401727,Warning,Drift
2025-01-24 18:20:00,Heat Exchanger,temperature,71.83234801009459,58.08404267265845,Warning,Drift
2025-01-24 18:30:00,Transfer Pump,temperature,71.93934518628205,56.11255468087906,Warning,Drift
2025-01-24 18:30:00,Transfer Pump,vibration,3.961667224944086,3.9421961648401727,Warning,Drift
2025-01-24 18:40:00,Heat Exchanger,vibration,4.1193243198718985,4.022832791489556,Warning,Drift
2025-01-24 18:40:00,Heat Exchanger,temperature,71.96955236888063,58.08404267265845,Warning,Drift
2025-01-24 18:40:00,Transfer Pump,temperature,71.43119630727966,56.11255468087906,Warning,Drift
2025-01-24 18:40:00,Transfer Pump,vibration,4.389543617881705,3.9421961648401727,Warning,Drift
2025-01-24 18:50:00,Heat Exchanger,vibration,3.813817853198002,1.786686922550898,Warning,Drift
2025-01-24 18:50:00,Heat Exchanger,temperature,72.81412580492905,58.08404267265845,Warning,Drift
2025-01-24 18:50:00,Transfer Pump,temperature,71.20894250770256,56.11255468087906,Warning,Drift
2025-01-24 18:50:00,Transfer Pump,vibration,4.536593732080211,3.9421961648401727,Warning,Drift
2025-01-24 19:00:00,Transfer Pump,temperature,72.40784486642441,71.96446774211343,Warning,Drift
2025-01-24 19:00:00,Transfer Pump,vibration,4.158042719481322,3.9421961648401727,Warning,Drift
2025-01-24 19:00:00,Heat Exchanger,vibration,4.00055588258246,1.786686922550898,Warning,Drift
2025-01-24 19:10:00,Transfer Pump,vibration,4.099760174473728,3.9421961648401727,Warning,Drift
2025-01-24 19:10:00,Transfer Pump,temperature,72.7196684356657,71.96446774211343,Warning,Drift
2025-01-24 19:10:00,Heat Exchanger,vibration,3.991822331559974,1.786686922550898,Warning,Drift
2025-01-24 19:20:00,Heat Exchanger,vibration,4.236669920117195,4.022832791489556,Warning,Drift
2025-01-24 19:20:00,Transfer Pump,vibration,4.167138873703464,3.9421961648401727,Warning,Drift
2025-01-24 19:20:00,Transfer Pump,temperature,72.49952683691001,71.96446774211343,Warning,Drift
2025-01-24 19:30:00,Heat Exchanger,vibration,3.991875571500087,1.786686922550898,Warning,Drift
2025-01-24 19:30:00,Transfer Pump,vibration,3.9332588063114375,1.3763250384549288,Warning,Drift
2025-01-24 19:30:00,Transfer Pump,temperature,72.75600623673998,71.96446774211343,Warning,Drift
2025-01-24 19:40:00,Transfer Pump,vibration,4.594842677472425,3.9421961648401727,Warning,Drift
2025-01-24 19:40:00,Transfer Pump,temperature,72.90201933925185,71.96446774211343,Warning,Drift
2025-01-24 19:40:00,Heat Exchanger,vibration,3.911727982934649,1.786686922550898,Warning,Drift
2025-01-24 19:50:00,Transfer Pump,temperature,72.13737412372416,71.96446774211343,Warning,Drift
2025-01-24 19:50:00,Transfer Pump,vibration,4.221945668051527,3.9421961648401727,Warning,Drift
2025-01-24 19:50:00,Heat Exchanger,vibration,3.793841401902509,1.786686922550898,Warning,Drift
2025-01-24 20:00:00,Transfer Pump,vibration,3.8653071286240817,1.3763250384549288,Warning,Drift
2025-01-24 20:00:00,Transfer Pump,temperature,70.83935237965599,56.11255468087906,Warning,Drift
2025-01-24 20:00:00,Heat Exchanger,vibration,4.013539116417935,1.786686922550898,Warning,Drift
2025-01-24 20:10:00,Transfer Pump,vibration,3.9237547470967513,1.3763250384549288,Warning,Drift
2025-01-24 20:10:00,Transfer Pump,temperature,71.25121676427817,56.11255468087906,Warning,Drift
2025-01-24 20:10:00,Heat Exchanger,vibration,3.842379790074187,1.786686922550898,Warning,Drift
2025-01-24 20:20:00,Heat Exchanger,vibration,3.77080359441236,1.786686922550898,Warning,Drift
2025-01-24 20:20:00,Transfer Pump,vibration,4.085801352552434,3.9421961648401727,Warning,Drift
2025-01-24 20:20:00,Transfer Pump,temperature,69.18760460963443,56.11255468087906,Warning,Drift
2025-01-24 20:30:00,Transfer Pump,temperature,71.38460744202825,56.11255468087906,Warning,Drift
2025-01-24 20:30:00,Transfer Pump,vibration,3.8055611258843807,1.3763250384549288,Warning,Drift
2025-01-24 20:30:00,Heat Exchanger,vibration,3.681407688835456,1.786686922550898,Warning,Drift
2025-01-24 20:40:00,Heat Exchanger,vibration,3.8183147284065595,1.786686922550898,Warning,Drift
2025-01-24 20:40:00,Transfer Pump,temperature,70.87937799663396,56.11255468087906,Warning,Drift
2025-01-24 20:40:00,Transfer Pump,vibration,3.7533011122186,1.3763250384549288,Warning,Drift
2025-01-24 20:50:00,Transfer Pump,temperature,71.92585282117906,56.11255468087906,Warning,Drift
2025-01-24 20:50:00,Transfer Pump,vibration,4.06302932781592,3.9421961648401727,Warning,Drift
2025-01-24 20:50:00,Heat Exchanger,vibration,3.955221767977663,1.786686922550898,Warning,Drift
2025-01-24 21:00:00,Transfer Pump,temperature,69.9491888565466,56.11255468087906,Warning,Drift
2025-01-24 21:00:00,Transfer Pump,vibration,4.177881649599937,3.9421961648401727,Warning,Drift
2025-01-24 21:00:00,Heat Exchanger,vibration,3.723824653626944,1.786686922550898,Warning,Drift
2025-01-24 21:10:00,Heat Exchanger,vibration,3.809667883869297,1.786686922550898,Warning,Drift
2025-01-24 21:10:00,Transfer Pump,temperature,70.85520571726553,56.11255468087906,Warning,Drift
2025-01-24 21:10:00,Transfer Pump,vibration,4.148798485019573,3.9421961648401727,Warning,Drift
2025-01-24 21:20:00,Heat Exchanger,vibration,3.6911438412361863,1.786686922550898,Warning,Drift
2025-01-24 21:30:00,Transfer Pump,temperature,70.16752823623958,56.11255468087906,Warning,Drift
2025-01-24 21:30:00,Transfer Pump,vibration,3.911079303496846,1.3763250384549288,Warning,Drift
2025-01-24 21:30:00,Heat Exchanger,vibration,3.810644015796539,1.786686922550898,Warning,Drift
2025-01-24 21:40:00,Transfer Pump,vibration,3.959015547405365,3.9421961648401727,Warning,Drift
2025-01-24 21:40:00,Transfer Pump,temperature,68.86156069175219,56.11255468087906,Warning,Drift
2025-01-24 21:50:00,Transfer Pump,vibration,4.118223383027139,3.9421961648401727,Warning,Drift
2025-01-24 21:50:00,Transfer Pump,temperature,71.17428646140449,56.11255468087906,Warning,Drift
2025-01-24 22:00:00,Transfer Pump,vibration,3.704070325694291,1.3763250384549288,Warning,Drift
2025-01-24 22:00:00,Transfer Pump,temperature,70.37097412837667,56.11255468087906,Warning,Drift
2025-01-24 22:10:00,Transfer Pump,vibration,3.781743282807279,1.3763250384549288,Warning,Drift
2025-01-24 22:10:00,Transfer Pump,temperature,69.56766179534885,56.11255468087906,Warning,Drift
2025-01-24 22:20:00,Transfer Pump,vibration,3.845830287289544,1.3763250384549288,Warning,Drift
2025-01-24 22:40:00,Transfer Pump,vibration,3.8906668889020857,1.3763250384549288,Warning,Drift
2025-01-24 22:50:00,Transfer Pump,vibration,3.890511555284657,1.3763250384549288,Warning,Drift
2025-01-24 23:00:00,Transfer Pump,vibration,4.0116578261192855,3.9421961648401727,Warning,Drift
2025-01-24 23:10:00,Transfer Pump,vibration,3.5691932101376445,1.3763250384549288,Warning,Drift
2025-01-24 23:20:00,Transfer Pump,vibration,3.595243968365157,1.3763250384549288,Warning,Drift
2025-01-24 23:30:00,Transfer Pump,vibration,3.761614826058167,1.3763250384549288,Warning,Drift
2025-01-24 23:40:00,Transfer Pump,vibration,4.035491803257665,3.9421961648401727,Warning,Drift
2025-01-24 23:50:00,Transfer Pump,vibration,3.762244006760832,1.3763250384549288,Warning,Drift
2025-01-25 00:00:00,Transfer Pump,vibration,3.872605196930628,1.3763250384549288,Warning,Drift
2025-01-25 00:20:00,Transfer Pump,vibration,3.940276468508293,1.3763250384549288,Warning,Drift
2025-01-25 00:30:00,Transfer Pump,vibration,4.167973332577725,3.9421961648401727,Warning,Drift
2025-01-25 00:50:00,Transfer Pump,vibration,4.074376829092217,3.9421961648401727,Warning,Drift
2025-01-25 01:00:00,Transfer Pump,vibration,3.877510030828192,1.3763250384549288,Warning,Drift
2025-01-25 01:10:00,Transfer Pump,vibration,4.171891399402017,3.9421961648401727,Warning,Drift
2025-01-25 01:20:00,Transfer Pump,vibration,3.926694366521108,1.3763250384549288,Warning,Drift
2025-01-25 01:40:00,Transfer Pump,vibration,4.373004428475821,3.9421961648401727,Warning,Drift
2025-01-25 01:40:00,Heat Exchanger,vibration,4.051137728219403,4.022832791489556,Warning,Spike
2025-01-25 01:50:00,Transfer Pump,vibration,4.209326023531777,3.9421961648401727,Warning,Drift
2025-01-25 02:00:00,Transfer Pump,vibration,4.045647618587734,3.9421961648401727,Warning,Drift
2025-01-25 02:10:00,Transfer Pump,vibration,3.7689574794882335,1.3763250384549288,Warning,Drift
2025-01-25 02:20:00,Transfer Pump,vibration,4.368529747575604,3.9421961648401727,Warning,Drift
2025-01-25 02:30:00,Transfer Pump,vibration,3.842705292226445,1.3763250384549288,Warning,Drift
2025-01-25 02:30:00,Transfer Pump,temperature,72.15560072445592,71.96446774211343,Warning,Spike
2025-01-25 02:40:00,Transfer Pump,vibration,3.929268908113056,1.3763250384549288,Warning,Drift
2025-01-25 02:50:00,Heat Exchanger,vibration,4.054142157415977,4.022832791489556,Warning,Spike
2025-01-25 02:50:00,Transfer Pump,vibration,3.7371548430578905,1.3763250384549288,Warning,Drift
2025-01-25 03:00:00,Transfer Pump,vibration,4.09242593375105,3.9421961648401727,Warning,Drift
2025-01-25 03:10:00,Transfer Pump,vibration,3.991144971637607,3.9421961648401727,Warning,Drift
2025-01-25 03:20:00,Transfer Pump,vibration,3.779565288388157,1.3763250384549288,Warning,Drift
2025-01-25 03:30:00,Transfer Pump,vibration,4.061394589944119,3.9421961648401727,Warning,Drift
2025-01-25 03:40:00,Transfer Pump,vibration,4.107287029717056,3.9421961648401727,Warning,Drift
2025-01-25 03:50:00,Transfer Pump,vibration,4.062836161463218,3.9421961648401727,Warning,Drift
2025-01-25 04:00:00,Transfer Pump,vibration,3.7972401644177145,1.3763250384549288,Warning,Drift
2025-01-25 04:10:00,Heat Exchanger,vibration,4.094906542679672,4.022832791489556,Warning,Spike
2025-01-25 04:10:00,Transfer Pump,vibration,4.195389702678924,3.9421961648401727,Warning,Drift
2025-01-25 04:20:00,Transfer Pump,temperature,73.2845625476208,71.96446774211343,Warning,Spike
2025-01-25 04:20:00,Transfer Pump,vibration,3.933313195486927,1.3763250384549288,Warning,Drift
2025-01-25 04:30:00,Transfer Pump,temperature,72.43983351308529,71.96446774211343,Warning,Spike
2025-01-25 04:30:00,Transfer Pump,vibration,4.340351518324326,3.9421961648401727,Warning,Drift
2025-01-25 04:30:00,Heat Exchanger,vibration,4.030284421931508,4.022832791489556,Warning,Spike
2025-01-25 04:40:00,Transfer Pump,vibration,4.0994502911738415,3.9421961648401727,Warning,Drift
2025-01-25 04:40:00,Heat Exchanger,vibration,4.048808604253709,4.022832791489556,Warning,Spike
2025-01-25 04:50:00,Transfer Pump,vibration,4.385820457200495,3.9421961648401727,Warning,Drift
2025-01-25 05:00:00,Transfer Pump,vibration,4.2410663444681855,3.9421961648401727,Warning,Drift
2025-01-25 05:00:00,Transfer Pump,temperature,72.00865376387112,71.96446774211343,Warning,Spike
2025-01-25 05:10:00,Transfer Pump,temperature,74.13929798178081,71.96446774211343,Warning,Spike
2025-01-25 05:10:00,Transfer Pump,vibration,4.270206574739479,3.9421961648401727,Warning,Drift
2025-01-25 05:10:00,Heat Exchanger,vibration,4.092103083896626,4.022832791489556,Warning,Spike
2025-01-25 05:20:00,Transfer Pump,vibration,4.508258516832417,3.9421961648401727,Warning,Drift
2025-01-25 05:30:00,Heat Exchanger,vibration,4.478805068092331,4.022832791489556,Warning,Spike
2025-01-25 05:30:00,Transfer Pump,temperature,72.79070144227576,71.96446774211343,Warning,Spike
2025-01-25 05:30:00,Transfer Pump,vibration,4.152015401116252,3.9421961648401727,Warning,Drift
2025-01-25 05:40:00,Transfer Pump,temperature,73.32071746159089,71.96446774211343,Warning,Spike
2025-01-25 05:40:00,Heat Exchanger,vibration,4.037206365411017,4.022832791489556,Warning,Spike
2025-01-25 05:40:00,Transfer Pump,vibration,4.121873941137096,3.9421961648401727,Warning,Drift
2025-01-25 05:50:00,Transfer Pump,temperature,74.07770923263226,71.96446774211343,Warning,Spike
2025-01-25 05:50:00,Heat Exchanger,vibration,4.090440085700433,4.022832791489556,Warning,Spike
2025-01-25 05:50:00,Transfer Pump,vibration,4.43956425546939,3.9421961648401727,Warning,Drift
2025-01-25 06:00:00,Transfer Pump,vibration,4.123471208231902,3.9421961648401727,Warning,Drift
2025-01-25 06:00:00,Transfer Pump,temperature,72.99636336118976,71.96446774211343,Warning,Spike
2025-01-25 06:00:00,Heat Exchanger,vibration,4.313833728683274,4.022832791489556,Warning,Spike
2025-01-25 06:10:00,Transfer Pump,temperature,72.64954118939598,71.96446774211343,Warning,Spike
2025-01-25 06:10:00,Transfer Pump,vibration,4.236681887562049,3.9421961648401727,Warning,Drift
2025-01-25 06:10:00,Heat Exchanger,vibration,4.171182204879325,4.022832791489556,Warning,Spike
2025-01-25 06:20:00,Heat Exchanger,vibration,4.147044304725018,4.022832791489556,Warning,Spike
2025-01-25 06:20:00,Transfer Pump,temperature,73.80817345536829,71.96446774211343,Warning,Spike
2025-01-25 06:20:00,Transfer Pump,vibration,4.116637660487072,3.9421961648401727,Warning,Drift
2025-01-25 06:30:00,Transfer Pump,temperature,74.78461432421716,71.96446774211343,Warning,Spike
2025-01-25 06:30:00,Transfer Pump,vibration,4.628564847698511,3.9421961648401727,Warning,Drift
2025-01-25 06:40:00,Transfer Pump,temperature,73.6700175351821,71.96446774211343,Warning,Spike
2025-01-25 06:40:00,Transfer Pump,vibration,4.260993499660918,3.9421961648401727,Warning,Drift
2025-01-25 06:50:00,Heat Exchanger,vibration,4.184557391976899,4.022832791489556,Warning,Spike
2025-01-25 06:50:00,Transfer Pump,temperature,73.37107384470004,71.96446774211343,Warning,Spike
2025-01-25 06:50:00,Transfer Pump,vibration,4.343794205265429,3.9421961648401727,Warning,Drift
2025-01-25 07:00:00,Transfer Pump,vibration,4.387784656633279,3.9421961648401727,Warning,Drift
2025-01-25 07:00:00,Transfer Pump,temperature,74.28361549457946,71.96446774211343,Warning,Spike
2025-01-25 07:00:00,Heat Exchanger,vibration,4.67756739719232,4.022832791489556,Warning,Spike
2025-01-25 07:10:00,Heat Exchanger,vibration,4.285687768855329,4.022832791489556,Warning,Spike
2025-01-25 07:10:00,Transfer Pump,vibration,4.431775108001129,3.9421961648401727,Warning,Drift
2025-01-25 07:10:00,Transfer Pump,temperature,73.04769785197931,71.96446774211343,Warning,Spike
2025-01-25 07:20:00,Heat Exchanger,temperature,73.9053922697012,73.86863969930432,Warning,Spike
2025-01-25 07:30:00,Transfer Pump,temperature,75.58493755983164,71.96446774211343,Warning,Drift
2025-01-25 07:30:00,Heat Exchanger,vibration,4.532300921512613,4.022832791489556,Warning,Spike
2025-01-25 07:30:00,Transfer Pump,vibration,4.688383414722951,3.9421961648401727,Warning,Drift
2025-01-25 07:40:00,Transfer Pump,temperature,75.48668026667706,71.96446774211343,Warning,Drift
2025-01-25 07:40:00,Transfer Pump,vibration,4.320559413169189,3.9421961648401727,Warning,Drift
2025-01-25 07:50:00,Transfer Pump,temperature,74.81318150498726,71.96446774211343,Warning,Drift
2025-01-25 07:50:00,Transfer Pump,vibration,4.468787594696775,3.9421961648401727,Warning,Drift
2025-01-25 07:50:00,Heat Exchanger,vibration,4.417712567987506,4.022832791489556,Warning,Spike
2025-01-25 08:00:00,Transfer Pump,temperature,76.39413018115832,71.96446774211343,Warning,Drift
2025-01-25 08:00:00,Transfer Pump,vibration,4.851092924159597,3.9421961648401727,Warning,Drift
2025-01-25 08:00:00,Heat Exchanger,vibration,4.669545081188731,4.022832791489556,Warning,Spike
2025-01-25 08:00:00,Heat Exchanger,temperature,74.32914924239277,73.86863969930432,Warning,Spike
2025-01-25 08:10:00,Transfer Pump,temperature,76.72962907909663,71.96446774211343,Warning,Drift
2025-01-25 08:10:00,Transfer Pump,vibration,4.800008921979199,3.9421961648401727,Warning,Drift
2025-01-25 08:10:00,Heat Exchanger,temperature,75.627969551308,73.86863969930432,Warning,Spike
2025-01-25 08:10:00,Heat Exchanger,vibration,4.378734853288133,4.022832791489556,Warning,Drift
2025-01-25 08:20:00,Heat Exchanger,vibration,4.414662663016468,4.022832791489556,Warning,Drift
2025-01-25 08:20:00,Transfer Pump,temperature,75.50814267071814,71.96446774211343,Warning,Drift
2025-01-25 08:20:00,Transfer Pump,vibration,4.507771113390128,3.9421961648401727,Warning,Drift
2025-01-25 08:30:00,Transfer Pump,vibration,4.637537478695669,3.9421961648401727,Warning,Drift
2025-01-25 08:30:00,Transfer Pump,temperature,74.28665626233965,71.96446774211343,Warning,Drift
2025-01-25 08:30:00,Heat Exchanger,vibration,4.636451562110829,4.022832791489556,Warning,Drift
2025-01-25 08:40:00,Transfer Pump,vibration,5.016834100767749,3.9421961648401727,Warning,Drift
2025-01-25 08:40:00,Transfer Pump,temperature,74.08054949182751,71.96446774211343,Warning,Drift
2025-01-25 08:50:00,Heat Exchanger,vibration,4.475304410332243,4.022832791489556,Warning,Drift
2025-01-25 08:50:00,Heat Exchanger,temperature,74.14226998198883,73.86863969930432,Warning,Spike
2025-01-25 08:50:00,Transfer Pump,temperature,76.81059396931595,71.96446774211343,Warning,Drift
2025-01-25 08:50:00,Transfer Pump,vibration,4.463265451486064,3.9421961648401727,Warning,Drift
2025-01-25 09:00:00,Heat Exchanger,vibration,4.8791425313330326,4.022832791489556,Warning,Drift
2025-01-25 09:00:00,Heat Exchanger,temperature,76.13328483629628,73.86863969930432,Warning,Spike
2025-01-25 09:10:00,Heat Exchanger,temperature,76.06405133304105,73.86863969930432,Warning,Spike
2025-01-25 09:10:00,Heat Exchanger,vibration,4.629998114848565,4.022832791489556,Warning,Drift
2025-01-25 09:10:00,Transfer Pump,temperature,77.23717791040345,71.96446774211343,Warning,Drift
2025-01-25 09:10:00,Transfer Pump,vibration,4.611111153262613,3.9421961648401727,Warning,Drift
2025-01-25 09:20:00,Transfer Pump,temperature,74.9629871354578,71.96446774211343,Warning,Drift
2025-01-25 09:20:00,Heat Exchanger,temperature,75.60965159833667,73.86863969930432,Warning,Spike
2025-01-25 09:20:00,Transfer Pump,vibration,4.706378645944024,3.9421961648401727,Warning,Drift
2025-01-25 09:20:00,Heat Exchanger,vibration,4.380853698364096,4.022832791489556,Warning,Drift
2025-01-25 09:30:00,Transfer Pump,vibration,4.590113821158496,3.9421961648401727,Warning,Drift
2025-01-25 09:30:00,Transfer Pump,temperature,76.00508016711053,71.96446774211343,Warning,Drift
2025-01-25 09:30:00,Heat Exchanger,vibration,4.470527945499651,4.022832791489556,Warning,Drift
2025-01-25 09:30:00,Heat Exchanger,temperature,76.24652665914232,73.86863969930432,Warning,Spike
2025-01-25 09:40:00,Transfer Pump,vibration,4.922795541278351,3.9421961648401727,Warning,Drift
2025-01-25 09:40:00,Transfer Pump,temperature,77.0521901827299,71.96446774211343,Warning,Drift
2025-01-25 09:40:00,Heat Exchanger,temperature,73.9035093890092,73.86863969930432,Warning,Spike
2025-01-25 09:40:00,Heat Exchanger,vibration,4.75913592750774,4.022832791489556,Warning,Drift
2025-01-25 09:50:00,Heat Exchanger,temperature,74.37604478943464,73.86863969930432,Warning,Spike
2025-01-25 09:50:00,Heat Exchanger,vibration,4.622225216082233,4.022832791489556,Warning,Drift
2025-01-25 09:50:00,Transfer Pump,temperature,75.73435951479873,71.96446774211343,Warning,Drift
2025-01-25 09:50:00,Transfer Pump,vibration,4.796610841488137,3.9421961648401727,Warning,Drift
2025-01-25 10:00:00,Heat Exchanger,temperature,75.76879621619236,73.86863969930432,Warning,Spike
2025-01-25 10:00:00,Heat Exchanger,vibration,4.482522152720866,4.022832791489556,Warning,Drift
2025-01-25 10:00:00,Transfer Pump,temperature,77.21375029430489,71.96446774211343,Warning,Drift
2025-01-25 10:00:00,Transfer Pump,vibration,4.660914433469388,3.9421961648401727,Warning,Drift
2025-01-25 10:10:00,Transfer Pump,temperature,76.38166151652253,71.96446774211343,Warning,Drift
2025-01-25 10:10:00,Transfer Pump,vibration,4.682970550356013,3.9421961648401727,Warning,Drift
2025-01-25 10:20:00,Transfer Pump,temperature,76.57438701084652,71.96446774211343,Warning,Drift
2025-01-25 10:20:00,Heat Exchanger,temperature,75.06313388365749,73.86863969930432,Warning,Spike
2025-01-25 10:20:00,Transfer Pump,vibration,4.65516255002172,3.9421961648401727,Warning,Drift
2025-01-25 10:20:00,Heat Exchanger,vibration,4.342819089359498,4.022832791489556,Warning,Drift
2025-01-25 10:30:00,Heat Exchanger,temperature,76.40339207652187,73.86863969930432,Warning,Spike
2025-01-25 10:30:00,Transfer Pump,temperature,75.67104704649792,71.96446774211343,Warning,Drift
2025-01-25 10:30:00,Transfer Pump,vibration,4.947597888207805,3.9421961648401727,Warning,Drift
2025-01-25 10:30:00,Heat Exchanger,vibration,4.713348470727566,4.022832791489556,Warning,Drift
2025-01-25 10:40:00,Transfer Pump,vibration,4.721138895336227,3.9421961648401727,Warning,Drift
2025-01-25 10:40:00,Heat Exchanger,temperature,76.02270596005604,73.86863969930432,Warning,Spike
2025-01-25 10:40:00,Heat Exchanger,vibration,4.5583242166953175,4.022832791489556,Warning,Drift
2025-01-25 10:40:00,Transfer Pump,temperature,76.87892189272559,71.96446774211343,Warning,Drift
2025-01-25 10:50:00,Heat Exchanger,temperature,76.70957899487502,73.86863969930432,Warning,Spike
2025-01-25 10:50:00,Heat Exchanger,vibration,4.818182302595421,4.022832791489556,Warning,Drift
2025-01-25 10:50:00,Transfer Pump,temperature,78.48564385120807,71.96446774211343,Warning,Drift
2025-01-25 10:50:00,Transfer Pump,vibration,4.598615408235384,3.9421961648401727,Warning,Drift
2025-01-25 11:00:00,Heat Exchanger,vibration,4.383920208497516,4.022832791489556,Warning,Drift
2025-01-25 11:00:00,Transfer Pump,vibration,4.992808870322601,3.9421961648401727,Warning,Drift
2025-01-25 11:00:00,Transfer Pump,temperature,77.08907450291733,71.96446774211343,Warning,Drift
2025-01-25 11:00:00,Heat Exchanger,temperature,75.6196786771288,73.86863969930432,Warning,Spike
2025-01-25 11:10:00,Transfer Pump,vibration,4.775414089554463,3.9421961648401727,Warning,Drift
2025-01-25 11:10:00,Transfer Pump,temperature,76.18608716136404,71.96446774211343,Warning,Drift
2025-01-25 11:10:00,Heat Exchanger,vibration,4.724386221054219,4.022832791489556,Warning,Drift
2025-01-25 11:10:00,Heat Exchanger,temperature,75.9446925778461,73.86863969930432,Warning,Drift
2025-01-25 11:20:00,Transfer Pump,vibration,4.585048181959805,3.9421961648401727,Warning,Drift
2025-01-25 11:20:00,Transfer Pump,temperature,77.97020484404962,71.96446774211343,Warning,Drift
2025-01-25 11:20:00,Heat Exchanger,vibration,4.644550564334726,4.022832791489556,Warning,Drift
2025-01-25 11:20:00,Heat Exchanger,temperature,77.22367375865662,73.86863969930432,Warning,Drift
2025-01-25 11:30:00,Transfer Pump,temperature,76.27225812646732,71.96446774211343,Warning,Drift
2025-01-25 11:30:00,Heat Exchanger,temperature,74.99282259990834,73.86863969930432,Warning,Drift
2025-01-25 11:30:00,Heat Exchanger,vibration,4.545606865203577,4.022832791489556,Warning,Drift
2025-01-25 11:30:00,Transfer Pump,vibration,5.141958097194111,3.9421961648401727,Warning,Drift
2025-01-25 11:40:00,Transfer Pump,temperature,78.27953625685429,71.96446774211343,Warning,Drift
2025-01-25 11:40:00,Transfer Pump,vibration,4.946519396068142,3.9421961648401727,Warning,Drift
2025-01-25 11:40:00,Heat Exchanger,vibration,4.561674556680275,4.022832791489556,Warning,Drift
2025-01-25 11:40:00,Heat Exchanger,temperature,75.97155876233872,73.86863969930432,Warning,Drift
2025-01-25 11:50:00,Heat Exchanger,vibration,4.679732142295899,4.022832791489556,Warning,Drift
2025-01-25 11:50:00,Heat Exchanger,temperature,75.35530404730716,73.86863969930432,Warning,Drift
2025-01-25 11:50:00,Transfer Pump,temperature,75.8971875839419,71.96446774211343,Warning,Drift
2025-01-25 11:50:00,Transfer Pump,vibration,4.847063197550293,3.9421961648401727,Warning,Drift
2025-01-25 12:00:00,Heat Exchanger,temperature,77.41889000410826,73.86863969930432,Warning,Drift
2025-01-25 12:00:00,Transfer Pump,temperature,77.14316672583303,71.96446774211343,Warning,Drift
2025-01-25 12:00:00,Transfer Pump,vibration,4.801867710003022,3.9421961648401727,Warning,Drift
2025-01-25 12:00:00,Heat Exchanger,vibration,4.656827079145495,4.022832791489556,Warning,Drift
2025-01-25 12:10:00,Heat Exchanger,vibration,4.502444677639941,4.022832791489556,Warning,Drift
2025-01-25 12:10:00,Transfer Pump,temperature,78.14723266097431,71.96446774211343,Warning,Drift
2025-01-25 12:10:00,Transfer Pump,vibration,4.789943885723505,3.9421961648401727,Warning,Drift
2025-01-25 12:10:00,Heat Exchanger,temperature,77.988112472244,73.86863969930432,Warning,Drift
2025-01-25 12:20:00,Heat Exchanger,vibration,4.755332877705182,4.022832791489556,Warning,Drift
2025-01-25 12:20:00,Heat Exchanger,temperature,76.22575737256089,73.86863969930432,Warning,Drift
2025-01-25 12:20:00,Transfer Pump,vibration,4.789675417754868,3.9421961648401727,Warning,Drift
2025-01-25 12:20:00,Transfer Pump,temperature,77.56117970458438,71.96446774211343,Warning,Drift
2025-01-25 12:30:00,Heat Exchanger,temperature,76.43969622376142,73.86863969930432,Warning,Drift
2025-01-25 12:30:00,Transfer Pump,vibration,4.789406949786231,3.9421961648401727,Warning,Drift
2025-01-25 12:30:00,Transfer Pump,temperature,76.97512674819444,71.96446774211343,Warning,Drift
2025-01-25 12:30:00,Heat Exchanger,vibration,4.878165642785029,4.022832791489556,Warning,Drift
2025-01-25 12:40:00,Heat Exchanger,temperature,75.94371791146006,73.86863969930432,Warning,Drift
2025-01-25 12:40:00,Heat Exchanger,vibration,4.615233055771856,4.022832791489556,Warning,Drift
2025-01-25 12:40:00,Transfer Pump,vibration,4.7303498691768056,3.9421961648401727,Warning,Drift
2025-01-25 12:40:00,Transfer Pump,temperature,77.81571408498152,71.96446774211343,Warning,Drift
2025-01-25 12:50:00,Heat Exchanger,temperature,75.88736336249136,73.86863969930432,Warning,Drift
2025-01-25 12:50:00,Heat Exchanger,vibration,4.760874358714717,4.022832791489556,Warning,Drift
2025-01-25 12:50:00,Transfer Pump,vibration,4.814896909995602,3.9421961648401727,Warning,Drift
2025-01-25 12:50:00,Transfer Pump,temperature,75.06018869149885,71.96446774211343,Warning,Drift
2025-01-25 13:00:00,Transfer Pump,vibration,4.719960547178387,3.9421961648401727,Warning,Drift
2025-01-25 13:00:00,Transfer Pump,temperature,75.89222702430308,71.96446774211343,Warning,Drift
2025-01-25 13:10:00,Heat Exchanger,temperature,74.85172742858913,73.86863969930432,Warning,Drift
2025-01-25 13:10:00,Heat Exchanger,vibration,5.081594590067581,4.022832791489556,Warning,Drift
2025-01-25 13:10:00,Transfer Pump,temperature,76.72426535710731,71.96446774211343,Warning,Drift
2025-01-25 13:10:00,Transfer Pump,vibration,4.865227732675058,3.9421961648401727,Warning,Drift
2025-01-25 13:20:00,Heat Exchanger,vibration,4.6448050040060265,4.022832791489556,Warning,Drift
2025-01-25 13:20:00,Transfer Pump,temperature,77.90359860671174,71.96446774211343,Warning,Drift
2025-01-25 13:20:00,Heat Exchanger,temperature,76.41438195311639,73.86863969930432,Warning,Drift
2025-01-25 13:20:00,Transfer Pump,vibration,4.815302472126345,3.9421961648401727,Warning,Drift
2025-01-25 13:30:00,Heat Exchanger,temperature,75.04684698851905,73.86863969930432,Warning,Drift
2025-01-25 13:30:00,Heat Exchanger,vibration,4.762315395059414,4.022832791489556,Warning,Drift
2025-01-25 13:30:00,Transfer Pump,temperature,76.03720553535243,71.96446774211343,Warning,Drift
2025-01-25 13:30:00,Transfer Pump,vibration,4.687160390477828,3.9421961648401727,Warning,Drift
2025-01-25 13:40:00,Transfer Pump,temperature,75.5327954533639,71.96446774211343,Warning,Drift
2025-01-25 13:40:00,Heat Exchanger,vibration,4.839126615107401,4.022832791489556,Warning,Drift
2025-01-25 13:40:00,Heat Exchanger,temperature,75.49489987755663,73.86863969930432,Warning,Drift
2025-01-25 13:40:00,Transfer Pump,vibration,4.7905441098279935,3.9421961648401727,Warning,Drift
2025-01-25 13:50:00,Heat Exchanger,vibration,4.505850924091565,4.022832791489556,Warning,Drift
2025-01-25 13:50:00,Heat Exchanger,temperature,75.74132580464764,73.86863969930432,Warning,Drift
2025-01-25 13:50:00,Transfer Pump,temperature,76.14476149795783,71.96446774211343,Warning,Drift
2025-01-25 13:50:00,Transfer Pump,vibration,4.896050608757746,3.9421961648401727,Warning,Drift
2025-01-25 14:00:00,Transfer Pump,temperature,76.05912240422084,71.96446774211343,Warning,Drift
2025-01-25 14:00:00,Heat Exchanger,vibration,4.739707334879672,4.022832791489556,Warning,Drift
2025-01-25 14:00:00,Heat Exchanger,temperature,75.03595296057343,73.86863969930432,Warning,Drift
2025-01-25 14:00:00,Transfer Pump,vibration,4.383556929999995,3.9421961648401727,Warning,Drift
2025-01-25 14:10:00,Transfer Pump,temperature,76.27036183472781,71.96446774211343,Warning,Drift
2025-01-25 14:10:00,Heat Exchanger,vibration,4.75853753981993,4.022832791489556,Warning,Drift
2025-01-25 14:10:00,Heat Exchanger,temperature,76.0490075100662,73.86863969930432,Warning,Drift
2025-01-25 14:10:00,Transfer Pump,vibration,4.884435179350808,3.9421961648401727,Warning,Drift
2025-01-25 14:20:00,Transfer Pump,vibration,4.549536637680545,3.9421961648401727,Warning,Drift
2025-01-25 14:20:00,Transfer Pump,temperature,75.98036283181567,71.96446774211343,Warning,Drift
2025-01-25 14:20:00,Heat Exchanger,vibration,4.6706468613496375,4.022832791489556,Warning,Drift
2025-01-25 14:20:00,Heat Exchanger,temperature,75.10995647606995,73.86863969930432,Warning,Drift
2025-01-25 14:30:00,Heat Exchanger,vibration,4.719906787740587,4.022832791489556,Warning,Drift
2025-01-25 14:30:00,Heat Exchanger,temperature,76.25679188483105,73.86863969930432,Warning,Drift
2025-01-25 14:30:00,Transfer Pump,vibration,4.676909977468017,3.9421961648401727,Warning,Drift
2025-01-25 14:30:00,Transfer Pump,temperature,74.6631261653414,71.96446774211343,Warning,Drift
2025-01-25 14:40:00,Heat Exchanger,vibration,4.454446600478201,4.022832791489556,Warning,Drift
2025-01-25 14:40:00,Transfer Pump,vibration,4.23871051803353,3.9421961648401727,Warning,Drift
2025-01-25 14:40:00,Transfer Pump,temperature,76.10241267753615,71.96446774211343,Warning,Drift
2025-01-25 14:40:00,Heat Exchanger,temperature,74.61613250471238,73.86863969930432,Warning,Drift
2025-01-25 14:50:00,Heat Exchanger,vibration,4.9455444507268345,4.022832791489556,Warning,Drift
2025-01-25 14:50:00,Heat Exchanger,temperature,75.08324667557793,73.86863969930432,Warning,Drift
2025-01-25 14:50:00,Transfer Pump,vibration,4.837760576132954,3.9421961648401727,Warning,Drift
2025-01-25 14:50:00,Transfer Pump,temperature,76.26764415756625,71.96446774211343,Warning,Drift
2025-01-25 15:00:00,Heat Exchanger,temperature,74.25799554148942,73.86863969930432,Warning,Drift
2025-01-25 15:00:00,Transfer Pump,vibration,4.589955569644853,3.9421961648401727,Warning,Drift
2025-01-25 15:00:00,Transfer Pump,temperature,75.82652978018575,71.96446774211343,Warning,Drift
2025-01-25 15:00:00,Heat Exchanger,vibration,4.114605599974466,4.022832791489556,Warning,Drift
2025-01-25 15:10:00,Heat Exchanger,temperature,75.7955137458502,73.86863969930432,Warning,Drift
2025-01-25 15:10:00,Heat Exchanger,vibration,4.381591111980866,4.022832791489556,Warning,Drift
2025-01-25 15:10:00,Transfer Pump,vibration,4.619883065196348,3.9421961648401727,Warning,Drift
2025-01-25 15:10:00,Transfer Pump,temperature,76.1047922115452,71.96446774211343,Warning,Drift
2025-01-25 15:20:00,Transfer Pump,vibration,4.712239914986161,3.9421961648401727,Warning,Drift
2025-01-25 15:20:00,Heat Exchanger,vibration,4.278327550778332,4.022832791489556,Warning,Drift
2025-01-25 15:20:00,Transfer Pump,temperature,75.83299287437397,71.96446774211343,Warning,Drift
2025-01-25 15:20:00,Heat Exchanger,temperature,74.65033001396544,73.86863969930432,Warning,Drift
2025-01-25 15:30:00,Transfer Pump,temperature,74.54486182725738,71.96446774211343,Warning,Drift
2025-01-25 15:30:00,Heat Exchanger,temperature,74.33861163671996,73.86863969930432,Warning,Drift
2025-01-25 15:30:00,Heat Exchanger,vibration,4.814793681671941,4.022832791489556,Warning,Drift
2025-01-25 15:30:00,Transfer Pump,vibration,4.326698496157147,3.9421961648401727,Warning,Drift
2025-01-25 15:40:00,Transfer Pump,temperature,75.29114088361418,71.96446774211343,Warning,Drift
2025-01-25 15:40:00,Heat Exchanger,temperature,74.5135401791743,73.86863969930432,Warning,Drift
2025-01-25 15:40:00,Heat Exchanger,vibration,4.466133461647983,4.022832791489556,Warning,Drift
2025-01-25 15:40:00,Transfer Pump,vibration,4.677613217338275,3.9421961648401727,Warning,Drift
2025-01-25 15:50:00,Transfer Pump,vibration,4.76763586822887,3.9421961648401727,Warning,Drift
2025-01-25 15:50:00,Transfer Pump,temperature,75.50048800878088,71.96446774211343,Warning,Drift
2025-01-25 15:50:00,Heat Exchanger,temperature,74.45526026932865,73.86863969930432,Warning,Drift
2025-01-25 15:50:00,Heat Exchanger,vibration,4.304209680343011,4.022832791489556,Warning,Drift
2025-01-25 16:00:00,Heat Exchanger,vibration,4.349326433656415,4.022832791489556,Warning,Drift
2025-01-25 16:00:00,Heat Exchanger,temperature,74.58684174887621,73.86863969930432,Warning,Drift
2025-01-25 16:00:00,Transfer Pump,temperature,75.09359682843258,71.96446774211343,Warning,Drift
2025-01-25 16:00:00,Transfer Pump,vibration,4.666356241624633,3.9421961648401727,Warning,Drift
2025-01-25 16:10:00,Transfer Pump,vibration,4.547727112786936,3.9421961648401727,Warning,Drift
2025-01-25 16:10:00,Heat Exchanger,vibration,4.16750742765881,4.022832791489556,Warning,Drift
2025-01-25 16:10:00,Heat Exchanger,temperature,74.71842322842377,73.86863969930432,Warning,Drift
2025-01-25 16:10:00,Transfer Pump,temperature,73.95973527204195,71.96446774211343,Warning,Drift
2025-01-25 16:20:00,Heat Exchanger,vibration,4.538181754982315,4.022832791489556,Warning,Drift
2025-01-25 16:20:00,Heat Exchanger,temperature,74.03324386810324,73.86863969930432,Warning,Drift
2025-01-25 16:20:00,Transfer Pump,vibration,4.609252447202551,3.9421961648401727,Warning,Drift
2025-01-25 16:20:00,Transfer Pump,temperature,76.0000153832582,71.96446774211343,Warning,Drift
2025-01-25 16:30:00,Heat Exchanger,vibration,4.539188588730475,4.022832791489556,Warning,Drift
2025-01-25 16:30:00,Heat Exchanger,temperature,73.98779628432402,73.86863969930432,Warning,Drift
2025-01-25 16:30:00,Transfer Pump,vibration,4.5711189177039495,3.9421961648401727,Warning,Drift
2025-01-25 16:30:00,Transfer Pump,temperature,74.10854249056194,71.96446774211343,Warning,Drift
2025-01-25 16:40:00,Heat Exchanger,temperature,71.39555746405827,58.08404267265845,Warning,Drift
2025-01-25 16:40:00,Heat Exchanger,vibration,4.445352799041748,4.022832791489556,Warning,Drift
2025-01-25 16:40:00,Transfer Pump,vibration,4.703778831048802,3.9421961648401727,Warning,Drift
2025-01-25 16:40:00,Transfer Pump,temperature,73.75470211483122,71.96446774211343,Warning,Drift
2025-01-25 16:50:00,Heat Exchanger,vibration,4.24412269898713,4.022832791489556,Warning,Drift
2025-01-25 16:50:00,Heat Exchanger,temperature,73.37923221537409,58.08404267265845,Warning,Drift
2025-01-25 16:50:00,Transfer Pump,temperature,74.64102792915429,71.96446774211343,Warning,Drift
2025-01-25 16:50:00,Transfer Pump,vibration,4.775386115479019,3.9421961648401727,Warning,Drift
2025-01-25 17:00:00,Heat Exchanger,temperature,74.74312324440756,73.86863969930432,Warning,Drift
2025-01-25 17:00:00,Transfer Pump,temperature,74.21367785475015,71.96446774211343,Warning,Drift
2025-01-25 17:00:00,Transfer Pump,vibration,4.457518553513145,3.9421961648401727,Warning,Drift
2025-01-25 17:00:00,Heat Exchanger,vibration,4.629709014874132,4.022832791489556,Warning,Drift
2025-01-25 17:10:00,Heat Exchanger,vibration,4.477542942945744,4.022832791489556,Warning,Drift
2025-01-25 17:10:00,Heat Exchanger,temperature,73.81354342006931,58.08404267265845,Warning,Drift
2025-01-25 17:10:00,Transfer Pump,temperature,74.80362247922739,71.96446774211343,Warning,Drift
2025-01-25 17:10:00,Transfer Pump,vibration,4.5549061690595645,3.9421961648401727,Warning,Drift
2025-01-25 17:20:00,Transfer Pump,temperature,74.87533621478234,71.96446774211343,Warning,Drift
2025-01-25 17:20:00,Heat Exchanger,temperature,72.45064916938463,58.08404267265845,Warning,Drift
2025-01-25 17:20:00,Transfer Pump,vibration,4.374643425146175,3.9421961648401727,Warning,Drift
2025-01-25 17:20:00,Heat Exchanger,vibration,4.004382805706607,1.786686922550898,Warning,Drift
2025-01-25 17:30:00,Transfer Pump,vibration,4.551244194034398,3.9421961648401727,Warning,Drift
2025-01-25 17:30:00,Heat Exchanger,vibration,4.264997746150422,4.022832791489556,Warning,Drift
2025-01-25 17:30:00,Transfer Pump,temperature,74.60725188753396,71.96446774211343,Warning,Drift
2025-01-25 17:30:00,Heat Exchanger,temperature,72.49420186638729,58.08404267265845,Warning,Drift
2025-01-25 17:40:00,Heat Exchanger,temperature,72.53775456338994,58.08404267265845,Warning,Drift
2025-01-25 17:40:00,Transfer Pump,vibration,4.54037579006465,3.9421961648401727,Warning,Drift
2025-01-25 17:40:00,Transfer Pump,temperature,73.88209091363709,71.96446774211343,Warning,Drift
2025-01-25 17:40:00,Heat Exchanger,vibration,4.073003523535242,4.022832791489556,Warning,Drift
2025-01-25 17:50:00,Heat Exchanger,temperature,73.7231646523928,58.08404267265845,Warning,Drift
2025-01-25 17:50:00,Transfer Pump,temperature,74.17829190641085,71.96446774211343,Warning,Drift
2025-01-25 17:50:00,Heat Exchanger,vibration,4.527453961654718,4.022832791489556,Warning,Drift
2025-01-25 17:50:00,Transfer Pump,vibration,4.40877247955275,3.9421961648401727,Warning,Drift
2025-01-25 18:00:00,Transfer Pump,temperature,72.33948952376153,71.96446774211343,Warning,Drift
2025-01-25 18:00:00,Transfer Pump,vibration,4.513423056515322,3.9421961648401727,Warning,Drift
2025-01-25 18:10:00,Transfer Pump,vibration,4.4017793217296814,3.9421961648401727,Warning,Drift
2025-01-25 18:10:00,Transfer Pump,temperature,74.31483471893483,71.96446774211343,Warning,Drift
2025-01-25 18:10:00,Heat Exchanger,temperature,71.94561633713828,58.08404267265845,Warning,Drift
2025-01-25 18:10:00,Heat Exchanger,vibration,3.976724676172696,1.786686922550898,Warning,Drift
2025-01-25 18:20:00,Transfer Pump,vibration,4.373794910550934,3.9421961648401727,Warning,Drift
2025-01-25 18:20:00,Transfer Pump,temperature,72.9676189652983,71.96446774211343,Warning,Drift
2025-01-25 18:20:00,Heat Exchanger,temperature,72.43028630605077,58.08404267265845,Warning,Drift
2025-01-25 18:20:00,Heat Exchanger,vibration,4.179953945589208,4.022832791489556,Warning,Drift
2025-01-25 18:30:00,Transfer Pump,vibration,4.205297565094989,3.9421961648401727,Warning,Drift
2025-01-25 18:30:00,Transfer Pump,temperature,74.72015032354841,71.96446774211343,Warning,Drift
2025-01-25 18:30:00,Heat Exchanger,temperature,71.3679076753425,58.08404267265845,Warning,Drift
2025-01-25 18:30:00,Heat Exchanger,vibration,4.473783925234242,4.022832791489556,Warning,Drift
2025-01-25 18:40:00,Heat Exchanger,temperature,71.62705024201851,58.08404267265845,Warning,Drift
2025-01-25 18:40:00,Transfer Pump,temperature,73.89762691530362,71.96446774211343,Warning,Drift
2025-01-25 18:40:00,Heat Exchanger,vibration,4.324686445021259,4.022832791489556,Warning,Drift
2025-01-25 18:40:00,Transfer Pump,vibration,4.376144961497733,3.9421961648401727,Warning,Drift
2025-01-25 18:50:00,Transfer Pump,vibration,4.222744045719484,3.9421961648401727,Warning,Drift
2025-01-25 18:50:00,Transfer Pump,temperature,72.69470232925353,71.96446774211343,Warning,Drift
2025-01-25 19:00:00,Transfer Pump,vibration,4.180741860851967,3.9421961648401727,Warning,Drift
2025-01-25 19:00:00,Transfer Pump,temperature,72.72584517819794,71.96446774211343,Warning,Drift
2025-01-25 19:00:00,Heat Exchanger,vibration,4.101166531019334,4.022832791489556,Warning,Drift
2025-01-25 19:00:00,Heat Exchanger,temperature,71.27711520256173,58.08404267265845,Warning,Drift
2025-01-25 19:10:00,Transfer Pump,temperature,73.51387621548406,71.96446774211343,Warning,Drift
2025-01-25 19:10:00,Transfer Pump,vibration,4.13873967598445,3.9421961648401727,Warning,Drift
2025-01-25 19:10:00,Heat Exchanger,vibration,4.293600790887281,4.022832791489556,Warning,Drift
2025-01-25 19:10:00,Heat Exchanger,temperature,71.98962527676908,58.08404267265845,Warning,Drift
2025-01-25 19:20:00,Transfer Pump,vibration,4.321148752410636,3.9421961648401727,Warning,Drift
2025-01-25 19:20:00,Transfer Pump,temperature,70.61844554557574,56.11255468087906,Warning,Drift
2025-01-25 19:30:00,Transfer Pump,temperature,72.16054835994977,71.96446774211343,Warning,Drift
2025-01-25 19:30:00,Transfer Pump,vibration,4.208380291830827,3.9421961648401727,Warning,Drift
2025-01-25 19:30:00,Heat Exchanger,vibration,3.800221777537949,1.786686922550898,Warning,Drift
2025-01-25 19:30:00,Heat Exchanger,temperature,71.37020186929983,58.08404267265845,Warning,Drift
2025-01-25 19:40:00,Heat Exchanger,vibration,4.089900038004052,4.022832791489556,Warning,Drift
2025-01-25 19:40:00,Transfer Pump,temperature,73.51461396514874,71.96446774211343,Warning,Drift
2025-01-25 19:40:00,Transfer Pump,vibration,4.286092999104264,3.9421961648401727,Warning,Drift
2025-01-25 19:50:00,Transfer Pump,temperature,72.6969155034752,71.96446774211343,Warning,Drift
2025-01-25 19:50:00,Transfer Pump,vibration,4.210885707503548,3.9421961648401727,Warning,Drift
2025-01-25 19:50:00,Heat Exchanger,vibration,3.981635568914233,1.786686922550898,Warning,Drift
2025-01-25 20:00:00,Transfer Pump,temperature,71.22149556676902,56.11255468087906,Warning,Drift
2025-01-25 20:00:00,Transfer Pump,vibration,4.057759594942433,3.9421961648401727,Warning,Drift
2025-01-25 20:00:00,Heat Exchanger,vibration,3.94140358098274,1.786686922550898,Warning,Drift
2025-01-25 20:10:00,Transfer Pump,temperature,72.01721161523827,71.96446774211343,Warning,Drift
2025-01-25 20:10:00,Transfer Pump,vibration,4.3859298570122025,3.9421961648401727,Warning,Drift
2025-01-25 20:10:00,Heat Exchanger,vibration,4.2548148054077775,4.022832791489556,Warning,Drift
2025-01-25 20:20:00,Heat Exchanger,vibration,3.753896890935541,1.786686922550898,Warning,Drift
2025-01-25 20:30:00,Transfer Pump,vibration,4.274220728993915,3.9421961648401727,Warning,Drift
2025-01-25 20:30:00,Heat Exchanger,vibration,4.127731933335824,4.022832791489556,Warning,Drift
2025-01-25 20:30:00,Transfer Pump,temperature,71.2513698335135,56.11255468087906,Warning,Drift
2025-01-25 20:40:00,Heat Exchanger,vibration,3.5576079501095808,1.786686922550898,Warning,Drift
2025-01-25 20:40:00,Transfer Pump,temperature,71.67703568358122,56.11255468087906,Warning,Drift
2025-01-25 20:40:00,Transfer Pump,vibration,3.838370534238279,1.3763250384549288,Warning,Drift
2025-01-25 20:50:00,Transfer Pump,temperature,71.70753052974216,56.11255468087906,Warning,Drift
2025-01-25 20:50:00,Transfer Pump,vibration,4.078145110978324,3.9421961648401727,Warning,Drift
2025-01-25 20:50:00,Heat Exchanger,vibration,3.823967547723596,1.786686922550898,Warning,Drift
2025-01-25 21:00:00,Heat Exchanger,vibration,3.947252156088501,1.786686922550898,Warning,Drift
2025-01-25 21:00:00,Transfer Pump,temperature,71.77741124521631,56.11255468087906,Warning,Drift
2025-01-25 21:00:00,Transfer Pump,vibration,4.39205545069078,3.9421961648401727,Warning,Drift
2025-01-25 21:10:00,Transfer Pump,temperature,72.07982303162113,71.96446774211343,Warning,Drift
2025-01-25 21:10:00,Heat Exchanger,vibration,3.692451930114875,1.786686922550898,Warning,Drift
2025-01-25 21:10:00,Transfer Pump,vibration,4.054477808003112,3.9421961648401727,Warning,Drift
2025-01-25 21:20:00,Heat Exchanger,vibration,4.313073462326345,4.022832791489556,Warning,Drift
2025-01-25 21:20:00,Transfer Pump,vibration,4.109311775067284,3.9421961648401727,Warning,Drift
2025-01-25 21:20:00,Transfer Pump,temperature,70.04164123144075,56.11255468087906,Warning,Drift
2025-01-25 21:30:00,Heat Exchanger,vibration,3.775861478174524,1.786686922550898,Warning,Drift
2025-01-25 21:30:00,Transfer Pump,vibration,4.368960935807192,3.9421961648401727,Warning,Drift
2025-01-25 21:30:00,Transfer Pump,temperature,70.92477179784721,56.11255468087906,Warning,Drift
2025-01-25 21:40:00,Transfer Pump,vibration,4.044006764770592,3.9421961648401727,Warning,Drift
2025-01-25 21:40:00,Transfer Pump,temperature,70.67256803212892,56.11255468087906,Warning,Drift
2025-01-25 21:40:00,Heat Exchanger,vibration,3.7506451318016505,1.786686922550898,Warning,Drift
2025-01-25 21:50:00,Transfer Pump,temperature,70.42036426641063,56.11255468087906,Warning,Drift
2025-01-25 21:50:00,Heat Exchanger,vibration,3.7593463029557466,1.786686922550898,Warning,Drift
2025-01-25 21:50:00,Transfer Pump,vibration,4.106261624717066,3.9421961648401727,Warning,Drift
2025-01-25 22:00:00,Transfer Pump,vibration,4.159123567515922,3.9421961648401727,Warning,Drift
2025-01-25 22:00:00,Heat Exchanger,vibration,3.979928873043403,1.786686922550898,Warning,Drift
2025-01-25 22:00:00,Transfer Pump,temperature,70.06119433224478,56.11255468087906,Warning,Drift
2025-01-25 22:10:00,Transfer Pump,vibration,3.7933337817752113,1.3763250384549288,Warning,Drift
2025-01-25 22:10:00,Transfer Pump,temperature,70.99533209539261,56.11255468087906,Warning,Drift
2025-01-25 22:10:00,Heat Exchanger,vibration,4.02962691252342,4.022832791489556,Warning,Drift
2025-01-25 22:20:00,Transfer Pump,vibration,3.946436029266276,3.9421961648401727,Warning,Drift
2025-01-25 22:20:00,Transfer Pump,temperature,71.3751992244348,56.11255468087906,Warning,Drift
2025-01-25 22:20:00,Heat Exchanger,vibration,3.779601982450656,1.786686922550898,Warning,Drift
2025-01-25 22:30:00,Transfer Pump,temperature,70.45801273787887,56.11255468087906,Warning,Drift
2025-01-25 22:30:00,Heat Exchanger,vibration,3.908438738571701,1.786686922550898,Warning,Drift
2025-01-25 22:30:00,Transfer Pump,vibration,4.050130930477647,3.9421961648401727,Warning,Drift
2025-01-25 22:40:00,Transfer Pump,temperature,69.54082625132295,56.11255468087906,Warning,Drift
2025-01-25 22:40:00,Transfer Pump,vibration,3.7332172175857,1.3763250384549288,Warning,Drift
2025-01-25 22:40:00,Heat Exchanger,vibration,3.9162013307420582,1.786686922550898,Warning,Drift
2025-01-25 22:50:00,Heat Exchanger,vibration,3.5803196430043003,1.786686922550898,Warning,Drift
2025-01-25 22:50:00,Transfer Pump,temperature,70.28175501302378,56.11255468087906,Warning,Drift
2025-01-25 22:50:00,Transfer Pump,vibration,4.261558856964631,3.9421961648401727,Warning,Drift
2025-01-25 23:00:00,Transfer Pump,temperature,69.43585476046147,56.11255468087906,Warning,Drift
2025-01-25 23:00:00,Transfer Pump,vibration,4.146487996819359,3.9421961648401727,Warning,Drift
2025-01-25 23:00:00,Heat Exchanger,vibration,3.813687718968315,1.786686922550898,Warning,Drift
2025-01-25 23:10:00,Heat Exchanger,vibration,3.717826571103214,1.786686922550898,Warning,Drift
2025-01-25 23:10:00,Transfer Pump,temperature,69.59579348497276,56.11255468087906,Warning,Drift
2025-01-25 23:10:00,Transfer Pump,vibration,4.115847170932388,3.9421961648401727,Warning,Drift
2025-01-25 23:20:00,Transfer Pump,vibration,4.241102538544714,3.9421961648401727,Warning,Drift
2025-01-25 23:30:00,Transfer Pump,vibration,4.131534088856881,3.9421961648401727,Warning,Drift
2025-01-25 23:40:00,Transfer Pump,vibration,3.958665446715397,3.9421961648401727,Warning,Drift
2025-01-25 23:50:00,Transfer Pump,vibration,3.705791120863664,1.3763250384549288,Warning,Drift
2025-01-26 00:00:00,Transfer Pump,vibration,3.877381857699208,1.3763250384549288,Warning,Drift
2025-01-26 00:10:00,Transfer Pump,vibration,3.88385891366845,1.3763250384549288,Warning,Drift
2025-01-26 00:20:00,Transfer Pump,vibration,4.114760948349884,3.9421961648401727,Warning,Drift
2025-01-26 00:30:00,Heat Exchanger,vibration,4.151807722843708,4.022832791489556,Warning,Spike
2025-01-26 00:30:00,Transfer Pump,vibration,4.020910808878494,3.9421961648401727,Warning,Drift
2025-01-26 00:50:00,Transfer Pump,vibration,4.170557239871494,3.9421961648401727,Warning,Drift
2025-01-26 01:00:00,Transfer Pump,vibration,4.259618896588512,3.9421961648401727,Warning,Drift
2025-01-26 01:10:00,Transfer Pump,vibration,4.045018450622953,3.9421961648401727,Warning,Drift
2025-01-26 01:20:00,Transfer Pump,vibration,3.830418004657395,1.3763250384549288,Warning,Drift
2025-01-26 01:30:00,Transfer Pump,vibration,4.099636852247404,3.9421961648401727,Warning,Drift
2025-01-26 01:40:00,Transfer Pump,vibration,3.86934818182432,1.3763250384549288,Warning,Drift
2025-01-26 01:50:00,Transfer Pump,vibration,4.409065037864745,3.9421961648401727,Warning,Drift
2025-01-26 01:50:00,Heat Exchanger,vibration,4.023192254385501,4.022832791489556,Warning,Spike
2025-01-26 02:00:00,Transfer Pump,vibration,4.075792526939446,3.9421961648401727,Warning,Drift
2025-01-26 02:10:00,Transfer Pump,vibration,4.014673621226985,3.9421961648401727,Warning,Drift
2025-01-26 02:10:00,Heat Exchanger,vibration,4.27127749101902,4.022832791489556,Warning,Spike
2025-01-26 02:20:00,Transfer Pump,vibration,3.993289555252988,3.9421961648401727,Warning,Drift
2025-01-26 02:30:00,Transfer Pump,vibration,4.165617320081113,3.9421961648401727,Warning,Drift
2025-01-26 02:40:00,Transfer Pump,temperature,71.99543286671243,71.96446774211343,Warning,Spike
2025-01-26 02:40:00,Transfer Pump,vibration,4.21142390807117,3.9421961648401727,Warning,Drift
2025-01-26 02:50:00,Transfer Pump,vibration,3.835741604490342,1.3763250384549288,Warning,Drift
2025-01-26 03:00:00,Transfer Pump,temperature,72.00416486568292,71.96446774211343,Warning,Spike
2025-01-26 03:00:00,Transfer Pump,vibration,4.398237449215468,3.9421961648401727,Warning,Drift
2025-01-26 03:10:00,Transfer Pump,vibration,4.246582091346717,3.9421961648401727,Warning,Drift
2025-01-26 03:20:00,Transfer Pump,vibration,4.427400636853822,3.9421961648401727,Warning,Drift
2025-01-26 03:30:00,Transfer Pump,vibration,4.501484554456136,3.9421961648401727,Warning,Drift
2025-01-26 03:30:00,Heat Exchanger,vibration,4.046184979327698,4.022832791489556,Warning,Spike
2025-01-26 03:40:00,Heat Exchanger,vibration,4.36540655315778,4.022832791489556,Warning,Spike
2025-01-26 03:40:00,Transfer Pump,temperature,72.95417161009061,71.96446774211343,Warning,Spike
2025-01-26 03:40:00,Transfer Pump,vibration,4.192329364898519,3.9421961648401727,Warning,Drift
2025-01-26 03:50:00,Transfer Pump,vibration,4.381625113383775,3.9421961648401727,Warning,Drift
2025-01-26 04:00:00,Transfer Pump,temperature,72.00529267030193,71.96446774211343,Warning,Spike
2025-01-26 04:00:00,Heat Exchanger,vibration,4.255249862222719,4.022832791489556,Warning,Spike
2025-01-26 04:00:00,Transfer Pump,vibration,4.141358982718258,3.9421961648401727,Warning,Drift
2025-01-26 04:10:00,Transfer Pump,temperature,74.23648768981349,71.96446774211343,Warning,Spike
2025-01-26 04:10:00,Transfer Pump,vibration,4.1788572995984286,3.9421961648401727,Warning,Drift
2025-01-26 04:10:00,Heat Exchanger,vibration,4.054425529580073,4.022832791489556,Warning,Spike
2025-01-26 04:20:00,Heat Exchanger,vibration,4.182172051115036,4.022832791489556,Warning,Spike
2025-01-26 04:20:00,Transfer Pump,temperature,72.21219123573397,71.96446774211343,Warning,Spike
2025-01-26 04:20:00,Transfer Pump,vibration,4.564516602831387,3.9421961648401727,Warning,Drift
2025-01-26 04:30:00,Transfer Pump,temperature,73.12400443874074,71.96446774211343,Warning,Spike
2025-01-26 04:30:00,Heat Exchanger,vibration,4.147790779653036,4.022832791489556,Warning,Spike
2025-01-26 04:30:00,Transfer Pump,vibration,4.167253780453253,3.9421961648401727,Warning,Drift
2025-01-26 04:40:00,Transfer Pump,vibration,4.354788644022049,3.9421961648401727,Warning,Drift
2025-01-26 04:40:00,Transfer Pump,temperature,73.0909443603225,71.96446774211343,Warning,Spike
2025-01-26 04:40:00,Heat Exchanger,vibration,4.19353335638655,4.022832791489556,Warning,Spike
2025-01-26 04:50:00,Transfer Pump,vibration,4.175452853144358,3.9421961648401727,Warning,Drift
2025-01-26 04:50:00,Heat Exchanger,vibration,4.141173339758614,4.022832791489556,Warning,Spike
2025-01-26 05:00:00,Transfer Pump,temperature,72.17975556749168,71.96446774211343,Warning,Spike
2025-01-26 05:00:00,Transfer Pump,vibration,4.240522474471563,3.9421961648401727,Warning,Drift
2025-01-26 05:00:00,Heat Exchanger,vibration,4.445638261498563,4.022832791489556,Warning,Spike
2025-01-26 05:10:00,Heat Exchanger,vibration,4.318256011603522,4.022832791489556,Warning,Spike
2025-01-26 05:10:00,Transfer Pump,temperature,74.76110282157279,71.96446774211343,Warning,Spike
2025-01-26 05:10:00,Transfer Pump,vibration,4.28751376569286,3.9421961648401727,Warning,Drift
2025-01-26 05:20:00,Heat Exchanger,temperature,74.18727333692478,73.86863969930432,Warning,Spike
2025-01-26 05:20:00,Heat Exchanger,vibration,4.245455789886551,4.022832791489556,Warning,Spike
2025-01-26 05:20:00,Transfer Pump,temperature,73.75000617661934,71.96446774211343,Warning,Spike
2025-01-26 05:20:00,Transfer Pump,vibration,4.659011235733196,3.9421961648401727,Warning,Drift
2025-01-26 05:30:00,Heat Exchanger,vibration,4.408450658069721,4.022832791489556,Warning,Spike
2025-01-26 05:40:00,Heat Exchanger,vibration,4.288434891863618,4.022832791489556,Warning,Spike
2025-01-26 05:40:00,Transfer Pump,temperature,73.16990866458323,71.96446774211343,Warning,Spike
2025-01-26 05:40:00,Transfer Pump,vibration,4.590647837184424,3.9421961648401727,Warning,Drift
2025-01-26 05:50:00,Heat Exchanger,vibration,4.486757355577925,4.022832791489556,Warning,Spike
2025-01-26 05:50:00,Transfer Pump,temperature,74.0113803050741,71.96446774211343,Warning,Spike
2025-01-26 05:50:00,Transfer Pump,vibration,4.134309838741032,3.9421961648401727,Warning,Drift
2025-01-26 06:00:00,Transfer Pump,temperature,74.24461818634386,71.96446774211343,Warning,Spike
2025-01-26 06:00:00,Transfer Pump,vibration,4.486236718616743,3.9421961648401727,Warning,Drift
2025-01-26 06:10:00,Heat Exchanger,vibration,4.71043605773495,4.022832791489556,Warning,Drift
2025-01-26 06:10:00,Transfer Pump,temperature,74.2508989768609,71.96446774211343,Warning,Spike
2025-01-26 06:10:00,Transfer Pump,vibration,4.431613018836389,3.9421961648401727,Warning,Drift
2025-01-26 06:20:00,Transfer Pump,temperature,75.08174134218233,71.96446774211343,Warning,Spike
2025-01-26 06:20:00,Transfer Pump,vibration,4.609504902407334,3.9421961648401727,Warning,Drift
2025-01-26 06:20:00,Heat Exchanger,vibration,4.378221559877828,4.022832791489556,Warning,Drift
2025-01-26 06:20:00,Heat Exchanger,temperature,73.9222651961469,73.86863969930432,Warning,Spike
2025-01-26 06:30:00,Transfer Pump,temperature,73.68939647370242,71.96446774211343,Warning,Drift
2025-01-26 06:30:00,Transfer Pump,vibration,4.97441144284382,3.9421961648401727,Warning,Drift
2025-01-26 06:30:00,Heat Exchanger,vibration,4.162170667283346,4.022832791489556,Warning,Drift
2025-01-26 06:40:00,Transfer Pump,temperature,73.73776302796617,71.96446774211343,Warning,Drift
2025-01-26 06:40:00,Transfer Pump,vibration,4.131174608379808,3.9421961648401727,Warning,Drift
2025-01-26 06:40:00,Heat Exchanger,vibration,4.522692389979393,4.022832791489556,Warning,Drift
2025-01-26 06:40:00,Heat Exchanger,temperature,75.08520878822479,73.86863969930432,Warning,Spike
2025-01-26 06:50:00,Transfer Pump,temperature,75.52706448680411,71.96446774211343,Warning,Drift
2025-01-26 06:50:00,Transfer Pump,vibration,4.653465338534112,3.9421961648401727,Warning,Drift
2025-01-26 06:50:00,Heat Exchanger,vibration,4.6408408374357375,4.022832791489556,Warning,Drift
2025-01-26 07:00:00,Heat Exchanger,vibration,4.243447251279592,4.022832791489556,Warning,Drift
2025-01-26 07:10:00,Heat Exchanger,vibration,4.36271952704489,4.022832791489556,Warning,Drift
2025-01-26 07:10:00,Transfer Pump,temperature,75.67064147463823,71.96446774211343,Warning,Drift
2025-01-26 07:10:00,Transfer Pump,vibration,4.529389130673569,3.9421961648401727,Warning,Drift
2025-01-26 07:10:00,Heat Exchanger,temperature,74.5337355823747,73.86863969930432,Warning,Spike
2025-01-26 07:20:00,Heat Exchanger,vibration,4.649793521527113,4.022832791489556,Warning,Drift
2025-01-26 07:20:00,Transfer Pump,temperature,76.18388458218074,71.96446774211343,Warning,Drift
2025-01-26 07:20:00,Transfer Pump,vibration,4.667546760849861,3.9421961648401727,Warning,Drift
2025-01-26 07:20:00,Heat Exchanger,temperature,74.82308664670539,73.86863969930432,Warning,Spike
2025-01-26 07:30:00,Transfer Pump,temperature,75.23264450437654,71.96446774211343,Warning,Drift
2025-01-26 07:30:00,Transfer Pump,vibration,4.781490131674415,3.9421961648401727,Warning,Drift
2025-01-26 07:30:00,Heat Exchanger,vibration,4.587890502362091,4.022832791489556,Warning,Drift
2025-01-26 07:40:00,Transfer Pump,temperature,75.64969482487106,71.96446774211343,Warning,Drift
2025-01-26 07:40:00,Transfer Pump,vibration,4.2904512180559005,3.9421961648401727,Warning,Drift
2025-01-26 07:40:00,Heat Exchanger,vibration,4.425891184249608,4.022832791489556,Warning,Drift
2025-01-26 07:50:00,Heat Exchanger,vibration,4.478733585685545,4.022832791489556,Warning,Drift
2025-01-26 07:50:00,Transfer Pump,vibration,4.744866722227177,3.9421961648401727,Warning,Drift
2025-01-26 07:50:00,Transfer Pump,temperature,75.78039800065953,71.96446774211343,Warning,Drift
2025-01-26 08:00:00,Heat Exchanger,temperature,74.60217693204073,73.86863969930432,Warning,Spike
2025-01-26 08:00:00,Heat Exchanger,vibration,4.316585039851307,4.022832791489556,Warning,Drift
2025-01-26 08:00:00,Transfer Pump,vibration,4.923041630811101,3.9421961648401727,Warning,Drift
2025-01-26 08:00:00,Transfer Pump,temperature,75.67232534846309,71.96446774211343,Warning,Drift
2025-01-26 08:10:00,Heat Exchanger,temperature,75.94162883101386,73.86863969930432,Warning,Spike
2025-01-26 08:10:00,Transfer Pump,vibration,5.1012165393950255,3.9421961648401727,Warning,Drift
2025-01-26 08:10:00,Transfer Pump,temperature,76.98076667753713,71.96446774211343,Warning,Drift
2025-01-26 08:10:00,Heat Exchanger,vibration,4.381512200867734,4.022832791489556,Warning,Drift
2025-01-26 08:20:00,Heat Exchanger,temperature,75.63242488622558,73.86863969930432,Warning,Spike
2025-01-26 08:20:00,Transfer Pump,vibration,4.712449245776115,3.9421961648401727,Warning,Drift
2025-01-26 08:20:00,Transfer Pump,temperature,76.87588979162241,71.96446774211343,Warning,Drift
2025-01-26 08:20:00,Heat Exchanger,vibration,4.275391164131937,4.022832791489556,Warning,Drift
2025-01-26 08:30:00,Transfer Pump,vibration,4.638581400453488,3.9421961648401727,Warning,Drift
2025-01-26 08:30:00,Transfer Pump,temperature,75.79148595942617,71.96446774211343,Warning,Drift
2025-01-26 08:30:00,Heat Exchanger,vibration,4.530507716847488,4.022832791489556,Warning,Drift
2025-01-26 08:30:00,Heat Exchanger,temperature,76.12611236475072,73.86863969930432,Warning,Spike
2025-01-26 08:50:00,Heat Exchanger,vibration,4.577059097025379,4.022832791489556,Warning,Drift
2025-01-26 08:50:00,Heat Exchanger,temperature,75.33889243443679,73.86863969930432,Warning,Spike
2025-01-26 09:00:00,Transfer Pump,vibration,4.974466280500244,3.9421961648401727,Warning,Drift
2025-01-26 09:00:00,Transfer Pump,temperature,75.54490198623006,71.96446774211343,Warning,Drift
2025-01-26 09:00:00,Heat Exchanger,vibration,4.8410542789098505,4.022832791489556,Warning,Drift
2025-01-26 09:00:00,Heat Exchanger,temperature,74.05965896959944,73.86863969930432,Warning,Spike
2025-01-26 09:10:00,Heat Exchanger,vibration,4.5382555266806,4.022832791489556,Warning,Drift
2025-01-26 09:10:00,Transfer Pump,temperature,76.59767461278854,71.96446774211343,Warning,Drift
2025-01-26 09:10:00,Transfer Pump,vibration,5.171484426165195,3.9421961648401727,Warning,Drift
2025-01-26 09:10:00,Heat Exchanger,temperature,76.50048063996643,73.86863969930432,Warning,Spike
2025-01-26 09:20:00,Transfer Pump,temperature,75.82324058830304,71.96446774211343,Warning,Drift
2025-01-26 09:20:00,Transfer Pump,vibration,4.736049346411186,3.9421961648401727,Warning,Drift
2025-01-26 09:30:00,Transfer Pump,temperature,77.78924166649054,71.96446774211343,Warning,Drift
2025-01-26 09:30:00,Transfer Pump,vibration,5.163935453185517,3.9421961648401727,Warning,Drift
2025-01-26 09:40:00,Heat Exchanger,vibration,4.760065804623278,4.022832791489556,Warning,Drift
2025-01-26 09:40:00,Transfer Pump,vibration,5.2048923997360825,3.9421961648401727,Warning,Drift
2025-01-26 09:40:00,Heat Exchanger,temperature,77.29436780606522,73.86863969930432,Warning,Spike
2025-01-26 09:40:00,Transfer Pump,temperature,77.426375886602,71.96446774211343,Warning,Drift
2025-01-26 09:50:00,Heat Exchanger,temperature,75.89535506427134,73.86863969930432,Warning,Spike
2025-01-26 09:50:00,Transfer Pump,vibration,4.740362645688512,3.9421961648401727,Warning,Drift
2025-01-26 09:50:00,Transfer Pump,temperature,77.49629476835023,71.96446774211343,Warning,Drift
2025-01-26 09:50:00,Heat Exchanger,vibration,4.926678793106509,4.022832791489556,Warning,Drift
2025-01-26 10:00:00,Heat Exchanger,temperature,75.29988466184088,73.86863969930432,Warning,Spike
2025-01-26 10:00:00,Heat Exchanger,vibration,4.656201250295529,4.022832791489556,Warning,Drift
2025-01-26 10:10:00,Transfer Pump,vibration,4.908488262136544,3.9421961648401727,Warning,Drift
2025-01-26 10:10:00,Transfer Pump,temperature,77.44277093373871,71.96446774211343,Warning,Drift
2025-01-26 10:10:00,Heat Exchanger,temperature,75.99154217989157,73.86863969930432,Warning,Spike
2025-01-26 10:10:00,Heat Exchanger,vibration,5.0133917708335,4.022832791489556,Warning,Drift
2025-01-26 10:20:00,Transfer Pump,vibration,4.873563256498995,3.9421961648401727,Warning,Drift
2025-01-26 10:20:00,Transfer Pump,temperature,77.63937979641027,71.96446774211343,Warning,Drift
2025-01-26 10:20:00,Heat Exchanger,vibration,4.853559439539069,4.022832791489556,Warning,Drift
2025-01-26 10:20:00,Heat Exchanger,temperature,76.81891299704574,73.86863969930432,Warning,Drift
2025-01-26 10:30:00,Transfer Pump,vibration,5.225875722628324,3.9421961648401727,Warning,Drift
2025-01-26 10:30:00,Heat Exchanger,temperature,76.3389303908419,73.86863969930432,Warning,Drift
2025-01-26 10:30:00,Heat Exchanger,vibration,4.693727108244637,4.022832791489556,Warning,Drift
2025-01-26 10:30:00,Transfer Pump,temperature,78.41571235015861,71.96446774211343,Warning,Drift
2025-01-26 10:40:00,Transfer Pump,vibration,4.770688565998415,3.9421961648401727,Warning,Drift
2025-01-26 10:40:00,Heat Exchanger,vibration,4.826797373253196,4.022832791489556,Warning,Drift
2025-01-26 10:40:00,Transfer Pump,temperature,77.22020095938095,71.96446774211343,Warning,Drift
2025-01-26 10:40:00,Heat Exchanger,temperature,75.97927341054879,73.86863969930432,Warning,Drift
2025-01-26 10:50:00,Transfer Pump,temperature,77.86550437302772,71.96446774211343,Warning,Drift
2025-01-26 10:50:00,Transfer Pump,vibration,4.977377883842962,3.9421961648401727,Warning,Drift
2025-01-26 10:50:00,Heat Exchanger,temperature,76.96898716573853,73.86863969930432,Warning,Drift
2025-01-26 10:50:00,Heat Exchanger,vibration,4.676143503210683,4.022832791489556,Warning,Drift
2025-01-26 11:00:00,Heat Exchanger,temperature,77.08977769268088,73.86863969930432,Warning,Drift
2025-01-26 11:00:00,Heat Exchanger,vibration,4.807916176246453,4.022832791489556,Warning,Drift
2025-01-26 11:00:00,Transfer Pump,vibration,4.801879060085588,3.9421961648401727,Warning,Drift
2025-01-26 11:00:00,Transfer Pump,temperature,76.58614625075874,71.96446774211343,Warning,Drift
2025-01-26 11:10:00,Transfer Pump,temperature,77.53288811282475,71.96446774211343,Warning,Drift
2025-01-26 11:10:00,Transfer Pump,vibration,4.96469080260828,3.9421961648401727,Warning,Drift
2025-01-26 11:10:00,Heat Exchanger,vibration,4.997080862821377,4.022832791489556,Warning,Drift
2025-01-26 11:10:00,Heat Exchanger,temperature,76.44369798595207,73.86863969930432,Warning,Drift
2025-01-26 11:20:00,Transfer Pump,temperature,77.85813188239845,71.96446774211343,Warning,Drift
2025-01-26 11:20:00,Heat Exchanger,temperature,76.33155943308421,73.86863969930432,Warning,Drift
2025-01-26 11:20:00,Transfer Pump,vibration,5.335335795047648,3.9421961648401727,Warning,Drift
2025-01-26 11:20:00,Heat Exchanger,vibration,4.844996263814436,4.022832791489556,Warning,Drift
2025-01-26 11:30:00,Heat Exchanger,vibration,4.748942179813461,4.022832791489556,Warning,Drift
2025-01-26 11:30:00,Transfer Pump,vibration,5.281797612727278,3.9421961648401727,Warning,Drift
2025-01-26 11:30:00,Transfer Pump,temperature,78.18337565197216,71.96446774211343,Warning,Drift
2025-01-26 11:30:00,Heat Exchanger,temperature,76.20804410855568,73.86863969930432,Warning,Drift
2025-01-26 11:40:00,Heat Exchanger,temperature,77.04835574042652,73.86863969930432,Warning,Drift
2025-01-26 11:40:00,Transfer Pump,vibration,5.024755422918759,3.9421961648401727,Warning,Drift
2025-01-26 11:40:00,Transfer Pump,temperature,77.48385821302708,71.96446774211343,Warning,Drift
2025-01-26 11:40:00,Heat Exchanger,vibration,5.004785745238956,4.022832791489556,Warning,Drift
2025-01-26 11:50:00,Transfer Pump,vibration,5.072096908893199,3.9421961648401727,Warning,Drift
2025-01-26 11:50:00,Heat Exchanger,temperature,75.39644314179719,73.86863969930432,Warning,Drift
2025-01-26 11:50:00,Heat Exchanger,vibration,4.878445246560174,4.022832791489556,Warning,Drift
2025-01-26 11:50:00,Transfer Pump,temperature,77.77878737923655,71.96446774211343,Warning,Drift
2025-01-26 12:00:00,Transfer Pump,temperature,77.55820139493258,71.96446774211343,Warning,Drift
2025-01-26 12:00:00,Transfer Pump,vibration,5.044868232120814,3.9421961648401727,Warning,Drift
2025-01-26 12:00:00,Heat Exchanger,vibration,4.78606216222946,4.022832791489556,Warning,Drift
2025-01-26 12:00:00,Heat Exchanger,temperature,76.07739151489879,73.86863969930432,Warning,Drift
2025-01-26 12:10:00,Transfer Pump,temperature,77.76154316024807,71.96446774211343,Warning,Drift
2025-01-26 12:10:00,Transfer Pump,vibration,4.905684087663203,3.9421961648401727,Warning,Drift
2025-01-26 12:10:00,Heat Exchanger,vibration,4.77356389293403,4.022832791489556,Warning,Drift
2025-01-26 12:10:00,Heat Exchanger,temperature,76.55887668606444,73.86863969930432,Warning,Drift
2025-01-26 12:20:00,Transfer Pump,temperature,77.25150374091596,71.96446774211343,Warning,Drift
2025-01-26 12:20:00,Heat Exchanger,temperature,76.05227820925803,73.86863969930432,Warning,Drift
2025-01-26 12:20:00,Heat Exchanger,vibration,4.721344595777845,4.022832791489556,Warning,Drift
2025-01-26 12:20:00,Transfer Pump,vibration,5.050926693931332,3.9421961648401727,Warning,Drift
2025-01-26 12:30:00,Heat Exchanger,vibration,4.938010463963191,4.022832791489556,Warning,Drift
2025-01-26 12:30:00,Transfer Pump,temperature,77.9544956416363,71.96446774211343,Warning,Drift
2025-01-26 12:30:00,Transfer Pump,vibration,5.196169300199461,3.9421961648401727,Warning,Drift
2025-01-26 12:30:00,Heat Exchanger,temperature,76.87375877522659,73.86863969930432,Warning,Drift
2025-01-26 12:40:00,Heat Exchanger,temperature,76.78238755450303,73.86863969930432,Warning,Drift
2025-01-26 12:40:00,Transfer Pump,temperature,77.96413064009666,71.96446774211343,Warning,Drift
2025-01-26 12:40:00,Transfer Pump,vibration,4.998683919589739,3.9421961648401727,Warning,Drift
2025-01-26 12:40:00,Heat Exchanger,vibration,4.9426498939921855,4.022832791489556,Warning,Drift
2025-01-26 12:50:00,Transfer Pump,temperature,77.51991587766909,71.96446774211343,Warning,Drift
2025-01-26 12:50:00,Transfer Pump,vibration,4.914467600928838,3.9421961648401727,Warning,Drift
2025-01-26 12:50:00,Heat Exchanger,temperature,78.61076986009847,73.86863969930432,Warning,Drift
2025-01-26 12:50:00,Heat Exchanger,vibration,5.008930668350886,4.022832791489556,Warning,Drift
2025-01-26 13:00:00,Heat Exchanger,vibration,4.85481688850134,4.022832791489556,Warning,Drift
2025-01-26 13:00:00,Heat Exchanger,temperature,75.98527466577242,73.86863969930432,Warning,Drift
2025-01-26 13:00:00,Transfer Pump,vibration,4.960226515200402,3.9421961648401727,Warning,Drift
2025-01-26 13:00:00,Transfer Pump,temperature,77.59487117023806,71.96446774211343,Warning,Drift
2025-01-26 13:10:00,Heat Exchanger,vibration,4.674777000992173,4.022832791489556,Warning,Drift
2025-01-26 13:10:00,Transfer Pump,vibration,5.005985429471965,3.9421961648401727,Warning,Drift
2025-01-26 13:10:00,Heat Exchanger,temperature,76.54697612997863,73.86863969930432,Warning,Drift
2025-01-26 13:10:00,Transfer Pump,temperature,77.71722069042296,71.96446774211343,Warning,Drift
2025-01-26 13:20:00,Heat Exchanger,vibration,4.826841904999288,4.022832791489556,Warning,Drift
2025-01-26 13:20:00,Heat Exchanger,temperature,75.74559715921525,73.86863969930432,Warning,Drift
2025-01-26 13:20:00,Transfer Pump,vibration,4.933219775802363,3.9421961648401727,Warning,Drift
2025-01-26 13:20:00,Transfer Pump,temperature,76.97824086167331,71.96446774211343,Warning,Drift
2025-01-26 13:30:00,Heat Exchanger,vibration,4.659842434269519,4.022832791489556,Warning,Drift
2025-01-26 13:30:00,Transfer Pump,vibration,5.1383574249667685,3.9421961648401727,Warning,Drift
2025-01-26 13:30:00,Heat Exchanger,temperature,78.01198285568398,73.86863969930432,Warning,Drift
2025-01-26 13:30:00,Transfer Pump,temperature,77.44729158949791,71.96446774211343,Warning,Drift
2025-01-26 13:40:00,Heat Exchanger,temperature,77.7639561488407,73.86863969930432,Warning,Drift
2025-01-26 13:40:00,Transfer Pump,vibration,5.012396674339158,3.9421961648401727,Warning,Drift
2025-01-26 13:40:00,Heat Exchanger,vibration,4.783193252647462,4.022832791489556,Warning,Drift
2025-01-26 13:40:00,Transfer Pump,temperature,77.9163423173225,71.96446774211343,Warning,Drift
2025-01-26 13:50:00,Transfer Pump,temperature,78.40108357910542,71.96446774211343,Warning,Drift
2025-01-26 13:50:00,Heat Exchanger,vibration,4.999968381067005,4.022832791489556,Warning,Drift
2025-01-26 13:50:00,Heat Exchanger,temperature,75.08544512006078,73.86863969930432,Warning,Drift
2025-01-26 13:50:00,Transfer Pump,vibration,4.746647480564882,3.9421961648401727,Warning,Drift
2025-01-26 14:00:00,Heat Exchanger,temperature,76.13909530320316,73.86863969930432,Warning,Drift
2025-01-26 14:00:00,Heat Exchanger,vibration,4.950253772427149,4.022832791489556,Warning,Drift
2025-01-26 14:10:00,Transfer Pump,temperature,76.64104190535984,71.96446774211343,Warning,Drift
2025-01-26 14:10:00,Transfer Pump,vibration,5.07870337333627,3.9421961648401727,Warning,Drift
2025-01-26 14:20:00,Transfer Pump,vibration,4.682144444681899,3.9421961648401727,Warning,Drift
2025-01-26 14:20:00,Heat Exchanger,temperature,75.84314628091957,73.86863969930432,Warning,Drift
2025-01-26 14:20:00,Heat Exchanger,vibration,4.714194264270486,4.022832791489556,Warning,Drift
2025-01-26 14:20:00,Transfer Pump,temperature,76.92287679267264,71.96446774211343,Warning,Drift
2025-01-26 14:30:00,Transfer Pump,vibration,4.816759188939322,3.9421961648401727,Warning,Drift
2025-01-26 14:30:00,Transfer Pump,temperature,76.0050737812178,71.96446774211343,Warning,Drift
2025-01-26 14:30:00,Heat Exchanger,vibration,4.868798567481797,4.022832791489556,Warning,Drift
2025-01-26 14:30:00,Heat Exchanger,temperature,75.6422374971201,73.86863969930432,Warning,Drift
2025-01-26 14:40:00,Transfer Pump,vibration,4.788920874760685,3.9421961648401727,Warning,Drift
2025-01-26 14:40:00,Transfer Pump,temperature,77.41025983895375,71.96446774211343,Warning,Drift
2025-01-26 14:50:00,Transfer Pump,temperature,75.08442660844372,71.96446774211343,Warning,Drift
2025-01-26 14:50:00,Transfer Pump,vibration,4.633012544808647,3.9421961648401727,Warning,Drift
2025-01-26 15:00:00,Transfer Pump,temperature,77.45084788638047,71.96446774211343,Warning,Drift
2025-01-26 15:00:00,Transfer Pump,vibration,4.899035516058076,3.9421961648401727,Warning,Drift
2025-01-26 15:00:00,Heat Exchanger,temperature,76.38614284199217,73.86863969930432,Warning,Drift
2025-01-26 15:00:00,Heat Exchanger,vibration,4.720262968402019,4.022832791489556,Warning,Drift
2025-01-26 15:10:00,Transfer Pump,temperature,77.44158902810283,71.96446774211343,Warning,Drift
2025-01-26 15:10:00,Heat Exchanger,vibration,4.590439986884516,4.022832791489556,Warning,Drift
2025-01-26 15:10:00,Heat Exchanger,temperature,76.32584993714956,73.86863969930432,Warning,Drift
2025-01-26 15:10:00,Transfer Pump,vibration,4.807562165093172,3.9421961648401727,Warning,Drift
2025-01-26 15:20:00,Transfer Pump,vibration,4.701114253066619,3.9421961648401727,Warning,Drift
2025-01-26 15:20:00,Heat Exchanger,vibration,4.965268289226529,4.022832791489556,Warning,Drift
2025-01-26 15:20:00,Transfer Pump,temperature,74.07053419369868,71.96446774211343,Warning,Drift
2025-01-26 15:20:00,Heat Exchanger,temperature,75.24019567077399,73.86863969930432,Warning,Drift
2025-01-26 15:30:00,Transfer Pump,temperature,77.32068146277169,71.96446774211343,Warning,Drift
2025-01-26 15:30:00,Heat Exchanger,temperature,76.22318166844103,73.86863969930432,Warning,Drift
2025-01-26 15:30:00,Heat Exchanger,vibration,4.923496887646782,4.022832791489556,Warning,Drift
2025-01-26 15:30:00,Transfer Pump,vibration,5.176776297365489,3.9421961648401727,Warning,Drift
2025-01-26 15:40:00,Heat Exchanger,temperature,76.1017418710958,73.86863969930432,Warning,Drift
2025-01-26 15:40:00,Heat Exchanger,vibration,4.490692502275035,4.022832791489556,Warning,Drift
2025-01-26 15:40:00,Transfer Pump,vibration,4.348874853228515,3.9421961648401727,Warning,Drift
2025-01-26 15:40:00,Transfer Pump,temperature,77.00365201857596,71.96446774211343,Warning,Drift
2025-01-26 15:50:00,Heat Exchanger,temperature,74.78816424262804,73.86863969930432,Warning,Drift
2025-01-26 15:50:00,Heat Exchanger,vibration,4.724291932933805,4.022832791489556,Warning,Drift
2025-01-26 15:50:00,Transfer Pump,vibration,4.615545833304385,3.9421961648401727,Warning,Drift
2025-01-26 15:50:00,Transfer Pump,temperature,75.82732664703094,71.96446774211343,Warning,Drift
2025-01-26 16:00:00,Heat Exchanger,vibration,4.227912698407012,4.022832791489556,Warning,Drift
2025-01-26 16:00:00,Transfer Pump,temperature,74.97988078054429,71.96446774211343,Warning,Drift
2025-01-26 16:00:00,Transfer Pump,vibration,4.651185391415602,3.9421961648401727,Warning,Drift
2025-01-26 16:00:00,Heat Exchanger,temperature,74.85519559305227,73.86863969930432,Warning,Drift
2025-01-26 16:10:00,Heat Exchanger,temperature,73.65194900820173,58.08404267265845,Warning,Drift
2025-01-26 16:10:00,Transfer Pump,vibration,4.4941123009583706,3.9421961648401727,Warning,Drift
2025-01-26 16:10:00,Heat Exchanger,vibration,4.6280687075893,4.022832791489556,Warning,Drift
2025-01-26 16:10:00,Transfer Pump,temperature,75.13376008865508,71.96446774211343,Warning,Drift
2025-01-26 16:20:00,Transfer Pump,temperature,75.06471079009732,71.96446774211343,Warning,Drift
2025-01-26 16:20:00,Transfer Pump,vibration,5.128268270234338,3.9421961648401727,Warning,Drift
2025-01-26 16:20:00,Heat Exchanger,vibration,4.6067419664671005,4.022832791489556,Warning,Drift
2025-01-26 16:20:00,Heat Exchanger,temperature,73.69744618188027,58.08404267265845,Warning,Drift
2025-01-26 16:30:00,Heat Exchanger,vibration,4.3544042408649535,4.022832791489556,Warning,Drift
2025-01-26 16:30:00,Heat Exchanger,temperature,74.29709313942875,73.86863969930432,Warning,Drift
2025-01-26 16:30:00,Transfer Pump,temperature,76.58911178144552,71.96446774211343,Warning,Drift
2025-01-26 16:30:00,Transfer Pump,vibration,5.109231788157217,3.9421961648401727,Warning,Drift
2025-01-26 16:40:00,Heat Exchanger,vibration,4.5454329996388605,4.022832791489556,Warning,Drift
2025-01-26 16:40:00,Heat Exchanger,temperature,73.65027876192099,58.08404267265845,Warning,Drift
2025-01-26 16:40:00,Transfer Pump,temperature,75.03922723634274,71.96446774211343,Warning,Drift
2025-01-26 16:40:00,Transfer Pump,vibration,4.564039689735274,3.9421961648401727,Warning,Drift
2025-01-26 16:50:00,Transfer Pump,vibration,4.897856838726949,3.9421961648401727,Warning,Drift
2025-01-26 16:50:00,Transfer Pump,temperature,75.98263155290297,71.96446774211343,Warning,Drift
2025-01-26 16:50:00,Heat Exchanger,vibration,4.330894991160098,4.022832791489556,Warning,Drift
2025-01-26 16:50:00,Heat Exchanger,temperature,75.00936834222243,73.86863969930432,Warning,Drift
2025-01-26 17:00:00,Heat Exchanger,vibration,4.413112668178261,4.022832791489556,Warning,Drift
2025-01-26 17:00:00,Heat Exchanger,temperature,74.09639869029272,73.86863969930432,Warning,Drift
2025-01-26 17:00:00,Transfer Pump,vibration,4.75884606985294,3.9421961648401727,Warning,Drift
2025-01-26 17:00:00,Transfer Pump,temperature,75.01703478217647,71.96446774211343,Warning,Drift
2025-01-26 17:10:00,Heat Exchanger,temperature,74.50564766037238,73.86863969930432,Warning,Drift
2025-01-26 17:10:00,Transfer Pump,vibration,4.931331840323944,3.9421961648401727,Warning,Drift
2025-01-26 17:10:00,Transfer Pump,temperature,75.01652971499068,71.96446774211343,Warning,Drift
2025-01-26 17:10:00,Heat Exchanger,vibration,4.495330345196425,4.022832791489556,Warning,Drift
2025-01-26 17:20:00,Heat Exchanger,temperature,72.9575335649826,58.08404267265845,Warning,Drift
2025-01-26 17:20:00,Transfer Pump,temperature,73.57009659069232,71.96446774211343,Warning,Drift
2025-01-26 17:20:00,Heat Exchanger,vibration,4.712115421381661,4.022832791489556,Warning,Drift
2025-01-26 17:20:00,Transfer Pump,vibration,4.595511498439119,3.9421961648401727,Warning,Drift
2025-01-26 17:30:00,Heat Exchanger,vibration,4.149326031928389,4.022832791489556,Warning,Drift
2025-01-26 17:30:00,Heat Exchanger,temperature,74.82658082524857,73.86863969930432,Warning,Drift
2025-01-26 17:30:00,Transfer Pump,temperature,73.7631438895505,71.96446774211343,Warning,Drift
2025-01-26 17:30:00,Transfer Pump,vibration,4.673926320616811,3.9421961648401727,Warning,Drift
2025-01-26 17:40:00,Heat Exchanger,temperature,74.03176843889989,73.86863969930432,Warning,Drift
2025-01-26 17:40:00,Transfer Pump,temperature,75.5679953388319,71.96446774211343,Warning,Drift
2025-01-26 17:40:00,Transfer Pump,vibration,4.830011701569484,3.9421961648401727,Warning,Drift
2025-01-26 17:40:00,Heat Exchanger,vibration,4.249980060090796,4.022832791489556,Warning,Drift
2025-01-26 17:50:00,Transfer Pump,temperature,74.26107594971592,71.96446774211343,Warning,Drift
2025-01-26 17:50:00,Heat Exchanger,temperature,73.81564906830836,58.08404267265845,Warning,Drift
2025-01-26 17:50:00,Heat Exchanger,vibration,4.300209813837656,4.022832791489556,Warning,Drift
2025-01-26 17:50:00,Transfer Pump,vibration,4.78372247896375,3.9421961648401727,Warning,Drift
2025-01-26 18:00:00,Transfer Pump,temperature,74.47802755910877,71.96446774211343,Warning,Drift
2025-01-26 18:00:00,Heat Exchanger,vibration,4.457039908380724,4.022832791489556,Warning,Drift
2025-01-26 18:00:00,Heat Exchanger,temperature,74.10123861841122,73.86863969930432,Warning,Drift
2025-01-26 18:00:00,Transfer Pump,vibration,4.567294260293471,3.9421961648401727,Warning,Drift
2025-01-26 18:10:00,Transfer Pump,vibration,4.3515410312605525,3.9421961648401727,Warning,Drift
2025-01-26 18:10:00,Transfer Pump,temperature,75.53443176060826,71.96446774211343,Warning,Drift
2025-01-26 18:10:00,Heat Exchanger,vibration,4.398760724641741,4.022832791489556,Warning,Drift
2025-01-26 18:10:00,Heat Exchanger,temperature,73.4504384469176,58.08404267265845,Warning,Drift
2025-01-26 18:20:00,Transfer Pump,temperature,73.83938173524058,71.96446774211343,Warning,Drift
2025-01-26 18:20:00,Heat Exchanger,vibration,4.407794395037637,4.022832791489556,Warning,Drift
2025-01-26 18:20:00,Transfer Pump,vibration,4.365042338003267,3.9421961648401727,Warning,Drift
2025-01-26 18:20:00,Heat Exchanger,temperature,72.2366596485198,58.08404267265845,Warning,Drift
2025-01-26 18:30:00,Transfer Pump,temperature,73.64680321081325,71.96446774211343,Warning,Drift
2025-01-26 18:30:00,Heat Exchanger,vibration,4.195770838331878,4.022832791489556,Warning,Drift
2025-01-26 18:30:00,Transfer Pump,vibration,4.150910016773077,3.9421961648401727,Warning,Drift
2025-01-26 18:30:00,Heat Exchanger,temperature,73.40144341615058,58.08404267265845,Warning,Drift
2025-01-26 18:40:00,Transfer Pump,vibration,4.606899833268554,3.9421961648401727,Warning,Drift
2025-01-26 18:40:00,Heat Exchanger,temperature,72.12341066295778,58.08404267265845,Warning,Drift
2025-01-26 18:40:00,Transfer Pump,temperature,74.61265564364112,71.96446774211343,Warning,Drift
2025-01-26 18:40:00,Heat Exchanger,vibration,3.95154813231884,1.786686922550898,Warning,Drift
2025-01-26 18:50:00,Heat Exchanger,temperature,72.77662466006325,58.08404267265845,Warning,Drift
2025-01-26 18:50:00,Heat Exchanger,vibration,4.138905086344554,4.022832791489556,Warning,Drift
2025-01-26 18:50:00,Transfer Pump,temperature,73.51241054764965,71.96446774211343,Warning,Drift
2025-01-26 18:50:00,Transfer Pump,vibration,4.484958350726723,3.9421961648401727,Warning,Drift
2025-01-26 19:00:00,Transfer Pump,temperature,73.61472229701688,71.96446774211343,Warning,Drift
2025-01-26 19:00:00,Transfer Pump,vibration,4.480598906542847,3.9421961648401727,Warning,Drift
2025-01-26 19:10:00,Transfer Pump,temperature,74.01407995558833,71.96446774211343,Warning,Drift
2025-01-26 19:10:00,Transfer Pump,vibration,4.405985809823332,3.9421961648401727,Warning,Drift
2025-01-26 19:20:00,Transfer Pump,vibration,4.186954650453419,3.9421961648401727,Warning,Drift
2025-01-26 19:20:00,Heat Exchanger,vibration,4.253680432574165,4.022832791489556,Warning,Drift
2025-01-26 19:20:00,Heat Exchanger,temperature,72.71712568317403,58.08404267265845,Warning,Drift
2025-01-26 19:20:00,Transfer Pump,temperature,73.07663232448756,71.96446774211343,Warning,Drift
2025-01-26 19:30:00,Transfer Pump,temperature,73.56880376541108,71.96446774211343,Warning,Drift
2025-01-26 19:30:00,Transfer Pump,vibration,4.4315635376599065,3.9421961648401727,Warning,Drift
2025-01-26 19:30:00,Heat Exchanger,vibration,4.215324173435029,4.022832791489556,Warning,Drift
2025-01-26 19:30:00,Heat Exchanger,temperature,72.84937450371366,58.08404267265845,Warning,Drift
2025-01-26 19:40:00,Heat Exchanger,vibration,4.220311874535306,4.022832791489556,Warning,Drift
2025-01-26 19:40:00,Heat Exchanger,temperature,71.30059982619608,58.08404267265845,Warning,Drift
2025-01-26 19:40:00,Transfer Pump,vibration,4.467100306114387,3.9421961648401727,Warning,Drift
2025-01-26 19:40:00,Transfer Pump,temperature,72.71079795491784,71.96446774211343,Warning,Drift
2025-01-26 19:50:00,Heat Exchanger,temperature,72.01449985106551,58.08404267265845,Warning,Drift
2025-01-26 19:50:00,Transfer Pump,vibration,4.185108287241822,3.9421961648401727,Warning,Drift
2025-01-26 19:50:00,Transfer Pump,temperature,73.45594395431252,71.96446774211343,Warning,Drift
2025-01-26 19:50:00,Heat Exchanger,vibration,3.930158222071744,1.786686922550898,Warning,Drift
2025-01-26 20:00:00,Transfer Pump,vibration,4.319897284029272,3.9421961648401727,Warning,Drift
2025-01-26 20:00:00,Heat Exchanger,temperature,71.79799501359317,58.08404267265845,Warning,Drift
2025-01-26 20:00:00,Transfer Pump,temperature,72.87872832227914,71.96446774211343,Warning,Drift
2025-01-26 20:00:00,Heat Exchanger,vibration,4.30141083240497,4.022832791489556,Warning,Drift
2025-01-26 20:10:00,Transfer Pump,vibration,4.192345747355686,3.9421961648401727,Warning,Drift
2025-01-26 20:10:00,Transfer Pump,temperature,72.23530873135057,71.96446774211343,Warning,Drift
2025-01-26 20:10:00,Heat Exchanger,temperature,71.60788229961544,58.08404267265845,Warning,Drift
2025-01-26 20:10:00,Heat Exchanger,vibration,4.120365765667231,4.022832791489556,Warning,Drift
2025-01-26 20:20:00,Heat Exchanger,vibration,4.538644284438147,4.022832791489556,Warning,Drift
2025-01-26 20:20:00,Transfer Pump,temperature,72.35257658301647,71.96446774211343,Warning,Drift
2025-01-26 20:20:00,Transfer Pump,vibration,4.254759732184056,3.9421961648401727,Warning,Drift
2025-01-26 20:20:00,Heat Exchanger,temperature,69.84705605936438,58.08404267265845,Warning,Drift
2025-01-26 20:30:00,Heat Exchanger,temperature,72.84961486303293,58.08404267265845,Warning,Drift
2025-01-26 20:30:00,Heat Exchanger,vibration,4.040697974015632,4.022832791489556,Warning,Drift
2025-01-26 20:30:00,Transfer Pump,vibration,4.074185485612441,3.9421961648401727,Warning,Drift
2025-01-26 20:30:00,Transfer Pump,temperature,70.219077347369,56.11255468087906,Warning,Drift
2025-01-26 20:40:00,Transfer Pump,vibration,4.215803335467936,3.9421961648401727,Warning,Drift
2025-01-26 20:40:00,Transfer Pump,temperature,73.0149845149302,71.96446774211343,Warning,Drift
2025-01-26 20:40:00,Heat Exchanger,vibration,4.02518349030033,4.022832791489556,Warning,Drift
2025-01-26 20:50:00,Transfer Pump,vibration,4.543080537866044,3.9421961648401727,Warning,Drift
2025-01-26 20:50:00,Transfer Pump,temperature,70.9459627964692,56.11255468087906,Warning,Drift
2025-01-26 20:50:00,Heat Exchanger,vibration,4.009669006585029,1.786686922550898,Warning,Drift
2025-01-26 21:00:00,Heat Exchanger,vibration,4.411635899767118,4.022832791489556,Warning,Drift
2025-01-26 21:00:00,Transfer Pump,temperature,70.98858213728802,56.11255468087906,Warning,Drift
2025-01-26 21:00:00,Transfer Pump,vibration,4.146457517901094,3.9421961648401727,Warning,Drift
2025-01-26 21:10:00,Heat Exchanger,vibration,4.184996829448936,4.022832791489556,Warning,Drift
2025-01-26 21:10:00,Transfer Pump,temperature,71.39237836061898,56.11255468087906,Warning,Drift
2025-01-26 21:10:00,Transfer Pump,vibration,4.101493326450932,3.9421961648401727,Warning,Drift
2025-01-26 21:20:00,Heat Exchanger,vibration,3.8100397916838538,1.786686922550898,Warning,Drift
2025-01-26 21:20:00,Transfer Pump,temperature,70.212261765034,56.11255468087906,Warning,Drift
2025-01-26 21:20:00,Transfer Pump,vibration,4.100685513814613,3.9421961648401727,Warning,Drift
2025-01-26 21:30:00,Heat Exchanger,vibration,4.2832405850940924,4.022832791489556,Warning,Drift
2025-01-26 21:30:00,Transfer Pump,temperature,71.92964799960274,56.11255468087906,Warning,Drift
2025-01-26 21:30:00,Transfer Pump,vibration,4.16625222102574,3.9421961648401727,Warning,Drift
2025-01-26 21:40:00,Transfer Pump,vibration,4.512332752981927,3.9421961648401727,Warning,Drift
2025-01-26 21:40:00,Transfer Pump,temperature,71.75858460428908,56.11255468087906,Warning,Drift
2025-01-26 21:40:00,Heat Exchanger,vibration,4.158773128154348,4.022832791489556,Warning,Drift
2025-01-26 21:50:00,Transfer Pump,temperature,71.0002181564543,56.11255468087906,Warning,Drift
2025-01-26 21:50:00,Heat Exchanger,vibration,3.925092227833448,1.786686922550898,Warning,Drift
2025-01-26 21:50:00,Transfer Pump,vibration,4.4326663382066895,3.9421961648401727,Warning,Drift
2025-01-26 22:00:00,Transfer Pump,temperature,70.77231252956734,56.11255468087906,Warning,Drift
2025-01-26 22:00:00,Transfer Pump,vibration,4.144472964054673,3.9421961648401727,Warning,Drift
2025-01-26 22:00:00,Heat Exchanger,vibration,4.066012496108772,4.022832791489556,Warning,Drift
2025-01-26 22:10:00,Transfer Pump,temperature,70.69109207655097,56.11255468087906,Warning,Drift
2025-01-26 22:10:00,Transfer Pump,vibration,4.045970960837687,3.9421961648401727,Warning,Drift
2025-01-26 22:10:00,Heat Exchanger,vibration,4.206932764384095,4.022832791489556,Warning,Drift
2025-01-26 22:20:00,Heat Exchanger,vibration,4.2944547766191965,4.022832791489556,Warning,Drift
2025-01-26 22:20:00,Transfer Pump,vibration,3.8368517229285466,1.3763250384549288,Warning,Drift
2025-01-26 22:20:00,Transfer Pump,temperature,71.67462258477087,56.11255468087906,Warning,Drift
2025-01-26 22:30:00,Transfer Pump,temperature,69.8508159514464,56.11255468087906,Warning,Drift
2025-01-26 22:30:00,Transfer Pump,vibration,3.982717102586748,3.9421961648401727,Warning,Drift
2025-01-26 22:30:00,Heat Exchanger,vibration,4.177884112767311,4.022832791489556,Warning,Drift
2025-01-26 22:40:00,Transfer Pump,vibration,3.785054132857626,1.3763250384549288,Warning,Drift
2025-01-26 22:40:00,Transfer Pump,temperature,70.74776537275693,56.11255468087906,Warning,Drift
2025-01-26 22:50:00,Transfer Pump,vibration,4.268215156732566,3.9421961648401727,Warning,Drift
2025-01-26 22:50:00,Transfer Pump,temperature,69.80685127413284,56.11255468087906,Warning,Drift
2025-01-26 22:50:00,Heat Exchanger,vibration,4.065122763904916,4.022832791489556,Warning,Drift
2025-01-26 23:00:00,Transfer Pump,temperature,71.60717183834423,56.11255468087906,Warning,Drift
2025-01-26 23:00:00,Transfer Pump,vibration,4.370733490263542,3.9421961648401727,Warning,Drift
2025-01-26 23:10:00,Heat Exchanger,vibration,3.909172719286484,1.786686922550898,Warning,Drift
2025-01-26 23:10:00,Transfer Pump,temperature,70.69141659926817,56.11255468087906,Warning,Drift
2025-01-26 23:10:00,Transfer Pump,vibration,4.058958522897531,3.9421961648401727,Warning,Drift
2025-01-26 23:20:00,Transfer Pump,vibration,4.192604223783166,3.9421961648401727,Warning,Drift
2025-01-26 23:20:00,Transfer Pump,temperature,71.37251679207301,56.11255468087906,Warning,Drift
2025-01-26 23:20:00,Heat Exchanger,vibration,3.626727758629517,1.786686922550898,Warning,Drift
2025-01-26 23:30:00,Transfer Pump,temperature,71.91603143000715,56.11255468087906,Warning,Drift
2025-01-26 23:30:00,Heat Exchanger,vibration,4.0878813356432815,4.022832791489556,Warning,Drift
2025-01-26 23:30:00,Transfer Pump,vibration,3.9253320422447904,1.3763250384549288,Warning,Drift
2025-01-26 23:40:00,Transfer Pump,temperature,71.91743240900263,56.11255468087906,Warning,Drift
2025-01-26 23:40:00,Transfer Pump,vibration,3.7708662430069753,1.3763250384549288,Warning,Drift
2025-01-26 23:50:00,Transfer Pump,vibration,4.12961634212424,3.9421961648401727,Warning,Drift
2025-01-26 23:50:00,Heat Exchanger,vibration,3.6969127308080982,1.786686922550898,Warning,Drift
2025-01-26 23:50:00,Transfer Pump,temperature,71.5325002029027,56.11255468087906,Warning,Drift
2025-01-27 00:00:00,Heat Exchanger,vibration,3.555289108631682,1.786686922550898,Warning,Drift
2025-01-27 00:00:00,Transfer Pump,temperature,71.14756799680276,56.11255468087906,Warning,Drift
2025-01-27 00:00:00,Transfer Pump,vibration,4.189001585146922,3.9421961648401727,Warning,Drift
2025-01-27 00:10:00,Transfer Pump,vibration,4.427976912533263,3.9421961648401727,Warning,Drift
2025-01-27 00:10:00,Heat Exchanger,vibration,3.965943252349473,1.786686922550898,Warning,Drift
2025-01-27 00:20:00,Transfer Pump,vibration,4.494752068002185,3.9421961648401727,Warning,Drift
2025-01-27 00:20:00,Heat Exchanger,vibration,3.925475540154129,1.786686922550898,Warning,Drift
2025-01-27 00:30:00,Transfer Pump,vibration,4.0762075546295575,3.9421961648401727,Warning,Drift
2025-01-27 00:30:00,Heat Exchanger,vibration,3.9132535466049694,1.786686922550898,Warning,Drift
2025-01-27 00:40:00,Transfer Pump,vibration,4.294350504356858,3.9421961648401727,Warning,Drift
2025-01-27 00:40:00,Heat Exchanger,vibration,4.064630306370287,4.022832791489556,Warning,Drift
2025-01-27 00:50:00,Transfer Pump,vibration,4.19154970548722,3.9421961648401727,Warning,Drift
2025-01-27 00:50:00,Heat Exchanger,vibration,3.830881217698306,1.786686922550898,Warning,Drift
2025-01-27 01:00:00,Transfer Pump,vibration,4.1407422068357125,3.9421961648401727,Warning,Drift
2025-01-27 01:00:00,Heat Exchanger,vibration,4.0942478301363066,4.022832791489556,Warning,Drift
2025-01-27 01:10:00,Transfer Pump,vibration,4.139914768451779,3.9421961648401727,Warning,Drift
2025-01-27 01:10:00,Heat Exchanger,vibration,4.101919387820233,4.022832791489556,Warning,Drift
2025-01-27 01:20:00,Transfer Pump,vibration,4.127714086236944,3.9421961648401727,Warning,Drift
2025-01-27 01:20:00,Heat Exchanger,vibration,3.5051754655582643,1.786686922550898,Warning,Drift
2025-01-27 01:30:00,Transfer Pump,vibration,4.143407822514892,3.9421961648401727,Warning,Drift
2025-01-27 01:30:00,Heat Exchanger,vibration,3.9797075118963727,1.786686922550898,Warning,Drift
2025-01-27 01:40:00,Heat Exchanger,vibration,4.036864518209435,4.022832791489556,Warning,Drift
2025-01-27 01:40:00,Transfer Pump,vibration,4.468685297814147,3.9421961648401727,Warning,Drift
2025-01-27 01:50:00,Transfer Pump,temperature,72.39798794984819,71.96446774211343,Warning,Spike
2025-01-27 01:50:00,Heat Exchanger,vibration,4.07819348342547,4.022832791489556,Warning,Drift
2025-01-27 01:50:00,Transfer Pump,vibration,4.218635895404666,3.9421961648401727,Warning,Drift
2025-01-27 02:00:00,Heat Exchanger,vibration,4.119522448641505,4.022832791489556,Warning,Drift
2025-01-27 02:00:00,Transfer Pump,vibration,4.5038236601472095,3.9421961648401727,Warning,Drift
2025-01-27 02:10:00,Transfer Pump,vibration,4.039611484911328,3.9421961648401727,Warning,Drift
2025-01-27 02:20:00,Heat Exchanger,vibration,4.060753709132522,4.022832791489556,Warning,Drift
2025-01-27 02:20:00,Transfer Pump,vibration,3.703156403162678,1.3763250384549288,Warning,Drift
2025-01-27 02:30:00,Transfer Pump,temperature,72.00784444620183,71.96446774211343,Warning,Spike
2025-01-27 02:30:00,Transfer Pump,vibration,4.14216999607486,3.9421961648401727,Warning,Drift
2025-01-27 02:40:00,Heat Exchanger,vibration,4.262643188316799,4.022832791489556,Warning,Spike
2025-01-27 03:00:00,Transfer Pump,temperature,72.59046114424669,71.96446774211343,Warning,Spike
2025-01-27 03:00:00,Transfer Pump,vibration,4.500918985252517,3.9421961648401727,Warning,Drift
2025-01-27 03:00:00,Reactor,vibration,6.986597000227215,3.7273566182843085,Warning,Spike
2025-01-27 03:00:00,Heat Exchanger,vibration,4.096963987989271,4.022832791489556,Warning,Spike
2025-01-27 03:00:00,Reactor,temperature,76.87471476803898,70.61191346954348,Warning,Spike
2025-01-27 03:10:00,Transfer Pump,temperature,72.80618961791323,71.96446774211343,Warning,Spike
2025-01-27 03:10:00,Heat Exchanger,vibration,4.26931630293813,4.022832791489556,Warning,Spike
2025-01-27 03:10:00,Transfer Pump,vibration,4.041267228808071,3.9421961648401727,Warning,Drift
2025-01-27 03:20:00,Heat Exchanger,vibration,4.264980577092837,4.022832791489556,Warning,Spike
2025-01-27 03:30:00,Transfer Pump,temperature,72.94471872535237,71.96446774211343,Warning,Spike
2025-01-27 03:30:00,Transfer Pump,vibration,4.676112334969888,3.9421961648401727,Warning,Drift
2025-01-27 03:30:00,Heat Exchanger,vibration,4.116495824288815,4.022832791489556,Warning,Spike
2025-01-27 03:40:00,Transfer Pump,temperature,72.5003311189149,71.96446774211343,Warning,Spike
2025-01-27 03:40:00,Transfer Pump,vibration,4.1232393423652125,3.9421961648401727,Warning,Drift
2025-01-27 03:40:00,Heat Exchanger,vibration,4.373345234587994,4.022832791489556,Warning,Spike
2025-01-27 03:50:00,Heat Exchanger,vibration,4.046585315210351,4.022832791489556,Warning,Spike
2025-01-27 03:50:00,Transfer Pump,vibration,4.305813122169729,3.9421961648401727,Warning,Drift
2025-01-27 03:50:00,Transfer Pump,temperature,72.96136007388186,71.96446774211343,Warning,Spike
2025-01-27 04:00:00,Heat Exchanger,vibration,4.327622653876306,4.022832791489556,Warning,Spike
2025-01-27 04:00:00,Transfer Pump,vibration,4.6084874696454765,3.9421961648401727,Warning,Drift
2025-01-27 04:00:00,Transfer Pump,temperature,72.54388871859169,71.96446774211343,Warning,Spike
2025-01-27 04:10:00,Transfer Pump,temperature,73.87213346717692,71.96446774211343,Warning,Spike
2025-01-27 04:10:00,Heat Exchanger,vibration,4.375592884792033,4.022832791489556,Warning,Drift
2025-01-27 04:10:00,Transfer Pump,vibration,4.308274595467268,3.9421961648401727,Warning,Drift
2025-01-27 04:20:00,Heat Exchanger,vibration,3.986120999136755,1.786686922550898,Warning,Drift
2025-01-27 04:20:00,Transfer Pump,vibration,4.461318556913335,3.9421961648401727,Warning,Drift
2025-01-27 04:30:00,Heat Exchanger,vibration,3.9798883555773945,1.786686922550898,Warning,Drift
2025-01-27 04:30:00,Transfer Pump,temperature,72.79218604686925,71.96446774211343,Warning,Spike
2025-01-27 04:30:00,Transfer Pump,vibration,4.535365391225687,3.9421961648401727,Warning,Drift
2025-01-27 04:40:00,Transfer Pump,vibration,4.470671335796833,3.9421961648401727,Warning,Drift
2025-01-27 04:40:00,Transfer Pump,temperature,73.68624297761886,71.96446774211343,Warning,Spike
2025-01-27 04:50:00,Heat Exchanger,vibration,4.35712826075062,4.022832791489556,Warning,Spike
2025-01-27 05:00:00,Transfer Pump,temperature,73.61852327921846,71.96446774211343,Warning,Spike
2025-01-27 05:00:00,Transfer Pump,vibration,4.3379729557410265,3.9421961648401727,Warning,Drift
2025-01-27 05:00:00,Heat Exchanger,vibration,4.225186428341188,4.022832791489556,Warning,Drift
2025-01-27 05:10:00,Heat Exchanger,vibration,4.511734859455899,4.022832791489556,Warning,Drift
2025-01-27 05:10:00,Transfer Pump,temperature,73.15652192991905,71.96446774211343,Warning,Spike
2025-01-27 05:10:00,Transfer Pump,vibration,4.301375072857776,3.9421961648401727,Warning,Drift
2025-01-27 05:20:00,Transfer Pump,vibration,4.625897473375497,3.9421961648401727,Warning,Drift
2025-01-27 05:20:00,Heat Exchanger,vibration,4.408998245122684,4.022832791489556,Warning,Drift
2025-01-27 05:20:00,Transfer Pump,temperature,73.76797762005864,71.96446774211343,Warning,Drift
2025-01-27 05:30:00,Heat Exchanger,vibration,4.692271205435262,4.022832791489556,Warning,Drift
2025-01-27 05:30:00,Transfer Pump,temperature,73.79854738494062,71.96446774211343,Warning,Drift
2025-01-27 05:30:00,Transfer Pump,vibration,4.42034376037725,3.9421961648401727,Warning,Drift
2025-01-27 05:40:00,Heat Exchanger,vibration,4.594908451536576,4.022832791489556,Warning,Drift
2025-01-27 05:40:00,Transfer Pump,vibration,4.6429659032565045,3.9421961648401727,Warning,Drift
2025-01-27 05:40:00,Transfer Pump,temperature,73.99164698708607,71.96446774211343,Warning,Drift
2025-01-27 05:50:00,Transfer Pump,vibration,4.86558804613576,3.9421961648401727,Warning,Drift
2025-01-27 05:50:00,Transfer Pump,temperature,74.05717523717341,71.96446774211343,Warning,Drift
2025-01-27 05:50:00,Heat Exchanger,temperature,73.8687451899174,73.86863969930432,Warning,Spike
2025-01-27 05:50:00,Heat Exchanger,vibration,4.434485917230917,4.022832791489556,Warning,Drift
2025-01-27 06:00:00,Transfer Pump,temperature,74.21470554944614,71.96446774211343,Warning,Drift
2025-01-27 06:00:00,Transfer Pump,vibration,4.391773822782463,3.9421961648401727,Warning,Drift
2025-01-27 06:00:00,Heat Exchanger,vibration,4.648151702856225,4.022832791489556,Warning,Drift
2025-01-27 06:00:00,Heat Exchanger,temperature,74.28950509462227,73.86863969930432,Warning,Spike
2025-01-27 06:10:00,Heat Exchanger,temperature,74.03828800894887,73.86863969930432,Warning,Spike
2025-01-27 06:10:00,Heat Exchanger,vibration,4.433172303402966,4.022832791489556,Warning,Drift
2025-01-27 06:20:00,Transfer Pump,temperature,75.11669587061616,71.96446774211343,Warning,Drift
2025-01-27 06:20:00,Heat Exchanger,vibration,4.276146865628412,4.022832791489556,Warning,Drift
2025-01-27 06:20:00,Heat Exchanger,temperature,76.14269361760871,73.86863969930432,Warning,Spike
2025-01-27 06:20:00,Transfer Pump,vibration,5.011504176146094,3.9421961648401727,Warning,Drift
2025-01-27 06:30:00,Heat Exchanger,temperature,75.5484436504684,73.86863969930432,Warning,Spike
2025-01-27 06:30:00,Heat Exchanger,vibration,4.410256881406149,4.022832791489556,Warning,Drift
2025-01-27 06:30:00,Transfer Pump,temperature,75.57267018368387,71.96446774211343,Warning,Drift
2025-01-27 06:30:00,Transfer Pump,vibration,4.507276773997539,3.9421961648401727,Warning,Drift
2025-01-27 06:40:00,Heat Exchanger,vibration,4.4922050032159495,4.022832791489556,Warning,Drift
2025-01-27 06:40:00,Transfer Pump,temperature,76.3870401433249,71.96446774211343,Warning,Drift
2025-01-27 06:40:00,Transfer Pump,vibration,4.897590564146518,3.9421961648401727,Warning,Drift
2025-01-27 06:50:00,Heat Exchanger,temperature,75.3849428564099,73.86863969930432,Warning,Spike
2025-01-27 06:50:00,Heat Exchanger,vibration,3.973580526850889,1.786686922550898,Warning,Drift
2025-01-27 06:50:00,Transfer Pump,vibration,4.802712017729847,3.9421961648401727,Warning,Drift
2025-01-27 06:50:00,Transfer Pump,temperature,76.03092885863225,71.96446774211343,Warning,Drift
2025-01-27 07:00:00,Transfer Pump,temperature,76.14293804880056,71.96446774211343,Warning,Drift
2025-01-27 07:00:00,Heat Exchanger,vibration,4.801986516727323,4.022832791489556,Warning,Drift
2025-01-27 07:00:00,Transfer Pump,vibration,4.89435576450907,3.9421961648401727,Warning,Drift
2025-01-27 07:00:00,Heat Exchanger,temperature,74.59229781496151,73.86863969930432,Warning,Spike
2025-01-27 07:10:00,Heat Exchanger,vibration,4.555182625329559,4.022832791489556,Warning,Drift
2025-01-27 07:10:00,Transfer Pump,vibration,4.604998224682066,3.9421961648401727,Warning,Drift
2025-01-27 07:10:00,Transfer Pump,temperature,75.88337716299768,71.96446774211343,Warning,Drift
2025-01-27 07:20:00,Heat Exchanger,vibration,4.765630787316413,4.022832791489556,Warning,Drift
2025-01-27 07:20:00,Transfer Pump,temperature,74.38563986391765,71.96446774211343,Warning,Drift
2025-01-27 07:20:00,Transfer Pump,vibration,5.103509015003464,3.9421961648401727,Warning,Drift
2025-01-27 07:30:00,Heat Exchanger,vibration,4.64016367815472,4.022832791489556,Warning,Drift
2025-01-27 07:30:00,Transfer Pump,temperature,76.16662991066093,71.96446774211343,Warning,Drift
2025-01-27 07:30:00,Transfer Pump,vibration,4.659166861811618,3.9421961648401727,Warning,Drift
2025-01-27 07:30:00,Heat Exchanger,temperature,74.74817977249988,73.86863969930432,Warning,Spike
2025-01-27 07:40:00,Heat Exchanger,vibration,4.35267544774719,4.022832791489556,Warning,Drift
2025-01-27 07:40:00,Transfer Pump,temperature,76.17670415028364,71.96446774211343,Warning,Drift
2025-01-27 07:40:00,Transfer Pump,vibration,4.913827502753956,3.9421961648401727,Warning,Drift
2025-01-27 07:40:00,Heat Exchanger,temperature,75.98351426886352,73.86863969930432,Warning,Spike
2025-01-27 07:50:00,Heat Exchanger,temperature,75.44680132366551,73.86863969930432,Warning,Spike
2025-01-27 07:50:00,Heat Exchanger,vibration,4.662881689964207,4.022832791489556,Warning,Drift
2025-01-27 07:50:00,Transfer Pump,temperature,77.05217159651046,71.96446774211343,Warning,Drift
2025-01-27 07:50:00,Transfer Pump,vibration,4.8055711394342895,3.9421961648401727,Warning,Drift
2025-01-27 08:00:00,Heat Exchanger,temperature,75.86510040225204,73.86863969930432,Warning,Spike
2025-01-27 08:00:00,Heat Exchanger,vibration,4.645093723675512,4.022832791489556,Warning,Drift
2025-01-27 08:00:00,Transfer Pump,temperature,76.82064957397648,71.96446774211343,Warning,Drift
2025-01-27 08:00:00,Transfer Pump,vibration,4.93159757712992,3.9421961648401727,Warning,Drift
2025-01-27 08:10:00,Transfer Pump,vibration,4.675602594468028,3.9421961648401727,Warning,Drift
2025-01-27 08:10:00,Transfer Pump,temperature,76.39783107027552,71.96446774211343,Warning,Drift
2025-01-27 08:10:00,Heat Exchanger,vibration,4.560893717517441,4.022832791489556,Warning,Drift
2025-01-27 08:20:00,Heat Exchanger,vibration,4.631258403099014,4.022832791489556,Warning,Drift
2025-01-27 08:20:00,Heat Exchanger,temperature,75.54131795416697,73.86863969930432,Warning,Spike
2025-01-27 08:30:00,Transfer Pump,vibration,4.938108197678686,3.9421961648401727,Warning,Drift
2025-01-27 08:30:00,Heat Exchanger,vibration,4.722985918485999,4.022832791489556,Warning,Drift
2025-01-27 08:30:00,Heat Exchanger,temperature,75.01002920410363,73.86863969930432,Warning,Spike
2025-01-27 08:30:00,Transfer Pump,temperature,77.43963850003989,71.96446774211343,Warning,Drift
2025-01-27 08:40:00,Transfer Pump,vibration,4.8364822993641,3.9421961648401727,Warning,Drift
2025-01-27 08:40:00,Heat Exchanger,temperature,74.71146633915183,73.86863969930432,Warning,Spike
2025-01-27 08:40:00,Heat Exchanger,vibration,4.292626920746335,4.022832791489556,Warning,Drift
2025-01-27 08:40:00,Transfer Pump,temperature,77.15637056275288,71.96446774211343,Warning,Drift
2025-01-27 08:50:00,Transfer Pump,vibration,4.845949981618874,3.9421961648401727,Warning,Drift
2025-01-27 08:50:00,Transfer Pump,temperature,77.3680528680302,71.96446774211343,Warning,Drift
2025-01-27 08:50:00,Heat Exchanger,vibration,4.814832500738541,4.022832791489556,Warning,Drift
2025-01-27 08:50:00,Heat Exchanger,temperature,75.1315137117628,73.86863969930432,Warning,Spike
2025-01-27 09:00:00,Heat Exchanger,temperature,76.26598875871518,73.86863969930432,Warning,Spike
2025-01-27 09:00:00,Heat Exchanger,vibration,4.873793049472264,4.022832791489556,Warning,Drift
2025-01-27 09:00:00,Transfer Pump,vibration,5.031265353173092,3.9421961648401727,Warning,Drift
2025-01-27 09:00:00,Transfer Pump,temperature,77.16756949986832,71.96446774211343,Warning,Drift
2025-01-27 09:10:00,Heat Exchanger,temperature,76.84539468344894,73.86863969930432,Warning,Drift
2025-01-27 09:10:00,Heat Exchanger,vibration,4.869683356799999,4.022832791489556,Warning,Drift
2025-01-27 09:10:00,Transfer Pump,vibration,4.67856622252372,3.9421961648401727,Warning,Drift
2025-01-27 09:10:00,Transfer Pump,temperature,77.24193813197323,71.96446774211343,Warning,Drift
2025-01-27 09:20:00,Heat Exchanger,temperature,75.69589295957663,73.86863969930432,Warning,Drift
2025-01-27 09:20:00,Heat Exchanger,vibration,4.742670665162443,4.022832791489556,Warning,Drift
2025-01-27 09:20:00,Transfer Pump,vibration,5.178625586437041,3.9421961648401727,Warning,Drift
2025-01-27 09:20:00,Transfer Pump,temperature,75.59775812845251,71.96446774211343,Warning,Drift
2025-01-27 09:30:00,Transfer Pump,vibration,4.996021322504262,3.9421961648401727,Warning,Drift
2025-01-27 09:30:00,Transfer Pump,temperature,76.70196135719729,71.96446774211343,Warning,Drift
2025-01-27 09:40:00,Transfer Pump,vibration,5.124260999468844,3.9421961648401727,Warning,Drift
2025-01-27 09:40:00,Transfer Pump,temperature,77.09609592769114,71.96446774211343,Warning,Drift
2025-01-27 09:40:00,Heat Exchanger,temperature,77.27189818424827,73.86863969930432,Warning,Drift
2025-01-27 09:40:00,Heat Exchanger,vibration,4.91094324007406,4.022832791489556,Warning,Drift
2025-01-27 09:50:00,Heat Exchanger,temperature,76.9716410367525,73.86863969930432,Warning,Drift
2025-01-27 09:50:00,Transfer Pump,temperature,77.97869697673099,71.96446774211343,Warning,Drift
2025-01-27 09:50:00,Heat Exchanger,vibration,4.755527218764213,4.022832791489556,Warning,Drift
2025-01-27 09:50:00,Transfer Pump,vibration,5.093615499633059,3.9421961648401727,Warning,Drift
2025-01-27 10:00:00,Transfer Pump,vibration,5.114561004730172,3.9421961648401727,Warning,Drift
2025-01-27 10:00:00,Transfer Pump,temperature,76.38057545578607,71.96446774211343,Warning,Drift
2025-01-27 10:10:00,Transfer Pump,vibration,4.804265895415748,3.9421961648401727,Warning,Drift
2025-01-27 10:10:00,Transfer Pump,temperature,77.36295124473949,71.96446774211343,Warning,Drift
2025-01-27 10:10:00,Heat Exchanger,temperature,76.47142213448628,73.86863969930432,Warning,Drift
2025-01-27 10:10:00,Heat Exchanger,vibration,4.606419407244841,4.022832791489556,Warning,Drift
2025-01-27 10:20:00,Heat Exchanger,vibration,4.933635194366204,4.022832791489556,Warning,Drift
2025-01-27 10:20:00,Heat Exchanger,temperature,77.20339461277509,73.86863969930432,Warning,Drift
2025-01-27 10:20:00,Transfer Pump,vibration,5.239149027930646,3.9421961648401727,Warning,Drift
2025-01-27 10:20:00,Transfer Pump,temperature,77.33248396164625,71.96446774211343,Warning,Drift
2025-01-27 10:30:00,Transfer Pump,temperature,78.0113572180603,71.96446774211343,Warning,Drift
2025-01-27 10:30:00,Heat Exchanger,vibration,5.000367548119909,4.022832791489556,Warning,Drift
2025-01-27 10:30:00,Heat Exchanger,temperature,76.43446623064668,73.86863969930432,Warning,Drift
2025-01-27 10:30:00,Transfer Pump,vibration,5.087370330372065,3.9421961648401727,Warning,Drift
2025-01-27 10:40:00,Transfer Pump,temperature,78.34031154860796,71.96446774211343,Warning,Drift
2025-01-27 10:40:00,Transfer Pump,vibration,4.960696148998642,3.9421961648401727,Warning,Drift
2025-01-27 10:40:00,Heat Exchanger,temperature,77.58401527591492,73.86863969930432,Warning,Drift
2025-01-27 10:40:00,Heat Exchanger,vibration,4.900785607709853,4.022832791489556,Warning,Drift
2025-01-27 10:50:00,Transfer Pump,vibration,5.030787117667909,3.9421961648401727,Warning,Drift
2025-01-27 10:50:00,Transfer Pump,temperature,77.51476214319017,71.96446774211343,Warning,Drift
2025-01-27 10:50:00,Heat Exchanger,vibration,4.875414424698876,4.022832791489556,Warning,Drift
2025-01-27 10:50:00,Heat Exchanger,temperature,76.23373157942204,73.86863969930432,Warning,Drift
2025-01-27 11:00:00,Heat Exchanger,vibration,4.830919195408931,4.022832791489556,Warning,Drift
2025-01-27 11:00:00,Heat Exchanger,temperature,77.47195943671473,73.86863969930432,Warning,Drift
2025-01-27 11:00:00,Transfer Pump,temperature,77.6195087285322,71.96446774211343,Warning,Drift
2025-01-27 11:00:00,Transfer Pump,vibration,5.124851122088924,3.9421961648401727,Warning,Drift
2025-01-27 11:10:00,Transfer Pump,temperature,77.57522991242789,71.96446774211343,Warning,Drift
2025-01-27 11:10:00,Transfer Pump,vibration,5.09760772488694,3.9421961648401727,Warning,Drift
2025-01-27 11:10:00,Heat Exchanger,vibration,4.986166699025548,4.022832791489556,Warning,Drift
2025-01-27 11:10:00,Heat Exchanger,temperature,77.93338609179071,73.86863969930432,Warning,Drift
2025-01-27 11:20:00,Transfer Pump,temperature,77.84166902720843,71.96446774211343,Warning,Drift
2025-01-27 11:20:00,Heat Exchanger,temperature,77.39513730621407,73.86863969930432,Warning,Drift
2025-01-27 11:20:00,Transfer Pump,vibration,5.177333731857498,3.9421961648401727,Warning,Drift
2025-01-27 11:20:00,Heat Exchanger,vibration,4.762513539597524,4.022832791489556,Warning,Drift
2025-01-27 11:30:00,Heat Exchanger,vibration,4.902525190542493,4.022832791489556,Warning,Drift
2025-01-27 11:30:00,Heat Exchanger,temperature,76.47714754207688,73.86863969930432,Warning,Drift
2025-01-27 11:30:00,Transfer Pump,vibration,5.371260408581134,3.9421961648401727,Warning,Drift
2025-01-27 11:30:00,Transfer Pump,temperature,78.14059884268437,71.96446774211343,Warning,Drift
2025-01-27 11:40:00,Transfer Pump,vibration,4.8900263862265465,3.9421961648401727,Warning,Drift
2025-01-27 11:40:00,Heat Exchanger,vibration,4.925717598497142,4.022832791489556,Warning,Drift
2025-01-27 11:40:00,Transfer Pump,temperature,79.2547539337234,71.96446774211343,Warning,Drift
2025-01-27 11:40:00,Heat Exchanger,temperature,75.9861535867036,73.86863969930432,Warning,Drift
2025-01-27 11:50:00,Transfer Pump,temperature,77.40715971048473,71.96446774211343,Warning,Drift
2025-01-27 11:50:00,Transfer Pump,vibration,5.213787777907328,3.9421961648401727,Warning,Drift
2025-01-27 12:00:00,Transfer Pump,temperature,79.62567285732001,71.96446774211343,Warning,Drift
2025-01-27 12:00:00,Transfer Pump,vibration,5.060686179225318,3.9421961648401727,Warning,Drift
2025-01-27 12:00:00,Heat Exchanger,temperature,77.7024126827161,73.86863969930432,Warning,Drift
2025-01-27 12:00:00,Heat Exchanger,vibration,4.76520804415707,4.022832791489556,Warning,Drift
2025-01-27 12:10:00,Transfer Pump,vibration,5.286063083769499,3.9421961648401727,Warning,Drift
2025-01-27 12:10:00,Transfer Pump,temperature,77.23912842300618,71.96446774211343,Warning,Drift
2025-01-27 12:20:00,Transfer Pump,temperature,78.98442291878402,71.96446774211343,Warning,Drift
2025-01-27 12:20:00,Heat Exchanger,temperature,76.82744381169228,73.86863969930432,Warning,Drift
2025-01-27 12:20:00,Heat Exchanger,vibration,4.921486433184265,4.022832791489556,Warning,Drift
2025-01-27 12:20:00,Transfer Pump,vibration,5.372570909400826,3.9421961648401727,Warning,Drift
2025-01-27 12:30:00,Transfer Pump,temperature,77.82796192570811,71.96446774211343,Warning,Drift
2025-01-27 12:30:00,Heat Exchanger,temperature,77.6137660430742,73.86863969930432,Warning,Drift
2025-01-27 12:30:00,Heat Exchanger,vibration,4.948516033755867,4.022832791489556,Warning,Drift
2025-01-27 12:30:00,Transfer Pump,vibration,5.113952238588098,3.9421961648401727,Warning,Drift
2025-01-27 12:40:00,Transfer Pump,vibration,5.1882422011401,3.9421961648401727,Warning,Drift
2025-01-27 12:40:00,Heat Exchanger,vibration,4.90818397359032,4.022832791489556,Warning,Drift
2025-01-27 12:40:00,Heat Exchanger,temperature,75.68791910130176,73.86863969930432,Warning,Drift
2025-01-27 12:40:00,Transfer Pump,temperature,77.46111615074366,71.96446774211343,Warning,Drift
2025-01-27 12:50:00,Heat Exchanger,vibration,4.417693369871594,4.022832791489556,Warning,Drift
2025-01-27 12:50:00,Heat Exchanger,temperature,77.04152018203219,73.86863969930432,Warning,Drift
2025-01-27 12:50:00,Transfer Pump,vibration,5.29239154042915,3.9421961648401727,Warning,Drift
2025-01-27 12:50:00,Transfer Pump,temperature,79.218109340139,71.96446774211343,Warning,Drift
2025-01-27 13:00:00,Transfer Pump,vibration,5.249349660879542,3.9421961648401727,Warning,Drift
2025-01-27 13:00:00,Transfer Pump,temperature,78.19822592251667,71.96446774211343,Warning,Drift
2025-01-27 13:00:00,Heat Exchanger,temperature,76.33390025213994,73.86863969930432,Warning,Drift
2025-01-27 13:00:00,Heat Exchanger,vibration,4.96223671927395,4.022832791489556,Warning,Drift
2025-01-27 13:10:00,Transfer Pump,vibration,5.291224668715236,3.9421961648401727,Warning,Drift
2025-01-27 13:10:00,Heat Exchanger,temperature,76.10046487474942,73.86863969930432,Warning,Drift
2025-01-27 13:10:00,Heat Exchanger,vibration,5.3600642627897255,4.022832791489556,Warning,Drift
2025-01-27 13:10:00,Transfer Pump,temperature,78.12939609272406,71.96446774211343,Warning,Drift
2025-01-27 13:20:00,Transfer Pump,vibration,5.005873207423056,3.9421961648401727,Warning,Drift
2025-01-27 13:20:00,Transfer Pump,temperature,77.82837457341702,71.96446774211343,Warning,Drift
2025-01-27 13:20:00,Heat Exchanger,temperature,76.72448202710046,73.86863969930432,Warning,Drift
2025-01-27 13:20:00,Heat Exchanger,vibration,5.057583226571694,4.022832791489556,Warning,Drift
2025-01-27 13:30:00,Transfer Pump,vibration,4.923766841174144,3.9421961648401727,Warning,Drift
2025-01-27 13:30:00,Transfer Pump,temperature,77.53403331638117,71.96446774211343,Warning,Drift
2025-01-27 13:30:00,Heat Exchanger,vibration,4.533957838938193,4.022832791489556,Warning,Drift
2025-01-27 13:30:00,Heat Exchanger,temperature,79.06287802487952,73.86863969930432,Warning,Drift
2025-01-27 13:40:00,Transfer Pump,vibration,4.841660474925233,3.9421961648401727,Warning,Drift
2025-01-27 13:40:00,Transfer Pump,temperature,77.80073945208383,71.96446774211343,Warning,Drift
2025-01-27 13:40:00,Heat Exchanger,vibration,4.806047498187883,4.022832791489556,Warning,Drift
2025-01-27 13:40:00,Heat Exchanger,temperature,77.5336957991561,73.86863969930432,Warning,Drift
2025-01-27 13:50:00,Transfer Pump,vibration,5.00316016223432,3.9421961648401727,Warning,Drift
2025-01-27 13:50:00,Transfer Pump,temperature,75.29767099407708,71.96446774211343,Warning,Drift
2025-01-27 13:50:00,Heat Exchanger,vibration,4.836050672633832,4.022832791489556,Warning,Drift
2025-01-27 13:50:00,Heat Exchanger,temperature,76.06030212110299,73.86863969930432,Warning,Drift
2025-01-27 14:00:00,Transfer Pump,vibration,5.014561264304358,3.9421961648401727,Warning,Drift
2025-01-27 14:00:00,Transfer Pump,temperature,76.32730259449646,71.96446774211343,Warning,Drift
2025-01-27 14:00:00,Heat Exchanger,temperature,77.86440668443088,73.86863969930432,Warning,Drift
2025-01-27 14:00:00,Heat Exchanger,vibration,4.804866920086349,4.022832791489556,Warning,Drift
2025-01-27 14:10:00,Transfer Pump,vibration,4.994511193368445,3.9421961648401727,Warning,Drift
2025-01-27 14:10:00,Heat Exchanger,vibration,4.630306827602321,4.022832791489556,Warning,Drift
2025-01-27 14:10:00,Heat Exchanger,temperature,75.77545828667505,73.86863969930432,Warning,Drift
2025-01-27 14:10:00,Transfer Pump,temperature,78.04940519110428,71.96446774211343,Warning,Drift
2025-01-27 14:20:00,Heat Exchanger,vibration,4.682525253581562,4.022832791489556,Warning,Drift
2025-01-27 14:20:00,Heat Exchanger,temperature,75.86228864867965,73.86863969930432,Warning,Drift
2025-01-27 14:20:00,Transfer Pump,vibration,5.098886208505347,3.9421961648401727,Warning,Drift
2025-01-27 14:20:00,Transfer Pump,temperature,78.60144849583358,71.96446774211343,Warning,Drift
2025-01-27 14:30:00,Transfer Pump,vibration,5.092795550849052,3.9421961648401727,Warning,Drift
2025-01-27 14:30:00,Transfer Pump,temperature,78.66029025977325,71.96446774211343,Warning,Drift
2025-01-27 14:30:00,Heat Exchanger,vibration,5.000618735745314,4.022832791489556,Warning,Drift
2025-01-27 14:30:00,Heat Exchanger,temperature,75.94911901068426,73.86863969930432,Warning,Drift
2025-01-27 14:40:00,Heat Exchanger,temperature,76.65072904733316,73.86863969930432,Warning,Drift
2025-01-27 14:40:00,Heat Exchanger,vibration,4.955595375200016,4.022832791489556,Warning,Drift
2025-01-27 14:40:00,Transfer Pump,temperature,76.71277898486643,71.96446774211343,Warning,Drift
2025-01-27 14:40:00,Transfer Pump,vibration,4.9762762420441575,3.9421961648401727,Warning,Drift
2025-01-27 14:50:00,Heat Exchanger,temperature,78.13525827204613,73.86863969930432,Warning,Drift
2025-01-27 14:50:00,Transfer Pump,temperature,77.5364640302361,71.96446774211343,Warning,Drift
2025-01-27 14:50:00,Transfer Pump,vibration,5.038360230753384,3.9421961648401727,Warning,Drift
2025-01-27 14:50:00,Heat Exchanger,vibration,4.788934120236127,4.022832791489556,Warning,Drift
2025-01-27 15:00:00,Heat Exchanger,temperature,76.08520144964831,73.86863969930432,Warning,Drift
2025-01-27 15:00:00,Transfer Pump,temperature,75.52634364984493,71.96446774211343,Warning,Drift
2025-01-27 15:00:00,Transfer Pump,vibration,5.112012026093079,3.9421961648401727,Warning,Drift
2025-01-27 15:00:00,Heat Exchanger,vibration,4.966980236917287,4.022832791489556,Warning,Drift
2025-01-27 15:10:00,Transfer Pump,temperature,76.89421804121187,71.96446774211343,Warning,Drift
2025-01-27 15:10:00,Transfer Pump,vibration,4.806067381029619,3.9421961648401727,Warning,Drift
2025-01-27 15:10:00,Heat Exchanger,temperature,77.7297258966729,73.86863969930432,Warning,Drift
2025-01-27 15:10:00,Heat Exchanger,vibration,4.664779426485261,4.022832791489556,Warning,Drift
2025-01-27 15:20:00,Transfer Pump,vibration,5.10390078383006,3.9421961648401727,Warning,Drift
2025-01-27 15:20:00,Transfer Pump,temperature,77.72398820275488,71.96446774211343,Warning,Drift
2025-01-27 15:20:00,Heat Exchanger,vibration,4.707406142502702,4.022832791489556,Warning,Drift
2025-01-27 15:20:00,Heat Exchanger,temperature,76.09135348851746,73.86863969930432,Warning,Drift
2025-01-27 15:30:00,Heat Exchanger,vibration,4.689028848665257,4.022832791489556,Warning,Drift
2025-01-27 15:30:00,Heat Exchanger,temperature,75.96462667057702,73.86863969930432,Warning,Drift
2025-01-27 15:30:00,Transfer Pump,temperature,76.93645879167309,71.96446774211343,Warning,Drift
2025-01-27 15:30:00,Transfer Pump,vibration,4.811396826528345,3.9421961648401727,Warning,Drift
2025-01-27 15:40:00,Heat Exchanger,vibration,4.460452624961434,4.022832791489556,Warning,Drift
2025-01-27 15:40:00,Heat Exchanger,temperature,75.20664229277362,73.86863969930432,Warning,Drift
2025-01-27 15:40:00,Transfer Pump,temperature,76.56642484910427,71.96446774211343,Warning,Drift
2025-01-27 15:40:00,Transfer Pump,vibration,5.165477194693986,3.9421961648401727,Warning,Drift
2025-01-27 15:50:00,Heat Exchanger,temperature,76.92280664307742,73.86863969930432,Warning,Drift
2025-01-27 15:50:00,Heat Exchanger,vibration,4.678200500843595,4.022832791489556,Warning,Drift
2025-01-27 15:50:00,Transfer Pump,temperature,76.69873691536021,71.96446774211343,Warning,Drift
2025-01-27 15:50:00,Transfer Pump,vibration,4.92087537351901,3.9421961648401727,Warning,Drift
2025-01-27 16:00:00,Heat Exchanger,vibration,5.003151850342218,4.022832791489556,Warning,Drift
2025-01-27 16:00:00,Heat Exchanger,temperature,75.27018114080022,73.86863969930432,Warning,Drift
2025-01-27 16:00:00,Transfer Pump,temperature,77.60961137577014,71.96446774211343,Warning,Drift
2025-01-27 16:00:00,Transfer Pump,vibration,4.886538318968723,3.9421961648401727,Warning,Drift
2025-01-27 16:10:00,Transfer Pump,vibration,4.536473980229623,3.9421961648401727,Warning,Drift
2025-01-27 16:10:00,Transfer Pump,temperature,76.25820604316198,71.96446774211343,Warning,Drift
2025-01-27 16:10:00,Heat Exchanger,vibration,4.967129009736205,4.022832791489556,Warning,Drift
2025-01-27 16:10:00,Heat Exchanger,temperature,77.06125273890792,73.86863969930432,Warning,Drift
2025-01-27 16:20:00,Heat Exchanger,vibration,4.69634641521916,4.022832791489556,Warning,Drift
2025-01-27 16:20:00,Heat Exchanger,temperature,74.90229057740778,73.86863969930432,Warning,Drift
2025-01-27 16:20:00,Transfer Pump,temperature,76.37964039763821,71.96446774211343,Warning,Drift
2025-01-27 16:20:00,Transfer Pump,vibration,4.960264928635116,3.9421961648401727,Warning,Drift
2025-01-27 16:30:00,Heat Exchanger,vibration,4.618773932525311,4.022832791489556,Warning,Drift
2025-01-27 16:30:00,Heat Exchanger,temperature,74.90483918525382,73.86863969930432,Warning,Drift
2025-01-27 16:30:00,Transfer Pump,temperature,77.40178269083088,71.96446774211343,Warning,Drift
2025-01-27 16:30:00,Transfer Pump,vibration,4.841817818602584,3.9421961648401727,Warning,Drift
2025-01-27 16:40:00,Transfer Pump,temperature,75.86580187744518,71.96446774211343,Warning,Drift
2025-01-27 16:40:00,Heat Exchanger,temperature,75.93426202613037,73.86863969930432,Warning,Drift
2025-01-27 16:40:00,Heat Exchanger,vibration,4.959121008274172,4.022832791489556,Warning,Drift
2025-01-27 16:40:00,Transfer Pump,vibration,4.838588994270927,3.9421961648401727,Warning,Drift
2025-01-27 16:50:00,Heat Exchanger,temperature,74.90405649907844,73.86863969930432,Warning,Drift
2025-01-27 16:50:00,Transfer Pump,temperature,74.59915453492293,71.96446774211343,Warning,Drift
2025-01-27 16:50:00,Transfer Pump,vibration,4.772730054760315,3.9421961648401727,Warning,Drift
2025-01-27 16:50:00,Heat Exchanger,vibration,4.735402427432335,4.022832791489556,Warning,Drift
2025-01-27 17:00:00,Transfer Pump,temperature,76.86100973937243,71.96446774211343,Warning,Drift
2025-01-27 17:00:00,Heat Exchanger,vibration,4.511683846590499,4.022832791489556,Warning,Drift
2025-01-27 17:00:00,Transfer Pump,vibration,4.884003789097895,3.9421961648401727,Warning,Drift
2025-01-27 17:00:00,Heat Exchanger,temperature,75.07931613935,73.86863969930432,Warning,Drift
2025-01-27 17:10:00,Heat Exchanger,temperature,73.65738614890478,58.08404267265845,Warning,Drift
2025-01-27 17:10:00,Heat Exchanger,vibration,4.759086584188425,4.022832791489556,Warning,Drift
2025-01-27 17:20:00,Heat Exchanger,temperature,74.64732043020018,73.86863969930432,Warning,Drift
2025-01-27 17:20:00,Heat Exchanger,vibration,4.2604210310111,4.022832791489556,Warning,Drift
2025-01-27 17:20:00,Transfer Pump,vibration,4.821932572492083,3.9421961648401727,Warning,Drift
2025-01-27 17:20:00,Transfer Pump,temperature,73.70388065346789,71.96446774211343,Warning,Drift
2025-01-27 17:30:00,Transfer Pump,vibration,4.953309010852879,3.9421961648401727,Warning,Drift
2025-01-27 17:30:00,Heat Exchanger,temperature,74.70942470477249,73.86863969930432,Warning,Drift
2025-01-27 17:30:00,Heat Exchanger,vibration,4.529909625257568,4.022832791489556,Warning,Drift
2025-01-27 17:30:00,Transfer Pump,temperature,75.22665185531778,71.96446774211343,Warning,Drift
2025-01-27 17:40:00,Transfer Pump,vibration,4.568079771845781,3.9421961648401727,Warning,Drift
2025-01-27 17:40:00,Transfer Pump,temperature,75.16578717413435,71.96446774211343,Warning,Drift
2025-01-27 17:40:00,Heat Exchanger,temperature,75.64455090200802,73.86863969930432,Warning,Drift
2025-01-27 17:40:00,Heat Exchanger,vibration,4.519415672226257,4.022832791489556,Warning,Drift
2025-01-27 17:50:00,Heat Exchanger,vibration,4.605268324669795,4.022832791489556,Warning,Drift
2025-01-27 17:50:00,Transfer Pump,vibration,4.572082485443703,3.9421961648401727,Warning,Drift
2025-01-27 17:50:00,Transfer Pump,temperature,76.13057459640972,71.96446774211343,Warning,Drift
2025-01-27 17:50:00,Heat Exchanger,temperature,73.73433645808514,58.08404267265845,Warning,Drift
2025-01-27 18:00:00,Transfer Pump,vibration,4.733206663110692,3.9421961648401727,Warning,Drift
2025-01-27 18:00:00,Heat Exchanger,temperature,74.23874921061523,73.86863969930432,Warning,Drift
2025-01-27 18:00:00,Transfer Pump,temperature,74.87599465479232,71.96446774211343,Warning,Drift
2025-01-27 18:00:00,Heat Exchanger,vibration,4.387139402706636,4.022832791489556,Warning,Drift
2025-01-27 18:10:00,Transfer Pump,vibration,4.760324735343204,3.9421961648401727,Warning,Drift
2025-01-27 18:10:00,Heat Exchanger,temperature,74.78859924721283,73.86863969930432,Warning,Drift
2025-01-27 18:10:00,Heat Exchanger,vibration,4.444380202761402,4.022832791489556,Warning,Drift
2025-01-27 18:10:00,Transfer Pump,temperature,74.81253308647241,71.96446774211343,Warning,Drift
2025-01-27 18:20:00,Transfer Pump,temperature,74.7490715181525,71.96446774211343,Warning,Drift
2025-01-27 18:20:00,Transfer Pump,vibration,4.715451778572952,3.9421961648401727,Warning,Drift
2025-01-27 18:30:00,Heat Exchanger,vibration,4.391814458616265,4.022832791489556,Warning,Drift
2025-01-27 18:30:00,Heat Exchanger,temperature,74.39386524641215,73.86863969930432,Warning,Drift
2025-01-27 18:30:00,Transfer Pump,temperature,74.0713276705084,71.96446774211343,Warning,Drift
2025-01-27 18:30:00,Transfer Pump,vibration,4.372007962170319,3.9421961648401727,Warning,Drift
2025-01-27 18:40:00,Heat Exchanger,vibration,4.385694446977018,4.022832791489556,Warning,Drift
2025-01-27 18:40:00,Heat Exchanger,temperature,75.37696119270814,73.86863969930432,Warning,Drift
2025-01-27 18:40:00,Transfer Pump,temperature,75.33557121653072,71.96446774211343,Warning,Drift
2025-01-27 18:40:00,Transfer Pump,vibration,4.368739486008456,3.9421961648401727,Warning,Drift
2025-01-27 18:50:00,Heat Exchanger,vibration,4.5505912474491375,4.022832791489556,Warning,Drift
2025-01-27 18:50:00,Heat Exchanger,temperature,73.25658108148879,58.08404267265845,Warning,Drift
2025-01-27 18:50:00,Transfer Pump,vibration,4.53350723281987,3.9421961648401727,Warning,Drift
2025-01-27 18:50:00,Transfer Pump,temperature,73.5187164068901,71.96446774211343,Warning,Drift
2025-01-27 19:00:00,Transfer Pump,temperature,73.62035816829037,71.96446774211343,Warning,Drift
2025-01-27 19:00:00,Transfer Pump,vibration,4.226462478965074,3.9421961648401727,Warning,Drift
2025-01-27 19:00:00,Heat Exchanger,temperature,74.14782914365179,73.86863969930432,Warning,Drift
2025-01-27 19:00:00,Heat Exchanger,vibration,4.487068435014502,4.022832791489556,Warning,Drift
2025-01-27 19:10:00,Heat Exchanger,temperature,73.35853540047825,58.08404267265845,Warning,Drift
2025-01-27 19:10:00,Heat Exchanger,vibration,4.457749170759238,4.022832791489556,Warning,Drift
2025-01-27 19:20:00,Transfer Pump,temperature,72.65609828904334,71.96446774211343,Warning,Drift
2025-01-27 19:20:00,Transfer Pump,vibration,4.499287164348922,3.9421961648401727,Warning,Drift
2025-01-27 19:20:00,Heat Exchanger,temperature,73.49235883112362,58.08404267265845,Warning,Drift
2025-01-27 19:20:00,Heat Exchanger,vibration,4.0509542487400125,4.022832791489556,Warning,Drift
2025-01-27 19:30:00,Heat Exchanger,vibration,4.406717286073806,4.022832791489556,Warning,Drift
2025-01-27 19:30:00,Transfer Pump,temperature,75.00106035750072,71.96446774211343,Warning,Drift
2025-01-27 19:30:00,Transfer Pump,vibration,4.330689296970889,3.9421961648401727,Warning,Drift
2025-01-27 19:30:00,Heat Exchanger,temperature,73.23243054371949,58.08404267265845,Warning,Drift
2025-01-27 19:40:00,Transfer Pump,vibration,4.3788414393147415,3.9421961648401727,Warning,Drift
2025-01-27 19:40:00,Heat Exchanger,vibration,4.160941497046175,4.022832791489556,Warning,Drift
2025-01-27 19:40:00,Heat Exchanger,temperature,73.38618831345303,58.08404267265845,Warning,Drift
2025-01-27 19:40:00,Transfer Pump,temperature,73.45279049314041,71.96446774211343,Warning,Drift
2025-01-27 19:50:00,Transfer Pump,vibration,4.481130702605677,3.9421961648401727,Warning,Drift
2025-01-27 19:50:00,Transfer Pump,temperature,73.98071846499279,71.96446774211343,Warning,Drift
2025-01-27 19:50:00,Heat Exchanger,vibration,4.653980054247299,4.022832791489556,Warning,Drift
2025-01-27 19:50:00,Heat Exchanger,temperature,73.20060576564919,58.08404267265845,Warning,Drift
2025-01-27 20:00:00,Heat Exchanger,temperature,72.21461810599199,58.08404267265845,Warning,Drift
2025-01-27 20:00:00,Heat Exchanger,vibration,4.277513056691418,4.022832791489556,Warning,Drift
2025-01-27 20:00:00,Transfer Pump,vibration,4.1761657222848925,3.9421961648401727,Warning,Drift
2025-01-27 20:00:00,Transfer Pump,temperature,72.42567718007099,71.96446774211343,Warning,Drift
2025-01-27 20:10:00,Heat Exchanger,temperature,71.69984328092413,58.08404267265845,Warning,Drift
2025-01-27 20:10:00,Heat Exchanger,vibration,4.227953012502605,4.022832791489556,Warning,Drift
2025-01-27 20:10:00,Transfer Pump,vibration,4.320436503666228,3.9421961648401727,Warning,Drift
2025-01-27 20:10:00,Transfer Pump,temperature,73.63501942074151,71.96446774211343,Warning,Drift
2025-01-27 20:20:00,Transfer Pump,vibration,4.366147126502511,3.9421961648401727,Warning,Drift
2025-01-27 20:20:00,Transfer Pump,temperature,73.58045235939414,71.96446774211343,Warning,Drift
2025-01-27 20:20:00,Heat Exchanger,temperature,72.36229682666544,58.08404267265845,Warning,Drift
2025-01-27 20:20:00,Heat Exchanger,vibration,4.521214566968281,4.022832791489556,Warning,Drift
2025-01-27 20:30:00,Transfer Pump,vibration,4.344593141369198,3.9421961648401727,Warning,Drift
2025-01-27 20:30:00,Transfer Pump,temperature,73.57723872242146,71.96446774211343,Warning,Drift
2025-01-27 20:30:00,Heat Exchanger,temperature,70.74071348148665,58.08404267265845,Warning,Drift
2025-01-27 20:30:00,Heat Exchanger,vibration,4.450372753907151,4.022832791489556,Warning,Drift
2025-01-27 20:40:00,Transfer Pump,vibration,4.335287927515919,3.9421961648401727,Warning,Drift
2025-01-27 20:40:00,Transfer Pump,temperature,74.23396546064752,71.96446774211343,Warning,Drift
2025-01-27 20:40:00,Heat Exchanger,temperature,72.2833355498203,58.08404267265845,Warning,Drift
2025-01-27 20:40:00,Heat Exchanger,vibration,4.175686077549388,4.022832791489556,Warning,Drift
2025-01-27 20:50:00,Heat Exchanger,temperature,72.27467179680457,58.08404267265845,Warning,Drift
2025-01-27 20:50:00,Heat Exchanger,vibration,3.992694726440325,1.786686922550898,Warning,Drift
2025-01-27 21:00:00,Transfer Pump,temperature,72.34455791565381,71.96446774211343,Warning,Drift
2025-01-27 21:00:00,Heat Exchanger,temperature,71.42891478269433,58.08404267265845,Warning,Drift
2025-01-27 21:00:00,Heat Exchanger,vibration,3.873723495017152,1.786686922550898,Warning,Drift
2025-01-27 21:00:00,Transfer Pump,vibration,4.527541722403817,3.9421961648401727,Warning,Drift
2025-01-27 21:10:00,Heat Exchanger,temperature,71.50608899386184,58.08404267265845,Warning,Drift
2025-01-27 21:10:00,Heat Exchanger,vibration,3.989927836681484,1.786686922550898,Warning,Drift
2025-01-27 21:10:00,Transfer Pump,temperature,71.71659400712781,56.11255468087906,Warning,Drift
2025-01-27 21:10:00,Transfer Pump,vibration,4.22829408920367,3.9421961648401727,Warning,Drift
2025-01-27 21:20:00,Transfer Pump,vibration,4.145251621665094,3.9421961648401727,Warning,Drift
2025-01-27 21:20:00,Heat Exchanger,vibration,4.224172299588462,4.022832791489556,Warning,Drift
2025-01-27 21:20:00,Heat Exchanger,temperature,72.10388732052452,58.08404267265845,Warning,Drift
2025-01-27 21:20:00,Transfer Pump,temperature,72.2196396440748,71.96446774211343,Warning,Drift
2025-01-27 21:30:00,Heat Exchanger,vibration,4.128389913823584,4.022832791489556,Warning,Drift
2025-01-27 21:30:00,Heat Exchanger,temperature,71.88087684218839,58.08404267265845,Warning,Drift
2025-01-27 21:30:00,Transfer Pump,temperature,72.73684845864291,71.96446774211343,Warning,Drift
2025-01-27 21:30:00,Transfer Pump,vibration,4.246087943452062,3.9421961648401727,Warning,Drift
2025-01-27 21:40:00,Heat Exchanger,vibration,3.975585283512189,1.786686922550898,Warning,Drift
2025-01-27 21:40:00,Transfer Pump,temperature,72.60796220534782,71.96446774211343,Warning,Drift
2025-01-27 21:40:00,Transfer Pump,vibration,4.530603745129503,3.9421961648401727,Warning,Drift
2025-01-27 21:50:00,Transfer Pump,vibration,3.916724798639432,1.3763250384549288,Warning,Drift
2025-01-27 21:50:00,Heat Exchanger,vibration,4.063596269879864,4.022832791489556,Warning,Drift
2025-01-27 21:50:00,Transfer Pump,temperature,73.35205119071755,71.96446774211343,Warning,Drift
2025-01-27 22:00:00,Heat Exchanger,vibration,4.433928149586237,4.022832791489556,Warning,Drift
2025-01-27 22:00:00,Transfer Pump,temperature,72.35690213356483,71.96446774211343,Warning,Drift
2025-01-27 22:00:00,Transfer Pump,vibration,4.305334181970277,3.9421961648401727,Warning,Drift
2025-01-27 22:10:00,Transfer Pump,temperature,71.89625879047381,56.11255468087906,Warning,Drift
2025-01-27 22:10:00,Transfer Pump,vibration,4.22622879725041,3.9421961648401727,Warning,Drift
2025-01-27 22:10:00,Heat Exchanger,vibration,4.317826946862773,4.022832791489556,Warning,Drift
2025-01-27 22:20:00,Transfer Pump,temperature,70.95938431310336,56.11255468087906,Warning,Drift
2025-01-27 22:20:00,Transfer Pump,vibration,4.489534584373409,3.9421961648401727,Warning,Drift
2025-01-27 22:30:00,Transfer Pump,temperature,72.46885292806951,71.96446774211343,Warning,Drift
2025-01-27 22:30:00,Transfer Pump,vibration,4.242870687781078,3.9421961648401727,Warning,Drift
2025-01-27 22:30:00,Heat Exchanger,vibration,3.9772759208041335,1.786686922550898,Warning,Drift
2025-01-27 22:40:00,Transfer Pump,temperature,71.59976760368086,56.11255468087906,Warning,Drift
2025-01-27 22:40:00,Transfer Pump,vibration,3.9962067911887473,3.9421961648401727,Warning,Drift
2025-01-27 22:40:00,Heat Exchanger,vibration,4.240446866307724,4.022832791489556,Warning,Drift
2025-01-27 22:50:00,Heat Exchanger,vibration,4.216335703519976,4.022832791489556,Warning,Drift
2025-01-27 22:50:00,Transfer Pump,temperature,72.39162686754648,71.96446774211343,Warning,Drift
2025-01-27 22:50:00,Transfer Pump,vibration,4.47039149511907,3.9421961648401727,Warning,Drift
2025-01-27 23:00:00,Heat Exchanger,vibration,4.349429962402979,4.022832791489556,Warning,Drift
2025-01-27 23:00:00,Transfer Pump,vibration,3.830255874864173,1.3763250384549288,Warning,Drift
2025-01-27 23:00:00,Transfer Pump,temperature,71.30235896736147,56.11255468087906,Warning,Drift
2025-01-27 23:10:00,Heat Exchanger,vibration,4.083409225483331,4.022832791489556,Warning,Drift
2025-01-27 23:10:00,Transfer Pump,vibration,4.356709988114577,3.9421961648401727,Warning,Drift
2025-01-27 23:10:00,Transfer Pump,temperature,72.57096073158274,71.96446774211343,Warning,Drift
2025-01-27 23:20:00,Transfer Pump,temperature,71.89417088326852,56.11255468087906,Warning,Drift
2025-01-27 23:20:00,Heat Exchanger,vibration,3.937467620750796,1.786686922550898,Warning,Drift
2025-01-27 23:20:00,Transfer Pump,vibration,4.369872264905975,3.9421961648401727,Warning,Drift
2025-01-27 23:30:00,Transfer Pump,temperature,72.36020301912924,71.96446774211343,Warning,Drift
2025-01-27 23:30:00,Transfer Pump,vibration,4.544679896150392,3.9421961648401727,Warning,Drift
2025-01-27 23:30:00,Heat Exchanger,vibration,3.913929356823165,1.786686922550898,Warning,Drift
2025-01-27 23:40:00,Transfer Pump,temperature,71.86294094146803,56.11255468087906,Warning,Drift
2025-01-27 23:40:00,Transfer Pump,vibration,4.280967794840133,3.9421961648401727,Warning,Drift
2025-01-27 23:40:00,Heat Exchanger,vibration,4.072581555861872,4.022832791489556,Warning,Drift
2025-01-27 23:50:00,Transfer Pump,temperature,70.80854823842378,56.11255468087906,Warning,Drift
2025-01-27 23:50:00,Transfer Pump,vibration,4.11999735184865,3.9421961648401727,Warning,Drift
2025-01-27 23:50:00,Heat Exchanger,vibration,4.08848558719386,4.022832791489556,Warning,Drift
2025-01-28 00:00:00,Transfer Pump,temperature,71.25769805131468,56.11255468087906,Warning,Drift
2025-01-28 00:00:00,Heat Exchanger,vibration,4.12408490179881,4.022832791489556,Warning,Drift
2025-01-28 00:00:00,Transfer Pump,vibration,4.058494630921057,3.9421961648401727,Warning,Drift
2025-01-28 00:10:00,Transfer Pump,temperature,70.53351247061912,56.11255468087906,Warning,Drift
2025-01-28 00:10:00,Transfer Pump,vibration,4.504102705974511,3.9421961648401727,Warning,Drift
2025-01-28 00:10:00,Heat Exchanger,vibration,3.825035328498968,1.786686922550898,Warning,Drift
2025-01-28 00:20:00,Heat Exchanger,vibration,4.31134862602171,4.022832791489556,Warning,Drift
2025-01-28 00:20:00,Transfer Pump,temperature,71.72006302005127,56.11255468087906,Warning,Drift
2025-01-28 00:20:00,Transfer Pump,vibration,4.548859119010545,3.9421961648401727,Warning,Drift
2025-01-28 00:30:00,Transfer Pump,vibration,4.1656242708037805,3.9421961648401727,Warning,Drift
2025-01-28 00:30:00,Heat Exchanger,vibration,3.83795024518729,1.786686922550898,Warning,Drift
2025-01-28 00:30:00,Transfer Pump,temperature,70.42337748953912,56.11255468087906,Warning,Drift
2025-01-28 00:40:00,Transfer Pump,vibration,4.254164033427044,3.9421961648401727,Warning,Drift
2025-01-28 00:40:00,Heat Exchanger,vibration,4.317634962963453,4.022832791489556,Warning,Drift
2025-01-28 00:40:00,Transfer Pump,temperature,71.85632938949294,56.11255468087906,Warning,Drift
2025-01-28 00:50:00,Transfer Pump,vibration,4.326464861559033,3.9421961648401727,Warning,Drift
2025-01-28 00:50:00,Heat Exchanger,vibration,4.031885169211814,4.022832791489556,Warning,Drift
2025-01-28 00:50:00,Transfer Pump,temperature,68.75990368354995,56.11255468087906,Warning,Drift
2025-01-28 01:00:00,Heat Exchanger,vibration,4.427741794922333,4.022832791489556,Warning,Drift
2025-01-28 01:00:00,Transfer Pump,temperature,72.34428935341501,71.96446774211343,Warning,Drift
2025-01-28 01:00:00,Transfer Pump,vibration,4.398765689691022,3.9421961648401727,Warning,Drift
2025-01-28 01:10:00,Transfer Pump,temperature,70.86065247782967,56.11255468087906,Warning,Drift
2025-01-28 01:10:00,Transfer Pump,vibration,4.233040520762483,3.9421961648401727,Warning,Drift
2025-01-28 01:10:00,Heat Exchanger,vibration,3.787648900112379,1.786686922550898,Warning,Drift
2025-01-28 01:20:00,Transfer Pump,temperature,71.03405402476369,56.11255468087906,Warning,Drift
2025-01-28 01:20:00,Transfer Pump,vibration,4.137066346037969,3.9421961648401727,Warning,Drift
2025-01-28 01:20:00,Heat Exchanger,vibration,4.320671100601573,4.022832791489556,Warning,Drift
2025-01-28 01:30:00,Transfer Pump,temperature,72.95454470540706,71.96446774211343,Warning,Drift
2025-01-28 01:30:00,Transfer Pump,vibration,4.130321336877563,3.9421961648401727,Warning,Drift
2025-01-28 01:30:00,Heat Exchanger,vibration,3.931521520354443,1.786686922550898,Warning,Drift
2025-01-28 01:40:00,Transfer Pump,temperature,72.17888846670834,71.96446774211343,Warning,Drift
2025-01-28 01:40:00,Transfer Pump,vibration,4.462098704492866,3.9421961648401727,Warning,Drift
2025-01-28 01:40:00,Heat Exchanger,vibration,3.927410255859797,1.786686922550898,Warning,Drift
2025-01-28 01:50:00,Transfer Pump,vibration,4.233951287964013,3.9421961648401727,Warning,Drift
2025-01-28 01:50:00,Transfer Pump,temperature,72.67218303605071,71.96446774211343,Warning,Drift
2025-01-28 01:50:00,Heat Exchanger,vibration,4.4334956273145725,4.022832791489556,Warning,Drift
2025-01-28 02:00:00,Transfer Pump,vibration,4.237097158185386,3.9421961648401727,Warning,Drift
2025-01-28 02:00:00,Transfer Pump,temperature,71.26880982873334,56.11255468087906,Warning,Drift
2025-01-28 02:00:00,Heat Exchanger,vibration,4.281229658925739,4.022832791489556,Warning,Drift
2025-01-28 02:10:00,Heat Exchanger,vibration,3.890746682902744,1.786686922550898,Warning,Drift
2025-01-28 02:10:00,Transfer Pump,vibration,4.431449842628176,3.9421961648401727,Warning,Drift
2025-01-28 02:10:00,Transfer Pump,temperature,72.92632721416264,71.96446774211343,Warning,Drift
2025-01-28 02:20:00,Heat Exchanger,vibration,4.204878030716314,4.022832791489556,Warning,Drift
2025-01-28 02:20:00,Transfer Pump,vibration,4.347556570559466,3.9421961648401727,Warning,Drift
2025-01-28 02:20:00,Transfer Pump,temperature,72.13619127364176,71.96446774211343,Warning,Drift
2025-01-28 02:30:00,Heat Exchanger,vibration,4.433874083062479,4.022832791489556,Warning,Drift
2025-01-28 02:40:00,Heat Exchanger,vibration,4.294684373146483,4.022832791489556,Warning,Drift
2025-01-28 02:50:00,Transfer Pump,vibration,4.306581827683178,3.9421961648401727,Warning,Drift
2025-01-28 03:00:00,Transfer Pump,vibration,4.254602748450624,3.9421961648401727,Warning,Drift
2025-01-28 03:00:00,Transfer Pump,temperature,73.38680505356409,71.96446774211343,Warning,Spike
2025-01-28 03:00:00,Heat Exchanger,vibration,4.42958473143962,4.022832791489556,Warning,Drift
2025-01-28 03:10:00,Heat Exchanger,vibration,4.303836328415641,4.022832791489556,Warning,Drift
2025-01-28 03:10:00,Transfer Pump,temperature,73.07952630377972,71.96446774211343,Warning,Spike
2025-01-28 03:10:00,Transfer Pump,vibration,4.529432023058945,3.9421961648401727,Warning,Drift
2025-01-28 03:20:00,Transfer Pump,vibration,4.432721822055951,3.9421961648401727,Warning,Drift
2025-01-28 03:20:00,Transfer Pump,temperature,72.72004882232795,71.96446774211343,Warning,Spike
2025-01-28 03:20:00,Heat Exchanger,vibration,3.9543755636072393,1.786686922550898,Warning,Drift
2025-01-28 03:30:00,Transfer Pump,vibration,4.48632535702602,3.9421961648401727,Warning,Drift
2025-01-28 03:30:00,Transfer Pump,temperature,72.13881834577317,71.96446774211343,Warning,Spike
2025-01-28 03:30:00,Heat Exchanger,vibration,4.286575602299226,4.022832791489556,Warning,Drift
2025-01-28 03:40:00,Transfer Pump,temperature,72.96233325641445,71.96446774211343,Warning,Spike
2025-01-28 03:40:00,Transfer Pump,vibration,4.266671358453863,3.9421961648401727,Warning,Drift
2025-01-28 03:40:00,Heat Exchanger,vibration,4.373148341763175,4.022832791489556,Warning,Drift
2025-01-28 03:50:00,Heat Exchanger,vibration,4.343239049421385,4.022832791489556,Warning,Drift
2025-01-28 03:50:00,Transfer Pump,temperature,72.6185888455625,71.96446774211343,Warning,Spike
2025-01-28 03:50:00,Transfer Pump,vibration,4.592609177779768,3.9421961648401727,Warning,Drift
2025-01-28 04:00:00,Heat Exchanger,vibration,4.247985074525928,4.022832791489556,Warning,Drift
2025-01-28 04:00:00,Transfer Pump,temperature,74.35781636573724,71.96446774211343,Warning,Drift
2025-01-28 04:00:00,Transfer Pump,vibration,4.541174319681163,3.9421961648401727,Warning,Drift
2025-01-28 04:10:00,Transfer Pump,vibration,4.63450113177262,3.9421961648401727,Warning,Drift
2025-01-28 04:10:00,Heat Exchanger,vibration,4.421325053677302,4.022832791489556,Warning,Drift
2025-01-28 04:10:00,Transfer Pump,temperature,73.62013373730402,71.96446774211343,Warning,Drift
2025-01-28 04:20:00,Heat Exchanger,vibration,4.390443574009359,4.022832791489556,Warning,Drift
2025-01-28 04:20:00,Transfer Pump,temperature,73.14662096216962,71.96446774211343,Warning,Drift
2025-01-28 04:20:00,Transfer Pump,vibration,4.583613524621082,3.9421961648401727,Warning,Drift
2025-01-28 04:30:00,Transfer Pump,temperature,72.68240095783294,71.96446774211343,Warning,Drift
2025-01-28 04:30:00,Heat Exchanger,vibration,4.017698983897757,1.786686922550898,Warning,Drift
2025-01-28 04:30:00,Transfer Pump,vibration,4.591775363407177,3.9421961648401727,Warning,Drift
2025-01-28 04:40:00,Transfer Pump,temperature,73.608881379229,71.96446774211343,Warning,Drift
2025-01-28 04:40:00,Transfer Pump,vibration,4.231797410128568,3.9421961648401727,Warning,Drift
2025-01-28 04:40:00,Heat Exchanger,vibration,4.156668964313215,4.022832791489556,Warning,Drift
2025-01-28 04:50:00,Transfer Pump,vibration,4.783644604502124,3.9421961648401727,Warning,Drift
2025-01-28 04:50:00,Transfer Pump,temperature,75.11742057865405,71.96446774211343,Warning,Drift
2025-01-28 04:50:00,Heat Exchanger,vibration,4.470683779118017,4.022832791489556,Warning,Drift
2025-01-28 05:00:00,Transfer Pump,vibration,4.36084903108873,3.9421961648401727,Warning,Drift
2025-01-28 05:00:00,Transfer Pump,temperature,74.3686958749873,71.96446774211343,Warning,Drift
2025-01-28 05:00:00,Heat Exchanger,vibration,4.568807566708096,4.022832791489556,Warning,Drift
2025-01-28 05:10:00,Transfer Pump,vibration,4.8051090598419695,3.9421961648401727,Warning,Drift
2025-01-28 05:10:00,Heat Exchanger,temperature,74.17155271049842,73.86863969930432,Warning,Spike
2025-01-28 05:10:00,Heat Exchanger,vibration,4.314491415909556,4.022832791489556,Warning,Drift
2025-01-28 05:10:00,Transfer Pump,temperature,74.28823895504107,71.96446774211343,Warning,Drift
2025-01-28 05:20:00,Transfer Pump,temperature,75.94562634563707,71.96446774211343,Warning,Drift
2025-01-28 05:20:00,Transfer Pump,vibration,4.625419756790927,3.9421961648401727,Warning,Drift
2025-01-28 05:20:00,Heat Exchanger,vibration,4.607306073734662,4.022832791489556,Warning,Drift
2025-01-28 05:20:00,Heat Exchanger,temperature,74.75183307136093,73.86863969930432,Warning,Spike
2025-01-28 05:30:00,Transfer Pump,vibration,4.369553913341137,3.9421961648401727,Warning,Drift
2025-01-28 05:30:00,Heat Exchanger,vibration,4.584989860801259,4.022832791489556,Warning,Drift
2025-01-28 05:30:00,Heat Exchanger,temperature,75.08094918260024,73.86863969930432,Warning,Spike
2025-01-28 05:30:00,Transfer Pump,temperature,74.41047976913292,71.96446774211343,Warning,Drift
2025-01-28 05:40:00,Transfer Pump,temperature,74.2517714917274,71.96446774211343,Warning,Drift
2025-01-28 05:40:00,Heat Exchanger,vibration,4.48126730976781,4.022832791489556,Warning,Drift
2025-01-28 05:40:00,Heat Exchanger,temperature,75.40770717533186,73.86863969930432,Warning,Spike
2025-01-28 05:40:00,Transfer Pump,vibration,4.663609385685868,3.9421961648401727,Warning,Drift
2025-01-28 05:50:00,Transfer Pump,temperature,75.37858994670597,71.96446774211343,Warning,Drift
2025-01-28 05:50:00,Transfer Pump,vibration,4.429495814521679,3.9421961648401727,Warning,Drift
2025-01-28 05:50:00,Heat Exchanger,vibration,4.612582102141457,4.022832791489556,Warning,Drift
2025-01-28 06:00:00,Heat Exchanger,vibration,4.629091095495086,4.022832791489556,Warning,Drift
2025-01-28 06:00:00,Transfer Pump,temperature,75.54815225279064,71.96446774211343,Warning,Drift
2025-01-28 06:00:00,Transfer Pump,vibration,4.919436851989656,3.9421961648401727,Warning,Drift
2025-01-28 06:10:00,Heat Exchanger,vibration,4.734526479551242,4.022832791489556,Warning,Drift
2025-01-28 06:10:00,Transfer Pump,temperature,74.9002506986907,71.96446774211343,Warning,Drift
2025-01-28 06:10:00,Transfer Pump,vibration,4.647629312550321,3.9421961648401727,Warning,Drift
2025-01-28 06:20:00,Heat Exchanger,temperature,75.46775889758426,73.86863969930432,Warning,Spike
2025-01-28 06:20:00,Heat Exchanger,vibration,4.763553173956684,4.022832791489556,Warning,Drift
2025-01-28 06:20:00,Transfer Pump,temperature,74.88844058215663,71.96446774211343,Warning,Drift
2025-01-28 06:20:00,Transfer Pump,vibration,4.57347348957174,3.9421961648401727,Warning,Drift
2025-01-28 06:30:00,Transfer Pump,vibration,4.900189450597141,3.9421961648401727,Warning,Drift
2025-01-28 06:30:00,Transfer Pump,temperature,76.84053958082461,71.96446774211343,Warning,Drift
2025-01-28 06:40:00,Transfer Pump,vibration,4.793851985197607,3.9421961648401727,Warning,Drift
2025-01-28 06:40:00,Heat Exchanger,vibration,4.505940969869013,4.022832791489556,Warning,Drift
2025-01-28 06:40:00,Heat Exchanger,temperature,75.91656188830741,73.86863969930432,Warning,Spike
2025-01-28 06:40:00,Transfer Pump,temperature,75.49193545033926,71.96446774211343,Warning,Drift
2025-01-28 06:50:00,Heat Exchanger,vibration,4.923774873658711,4.022832791489556,Warning,Drift
2025-01-28 06:50:00,Heat Exchanger,temperature,73.92674170343643,73.86863969930432,Warning,Spike
2025-01-28 06:50:00,Transfer Pump,vibration,4.915194568910096,3.9421961648401727,Warning,Drift
2025-01-28 06:50:00,Transfer Pump,temperature,74.83110919972928,71.96446774211343,Warning,Drift
2025-01-28 07:10:00,Transfer Pump,temperature,77.01224070654256,71.96446774211343,Warning,Drift
2025-01-28 07:10:00,Heat Exchanger,vibration,4.812582898340319,4.022832791489556,Warning,Drift
2025-01-28 07:10:00,Heat Exchanger,temperature,74.72548242246684,73.86863969930432,Warning,Spike
2025-01-28 07:10:00,Transfer Pump,vibration,5.069348520829218,3.9421961648401727,Warning,Drift
2025-01-28 07:20:00,Heat Exchanger,temperature,76.50378378203067,73.86863969930432,Warning,Spike
2025-01-28 07:20:00,Transfer Pump,temperature,76.29319478414358,71.96446774211343,Warning,Drift
2025-01-28 07:20:00,Transfer Pump,vibration,4.808303367240694,3.9421961648401727,Warning,Drift
2025-01-28 07:20:00,Heat Exchanger,vibration,4.860107659082894,4.022832791489556,Warning,Drift
2025-01-28 07:30:00,Heat Exchanger,vibration,4.941126895688022,4.022832791489556,Warning,Drift
2025-01-28 07:30:00,Transfer Pump,temperature,77.02221878026765,71.96446774211343,Warning,Drift
2025-01-28 07:30:00,Transfer Pump,vibration,4.616047609423938,3.9421961648401727,Warning,Drift
2025-01-28 07:30:00,Heat Exchanger,temperature,76.22031837418774,73.86863969930432,Warning,Spike
2025-01-28 07:40:00,Transfer Pump,temperature,75.89893408951207,71.96446774211343,Warning,Drift
2025-01-28 07:40:00,Heat Exchanger,vibration,4.779172253938379,4.022832791489556,Warning,Drift
2025-01-28 07:40:00,Transfer Pump,vibration,4.721536852609834,3.9421961648401727,Warning,Drift
2025-01-28 07:40:00,Heat Exchanger,temperature,76.53559861764424,73.86863969930432,Warning,Spike
2025-01-28 07:50:00,Transfer Pump,vibration,5.015287396110024,3.9421961648401727,Warning,Drift
2025-01-28 07:50:00,Transfer Pump,temperature,76.07571418989086,71.96446774211343,Warning,Drift
2025-01-28 08:00:00,Heat Exchanger,vibration,4.89265771425228,4.022832791489556,Warning,Drift
2025-01-28 08:00:00,Heat Exchanger,temperature,76.85087886110074,73.86863969930432,Warning,Spike
2025-01-28 08:00:00,Transfer Pump,vibration,4.836596581472682,3.9421961648401727,Warning,Drift
2025-01-28 08:00:00,Transfer Pump,temperature,76.25249429026965,71.96446774211343,Warning,Drift
2025-01-28 08:10:00,Heat Exchanger,vibration,4.804570431130097,4.022832791489556,Warning,Drift
2025-01-28 08:10:00,Heat Exchanger,temperature,77.10904391635894,73.86863969930432,Warning,Spike
2025-01-28 08:10:00,Transfer Pump,temperature,77.39586773127259,71.96446774211343,Warning,Drift
2025-01-28 08:10:00,Transfer Pump,vibration,5.203627632812846,3.9421961648401727,Warning,Drift
2025-01-28 08:20:00,Transfer Pump,temperature,77.89734756268459,71.96446774211343,Warning,Drift
2025-01-28 08:20:00,Transfer Pump,vibration,4.779053791993972,3.9421961648401727,Warning,Drift
2025-01-28 08:20:00,Heat Exchanger,temperature,76.6804447716462,73.86863969930432,Warning,Spike
2025-01-28 08:20:00,Heat Exchanger,vibration,5.105371760979577,4.022832791489556,Warning,Drift
2025-01-28 08:30:00,Transfer Pump,temperature,77.48983650959612,71.96446774211343,Warning,Drift
2025-01-28 08:30:00,Heat Exchanger,temperature,76.62160279071105,73.86863969930432,Warning,Spike
2025-01-28 08:30:00,Heat Exchanger,vibration,5.119400156454076,4.022832791489556,Warning,Drift
2025-01-28 08:30:00,Transfer Pump,vibration,5.189722320316127,3.9421961648401727,Warning,Drift
2025-01-28 08:40:00,Heat Exchanger,temperature,75.85593900876756,73.86863969930432,Warning,Spike
2025-01-28 08:40:00,Heat Exchanger,vibration,5.019763828452646,4.022832791489556,Warning,Drift
2025-01-28 08:40:00,Transfer Pump,vibration,4.944638881039369,3.9421961648401727,Warning,Drift
2025-01-28 08:40:00,Transfer Pump,temperature,76.54612059042684,71.96446774211343,Warning,Drift
2025-01-28 08:50:00,Transfer Pump,temperature,76.70013922610528,71.96446774211343,Warning,Drift
2025-01-28 08:50:00,Transfer Pump,vibration,5.273538358550871,3.9421961648401727,Warning,Drift
2025-01-28 08:50:00,Heat Exchanger,vibration,4.645189109212755,4.022832791489556,Warning,Drift
2025-01-28 08:50:00,Heat Exchanger,temperature,77.57575281819044,73.86863969930432,Warning,Drift
2025-01-28 09:00:00,Transfer Pump,temperature,79.04312057936095,71.96446774211343,Warning,Drift
2025-01-28 09:00:00,Transfer Pump,vibration,5.144211640759506,3.9421961648401727,Warning,Drift
2025-01-28 09:00:00,Heat Exchanger,temperature,75.87670964184399,73.86863969930432,Warning,Drift
2025-01-28 09:00:00,Heat Exchanger,vibration,4.692960478239023,4.022832791489556,Warning,Drift
2025-01-28 09:10:00,Transfer Pump,temperature,77.26422145292977,71.96446774211343,Warning,Drift
2025-01-28 09:10:00,Transfer Pump,vibration,5.10225902356125,3.9421961648401727,Warning,Drift
2025-01-28 09:20:00,Heat Exchanger,temperature,77.2153435627219,73.86863969930432,Warning,Drift
2025-01-28 09:20:00,Heat Exchanger,vibration,4.951908502914212,4.022832791489556,Warning,Drift
2025-01-28 09:30:00,Heat Exchanger,vibration,5.097629876505887,4.022832791489556,Warning,Drift
2025-01-28 09:30:00,Heat Exchanger,temperature,76.79453402114446,73.86863969930432,Warning,Drift
2025-01-28 09:30:00,Transfer Pump,temperature,78.1787290659519,71.96446774211343,Warning,Drift
2025-01-28 09:30:00,Transfer Pump,vibration,5.315306698845891,3.9421961648401727,Warning,Drift
2025-01-28 09:40:00,Transfer Pump,vibration,5.097807105644547,3.9421961648401727,Warning,Drift
2025-01-28 09:40:00,Transfer Pump,temperature,77.37560502175084,71.96446774211343,Warning,Drift
2025-01-28 09:40:00,Heat Exchanger,vibration,4.888558965430184,4.022832791489556,Warning,Drift
2025-01-28 09:40:00,Heat Exchanger,temperature,77.82260327466128,73.86863969930432,Warning,Drift
2025-01-28 09:50:00,Heat Exchanger,vibration,4.839403271006708,4.022832791489556,Warning,Drift
2025-01-28 09:50:00,Transfer Pump,vibration,4.780833262511106,3.9421961648401727,Warning,Drift
2025-01-28 09:50:00,Transfer Pump,temperature,77.84198347322057,71.96446774211343,Warning,Drift
2025-01-28 09:50:00,Heat Exchanger,temperature,78.30266235681307,73.86863969930432,Warning,Drift
2025-01-28 10:00:00,Heat Exchanger,temperature,78.78272143896488,73.86863969930432,Warning,Drift
2025-01-28 10:00:00,Transfer Pump,vibration,5.345719631273707,3.9421961648401727,Warning,Drift
2025-01-28 10:00:00,Transfer Pump,temperature,79.71178865758989,71.96446774211343,Warning,Drift
2025-01-28 10:00:00,Heat Exchanger,vibration,4.985477022667348,4.022832791489556,Warning,Drift
2025-01-28 10:10:00,Transfer Pump,vibration,5.091164155510517,3.9421961648401727,Warning,Drift
2025-01-28 10:10:00,Heat Exchanger,temperature,77.81793389162914,73.86863969930432,Warning,Drift
2025-01-28 10:10:00,Heat Exchanger,vibration,4.836001756039691,4.022832791489556,Warning,Drift
2025-01-28 10:10:00,Transfer Pump,temperature,81.22160322587389,71.96446774211343,Warning,Drift
2025-01-28 10:20:00,Transfer Pump,temperature,78.2480884994306,71.96446774211343,Warning,Drift
2025-01-28 10:20:00,Transfer Pump,vibration,5.610287037591496,3.9421961648401727,Warning,Drift
2025-01-28 10:20:00,Heat Exchanger,vibration,5.034512468389095,4.022832791489556,Warning,Drift
2025-01-28 10:20:00,Heat Exchanger,temperature,78.41403716219753,73.86863969930432,Warning,Drift
2025-01-28 10:30:00,Heat Exchanger,vibration,4.951650230979166,4.022832791489556,Warning,Drift
2025-01-28 10:30:00,Transfer Pump,vibration,5.049761285971806,3.9421961648401727,Warning,Drift
2025-01-28 10:30:00,Transfer Pump,temperature,78.25885077143974,71.96446774211343,Warning,Drift
2025-01-28 10:30:00,Heat Exchanger,temperature,76.95092970350561,73.86863969930432,Warning,Drift
2025-01-28 10:40:00,Transfer Pump,vibration,5.0976517589965775,3.9421961648401727,Warning,Drift
2025-01-28 10:40:00,Transfer Pump,temperature,77.31717633027766,71.96446774211343,Warning,Drift
2025-01-28 10:40:00,Heat Exchanger,temperature,78.26097678094808,73.86863969930432,Warning,Drift
2025-01-28 10:40:00,Heat Exchanger,vibration,4.885147119387014,4.022832791489556,Warning,Drift
2025-01-28 10:50:00,Transfer Pump,vibration,5.307339479685334,3.9421961648401727,Warning,Drift
2025-01-28 10:50:00,Transfer Pump,temperature,77.36147979177437,71.96446774211343,Warning,Drift
2025-01-28 10:50:00,Heat Exchanger,temperature,77.5238489194964,73.86863969930432,Warning,Drift
2025-01-28 10:50:00,Heat Exchanger,vibration,5.031348470804834,4.022832791489556,Warning,Drift
2025-01-28 11:00:00,Transfer Pump,temperature,78.04285553831765,71.96446774211343,Warning,Drift
2025-01-28 11:00:00,Heat Exchanger,temperature,77.39701422162146,73.86863969930432,Warning,Drift
2025-01-28 11:00:00,Transfer Pump,vibration,5.316751535213008,3.9421961648401727,Warning,Drift
2025-01-28 11:00:00,Heat Exchanger,vibration,5.176713413486016,4.022832791489556,Warning,Drift
2025-01-28 11:10:00,Heat Exchanger,temperature,77.11081796481973,73.86863969930432,Warning,Drift
2025-01-28 11:10:00,Heat Exchanger,vibration,4.749054975346482,4.022832791489556,Warning,Drift
2025-01-28 11:10:00,Transfer Pump,temperature,78.41346379444514,71.96446774211343,Warning,Drift
2025-01-28 11:10:00,Transfer Pump,vibration,5.261238805699394,3.9421961648401727,Warning,Drift
2025-01-28 11:20:00,Transfer Pump,vibration,5.089043504769776,3.9421961648401727,Warning,Drift
2025-01-28 11:20:00,Transfer Pump,temperature,78.78341812760408,71.96446774211343,Warning,Drift
2025-01-28 11:20:00,Heat Exchanger,vibration,5.057454462493579,4.022832791489556,Warning,Drift
2025-01-28 11:20:00,Heat Exchanger,temperature,79.10086280238272,73.86863969930432,Warning,Drift
2025-01-28 11:30:00,Transfer Pump,vibration,5.081894538011548,3.9421961648401727,Warning,Drift
2025-01-28 11:30:00,Transfer Pump,temperature,79.38362236951961,71.96446774211343,Warning,Drift
2025-01-28 11:30:00,Heat Exchanger,vibration,4.653230749940339,4.022832791489556,Warning,Drift
2025-01-28 11:30:00,Heat Exchanger,temperature,77.88903186139338,73.86863969930432,Warning,Drift
2025-01-28 11:40:00,Transfer Pump,temperature,79.02935464641256,71.96446774211343,Warning,Drift
2025-01-28 11:40:00,Transfer Pump,vibration,5.074745571253319,3.9421961648401727,Warning,Drift
2025-01-28 11:40:00,Heat Exchanger,temperature,77.28476838121027,73.86863969930432,Warning,Drift
2025-01-28 11:40:00,Heat Exchanger,vibration,4.988209360561745,4.022832791489556,Warning,Drift
2025-01-28 11:50:00,Transfer Pump,temperature,79.43252166280946,71.96446774211343,Warning,Drift
2025-01-28 11:50:00,Heat Exchanger,vibration,5.10486280298571,4.022832791489556,Warning,Drift
2025-01-28 11:50:00,Transfer Pump,vibration,4.925739939209397,3.9421961648401727,Warning,Drift
2025-01-28 11:50:00,Heat Exchanger,temperature,78.47229250364884,73.86863969930432,Warning,Drift
2025-01-28 12:00:00,Transfer Pump,vibration,5.571420196801974,3.9421961648401727,Warning,Drift
2025-01-28 12:00:00,Heat Exchanger,temperature,77.58553680622319,73.86863969930432,Warning,Drift
2025-01-28 12:00:00,Heat Exchanger,vibration,5.221516245409674,4.022832791489556,Warning,Drift
2025-01-28 12:00:00,Transfer Pump,temperature,78.38384091247981,71.96446774211343,Warning,Drift
2025-01-28 12:10:00,Heat Exchanger,temperature,77.29975127291297,73.86863969930432,Warning,Drift
2025-01-28 12:10:00,Transfer Pump,temperature,78.81954872427762,71.96446774211343,Warning,Drift
2025-01-28 12:10:00,Transfer Pump,vibration,5.015972810508192,3.9421961648401727,Warning,Drift
2025-01-28 12:10:00,Heat Exchanger,vibration,4.9434865467163,4.022832791489556,Warning,Drift
2025-01-28 12:20:00,Transfer Pump,temperature,78.57942929297111,71.96446774211343,Warning,Drift
2025-01-28 12:20:00,Transfer Pump,vibration,5.147024531302437,3.9421961648401727,Warning,Drift
2025-01-28 12:20:00,Heat Exchanger,temperature,80.25459850671957,73.86863969930432,Warning,Drift
2025-01-28 12:20:00,Heat Exchanger,vibration,4.9411535643139946,4.022832791489556,Warning,Drift
2025-01-28 12:30:00,Transfer Pump,vibration,5.323291114366173,3.9421961648401727,Warning,Drift
2025-01-28 12:30:00,Transfer Pump,temperature,77.84522211976974,71.96446774211343,Warning,Drift
2025-01-28 12:30:00,Heat Exchanger,temperature,76.95355988101875,73.86863969930432,Warning,Drift
2025-01-28 12:30:00,Heat Exchanger,vibration,4.994868716604233,4.022832791489556,Warning,Drift
2025-01-28 12:40:00,Heat Exchanger,vibration,4.835697934732351,4.022832791489556,Warning,Drift
2025-01-28 12:40:00,Heat Exchanger,temperature,79.39377397415318,73.86863969930432,Warning,Drift
2025-01-28 12:40:00,Transfer Pump,temperature,77.2606731270615,71.96446774211343,Warning,Drift
2025-01-28 12:40:00,Transfer Pump,vibration,5.197436676950435,3.9421961648401727,Warning,Drift
2025-01-28 12:50:00,Heat Exchanger,vibration,5.060450532284734,4.022832791489556,Warning,Drift
2025-01-28 12:50:00,Heat Exchanger,temperature,77.22792842166999,73.86863969930432,Warning,Drift
2025-01-28 12:50:00,Transfer Pump,temperature,78.27929126883035,71.96446774211343,Warning,Drift
2025-01-28 12:50:00,Transfer Pump,vibration,5.08705938684621,3.9421961648401727,Warning,Drift
2025-01-28 13:00:00,Heat Exchanger,vibration,4.846910057355285,4.022832791489556,Warning,Drift
2025-01-28 13:00:00,Heat Exchanger,temperature,78.34508490005344,73.86863969930432,Warning,Drift
2025-01-28 13:00:00,Transfer Pump,vibration,5.1629205100377416,3.9421961648401727,Warning,Drift
2025-01-28 13:00:00,Transfer Pump,temperature,76.7980440715038,71.96446774211343,Warning,Drift
2025-01-28 13:10:00,Transfer Pump,temperature,77.83830505556308,71.96446774211343,Warning,Drift
2025-01-28 13:10:00,Transfer Pump,vibration,5.075459857299007,3.9421961648401727,Warning,Drift
2025-01-28 13:20:00,Transfer Pump,vibration,5.133726111278836,3.9421961648401727,Warning,Drift
2025-01-28 13:20:00,Transfer Pump,temperature,79.13617085283958,71.96446774211343,Warning,Drift
2025-01-28 13:20:00,Heat Exchanger,vibration,4.888295230699789,4.022832791489556,Warning,Drift
2025-01-28 13:20:00,Heat Exchanger,temperature,78.35027743101816,73.86863969930432,Warning,Drift
2025-01-28 13:30:00,Heat Exchanger,vibration,4.953519230526075,4.022832791489556,Warning,Drift
2025-01-28 13:30:00,Transfer Pump,vibration,5.243544172306876,3.9421961648401727,Warning,Drift
2025-01-28 13:30:00,Transfer Pump,temperature,78.7933330810427,71.96446774211343,Warning,Drift
2025-01-28 13:30:00,Heat Exchanger,temperature,76.60455614481896,73.86863969930432,Warning,Drift
2025-01-28 13:40:00,Transfer Pump,vibration,4.979568121015856,3.9421961648401727,Warning,Drift
2025-01-28 13:40:00,Transfer Pump,temperature,78.6093393798378,71.96446774211343,Warning,Drift
2025-01-28 13:40:00,Heat Exchanger,temperature,76.4497275589072,73.86863969930432,Warning,Drift
2025-01-28 13:40:00,Heat Exchanger,vibration,5.093906608416528,4.022832791489556,Warning,Drift
2025-01-28 13:50:00,Transfer Pump,vibration,5.352800866897187,3.9421961648401727,Warning,Drift
2025-01-28 13:50:00,Heat Exchanger,temperature,78.20333532464109,73.86863969930432,Warning,Drift
2025-01-28 13:50:00,Heat Exchanger,vibration,5.1105864744872616,4.022832791489556,Warning,Drift
2025-01-28 13:50:00,Transfer Pump,temperature,79.47361172688693,71.96446774211343,Warning,Drift
2025-01-28 14:00:00,Heat Exchanger,temperature,76.09653311719164,73.86863969930432,Warning,Drift
2025-01-28 14:00:00,Heat Exchanger,vibration,5.09382388171237,4.022832791489556,Warning,Drift
2025-01-28 14:00:00,Transfer Pump,vibration,5.1627950426137685,3.9421961648401727,Warning,Drift
2025-01-28 14:00:00,Transfer Pump,temperature,77.8774763672044,71.96446774211343,Warning,Drift
2025-01-28 14:10:00,Heat Exchanger,vibration,5.025762383620491,4.022832791489556,Warning,Drift
2025-01-28 14:10:00,Transfer Pump,vibration,5.035331650711487,3.9421961648401727,Warning,Drift
2025-01-28 14:10:00,Transfer Pump,temperature,78.93111372094852,71.96446774211343,Warning,Drift
2025-01-28 14:10:00,Heat Exchanger,temperature,76.5108907251706,73.86863969930432,Warning,Drift
2025-01-28 14:20:00,Heat Exchanger,vibration,4.772675181154592,4.022832791489556,Warning,Drift
2025-01-28 14:20:00,Heat Exchanger,temperature,77.29351989262,73.86863969930432,Warning,Drift
2025-01-28 14:20:00,Transfer Pump,vibration,5.073470992839104,3.9421961648401727,Warning,Drift
2025-01-28 14:20:00,Transfer Pump,temperature,77.65953592620626,71.96446774211343,Warning,Drift
2025-01-28 14:30:00,Heat Exchanger,temperature,76.2440192477119,73.86863969930432,Warning,Drift
2025-01-28 14:30:00,Transfer Pump,vibration,5.329650078348855,3.9421961648401727,Warning,Drift
2025-01-28 14:30:00,Transfer Pump,temperature,78.44140763047739,71.96446774211343,Warning,Drift
2025-01-28 14:30:00,Heat Exchanger,vibration,4.95186409831566,4.022832791489556,Warning,Drift
2025-01-28 14:40:00,Transfer Pump,temperature,78.25121661654678,71.96446774211343,Warning,Drift
2025-01-28 14:40:00,Heat Exchanger,temperature,76.25474516400888,73.86863969930432,Warning,Drift
2025-01-28 14:40:00,Transfer Pump,vibration,5.255366915554546,3.9421961648401727,Warning,Drift
2025-01-28 14:40:00,Heat Exchanger,vibration,4.914763477116741,4.022832791489556,Warning,Drift
2025-01-28 14:50:00,Heat Exchanger,vibration,4.858300008636329,4.022832791489556,Warning,Drift
2025-01-28 14:50:00,Transfer Pump,vibration,5.139136354530704,3.9421961648401727,Warning,Drift
2025-01-28 14:50:00,Heat Exchanger,temperature,76.76290851725099,73.86863969930432,Warning,Drift
2025-01-28 14:50:00,Transfer Pump,temperature,78.19822250011946,71.96446774211343,Warning,Drift
2025-01-28 15:00:00,Heat Exchanger,vibration,4.934655933440285,4.022832791489556,Warning,Drift
2025-01-28 15:00:00,Transfer Pump,vibration,4.97511348458137,3.9421961648401727,Warning,Drift
2025-01-28 15:00:00,Transfer Pump,temperature,77.62176010113257,71.96446774211343,Warning,Drift
2025-01-28 15:00:00,Heat Exchanger,temperature,76.26336177717108,73.86863969930432,Warning,Drift
2025-01-28 15:10:00,Heat Exchanger,vibration,4.752874248235278,4.022832791489556,Warning,Drift
2025-01-28 15:10:00,Transfer Pump,vibration,5.172132794765362,3.9421961648401727,Warning,Drift
2025-01-28 15:10:00,Transfer Pump,temperature,78.08078712440206,71.96446774211343,Warning,Drift
2025-01-28 15:10:00,Heat Exchanger,temperature,75.76381503709118,73.86863969930432,Warning,Drift
2025-01-28 15:20:00,Heat Exchanger,temperature,77.84616888717014,73.86863969930432,Warning,Drift
2025-01-28 15:20:00,Transfer Pump,vibration,5.05846979733894,3.9421961648401727,Warning,Drift
2025-01-28 15:20:00,Transfer Pump,temperature,78.03303916775344,71.96446774211343,Warning,Drift
2025-01-28 15:20:00,Heat Exchanger,vibration,4.887865949666925,4.022832791489556,Warning,Drift
2025-01-28 15:30:00,Transfer Pump,vibration,5.355663068215062,3.9421961648401727,Warning,Drift
2025-01-28 15:30:00,Transfer Pump,temperature,76.4559346572202,71.96446774211343,Warning,Drift
2025-01-28 15:30:00,Heat Exchanger,temperature,77.42484009161662,73.86863969930432,Warning,Drift
2025-01-28 15:30:00,Heat Exchanger,vibration,4.825718072622682,4.022832791489556,Warning,Drift
2025-01-28 15:40:00,Transfer Pump,vibration,5.0196846372649855,3.9421961648401727,Warning,Drift
2025-01-28 15:40:00,Transfer Pump,temperature,78.16061993790427,71.96446774211343,Warning,Drift
2025-01-28 15:50:00,Heat Exchanger,vibration,4.648292569601963,4.022832791489556,Warning,Drift
2025-01-28 15:50:00,Heat Exchanger,temperature,76.89366611457724,73.86863969930432,Warning,Drift
2025-01-28 15:50:00,Transfer Pump,temperature,76.37063497346904,71.96446774211343,Warning,Drift
2025-01-28 15:50:00,Transfer Pump,vibration,5.314038687822354,3.9421961648401727,Warning,Drift
2025-01-28 16:00:00,Heat Exchanger,vibration,4.62760627033397,4.022832791489556,Warning,Drift
2025-01-28 16:00:00,Transfer Pump,temperature,76.53145253028592,71.96446774211343,Warning,Drift
2025-01-28 16:00:00,Heat Exchanger,temperature,77.33296015770065,73.86863969930432,Warning,Drift
2025-01-28 16:00:00,Transfer Pump,vibration,5.030069572280922,3.9421961648401727,Warning,Drift
2025-01-28 16:10:00,Heat Exchanger,temperature,75.82490099954708,73.86863969930432,Warning,Drift
2025-01-28 16:10:00,Transfer Pump,vibration,4.791988091982708,3.9421961648401727,Warning,Drift
2025-01-28 16:10:00,Heat Exchanger,vibration,5.058602309840619,4.022832791489556,Warning,Drift
2025-01-28 16:10:00,Transfer Pump,temperature,77.29754270298916,71.96446774211343,Warning,Drift
2025-01-28 16:20:00,Heat Exchanger,vibration,4.82091273380996,4.022832791489556,Warning,Drift
2025-01-28 16:20:00,Transfer Pump,temperature,77.44985583312271,71.96446774211343,Warning,Drift
2025-01-28 16:20:00,Transfer Pump,vibration,5.555254041189926,3.9421961648401727,Warning,Drift
2025-01-28 16:20:00,Heat Exchanger,temperature,75.87981642580374,73.86863969930432,Warning,Drift
2025-01-28 16:30:00,Heat Exchanger,temperature,76.22440438565415,73.86863969930432,Warning,Drift
2025-01-28 16:30:00,Heat Exchanger,vibration,5.109354531335686,4.022832791489556,Warning,Drift
2025-01-28 16:40:00,Heat Exchanger,temperature,76.13843034056542,73.86863969930432,Warning,Drift
2025-01-28 16:40:00,Heat Exchanger,vibration,5.039341248614696,4.022832791489556,Warning,Drift
2025-01-28 16:40:00,Transfer Pump,vibration,4.571432064027383,3.9421961648401727,Warning,Drift
2025-01-28 16:40:00,Transfer Pump,temperature,76.54943940800428,71.96446774211343,Warning,Drift
2025-01-28 16:50:00,Heat Exchanger,temperature,76.05245629547669,73.86863969930432,Warning,Drift
2025-01-28 16:50:00,Heat Exchanger,vibration,4.969327965893706,4.022832791489556,Warning,Drift
2025-01-28 16:50:00,Transfer Pump,vibration,4.536031828461531,3.9421961648401727,Warning,Drift
2025-01-28 16:50:00,Transfer Pump,temperature,75.64902298288582,71.96446774211343,Warning,Drift
2025-01-28 17:00:00,Transfer Pump,temperature,75.99734357408109,71.96446774211343,Warning,Drift
2025-01-28 17:00:00,Heat Exchanger,temperature,74.97452237231035,73.86863969930432,Warning,Drift
2025-01-28 17:00:00,Transfer Pump,vibration,5.384611354672007,3.9421961648401727,Warning,Drift
2025-01-28 17:00:00,Heat Exchanger,vibration,4.4992786479544336,4.022832791489556,Warning,Drift
2025-01-28 17:10:00,Heat Exchanger,vibration,4.965791214603415,4.022832791489556,Warning,Drift
2025-01-28 17:10:00,Heat Exchanger,temperature,74.96467931860577,73.86863969930432,Warning,Drift
2025-01-28 17:10:00,Transfer Pump,vibration,5.255549438862693,3.9421961648401727,Warning,Drift
2025-01-28 17:10:00,Transfer Pump,temperature,74.63217151125033,71.96446774211343,Warning,Drift
2025-01-28 17:20:00,Heat Exchanger,vibration,4.670655497311289,4.022832791489556,Warning,Drift
2025-01-28 17:20:00,Heat Exchanger,temperature,75.98196572113939,73.86863969930432,Warning,Drift
2025-01-28 17:20:00,Transfer Pump,temperature,74.76983816837877,71.96446774211343,Warning,Drift
2025-01-28 17:20:00,Transfer Pump,vibration,4.880730453817282,3.9421961648401727,Warning,Drift
2025-01-28 17:30:00,Heat Exchanger,vibration,4.624904761657457,4.022832791489556,Warning,Drift
2025-01-28 17:30:00,Heat Exchanger,temperature,73.79588940013217,58.08404267265845,Warning,Drift
2025-01-28 17:30:00,Transfer Pump,temperature,74.9075048255072,71.96446774211343,Warning,Drift
2025-01-28 17:30:00,Transfer Pump,vibration,4.9143823508207,3.9421961648401727,Warning,Drift
2025-01-28 17:40:00,Transfer Pump,vibration,4.862719287168487,3.9421961648401727,Warning,Drift
2025-01-28 17:40:00,Transfer Pump,temperature,75.84417413745764,71.96446774211343,Warning,Drift
2025-01-28 17:40:00,Heat Exchanger,vibration,4.580548619552992,4.022832791489556,Warning,Drift
2025-01-28 17:40:00,Heat Exchanger,temperature,74.934245633457,73.86863969930432,Warning,Drift
2025-01-28 17:50:00,Transfer Pump,temperature,77.57055713703171,71.96446774211343,Warning,Drift
2025-01-28 17:50:00,Heat Exchanger,vibration,4.574407549954205,4.022832791489556,Warning,Drift
2025-01-28 17:50:00,Transfer Pump,vibration,4.480077280081604,3.9421961648401727,Warning,Drift
2025-01-28 17:50:00,Heat Exchanger,temperature,75.10035656412015,73.86863969930432,Warning,Drift
2025-01-28 18:00:00,Heat Exchanger,vibration,4.690643157734677,4.022832791489556,Warning,Drift
2025-01-28 18:00:00,Transfer Pump,vibration,5.0425889584021295,3.9421961648401727,Warning,Drift
2025-01-28 18:00:00,Transfer Pump,temperature,76.14559664724435,71.96446774211343,Warning,Drift
2025-01-28 18:00:00,Heat Exchanger,temperature,74.16947094557399,73.86863969930432,Warning,Drift
2025-01-28 18:10:00,Heat Exchanger,vibration,5.01394987937871,4.022832791489556,Warning,Drift
2025-01-28 18:10:00,Heat Exchanger,temperature,74.47528398278789,73.86863969930432,Warning,Drift
2025-01-28 18:10:00,Transfer Pump,vibration,5.000219395970411,3.9421961648401727,Warning,Drift
2025-01-28 18:10:00,Transfer Pump,temperature,73.59345781983882,71.96446774211343,Warning,Drift
2025-01-28 18:20:00,Transfer Pump,vibration,4.520849831762382,3.9421961648401727,Warning,Drift
2025-01-28 18:20:00,Transfer Pump,temperature,74.02737275433185,71.96446774211343,Warning,Drift
2025-01-28 18:30:00,Transfer Pump,vibration,4.782386170391767,3.9421961648401727,Warning,Drift
2025-01-28 18:30:00,Heat Exchanger,vibration,4.912430563351055,4.022832791489556,Warning,Drift
2025-01-28 18:30:00,Heat Exchanger,temperature,74.8678775037184,73.86863969930432,Warning,Drift
2025-01-28 18:30:00,Transfer Pump,temperature,74.05513693941744,71.96446774211343,Warning,Drift
2025-01-28 18:40:00,Transfer Pump,temperature,73.54365422972931,71.96446774211343,Warning,Drift
2025-01-28 18:40:00,Transfer Pump,vibration,4.69197709245257,3.9421961648401727,Warning,Drift
2025-01-28 18:40:00,Heat Exchanger,vibration,4.815717487118862,4.022832791489556,Warning,Drift
2025-01-28 18:40:00,Heat Exchanger,temperature,73.85741029942471,58.08404267265845,Warning,Drift
2025-01-28 18:50:00,Transfer Pump,vibration,4.648760223980995,3.9421961648401727,Warning,Drift
2025-01-28 18:50:00,Heat Exchanger,temperature,72.85607423277575,58.08404267265845,Warning,Drift
2025-01-28 18:50:00,Heat Exchanger,vibration,4.493704982861896,4.022832791489556,Warning,Drift
2025-01-28 18:50:00,Transfer Pump,temperature,74.5765486270345,71.96446774211343,Warning,Drift
2025-01-28 19:00:00,Heat Exchanger,vibration,4.417911165885824,4.022832791489556,Warning,Drift
2025-01-28 19:00:00,Transfer Pump,temperature,74.84172113964826,71.96446774211343,Warning,Drift
2025-01-28 19:00:00,Transfer Pump,vibration,4.546293904261363,3.9421961648401727,Warning,Drift
2025-01-28 19:00:00,Heat Exchanger,temperature,73.25159741548637,58.08404267265845,Warning,Drift
2025-01-28 19:10:00,Heat Exchanger,vibration,4.247034547633488,4.022832791489556,Warning,Drift
2025-01-28 19:10:00,Transfer Pump,temperature,73.48224184216912,71.96446774211343,Warning,Drift
2025-01-28 19:10:00,Transfer Pump,vibration,4.630297562460127,3.9421961648401727,Warning,Drift
2025-01-28 19:10:00,Heat Exchanger,temperature,73.2926387267484,58.08404267265845,Warning,Drift
2025-01-28 19:20:00,Heat Exchanger,temperature,72.79062531934639,58.08404267265845,Warning,Drift
2025-01-28 19:20:00,Heat Exchanger,vibration,4.29604788886859,4.022832791489556,Warning,Drift
2025-01-28 19:20:00,Transfer Pump,temperature,74.1981053188325,71.96446774211343,Warning,Drift
2025-01-28 19:20:00,Transfer Pump,vibration,4.537925352067822,3.9421961648401727,Warning,Drift
2025-01-28 19:30:00,Transfer Pump,temperature,74.41490353483803,71.96446774211343,Warning,Drift
2025-01-28 19:30:00,Heat Exchanger,vibration,4.345061230103692,4.022832791489556,Warning,Drift
2025-01-28 19:30:00,Heat Exchanger,temperature,73.44495557913669,58.08404267265845,Warning,Drift
2025-01-28 19:30:00,Transfer Pump,vibration,4.806855888566944,3.9421961648401727,Warning,Drift
2025-01-28 19:40:00,Transfer Pump,vibration,4.593179681981379,3.9421961648401727,Warning,Drift
2025-01-28 19:40:00,Heat Exchanger,temperature,73.2712775942355,58.08404267265845,Warning,Drift
2025-01-28 19:40:00,Heat Exchanger,vibration,4.418681428250443,4.022832791489556,Warning,Drift
2025-01-28 19:40:00,Transfer Pump,temperature,74.25541022413948,71.96446774211343,Warning,Drift
2025-01-28 19:50:00,Heat Exchanger,vibration,4.415190992941598,4.022832791489556,Warning,Drift
2025-01-28 19:50:00,Heat Exchanger,temperature,73.097257513427,58.08404267265845,Warning,Drift
2025-01-28 19:50:00,Transfer Pump,vibration,4.456721698596892,3.9421961648401727,Warning,Drift
2025-01-28 19:50:00,Transfer Pump,temperature,74.09591691344093,71.96446774211343,Warning,Drift
2025-01-28 20:00:00,Transfer Pump,temperature,74.10598755547129,71.96446774211343,Warning,Drift
2025-01-28 20:00:00,Transfer Pump,vibration,4.560461651540454,3.9421961648401727,Warning,Drift
2025-01-28 20:10:00,Transfer Pump,vibration,4.52361470833226,3.9421961648401727,Warning,Drift
2025-01-28 20:10:00,Transfer Pump,temperature,73.68570340780258,71.96446774211343,Warning,Drift
2025-01-28 20:10:00,Heat Exchanger,vibration,4.505494707287754,4.022832791489556,Warning,Drift
2025-01-28 20:10:00,Heat Exchanger,temperature,72.8734581174113,58.08404267265845,Warning,Drift
2025-01-28 20:20:00,Transfer Pump,temperature,72.78181846107175,71.96446774211343,Warning,Drift
2025-01-28 20:20:00,Transfer Pump,vibration,4.500547973229572,3.9421961648401727,Warning,Drift
2025-01-28 20:30:00,Heat Exchanger,vibration,4.349975774430369,4.022832791489556,Warning,Drift
2025-01-28 20:30:00,Heat Exchanger,temperature,72.76383146938335,58.08404267265845,Warning,Drift
2025-01-28 20:30:00,Transfer Pump,temperature,72.83813317684692,71.96446774211343,Warning,Drift
2025-01-28 20:30:00,Transfer Pump,vibration,4.640433333807345,3.9421961648401727,Warning,Drift
2025-01-28 20:40:00,Transfer Pump,temperature,72.30172818652798,71.96446774211343,Warning,Drift
2025-01-28 20:40:00,Heat Exchanger,vibration,4.549148243792248,4.022832791489556,Warning,Drift
2025-01-28 20:40:00,Heat Exchanger,temperature,73.27130013113684,58.08404267265845,Warning,Drift
2025-01-28 20:40:00,Transfer Pump,vibration,4.454283545299415,3.9421961648401727,Warning,Drift
2025-01-28 20:50:00,Heat Exchanger,vibration,4.480608207354304,4.022832791489556,Warning,Drift
2025-01-28 20:50:00,Heat Exchanger,temperature,72.39010358216315,58.08404267265845,Warning,Drift
2025-01-28 20:50:00,Transfer Pump,temperature,72.13510599389139,71.96446774211343,Warning,Drift
2025-01-28 20:50:00,Transfer Pump,vibration,4.387356798741298,3.9421961648401727,Warning,Drift
2025-01-28 21:00:00,Heat Exchanger,vibration,4.396270886420218,4.022832791489556,Warning,Drift
2025-01-28 21:00:00,Heat Exchanger,temperature,71.687195270165,58.08404267265845,Warning,Drift
2025-01-28 21:00:00,Transfer Pump,vibration,4.231981120049758,3.9421961648401727,Warning,Drift
2025-01-28 21:00:00,Transfer Pump,temperature,71.96848380125479,71.96446774211343,Warning,Drift
2025-01-28 21:10:00,Heat Exchanger,vibration,4.230432916172642,4.022832791489556,Warning,Drift
2025-01-28 21:10:00,Heat Exchanger,temperature,72.78401606529485,58.08404267265845,Warning,Drift
2025-01-28 21:10:00,Transfer Pump,temperature,73.80446342670808,71.96446774211343,Warning,Drift
2025-01-28 21:10:00,Transfer Pump,vibration,4.462511446997809,3.9421961648401727,Warning,Drift
2025-01-28 21:20:00,Transfer Pump,temperature,71.77902631004028,56.11255468087906,Warning,Drift
2025-01-28 21:20:00,Heat Exchanger,temperature,70.8735841170883,58.08404267265845,Warning,Drift
2025-01-28 21:20:00,Transfer Pump,vibration,4.676110263433146,3.9421961648401727,Warning,Drift
2025-01-28 21:20:00,Heat Exchanger,vibration,4.490407677324164,4.022832791489556,Warning,Drift
2025-01-28 21:30:00,Heat Exchanger,temperature,71.46151840948531,58.08404267265845,Warning,Drift
2025-01-28 21:30:00,Transfer Pump,vibration,4.418205282399928,3.9421961648401727,Warning,Drift
2025-01-28 21:30:00,Transfer Pump,temperature,73.46950627724829,71.96446774211343,Warning,Drift
2025-01-28 21:30:00,Heat Exchanger,vibration,4.430246853781194,4.022832791489556,Warning,Drift
2025-01-28 21:40:00,Transfer Pump,vibration,4.339391088645206,3.9421961648401727,Warning,Drift
2025-01-28 21:40:00,Transfer Pump,temperature,73.54747590606416,71.96446774211343,Warning,Drift
2025-01-28 21:40:00,Heat Exchanger,temperature,71.70917410642768,58.08404267265845,Warning,Drift
2025-01-28 21:40:00,Heat Exchanger,vibration,4.224956533046044,4.022832791489556,Warning,Drift
2025-01-28 21:50:00,Transfer Pump,vibration,4.283338063250985,3.9421961648401727,Warning,Drift
2025-01-28 21:50:00,Transfer Pump,temperature,73.61103783677731,71.96446774211343,Warning,Drift
2025-01-28 21:50:00,Heat Exchanger,temperature,72.2639204579066,58.08404267265845,Warning,Drift
2025-01-28 21:50:00,Heat Exchanger,vibration,3.914040722899705,1.786686922550898,Warning,Drift
2025-01-28 22:00:00,Heat Exchanger,temperature,72.68648351096932,58.08404267265845,Warning,Drift
2025-01-28 22:00:00,Heat Exchanger,vibration,4.26697293949922,4.022832791489556,Warning,Drift
2025-01-28 22:00:00,Transfer Pump,temperature,71.7815712641345,56.11255468087906,Warning,Drift
2025-01-28 22:00:00,Transfer Pump,vibration,4.099998367116565,3.9421961648401727,Warning,Drift
2025-01-28 22:10:00,Heat Exchanger,vibration,4.116680242903774,4.022832791489556,Warning,Drift
2025-01-28 22:10:00,Transfer Pump,vibration,4.290536422328556,3.9421961648401727,Warning,Drift
2025-01-28 22:10:00,Transfer Pump,temperature,72.67723231756588,71.96446774211343,Warning,Drift
2025-01-28 22:10:00,Heat Exchanger,temperature,72.2748963354626,58.08404267265845,Warning,Drift
2025-01-28 22:20:00,Transfer Pump,vibration,4.481074477540545,3.9421961648401727,Warning,Drift
2025-01-28 22:20:00,Transfer Pump,temperature,72.00226918684871,71.96446774211343,Warning,Drift
2025-01-28 22:20:00,Heat Exchanger,vibration,4.36258476320108,4.022832791489556,Warning,Drift
2025-01-28 22:30:00,Transfer Pump,temperature,71.71650688619013,56.11255468087906,Warning,Drift
2025-01-28 22:30:00,Transfer Pump,vibration,4.525287662631924,3.9421961648401727,Warning,Drift
2025-01-28 22:40:00,Heat Exchanger,vibration,3.9191022306524728,1.786686922550898,Warning,Drift
2025-01-28 22:40:00,Transfer Pump,temperature,90.410048794298,71.96446774211343,Critical,Drift
2025-01-28 22:40:00,Transfer Pump,vibration,9.425664174955523,3.9421961648401727,Critical,Drift
2025-01-28 22:50:00,Transfer Pump,vibration,4.23002967143295,3.9421961648401727,Warning,Drift
2025-01-28 22:50:00,Heat Exchanger,vibration,4.267809034071254,4.022832791489556,Warning,Drift
2025-01-28 22:50:00,Transfer Pump,temperature,72.98150770099018,71.96446774211343,Warning,Drift
2025-01-28 23:00:00,Transfer Pump,vibration,4.313301598729838,3.9421961648401727,Warning,Drift
2025-01-28 23:00:00,Transfer Pump,temperature,71.81605645204178,56.11255468087906,Warning,Drift
2025-01-28 23:00:00,Heat Exchanger,vibration,4.518845045842963,4.022832791489556,Warning,Drift
2025-01-28 23:10:00,Heat Exchanger,vibration,4.178824077995262,4.022832791489556,Warning,Drift
2025-01-28 23:10:00,Transfer Pump,vibration,4.276403018584375,3.9421961648401727,Warning,Drift
2025-01-28 23:10:00,Transfer Pump,temperature,72.5237313484478,71.96446774211343,Warning,Drift
2025-01-28 23:20:00,Heat Exchanger,vibration,4.201855268276908,4.022832791489556,Warning,Drift
2025-01-28 23:20:00,Transfer Pump,temperature,71.50891734845683,56.11255468087906,Warning,Drift
2025-01-28 23:20:00,Transfer Pump,vibration,4.288468347083057,3.9421961648401727,Warning,Drift
2025-01-28 23:30:00,Transfer Pump,temperature,71.3818065911855,56.11255468087906,Warning,Drift
2025-01-28 23:30:00,Heat Exchanger,vibration,4.139497110359189,4.022832791489556,Warning,Drift
2025-01-28 23:30:00,Transfer Pump,vibration,4.287418612185841,3.9421961648401727,Warning,Drift
2025-01-28 23:40:00,Transfer Pump,vibration,4.558905465442095,3.9421961648401727,Warning,Drift
2025-01-28 23:40:00,Heat Exchanger,vibration,4.212950501964227,4.022832791489556,Warning,Drift
2025-01-28 23:40:00,Transfer Pump,temperature,71.94476844294262,56.11255468087906,Warning,Drift
2025-01-28 23:50:00,Transfer Pump,temperature,71.98723830829708,71.96446774211343,Warning,Drift
2025-01-28 23:50:00,Transfer Pump,vibration,4.723503664462598,3.9421961648401727,Warning,Drift
2025-01-28 23:50:00,Heat Exchanger,vibration,4.476783765307481,4.022832791489556,Warning,Drift
2025-01-29 00:00:00,Transfer Pump,vibration,4.202990662875628,3.9421961648401727,Warning,Drift
2025-01-29 00:00:00,Transfer Pump,temperature,72.73422524847695,71.96446774211343,Warning,Drift
2025-01-29 00:00:00,Heat Exchanger,vibration,4.3899952164227525,4.022832791489556,Warning,Drift
2025-01-29 00:10:00,Transfer Pump,vibration,4.330803880722884,3.9421961648401727,Warning,Drift
2025-01-29 00:10:00,Transfer Pump,temperature,71.20662530998011,56.11255468087906,Warning,Drift
2025-01-29 00:10:00,Heat Exchanger,vibration,4.09764981243545,4.022832791489556,Warning,Drift
2025-01-29 00:20:00,Transfer Pump,vibration,4.402399825433831,3.9421961648401727,Warning,Drift
2025-01-29 00:20:00,Transfer Pump,temperature,73.94925426712473,71.96446774211343,Warning,Drift
2025-01-29 00:20:00,Heat Exchanger,vibration,4.151351770403695,4.022832791489556,Warning,Drift
2025-01-29 00:30:00,Transfer Pump,vibration,4.1898682911074365,3.9421961648401727,Warning,Drift
2025-01-29 00:30:00,Transfer Pump,temperature,70.80967168723124,56.11255468087906,Warning,Drift
2025-01-29 00:30:00,Heat Exchanger,vibration,4.205053728371939,4.022832791489556,Warning,Drift
2025-01-29 00:40:00,Transfer Pump,vibration,4.379676040926807,3.9421961648401727,Warning,Drift
2025-01-29 00:40:00,Transfer Pump,temperature,72.45368191413539,71.96446774211343,Warning,Drift
2025-01-29 00:40:00,Heat Exchanger,vibration,4.284408067415271,4.022832791489556,Warning,Drift
2025-01-29 00:50:00,Heat Exchanger,vibration,4.292422482515385,4.022832791489556,Warning,Drift
2025-01-29 00:50:00,Transfer Pump,temperature,72.07747282520008,71.96446774211343,Warning,Drift
2025-01-29 00:50:00,Transfer Pump,vibration,4.438128225582611,3.9421961648401727,Warning,Drift
2025-01-29 01:00:00,Transfer Pump,temperature,71.8276699940064,56.11255468087906,Warning,Drift
2025-01-29 01:00:00,Heat Exchanger,vibration,4.203287939507425,4.022832791489556,Warning,Drift
2025-01-29 01:00:00,Transfer Pump,vibration,4.366291346289184,3.9421961648401727,Warning,Drift
2025-01-29 01:10:00,Transfer Pump,vibration,4.49952586536209,3.9421961648401727,Warning,Drift
2025-01-29 01:10:00,Transfer Pump,temperature,72.25348249009195,71.96446774211343,Warning,Drift
2025-01-29 01:10:00,Heat Exchanger,vibration,4.002829761103376,1.786686922550898,Warning,Drift
2025-01-29 01:20:00,Heat Exchanger,vibration,4.213444794519244,4.022832791489556,Warning,Drift
2025-01-29 01:20:00,Transfer Pump,vibration,4.393864157573271,3.9421961648401727,Warning,Drift
2025-01-29 01:20:00,Transfer Pump,temperature,72.9849210041623,71.96446774211343,Warning,Drift
2025-01-29 01:30:00,Transfer Pump,vibration,3.885904822209135,1.3763250384549288,Warning,Drift
2025-01-29 01:30:00,Heat Exchanger,vibration,4.176824571536413,4.022832791489556,Warning,Drift
2025-01-29 01:30:00,Transfer Pump,temperature,73.16905800799546,71.96446774211343,Warning,Drift
2025-01-29 01:40:00,Heat Exchanger,vibration,4.089301627832652,4.022832791489556,Warning,Drift
2025-01-29 01:40:00,Heat Exchanger,temperature,74.13338241714453,73.86863969930432,Warning,Spike
2025-01-29 01:40:00,Transfer Pump,vibration,4.237604192873164,3.9421961648401727,Warning,Drift
2025-01-29 01:40:00,Transfer Pump,temperature,72.39901068525592,71.96446774211343,Warning,Drift
2025-01-29 01:50:00,Heat Exchanger,vibration,4.402303541048985,4.022832791489556,Warning,Drift
2025-01-29 01:50:00,Transfer Pump,temperature,72.91054528702169,71.96446774211343,Warning,Drift
2025-01-29 01:50:00,Transfer Pump,vibration,4.677845098111263,3.9421961648401727,Warning,Drift
2025-01-29 02:00:00,Transfer Pump,temperature,71.65884386836935,56.11255468087906,Warning,Drift
2025-01-29 02:00:00,Transfer Pump,vibration,4.523939339421127,3.9421961648401727,Warning,Drift
2025-01-29 02:10:00,Transfer Pump,temperature,72.65939491677356,71.96446774211343,Warning,Drift
2025-01-29 02:10:00,Transfer Pump,vibration,3.928096977413139,1.3763250384549288,Warning,Drift
2025-01-29 02:10:00,Heat Exchanger,vibration,4.095864027879378,4.022832791489556,Warning,Drift
2025-01-29 02:20:00,Heat Exchanger,vibration,4.649930733615026,4.022832791489556,Warning,Drift
2025-01-29 02:20:00,Transfer Pump,temperature,73.21166136574692,71.96446774211343,Warning,Drift
2025-01-29 02:20:00,Transfer Pump,vibration,4.181219414684186,3.9421961648401727,Warning,Drift
2025-01-29 02:30:00,Transfer Pump,temperature,71.16456334437412,56.11255468087906,Warning,Drift
2025-01-29 02:30:00,Heat Exchanger,vibration,4.380981365900708,4.022832791489556,Warning,Drift
2025-01-29 02:30:00,Transfer Pump,vibration,4.595418638489994,3.9421961648401727,Warning,Drift
2025-01-29 02:40:00,Transfer Pump,temperature,73.1557988517275,71.96446774211343,Warning,Drift
2025-01-29 02:40:00,Transfer Pump,vibration,4.374905514685866,3.9421961648401727,Warning,Drift
2025-01-29 02:40:00,Heat Exchanger,vibration,4.461718283786242,4.022832791489556,Warning,Drift
2025-01-29 02:50:00,Transfer Pump,temperature,73.06170119976998,71.96446774211343,Warning,Drift
2025-01-29 02:50:00,Transfer Pump,vibration,4.005988258597026,3.9421961648401727,Warning,Drift
2025-01-29 02:50:00,Heat Exchanger,vibration,4.521634496055076,4.022832791489556,Warning,Drift
2025-01-29 02:50:00,Heat Exchanger,temperature,74.2776311999817,73.86863969930432,Warning,Spike
2025-01-29 03:00:00,Heat Exchanger,vibration,4.268923979148443,4.022832791489556,Warning,Drift
2025-01-29 03:00:00,Transfer Pump,temperature,74.32222741289488,71.96446774211343,Warning,Drift
2025-01-29 03:00:00,Transfer Pump,vibration,4.697492250560199,3.9421961648401727,Warning,Drift
2025-01-29 03:10:00,Transfer Pump,temperature,73.55489144161406,71.96446774211343,Warning,Drift
2025-01-29 03:10:00,Heat Exchanger,vibration,4.460335695881383,4.022832791489556,Warning,Drift
2025-01-29 03:10:00,Transfer Pump,vibration,4.65211449738967,3.9421961648401727,Warning,Drift
2025-01-29 03:20:00,Transfer Pump,temperature,73.9261591258189,71.96446774211343,Warning,Drift
2025-01-29 03:20:00,Heat Exchanger,vibration,4.030735408680918,4.022832791489556,Warning,Drift
2025-01-29 03:20:00,Transfer Pump,vibration,4.388136003187684,3.9421961648401727,Warning,Drift
2025-01-29 03:30:00,Heat Exchanger,vibration,4.56751139559273,4.022832791489556,Warning,Drift
2025-01-29 03:40:00,Heat Exchanger,vibration,4.3987351057559305,4.022832791489556,Warning,Drift
2025-01-29 03:40:00,Transfer Pump,vibration,4.427770015587398,3.9421961648401727,Warning,Drift
2025-01-29 03:40:00,Transfer Pump,temperature,74.29742681002374,71.96446774211343,Warning,Drift
2025-01-29 03:50:00,Heat Exchanger,vibration,4.522991039815716,4.022832791489556,Warning,Drift
2025-01-29 03:50:00,Transfer Pump,temperature,74.37310194955089,71.96446774211343,Warning,Drift
2025-01-29 03:50:00,Transfer Pump,vibration,4.475258974804186,3.9421961648401727,Warning,Drift
2025-01-29 04:00:00,Transfer Pump,temperature,73.01304691201082,71.96446774211343,Warning,Drift
2025-01-29 04:00:00,Transfer Pump,vibration,4.517574826853192,3.9421961648401727,Warning,Drift
2025-01-29 04:00:00,Heat Exchanger,vibration,4.433198569699688,4.022832791489556,Warning,Drift
2025-01-29 04:10:00,Transfer Pump,temperature,74.44550815191099,71.96446774211343,Warning,Drift
2025-01-29 04:10:00,Transfer Pump,vibration,4.281861393584715,3.9421961648401727,Warning,Drift
2025-01-29 04:10:00,Heat Exchanger,vibration,4.7911009762395,4.022832791489556,Warning,Drift
2025-01-29 04:20:00,Transfer Pump,temperature,75.28398950690541,71.96446774211343,Warning,Drift
2025-01-29 04:20:00,Transfer Pump,vibration,4.715775846983571,3.9421961648401727,Warning,Drift
2025-01-29 04:20:00,Heat Exchanger,vibration,4.702741834271949,4.022832791489556,Warning,Drift
2025-01-29 04:30:00,Transfer Pump,temperature,75.26951638828476,71.96446774211343,Warning,Drift
2025-01-29 04:30:00,Transfer Pump,vibration,4.753911370281776,3.9421961648401727,Warning,Drift
2025-01-29 04:30:00,Heat Exchanger,vibration,4.031267080863358,4.022832791489556,Warning,Drift
2025-01-29 04:40:00,Heat Exchanger,vibration,4.619894622984123,4.022832791489556,Warning,Drift
2025-01-29 04:40:00,Transfer Pump,temperature,74.65121637020361,71.96446774211343,Warning,Drift
2025-01-29 04:40:00,Transfer Pump,vibration,4.596889293201915,3.9421961648401727,Warning,Drift
2025-01-29 04:50:00,Heat Exchanger,vibration,4.4890955064546905,4.022832791489556,Warning,Drift
2025-01-29 05:00:00,Transfer Pump,vibration,4.432128754740576,3.9421961648401727,Warning,Drift
2025-01-29 05:00:00,Transfer Pump,temperature,75.66147657165325,71.96446774211343,Warning,Drift
2025-01-29 05:00:00,Heat Exchanger,vibration,4.66618203235579,4.022832791489556,Warning,Drift
2025-01-29 05:10:00,Transfer Pump,vibration,4.861929986009182,3.9421961648401727,Warning,Drift
2025-01-29 05:10:00,Heat Exchanger,vibration,4.683621748608647,4.022832791489556,Warning,Drift
2025-01-29 05:10:00,Transfer Pump,temperature,74.1713079329266,71.96446774211343,Warning,Drift
2025-01-29 05:10:00,Heat Exchanger,temperature,75.05073468663893,73.86863969930432,Warning,Spike
2025-01-29 05:20:00,Heat Exchanger,vibration,4.465898778438231,4.022832791489556,Warning,Drift
2025-01-29 05:20:00,Transfer Pump,temperature,75.61618225379554,71.96446774211343,Warning,Drift
2025-01-29 05:20:00,Transfer Pump,vibration,4.817096655694808,3.9421961648401727,Warning,Drift
2025-01-29 05:30:00,Heat Exchanger,vibration,4.599065893180848,4.022832791489556,Warning,Drift
2025-01-29 05:30:00,Heat Exchanger,temperature,75.51287204129716,73.86863969930432,Warning,Spike
2025-01-29 05:30:00,Transfer Pump,vibration,4.654439399449194,3.9421961648401727,Warning,Drift
2025-01-29 05:30:00,Transfer Pump,temperature,73.8153877896354,71.96446774211343,Warning,Drift
2025-01-29 05:40:00,Transfer Pump,vibration,4.873654033209403,3.9421961648401727,Warning,Drift
2025-01-29 05:40:00,Transfer Pump,temperature,76.23831205418143,71.96446774211343,Warning,Drift
2025-01-29 05:50:00,Transfer Pump,temperature,75.39751345276387,71.96446774211343,Warning,Drift
2025-01-29 05:50:00,Heat Exchanger,temperature,75.08512711297058,73.86863969930432,Warning,Spike
2025-01-29 05:50:00,Heat Exchanger,vibration,4.928242365179324,4.022832791489556,Warning,Drift
2025-01-29 05:50:00,Transfer Pump,vibration,4.660852208009793,3.9421961648401727,Warning,Drift
2025-01-29 06:00:00,Transfer Pump,vibration,5.038919962684755,3.9421961648401727,Warning,Drift
2025-01-29 06:00:00,Heat Exchanger,vibration,4.740161362309481,4.022832791489556,Warning,Drift
2025-01-29 06:00:00,Heat Exchanger,temperature,74.97287229360022,73.86863969930432,Warning,Spike
2025-01-29 06:00:00,Transfer Pump,temperature,75.7933340635416,71.96446774211343,Warning,Drift
2025-01-29 06:10:00,Heat Exchanger,temperature,74.38144518077218,73.86863969930432,Warning,Spike
2025-01-29 06:10:00,Transfer Pump,vibration,4.955331361715005,3.9421961648401727,Warning,Drift
2025-01-29 06:10:00,Transfer Pump,temperature,75.57538713920925,71.96446774211343,Warning,Drift
2025-01-29 06:10:00,Heat Exchanger,vibration,4.779590383722046,4.022832791489556,Warning,Drift
2025-01-29 06:20:00,Heat Exchanger,vibration,4.776915659475909,4.022832791489556,Warning,Drift
2025-01-29 06:20:00,Transfer Pump,temperature,76.14373459603308,71.96446774211343,Warning,Drift
2025-01-29 06:20:00,Transfer Pump,vibration,4.946342434117183,3.9421961648401727,Warning,Drift
2025-01-29 06:20:00,Heat Exchanger,temperature,75.5447911269162,73.86863969930432,Warning,Spike
2025-01-29 06:30:00,Transfer Pump,temperature,76.53719003174511,71.96446774211343,Warning,Drift
2025-01-29 06:30:00,Transfer Pump,vibration,4.818009796024506,3.9421961648401727,Warning,Drift
2025-01-29 06:30:00,Heat Exchanger,vibration,4.551824911468726,4.022832791489556,Warning,Drift
2025-01-29 06:30:00,Heat Exchanger,temperature,75.03216689475897,73.86863969930432,Warning,Spike
2025-01-29 06:40:00,Heat Exchanger,vibration,4.876771172004987,4.022832791489556,Warning,Drift
2025-01-29 06:40:00,Transfer Pump,temperature,77.09177535241906,71.96446774211343,Warning,Drift
2025-01-29 06:40:00,Transfer Pump,vibration,5.061007742524993,3.9421961648401727,Warning,Drift
2025-01-29 06:40:00,Heat Exchanger,temperature,75.78546744058143,73.86863969930432,Warning,Spike
2025-01-29 06:50:00,Transfer Pump,temperature,77.68220870683308,71.96446774211343,Warning,Drift
2025-01-29 06:50:00,Transfer Pump,vibration,5.158232389309931,3.9421961648401727,Warning,Drift
2025-01-29 07:00:00,Transfer Pump,temperature,76.83428882693698,71.96446774211343,Warning,Drift
2025-01-29 07:00:00,Transfer Pump,vibration,5.250709256382932,3.9421961648401727,Warning,Drift
2025-01-29 07:10:00,Transfer Pump,vibration,4.882999270418562,3.9421961648401727,Warning,Drift
2025-01-29 07:10:00,Transfer Pump,temperature,75.61729532981383,71.96446774211343,Warning,Drift
2025-01-29 07:10:00,Heat Exchanger,temperature,76.36580418540233,73.86863969930432,Warning,Spike
2025-01-29 07:10:00,Heat Exchanger,vibration,4.837096959753264,4.022832791489556,Warning,Drift
2025-01-29 07:20:00,Transfer Pump,temperature,78.14019870724391,71.96446774211343,Warning,Drift
2025-01-29 07:20:00,Transfer Pump,vibration,5.147912400601545,3.9421961648401727,Warning,Drift
2025-01-29 07:20:00,Heat Exchanger,temperature,76.9033429636275,73.86863969930432,Warning,Spike
2025-01-29 07:20:00,Heat Exchanger,vibration,4.978833469328187,4.022832791489556,Warning,Drift
2025-01-29 07:30:00,Transfer Pump,temperature,76.06493359165428,71.96446774211343,Warning,Drift
2025-01-29 07:30:00,Transfer Pump,vibration,5.270886832870049,3.9421961648401727,Warning,Drift
2025-01-29 07:40:00,Heat Exchanger,temperature,76.24882790304784,73.86863969930432,Warning,Spike
2025-01-29 07:40:00,Heat Exchanger,vibration,5.0119227846379575,4.022832791489556,Warning,Drift
2025-01-29 07:40:00,Transfer Pump,temperature,77.0489974276042,71.96446774211343,Warning,Drift
2025-01-29 07:40:00,Transfer Pump,vibration,5.2904087690844745,3.9421961648401727,Warning,Drift
2025-01-29 07:50:00,Heat Exchanger,temperature,77.11339733207623,73.86863969930432,Warning,Spike
2025-01-29 07:50:00,Heat Exchanger,vibration,4.906683298910575,4.022832791489556,Warning,Drift
2025-01-29 07:50:00,Transfer Pump,temperature,77.13598764688065,71.96446774211343,Warning,Drift
2025-01-29 07:50:00,Transfer Pump,vibration,5.3099307052989,3.9421961648401727,Warning,Drift
2025-01-29 08:00:00,Heat Exchanger,vibration,4.788402452574749,4.022832791489556,Warning,Drift
2025-01-29 08:00:00,Transfer Pump,vibration,5.103595641161567,3.9421961648401727,Warning,Drift
2025-01-29 08:00:00,Heat Exchanger,temperature,76.60891040589661,73.86863969930432,Warning,Spike
2025-01-29 08:00:00,Transfer Pump,temperature,77.67591300488381,71.96446774211343,Warning,Drift
2025-01-29 08:10:00,Heat Exchanger,temperature,76.51288965928217,73.86863969930432,Warning,Drift
2025-01-29 08:10:00,Transfer Pump,temperature,76.79094150072055,71.96446774211343,Warning,Drift
2025-01-29 08:10:00,Transfer Pump,vibration,4.909260476454925,3.9421961648401727,Warning,Drift
2025-01-29 08:10:00,Heat Exchanger,vibration,4.482596791916073,4.022832791489556,Warning,Drift
2025-01-29 08:20:00,Transfer Pump,temperature,76.88357287001413,71.96446774211343,Warning,Drift
2025-01-29 08:20:00,Transfer Pump,vibration,4.981982313698566,3.9421961648401727,Warning,Drift
2025-01-29 08:20:00,Heat Exchanger,vibration,4.933630444698366,4.022832791489556,Warning,Drift
2025-01-29 08:20:00,Heat Exchanger,temperature,77.068543655978,73.86863969930432,Warning,Drift
2025-01-29 08:30:00,Heat Exchanger,vibration,4.955015889839514,4.022832791489556,Warning,Drift
2025-01-29 08:30:00,Heat Exchanger,temperature,77.62419765267384,73.86863969930432,Warning,Drift
2025-01-29 08:30:00,Transfer Pump,vibration,4.866628044527385,3.9421961648401727,Warning,Drift
2025-01-29 08:30:00,Transfer Pump,temperature,78.04365653919771,71.96446774211343,Warning,Drift
2025-01-29 08:40:00,Transfer Pump,vibration,5.135584839616579,3.9421961648401727,Warning,Drift
2025-01-29 08:40:00,Heat Exchanger,temperature,76.77092420234436,73.86863969930432,Warning,Drift
2025-01-29 08:40:00,Transfer Pump,temperature,77.5462464126684,71.96446774211343,Warning,Drift
2025-01-29 08:40:00,Heat Exchanger,vibration,5.220953018595377,4.022832791489556,Warning,Drift
2025-01-29 08:50:00,Heat Exchanger,vibration,5.061012862219553,4.022832791489556,Warning,Drift
2025-01-29 08:50:00,Heat Exchanger,temperature,77.8473597925796,73.86863969930432,Warning,Drift
2025-01-29 09:00:00,Transfer Pump,temperature,77.97791969958892,71.96446774211343,Warning,Drift
2025-01-29 09:00:00,Transfer Pump,vibration,5.207108308217125,3.9421961648401727,Warning,Drift
2025-01-29 09:00:00,Heat Exchanger,vibration,4.919681200733219,4.022832791489556,Warning,Drift
2025-01-29 09:00:00,Heat Exchanger,temperature,77.46299853205028,73.86863969930432,Warning,Drift
2025-01-29 09:10:00,Transfer Pump,vibration,5.432714516485708,3.9421961648401727,Warning,Drift
2025-01-29 09:10:00,Transfer Pump,temperature,77.7060771420922,71.96446774211343,Warning,Drift
2025-01-29 09:10:00,Heat Exchanger,temperature,77.34183605513547,73.86863969930432,Warning,Drift
2025-01-29 09:10:00,Heat Exchanger,vibration,4.74667619376004,4.022832791489556,Warning,Drift
2025-01-29 09:20:00,Transfer Pump,vibration,5.198428670414071,3.9421961648401727,Warning,Drift
2025-01-29 09:20:00,Transfer Pump,temperature,78.40802724312084,71.96446774211343,Warning,Drift
2025-01-29 09:20:00,Heat Exchanger,temperature,76.98335115846704,73.86863969930432,Warning,Drift
2025-01-29 09:20:00,Heat Exchanger,vibration,5.200749501970929,4.022832791489556,Warning,Drift
2025-01-29 09:30:00,Transfer Pump,temperature,79.1099773441495,71.96446774211343,Warning,Drift
2025-01-29 09:30:00,Transfer Pump,vibration,5.166425727215392,3.9421961648401727,Warning,Drift
2025-01-29 09:30:00,Heat Exchanger,temperature,78.81476296645593,73.86863969930432,Warning,Drift
2025-01-29 09:30:00,Heat Exchanger,vibration,5.077626752327375,4.022832791489556,Warning,Drift
2025-01-29 09:40:00,Transfer Pump,vibration,5.191040816296907,3.9421961648401727,Warning,Drift
2025-01-29 09:40:00,Transfer Pump,temperature,78.2451577494804,71.96446774211343,Warning,Drift
2025-01-29 09:50:00,Transfer Pump,temperature,77.38033815481128,71.96446774211343,Warning,Drift
2025-01-29 09:50:00,Transfer Pump,vibration,4.9050899051099766,3.9421961648401727,Warning,Drift
2025-01-29 09:50:00,Heat Exchanger,temperature,79.22721252503354,73.86863969930432,Warning,Drift
2025-01-29 09:50:00,Heat Exchanger,vibration,4.983332674253063,4.022832791489556,Warning,Drift
2025-01-29 10:00:00,Transfer Pump,vibration,5.372735181776013,3.9421961648401727,Warning,Drift
2025-01-29 10:00:00,Transfer Pump,temperature,79.1681349497724,71.96446774211343,Warning,Drift
2025-01-29 10:00:00,Heat Exchanger,temperature,77.38693622234393,73.86863969930432,Warning,Drift
2025-01-29 10:00:00,Heat Exchanger,vibration,5.315614877393276,4.022832791489556,Warning,Drift
2025-01-29 10:10:00,Transfer Pump,temperature,79.46837520246562,71.96446774211343,Warning,Drift
2025-01-29 10:10:00,Heat Exchanger,vibration,5.352538785370458,4.022832791489556,Warning,Drift
2025-01-29 10:10:00,Transfer Pump,vibration,5.232845562770656,3.9421961648401727,Warning,Drift
2025-01-29 10:10:00,Heat Exchanger,temperature,79.32543432825844,73.86863969930432,Warning,Drift
2025-01-29 10:20:00,Heat Exchanger,temperature,78.25832744807747,73.86863969930432,Warning,Drift
2025-01-29 10:20:00,Transfer Pump,vibration,5.2839648879066194,3.9421961648401727,Warning,Drift
2025-01-29 10:20:00,Heat Exchanger,vibration,4.998847525850458,4.022832791489556,Warning,Drift
2025-01-29 10:20:00,Transfer Pump,temperature,79.19836406753137,71.96446774211343,Warning,Drift
2025-01-29 10:30:00,Transfer Pump,temperature,78.92835293259711,71.96446774211343,Warning,Drift
2025-01-29 10:30:00,Transfer Pump,vibration,5.24210810069522,3.9421961648401727,Warning,Drift
2025-01-29 10:30:00,Heat Exchanger,vibration,4.706738177202385,4.022832791489556,Warning,Drift
2025-01-29 10:30:00,Heat Exchanger,temperature,78.9455997571581,73.86863969930432,Warning,Drift
2025-01-29 10:40:00,Heat Exchanger,vibration,5.090001463126499,4.022832791489556,Warning,Drift
2025-01-29 10:40:00,Heat Exchanger,temperature,78.13572060308596,73.86863969930432,Warning,Drift
2025-01-29 10:40:00,Transfer Pump,temperature,80.27430771141415,71.96446774211343,Warning,Drift
2025-01-29 10:40:00,Transfer Pump,vibration,5.309124330655852,3.9421961648401727,Warning,Drift
2025-01-29 10:50:00,Transfer Pump,temperature,79.70453030479466,71.96446774211343,Warning,Drift
2025-01-29 10:50:00,Heat Exchanger,vibration,5.1762939017711,4.022832791489556,Warning,Drift
2025-01-29 10:50:00,Heat Exchanger,temperature,77.32584144901381,73.86863969930432,Warning,Drift
2025-01-29 10:50:00,Transfer Pump,vibration,5.057222756497811,3.9421961648401727,Warning,Drift
2025-01-29 11:00:00,Heat Exchanger,vibration,5.154996509929624,4.022832791489556,Warning,Drift
2025-01-29 11:00:00,Heat Exchanger,temperature,78.62360131975082,73.86863969930432,Warning,Drift
2025-01-29 11:00:00,Transfer Pump,vibration,5.299472121524181,3.9421961648401727,Warning,Drift
2025-01-29 11:00:00,Transfer Pump,temperature,78.02726432029225,71.96446774211343,Warning,Drift
2025-01-29 11:10:00,Transfer Pump,vibration,5.196440724257131,3.9421961648401727,Warning,Drift
2025-01-29 11:10:00,Transfer Pump,temperature,78.72397198029032,71.96446774211343,Warning,Drift
2025-01-29 11:10:00,Heat Exchanger,vibration,4.864111057945999,4.022832791489556,Warning,Drift
2025-01-29 11:10:00,Heat Exchanger,temperature,77.64673678446131,73.86863969930432,Warning,Drift
2025-01-29 11:20:00,Transfer Pump,temperature,78.52256765198449,71.96446774211343,Warning,Drift
2025-01-29 11:20:00,Transfer Pump,vibration,5.316117399598021,3.9421961648401727,Warning,Drift
2025-01-29 11:20:00,Heat Exchanger,temperature,79.55515673249685,73.86863969930432,Warning,Drift
2025-01-29 11:20:00,Heat Exchanger,vibration,5.428140929502253,4.022832791489556,Warning,Drift
2025-01-29 11:30:00,Heat Exchanger,temperature,78.81074008750609,73.86863969930432,Warning,Drift
2025-01-29 11:30:00,Heat Exchanger,vibration,4.821167928678348,4.022832791489556,Warning,Drift
2025-01-29 11:30:00,Transfer Pump,temperature,79.3845889087891,71.96446774211343,Warning,Drift
2025-01-29 11:30:00,Transfer Pump,vibration,5.130956953237051,3.9421961648401727,Warning,Drift
2025-01-29 11:40:00,Heat Exchanger,temperature,78.02515940331119,73.86863969930432,Warning,Drift
2025-01-29 11:40:00,Heat Exchanger,vibration,5.024244187341738,4.022832791489556,Warning,Drift
2025-01-29 11:40:00,Transfer Pump,temperature,80.26174586190079,71.96446774211343,Warning,Drift
2025-01-29 11:40:00,Transfer Pump,vibration,5.402762564746688,3.9421961648401727,Warning,Drift
2025-01-29 11:50:00,Transfer Pump,temperature,79.21375816043061,71.96446774211343,Warning,Drift
2025-01-29 11:50:00,Transfer Pump,vibration,5.322591324255338,3.9421961648401727,Warning,Drift
2025-01-29 11:50:00,Heat Exchanger,vibration,4.977253621707191,4.022832791489556,Warning,Drift
2025-01-29 11:50:00,Heat Exchanger,temperature,77.81879610077812,73.86863969930432,Warning,Drift
2025-01-29 12:00:00,Transfer Pump,temperature,79.32250273897135,71.96446774211343,Warning,Drift
2025-01-29 12:00:00,Transfer Pump,vibration,5.086813732223707,3.9421961648401727,Warning,Drift
2025-01-29 12:00:00,Heat Exchanger,vibration,4.969038189104159,4.022832791489556,Warning,Drift
2025-01-29 12:00:00,Heat Exchanger,temperature,78.38644527198235,73.86863969930432,Warning,Drift
2025-01-29 12:10:00,Transfer Pump,temperature,78.74296496076475,71.96446774211343,Warning,Drift
2025-01-29 12:10:00,Transfer Pump,vibration,5.490745434360818,3.9421961648401727,Warning,Drift
2025-01-29 12:20:00,Transfer Pump,temperature,80.1297831065337,71.96446774211343,Warning,Drift
2025-01-29 12:20:00,Heat Exchanger,vibration,5.173438473134646,4.022832791489556,Warning,Drift
2025-01-29 12:20:00,Heat Exchanger,temperature,78.95409444318658,73.86863969930432,Warning,Drift
2025-01-29 12:20:00,Transfer Pump,vibration,5.227372853905242,3.9421961648401727,Warning,Drift
2025-01-29 12:30:00,Transfer Pump,temperature,80.49471668498049,71.96446774211343,Warning,Drift
2025-01-29 12:30:00,Transfer Pump,vibration,5.254098596732865,3.9421961648401727,Warning,Drift
2025-01-29 12:30:00,Heat Exchanger,vibration,5.415869897044772,4.022832791489556,Warning,Drift
2025-01-29 12:30:00,Heat Exchanger,temperature,78.48418446349147,73.86863969930432,Warning,Drift
2025-01-29 12:40:00,Heat Exchanger,temperature,79.46138923380363,73.86863969930432,Warning,Drift
2025-01-29 12:40:00,Transfer Pump,temperature,79.46392856158342,71.96446774211343,Warning,Drift
2025-01-29 12:40:00,Transfer Pump,vibration,5.460175873831545,3.9421961648401727,Warning,Drift
2025-01-29 12:40:00,Heat Exchanger,vibration,5.129490079563281,4.022832791489556,Warning,Drift
2025-01-29 12:50:00,Heat Exchanger,vibration,4.974800113536517,4.022832791489556,Warning,Drift
2025-01-29 12:50:00,Heat Exchanger,temperature,79.00701376477153,73.86863969930432,Warning,Drift
2025-01-29 12:50:00,Transfer Pump,temperature,80.72862047922331,71.96446774211343,Warning,Drift
2025-01-29 12:50:00,Transfer Pump,vibration,5.50670829059559,3.9421961648401727,Warning,Drift
2025-01-29 13:00:00,Heat Exchanger,temperature,77.77569835320118,73.86863969930432,Warning,Drift
2025-01-29 13:00:00,Transfer Pump,temperature,78.99755867653101,71.96446774211343,Warning,Drift
2025-01-29 13:00:00,Heat Exchanger,vibration,5.406101774736305,4.022832791489556,Warning,Drift
2025-01-29 13:00:00,Transfer Pump,vibration,5.225808609769726,3.9421961648401727,Warning,Drift
2025-01-29 13:10:00,Transfer Pump,temperature,78.2770204743655,71.96446774211343,Warning,Drift
2025-01-29 13:10:00,Transfer Pump,vibration,5.32507322825723,3.9421961648401727,Warning,Drift
2025-01-29 13:20:00,Heat Exchanger,vibration,4.990290835838651,4.022832791489556,Warning,Drift
2025-01-29 13:20:00,Transfer Pump,vibration,5.422282740909151,3.9421961648401727,Warning,Drift
2025-01-29 13:20:00,Transfer Pump,temperature,79.99353010781215,71.96446774211343,Warning,Drift
2025-01-29 13:20:00,Heat Exchanger,temperature,77.69453757484632,73.86863969930432,Warning,Drift
2025-01-29 13:30:00,Transfer Pump,temperature,79.22250631877948,71.96446774211343,Warning,Drift
2025-01-29 13:30:00,Heat Exchanger,vibration,5.19407978400319,4.022832791489556,Warning,Drift
2025-01-29 13:30:00,Transfer Pump,vibration,5.520632845649686,3.9421961648401727,Warning,Drift
2025-01-29 13:30:00,Heat Exchanger,temperature,77.6442484125001,73.86863969930432,Warning,Drift
2025-01-29 13:40:00,Heat Exchanger,vibration,5.323243134971616,4.022832791489556,Warning,Drift
2025-01-29 13:40:00,Heat Exchanger,temperature,76.84175649425654,73.86863969930432,Warning,Drift
2025-01-29 13:40:00,Transfer Pump,temperature,78.77722478589625,71.96446774211343,Warning,Drift
2025-01-29 13:40:00,Transfer Pump,vibration,5.302133754510354,3.9421961648401727,Warning,Drift
2025-01-29 13:50:00,Heat Exchanger,temperature,78.96778067908078,73.86863969930432,Warning,Drift
2025-01-29 13:50:00,Transfer Pump,vibration,5.363234096202443,3.9421961648401727,Warning,Drift
2025-01-29 13:50:00,Heat Exchanger,vibration,4.958503332197626,4.022832791489556,Warning,Drift
2025-01-29 13:50:00,Transfer Pump,temperature,79.24052765839332,71.96446774211343,Warning,Drift
2025-01-29 14:00:00,Transfer Pump,vibration,5.105201628287556,3.9421961648401727,Warning,Drift
2025-01-29 14:00:00,Transfer Pump,temperature,77.84274883857887,71.96446774211343,Warning,Drift
2025-01-29 14:00:00,Heat Exchanger,temperature,79.17952835466308,73.86863969930432,Warning,Drift
2025-01-29 14:00:00,Heat Exchanger,vibration,5.134533811784794,4.022832791489556,Warning,Drift
2025-01-29 14:10:00,Transfer Pump,temperature,77.63709663836963,71.96446774211343,Warning,Drift
2025-01-29 14:10:00,Heat Exchanger,vibration,5.0333842253700185,4.022832791489556,Warning,Drift
2025-01-29 14:10:00,Heat Exchanger,temperature,77.28074839378242,73.86863969930432,Warning,Drift
2025-01-29 14:10:00,Transfer Pump,vibration,4.988144902508895,3.9421961648401727,Warning,Drift
2025-01-29 14:20:00,Heat Exchanger,temperature,77.11969756107148,73.86863969930432,Warning,Drift
2025-01-29 14:20:00,Heat Exchanger,vibration,4.878620868178147,4.022832791489556,Warning,Drift
2025-01-29 14:20:00,Transfer Pump,temperature,79.02927744235373,71.96446774211343,Warning,Drift
2025-01-29 14:20:00,Transfer Pump,vibration,5.350166713458128,3.9421961648401727,Warning,Drift
2025-01-29 14:30:00,Transfer Pump,vibration,5.094262265622804,3.9421961648401727,Warning,Drift
2025-01-29 14:30:00,Heat Exchanger,temperature,78.35308307028097,73.86863969930432,Warning,Drift
2025-01-29 14:30:00,Heat Exchanger,vibration,5.112452352604594,4.022832791489556,Warning,Drift
2025-01-29 14:30:00,Transfer Pump,temperature,79.21693501622431,71.96446774211343,Warning,Drift
2025-01-29 14:40:00,Transfer Pump,vibration,5.061669049002347,3.9421961648401727,Warning,Drift
2025-01-29 14:40:00,Transfer Pump,temperature,79.89346455151414,71.96446774211343,Warning,Drift
2025-01-29 14:40:00,Heat Exchanger,temperature,77.15759993086073,73.86863969930432,Warning,Drift
2025-01-29 14:40:00,Heat Exchanger,vibration,5.14893591564893,4.022832791489556,Warning,Drift
2025-01-29 14:50:00,Heat Exchanger,vibration,5.066952695432199,4.022832791489556,Warning,Drift
2025-01-29 14:50:00,Heat Exchanger,temperature,78.73601552624783,73.86863969930432,Warning,Drift
2025-01-29 14:50:00,Transfer Pump,temperature,79.39151776683754,71.96446774211343,Warning,Drift
2025-01-29 14:50:00,Transfer Pump,vibration,5.331397026627231,3.9421961648401727,Warning,Drift
2025-01-29 15:00:00,Transfer Pump,temperature,79.08941530309005,71.96446774211343,Warning,Drift
2025-01-29 15:00:00,Transfer Pump,vibration,5.176657248133452,3.9421961648401727,Warning,Drift
2025-01-29 15:00:00,Heat Exchanger,vibration,4.899403434903257,4.022832791489556,Warning,Drift
2025-01-29 15:00:00,Heat Exchanger,temperature,77.04210320630517,73.86863969930432,Warning,Drift
2025-01-29 15:10:00,Transfer Pump,vibration,5.230811577667097,3.9421961648401727,Warning,Drift
2025-01-29 15:10:00,Heat Exchanger,temperature,75.79879666570739,73.86863969930432,Warning,Drift
2025-01-29 15:10:00,Heat Exchanger,vibration,5.41114957205088,4.022832791489556,Warning,Drift
2025-01-29 15:10:00,Transfer Pump,temperature,79.49167630007553,71.96446774211343,Warning,Drift
2025-01-29 15:20:00,Heat Exchanger,vibration,5.258166896368117,4.022832791489556,Warning,Drift
2025-01-29 15:20:00,Transfer Pump,temperature,78.75695049680839,71.96446774211343,Warning,Drift
2025-01-29 15:20:00,Heat Exchanger,temperature,77.29485260841133,73.86863969930432,Warning,Drift
2025-01-29 15:20:00,Transfer Pump,vibration,4.944937428939334,3.9421961648401727,Warning,Drift
2025-01-29 15:30:00,Transfer Pump,vibration,4.997449847523599,3.9421961648401727,Warning,Drift
2025-01-29 15:30:00,Heat Exchanger,temperature,76.81045920437066,73.86863969930432,Warning,Drift
2025-01-29 15:30:00,Heat Exchanger,vibration,5.105184220685353,4.022832791489556,Warning,Drift
2025-01-29 15:30:00,Transfer Pump,temperature,77.97509539006518,71.96446774211343,Warning,Drift
2025-01-29 15:40:00,Transfer Pump,vibration,5.43995414611225,3.9421961648401727,Warning,Drift
2025-01-29 15:40:00,Transfer Pump,temperature,78.86173234169803,71.96446774211343,Warning,Drift
2025-01-29 15:40:00,Heat Exchanger,temperature,77.28333266556058,73.86863969930432,Warning,Drift
2025-01-29 15:40:00,Heat Exchanger,vibration,5.135027572975172,4.022832791489556,Warning,Drift
2025-01-29 15:50:00,Transfer Pump,vibration,5.012510437238753,3.9421961648401727,Warning,Drift
2025-01-29 15:50:00,Transfer Pump,temperature,78.70985201831586,71.96446774211343,Warning,Drift
2025-01-29 15:50:00,Heat Exchanger,vibration,4.525884596386151,4.022832791489556,Warning,Drift
2025-01-29 15:50:00,Heat Exchanger,temperature,76.76374533279908,73.86863969930432,Warning,Drift
2025-01-29 16:00:00,Heat Exchanger,vibration,5.1076194406178175,4.022832791489556,Warning,Drift
2025-01-29 16:00:00,Transfer Pump,vibration,5.07840734908544,3.9421961648401727,Warning,Drift
2025-01-29 16:00:00,Transfer Pump,temperature,77.87708059966087,71.96446774211343,Warning,Drift
2025-01-29 16:00:00,Heat Exchanger,temperature,76.94468686982927,73.86863969930432,Warning,Drift
2025-01-29 16:10:00,Heat Exchanger,vibration,4.943598210533072,4.022832791489556,Warning,Drift
2025-01-29 16:10:00,Heat Exchanger,temperature,77.12562840685946,73.86863969930432,Warning,Drift
2025-01-29 16:10:00,Transfer Pump,vibration,5.141345550273933,3.9421961648401727,Warning,Drift
2025-01-29 16:10:00,Transfer Pump,temperature,76.79412242930572,71.96446774211343,Warning,Drift
2025-01-29 16:20:00,Transfer Pump,temperature,76.19346945988639,71.96446774211343,Warning,Drift
2025-01-29 16:20:00,Heat Exchanger,vibration,4.877889592954693,4.022832791489556,Warning,Drift
2025-01-29 16:20:00,Heat Exchanger,temperature,76.91509981201924,73.86863969930432,Warning,Drift
2025-01-29 16:20:00,Transfer Pump,vibration,4.889251930036067,3.9421961648401727,Warning,Drift
2025-01-29 16:30:00,Heat Exchanger,vibration,4.886005426717482,4.022832791489556,Warning,Drift
2025-01-29 16:30:00,Heat Exchanger,temperature,76.67169705775184,73.86863969930432,Warning,Drift
2025-01-29 16:30:00,Transfer Pump,vibration,5.30821151678952,3.9421961648401727,Warning,Drift
2025-01-29 16:30:00,Transfer Pump,temperature,78.16018517416377,71.96446774211343,Warning,Drift
2025-01-29 16:40:00,Transfer Pump,vibration,5.048592933236588,3.9421961648401727,Warning,Drift
2025-01-29 16:40:00,Transfer Pump,temperature,77.73139888459795,71.96446774211343,Warning,Drift
2025-01-29 16:40:00,Heat Exchanger,vibration,4.995632971358094,4.022832791489556,Warning,Drift
2025-01-29 16:40:00,Heat Exchanger,temperature,76.38059973789771,73.86863969930432,Warning,Drift
2025-01-29 16:50:00,Heat Exchanger,vibration,4.462129515732915,4.022832791489556,Warning,Drift
2025-01-29 16:50:00,Heat Exchanger,temperature,75.12298771606933,73.86863969930432,Warning,Drift
2025-01-29 16:50:00,Transfer Pump,vibration,4.986929642993435,3.9421961648401727,Warning,Drift
2025-01-29 16:50:00,Transfer Pump,temperature,77.70365214085227,71.96446774211343,Warning,Drift
2025-01-29 17:00:00,Transfer Pump,vibration,5.203728962226654,3.9421961648401727,Warning,Drift
2025-01-29 17:00:00,Heat Exchanger,vibration,4.860760292371275,4.022832791489556,Warning,Drift
2025-01-29 17:00:00,Heat Exchanger,temperature,76.40999797640954,73.86863969930432,Warning,Drift
2025-01-29 17:00:00,Transfer Pump,temperature,77.77007426390139,71.96446774211343,Warning,Drift
2025-01-29 17:10:00,Heat Exchanger,vibration,4.914393598433239,4.022832791489556,Warning,Drift
2025-01-29 17:10:00,Heat Exchanger,temperature,76.5401522818865,73.86863969930432,Warning,Drift
2025-01-29 17:10:00,Transfer Pump,temperature,76.2032507133591,71.96446774211343,Warning,Drift
2025-01-29 17:10:00,Transfer Pump,vibration,5.157355149959413,3.9421961648401727,Warning,Drift
2025-01-29 17:20:00,Heat Exchanger,vibration,5.207411029781332,4.022832791489556,Warning,Drift
2025-01-29 17:20:00,Heat Exchanger,temperature,76.08834553735835,73.86863969930432,Warning,Drift
2025-01-29 17:20:00,Transfer Pump,temperature,75.27585697950994,71.96446774211343,Warning,Drift
2025-01-29 17:20:00,Transfer Pump,vibration,5.328866705443506,3.9421961648401727,Warning,Drift
2025-01-29 17:30:00,Heat Exchanger,vibration,4.5568436089219215,4.022832791489556,Warning,Drift
2025-01-29 17:30:00,Transfer Pump,temperature,77.04348426852377,71.96446774211343,Warning,Drift
2025-01-29 17:30:00,Transfer Pump,vibration,4.87757097387972,3.9421961648401727,Warning,Drift
2025-01-29 17:30:00,Heat Exchanger,temperature,75.50136372154206,73.86863969930432,Warning,Drift
2025-01-29 17:40:00,Transfer Pump,temperature,77.44171087114077,71.96446774211343,Warning,Drift
2025-01-29 17:40:00,Transfer Pump,vibration,5.332343368120689,3.9421961648401727,Warning,Drift
2025-01-29 17:40:00,Heat Exchanger,temperature,75.98738967356294,73.86863969930432,Warning,Drift
2025-01-29 17:40:00,Heat Exchanger,vibration,4.861045465454648,4.022832791489556,Warning,Drift
2025-01-29 17:50:00,Heat Exchanger,temperature,75.55637639545216,73.86863969930432,Warning,Drift
2025-01-29 17:50:00,Heat Exchanger,vibration,4.675390225076732,4.022832791489556,Warning,Drift
2025-01-29 17:50:00,Transfer Pump,vibration,5.035100637889444,3.9421961648401727,Warning,Drift
2025-01-29 17:50:00,Transfer Pump,temperature,76.61714151044704,71.96446774211343,Warning,Drift
2025-01-29 18:00:00,Transfer Pump,vibration,5.204272619742595,3.9421961648401727,Warning,Drift
2025-01-29 18:00:00,Transfer Pump,temperature,74.99841735847474,71.96446774211343,Warning,Drift
2025-01-29 18:10:00,Transfer Pump,vibration,5.058649312880906,3.9421961648401727,Warning,Drift
2025-01-29 18:10:00,Transfer Pump,temperature,76.23189789094532,71.96446774211343,Warning,Drift
2025-01-29 18:10:00,Heat Exchanger,temperature,75.00036035413999,73.86863969930432,Warning,Drift
2025-01-29 18:10:00,Heat Exchanger,vibration,4.880984267881215,4.022832791489556,Warning,Drift
2025-01-29 18:20:00,Transfer Pump,vibration,4.746890007192034,3.9421961648401727,Warning,Drift
2025-01-29 18:20:00,Transfer Pump,temperature,74.99168545346947,71.96446774211343,Warning,Drift
2025-01-29 18:20:00,Heat Exchanger,vibration,4.5739355810873565,4.022832791489556,Warning,Drift
2025-01-29 18:20:00,Heat Exchanger,temperature,73.78049870624919,58.08404267265845,Warning,Drift
2025-01-29 18:30:00,Transfer Pump,vibration,4.693695565428422,3.9421961648401727,Warning,Drift
2025-01-29 18:30:00,Transfer Pump,temperature,74.51026703078554,71.96446774211343,Warning,Drift
2025-01-29 18:30:00,Heat Exchanger,temperature,74.63191522444458,73.86863969930432,Warning,Drift
2025-01-29 18:30:00,Heat Exchanger,vibration,5.039540896272153,4.022832791489556,Warning,Drift
2025-01-29 18:40:00,Transfer Pump,vibration,4.500449563835125,3.9421961648401727,Warning,Drift
2025-01-29 18:40:00,Heat Exchanger,vibration,4.906963159038936,4.022832791489556,Warning,Drift
2025-01-29 18:40:00,Heat Exchanger,temperature,73.86940951020215,73.86863969930432,Warning,Drift
2025-01-29 18:40:00,Transfer Pump,temperature,75.59165269208285,71.96446774211343,Warning,Drift
2025-01-29 18:50:00,Transfer Pump,vibration,4.44486477728938,3.9421961648401727,Warning,Drift
2025-01-29 18:50:00,Transfer Pump,temperature,75.58252960386035,71.96446774211343,Warning,Drift
2025-01-29 18:50:00,Heat Exchanger,vibration,4.792571325220338,4.022832791489556,Warning,Drift
2025-01-29 18:50:00,Heat Exchanger,temperature,74.11201046812491,73.86863969930432,Warning,Drift
2025-01-29 19:00:00,Transfer Pump,vibration,4.678323591947816,3.9421961648401727,Warning,Drift
2025-01-29 19:00:00,Heat Exchanger,vibration,4.568270784553375,4.022832791489556,Warning,Drift
2025-01-29 19:00:00,Heat Exchanger,temperature,74.40815096167198,73.86863969930432,Warning,Drift
2025-01-29 19:00:00,Transfer Pump,temperature,75.22981899200718,71.96446774211343,Warning,Drift
2025-01-29 19:10:00,Transfer Pump,temperature,75.51713618167042,71.96446774211343,Warning,Drift
2025-01-29 19:10:00,Heat Exchanger,vibration,4.514693827123001,4.022832791489556,Warning,Drift
2025-01-29 19:10:00,Heat Exchanger,temperature,74.9887073348097,73.86863969930432,Warning,Drift
2025-01-29 19:10:00,Transfer Pump,vibration,4.998576623308381,3.9421961648401727,Warning,Drift
2025-01-29 19:20:00,Heat Exchanger,temperature,74.58920685186712,73.86863969930432,Warning,Drift
2025-01-29 19:20:00,Heat Exchanger,vibration,4.675914736116886,4.022832791489556,Warning,Drift
2025-01-29 19:30:00,Heat Exchanger,vibration,4.508410453107402,4.022832791489556,Warning,Drift
2025-01-29 19:30:00,Transfer Pump,vibration,4.613535435941447,3.9421961648401727,Warning,Drift
2025-01-29 19:30:00,Transfer Pump,temperature,74.95727787603467,71.96446774211343,Warning,Drift
2025-01-29 19:30:00,Heat Exchanger,temperature,74.08547437200653,73.86863969930432,Warning,Drift
2025-01-29 19:40:00,Transfer Pump,vibration,4.84408964540133,3.9421961648401727,Warning,Drift
2025-01-29 19:40:00,Heat Exchanger,temperature,74.78148845350319,73.86863969930432,Warning,Drift
2025-01-29 19:40:00,Transfer Pump,temperature,74.36519392416798,71.96446774211343,Warning,Drift
2025-01-29 19:40:00,Heat Exchanger,vibration,4.467983984426758,4.022832791489556,Warning,Drift
2025-01-29 19:50:00,Heat Exchanger,temperature,73.68827245644519,58.08404267265845,Warning,Drift
2025-01-29 19:50:00,Heat Exchanger,vibration,4.890250549387311,4.022832791489556,Warning,Drift
2025-01-29 20:00:00,Transfer Pump,temperature,74.70639673054899,71.96446774211343,Warning,Drift
2025-01-29 20:00:00,Transfer Pump,vibration,5.016301721259101,3.9421961648401727,Warning,Drift
2025-01-29 20:10:00,Transfer Pump,temperature,75.21334250285716,71.96446774211343,Warning,Drift
2025-01-29 20:10:00,Heat Exchanger,temperature,73.09131562580556,58.08404267265845,Warning,Drift
2025-01-29 20:10:00,Heat Exchanger,vibration,4.661489129934979,4.022832791489556,Warning,Drift
2025-01-29 20:10:00,Transfer Pump,vibration,4.621948361693047,3.9421961648401727,Warning,Drift
2025-01-29 20:20:00,Transfer Pump,temperature,74.47701372730698,71.96446774211343,Warning,Drift
2025-01-29 20:20:00,Transfer Pump,vibration,4.821081224412863,3.9421961648401727,Warning,Drift
2025-01-29 20:20:00,Heat Exchanger,vibration,4.835580205441791,4.022832791489556,Warning,Drift
2025-01-29 20:20:00,Heat Exchanger,temperature,72.41644822137897,58.08404267265845,Warning,Drift
2025-01-29 20:30:00,Transfer Pump,temperature,74.62375063749306,71.96446774211343,Warning,Drift
2025-01-29 20:30:00,Transfer Pump,vibration,4.602545223937388,3.9421961648401727,Warning,Drift
2025-01-29 20:30:00,Heat Exchanger,vibration,4.497789613218484,4.022832791489556,Warning,Drift
2025-01-29 20:30:00,Heat Exchanger,temperature,73.59872757834285,58.08404267265845,Warning,Drift
2025-01-29 20:40:00,Transfer Pump,temperature,74.01814596772152,71.96446774211343,Warning,Drift
2025-01-29 20:40:00,Transfer Pump,vibration,4.628502794583556,3.9421961648401727,Warning,Drift
2025-01-29 20:40:00,Heat Exchanger,temperature,71.78396043603048,58.08404267265845,Warning,Drift
2025-01-29 20:40:00,Heat Exchanger,vibration,4.354537187070083,4.022832791489556,Warning,Drift
2025-01-29 20:50:00,Heat Exchanger,vibration,4.261858861424107,4.022832791489556,Warning,Drift
2025-01-29 20:50:00,Heat Exchanger,temperature,72.18296696273512,58.08404267265845,Warning,Drift
2025-01-29 20:50:00,Transfer Pump,temperature,74.28976267827863,71.96446774211343,Warning,Drift
2025-01-29 20:50:00,Transfer Pump,vibration,4.813026521839023,3.9421961648401727,Warning,Drift
2025-01-29 21:00:00,Transfer Pump,vibration,4.638085025391346,3.9421961648401727,Warning,Drift
2025-01-29 21:00:00,Transfer Pump,temperature,74.62091401905835,71.96446774211343,Warning,Drift
2025-01-29 21:00:00,Heat Exchanger,temperature,72.96401456204207,58.08404267265845,Warning,Drift
2025-01-29 21:00:00,Heat Exchanger,vibration,4.684979727645803,4.022832791489556,Warning,Drift
2025-01-29 21:10:00,Transfer Pump,vibration,4.85294151438504,3.9421961648401727,Warning,Drift
2025-01-29 21:10:00,Transfer Pump,temperature,75.19614351811197,71.96446774211343,Warning,Drift
2025-01-29 21:10:00,Heat Exchanger,vibration,4.361352740146645,4.022832791489556,Warning,Drift
2025-01-29 21:10:00,Heat Exchanger,temperature,72.04155192060777,58.08404267265845,Warning,Drift
2025-01-29 21:20:00,Transfer Pump,vibration,4.430955587079071,3.9421961648401727,Warning,Drift
2025-01-29 21:20:00,Heat Exchanger,vibration,3.884615176288967,1.786686922550898,Warning,Drift
2025-01-29 21:20:00,Transfer Pump,temperature,74.5652426444092,71.96446774211343,Warning,Drift
2025-01-29 21:20:00,Heat Exchanger,temperature,72.63863099692387,58.08404267265845,Warning,Drift
2025-01-29 21:30:00,Heat Exchanger,temperature,72.6510586377379,58.08404267265845,Warning,Drift
2025-01-29 21:30:00,Heat Exchanger,vibration,3.925862529681795,1.786686922550898,Warning,Drift
2025-01-29 21:30:00,Transfer Pump,temperature,73.46148717195368,71.96446774211343,Warning,Drift
2025-01-29 21:30:00,Transfer Pump,vibration,4.326665689919562,3.9421961648401727,Warning,Drift
2025-01-29 21:40:00,Transfer Pump,vibration,4.234836182493947,3.9421961648401727,Warning,Drift
2025-01-29 21:40:00,Heat Exchanger,temperature,71.99897726316189,58.08404267265845,Warning,Drift
2025-01-29 21:40:00,Heat Exchanger,vibration,4.128640204308917,4.022832791489556,Warning,Drift
2025-01-29 21:40:00,Transfer Pump,temperature,74.33550632636462,71.96446774211343,Warning,Drift
2025-01-29 21:50:00,Transfer Pump,vibration,4.765534347203964,3.9421961648401727,Warning,Drift
2025-01-29 21:50:00,Transfer Pump,temperature,73.77868283317753,71.96446774211343,Warning,Drift
2025-01-29 21:50:00,Heat Exchanger,temperature,72.41083794331624,58.08404267265845,Warning,Drift
2025-01-29 21:50:00,Heat Exchanger,vibration,4.316559346014162,4.022832791489556,Warning,Drift
2025-01-29 22:00:00,Heat Exchanger,temperature,72.32526084832193,58.08404267265845,Warning,Drift
2025-01-29 22:00:00,Transfer Pump,vibration,4.692574489157002,3.9421961648401727,Warning,Drift
2025-01-29 22:00:00,Transfer Pump,temperature,72.77897606569117,71.96446774211343,Warning,Drift
2025-01-29 22:00:00,Heat Exchanger,vibration,4.334096898788923,4.022832791489556,Warning,Drift
2025-01-29 22:10:00,Transfer Pump,vibration,4.473863631126924,3.9421961648401727,Warning,Drift
2025-01-29 22:10:00,Transfer Pump,temperature,73.64605808205852,71.96446774211343,Warning,Drift
2025-01-29 22:10:00,Heat Exchanger,temperature,71.31025188196422,58.08404267265845,Warning,Drift
2025-01-29 22:10:00,Heat Exchanger,vibration,4.460977354636227,4.022832791489556,Warning,Drift
2025-01-29 22:20:00,Heat Exchanger,temperature,72.59676915591749,58.08404267265845,Warning,Drift
2025-01-29 22:20:00,Heat Exchanger,vibration,4.153833120703002,4.022832791489556,Warning,Drift
2025-01-29 22:20:00,Transfer Pump,vibration,4.567604118658048,3.9421961648401727,Warning,Drift
2025-01-29 22:20:00,Transfer Pump,temperature,72.22982678959734,71.96446774211343,Warning,Drift
2025-01-29 22:30:00,Heat Exchanger,temperature,70.47767262007066,58.08404267265845,Warning,Drift
2025-01-29 22:30:00,Heat Exchanger,vibration,4.390752370286642,4.022832791489556,Warning,Drift
2025-01-29 22:30:00,Transfer Pump,temperature,73.52723771712402,71.96446774211343,Warning,Drift
2025-01-29 22:30:00,Transfer Pump,vibration,4.699253999970005,3.9421961648401727,Warning,Drift
2025-01-29 22:40:00,Transfer Pump,temperature,74.42640168979469,71.96446774211343,Warning,Drift
2025-01-29 22:40:00,Transfer Pump,vibration,4.466229874676572,3.9421961648401727,Warning,Drift
2025-01-29 22:40:00,Heat Exchanger,vibration,4.504333261055147,4.022832791489556,Warning,Drift
2025-01-29 22:40:00,Heat Exchanger,temperature,73.55409816395576,58.08404267265845,Warning,Drift
2025-01-29 22:50:00,Transfer Pump,temperature,74.16293607662674,71.96446774211343,Warning,Drift
2025-01-29 22:50:00,Transfer Pump,vibration,4.178184538402458,3.9421961648401727,Warning,Drift
2025-01-29 22:50:00,Heat Exchanger,vibration,4.313836235848067,4.022832791489556,Warning,Drift
2025-01-29 23:00:00,Transfer Pump,temperature,73.89947046345878,71.96446774211343,Warning,Drift
2025-01-29 23:00:00,Transfer Pump,vibration,4.175818411816091,3.9421961648401727,Warning,Drift
2025-01-29 23:00:00,Heat Exchanger,vibration,4.251471641817244,4.022832791489556,Warning,Drift
2025-01-29 23:10:00,Heat Exchanger,vibration,4.1753302568684045,4.022832791489556,Warning,Drift
2025-01-29 23:10:00,Transfer Pump,temperature,72.60783958254996,71.96446774211343,Warning,Drift
2025-01-29 23:10:00,Transfer Pump,vibration,4.289460153077078,3.9421961648401727,Warning,Drift
2025-01-29 23:20:00,Transfer Pump,vibration,4.501899989506855,3.9421961648401727,Warning,Drift
2025-01-29 23:20:00,Transfer Pump,temperature,73.26982343204878,71.96446774211343,Warning,Drift
2025-01-29 23:20:00,Heat Exchanger,vibration,4.53463356499074,4.022832791489556,Warning,Drift
2025-01-29 23:30:00,Transfer Pump,vibration,4.583986710698603,3.9421961648401727,Warning,Drift
2025-01-29 23:30:00,Transfer Pump,temperature,73.4249328559257,71.96446774211343,Warning,Drift
2025-01-29 23:40:00,Transfer Pump,temperature,72.61016093894673,71.96446774211343,Warning,Drift
2025-01-29 23:40:00,Transfer Pump,vibration,4.666073431890352,3.9421961648401727,Warning,Drift
2025-01-29 23:40:00,Heat Exchanger,vibration,4.608823732220754,4.022832791489556,Warning,Drift
2025-01-29 23:50:00,Heat Exchanger,vibration,4.320496678149882,4.022832791489556,Warning,Drift
2025-01-29 23:50:00,Transfer Pump,temperature,73.3957846558966,71.96446774211343,Warning,Drift
2025-01-29 23:50:00,Transfer Pump,vibration,4.25034714676839,3.9421961648401727,Warning,Drift
2025-01-30 00:00:00,Transfer Pump,vibration,4.355176654897642,3.9421961648401727,Warning,Drift
2025-01-30 00:00:00,Transfer Pump,temperature,73.21375116156291,71.96446774211343,Warning,Drift
2025-01-30 00:10:00,Transfer Pump,vibration,4.153418595975912,3.9421961648401727,Warning,Drift
2025-01-30 00:10:00,Transfer Pump,temperature,73.41369802769086,71.96446774211343,Warning,Drift
2025-01-30 00:10:00,Heat Exchanger,vibration,4.477632901924407,4.022832791489556,Warning,Drift
2025-01-30 00:20:00,Transfer Pump,vibration,4.403244544338919,3.9421961648401727,Warning,Drift
2025-01-30 00:20:00,Transfer Pump,temperature,72.0482856284718,71.96446774211343,Warning,Drift
2025-01-30 00:20:00,Heat Exchanger,vibration,4.41991559807159,4.022832791489556,Warning,Drift
2025-01-30 00:30:00,Transfer Pump,vibration,4.487631658768524,3.9421961648401727,Warning,Drift
2025-01-30 00:30:00,Transfer Pump,temperature,73.91436371491258,71.96446774211343,Warning,Drift
2025-01-30 00:30:00,Heat Exchanger,vibration,4.406282460678376,4.022832791489556,Warning,Drift
2025-01-30 00:40:00,Heat Exchanger,vibration,4.46203445792618,4.022832791489556,Warning,Drift
2025-01-30 00:40:00,Transfer Pump,vibration,4.684166389619138,3.9421961648401727,Warning,Drift
2025-01-30 00:40:00,Transfer Pump,temperature,73.281742769392,71.96446774211343,Warning,Drift
2025-01-30 00:50:00,Transfer Pump,vibration,4.51643065255356,3.9421961648401727,Warning,Drift
2025-01-30 00:50:00,Transfer Pump,temperature,72.86102430757346,71.96446774211343,Warning,Drift
2025-01-30 00:50:00,Heat Exchanger,vibration,4.369161878213356,4.022832791489556,Warning,Drift
2025-01-30 01:00:00,Heat Exchanger,vibration,4.428120296698353,4.022832791489556,Warning,Drift
2025-01-30 01:00:00,Transfer Pump,temperature,72.92113314604086,71.96446774211343,Warning,Drift
2025-01-30 01:00:00,Transfer Pump,vibration,4.633695436826198,3.9421961648401727,Warning,Drift
2025-01-30 01:10:00,Heat Exchanger,vibration,4.596835188666647,4.022832791489556,Warning,Drift
2025-01-30 01:10:00,Transfer Pump,temperature,73.01252686367856,71.96446774211343,Warning,Drift
2025-01-30 01:10:00,Transfer Pump,vibration,4.687581085893147,3.9421961648401727,Warning,Drift
2025-01-30 01:20:00,Transfer Pump,temperature,72.43404563514493,71.96446774211343,Warning,Drift
2025-01-30 01:20:00,Transfer Pump,vibration,4.584414443190578,3.9421961648401727,Warning,Drift
2025-01-30 01:20:00,Heat Exchanger,vibration,4.395537804312042,4.022832791489556,Warning,Drift
2025-01-30 01:30:00,Transfer Pump,temperature,74.1083746464863,71.96446774211343,Warning,Drift
2025-01-30 01:30:00,Transfer Pump,vibration,4.36036410015103,3.9421961648401727,Warning,Drift
2025-01-30 01:30:00,Heat Exchanger,vibration,4.514605785562263,4.022832791489556,Warning,Drift
2025-01-30 01:40:00,Heat Exchanger,vibration,3.979915498984009,1.786686922550898,Warning,Drift
2025-01-30 01:40:00,Transfer Pump,temperature,73.99354884389538,71.96446774211343,Warning,Drift
2025-01-30 01:40:00,Transfer Pump,vibration,4.6033235554745815,3.9421961648401727,Warning,Drift
2025-01-30 01:50:00,Heat Exchanger,vibration,4.443763244451829,4.022832791489556,Warning,Drift
2025-01-30 02:00:00,Transfer Pump,temperature,73.80109071512348,71.96446774211343,Warning,Drift
2025-01-30 02:00:00,Heat Exchanger,vibration,4.849817916297617,4.022832791489556,Warning,Drift
2025-01-30 02:00:00,Transfer Pump,vibration,4.493599159536115,3.9421961648401727,Warning,Drift
2025-01-30 02:10:00,Heat Exchanger,vibration,4.085141840571138,4.022832791489556,Warning,Drift
2025-01-30 02:10:00,Transfer Pump,temperature,73.60863258635156,71.96446774211343,Warning,Drift
2025-01-30 02:10:00,Transfer Pump,vibration,4.661144351775903,3.9421961648401727,Warning,Drift
2025-01-30 02:20:00,Transfer Pump,temperature,72.22157468103461,71.96446774211343,Warning,Drift
2025-01-30 02:20:00,Transfer Pump,vibration,4.6682383368115765,3.9421961648401727,Warning,Drift
2025-01-30 02:20:00,Heat Exchanger,vibration,4.778606085113104,4.022832791489556,Warning,Drift
2025-01-30 02:30:00,Transfer Pump,temperature,74.14406864587602,71.96446774211343,Warning,Drift
2025-01-30 02:30:00,Transfer Pump,vibration,4.5190751995965375,3.9421961648401727,Warning,Drift
2025-01-30 02:30:00,Heat Exchanger,vibration,4.560800673720311,4.022832791489556,Warning,Drift
2025-01-30 02:40:00,Heat Exchanger,vibration,4.138676349453974,4.022832791489556,Warning,Drift
2025-01-30 02:50:00,Heat Exchanger,temperature,74.24222968438818,73.86863969930432,Warning,Spike
2025-01-30 02:50:00,Heat Exchanger,vibration,4.465262784741864,4.022832791489556,Warning,Drift
2025-01-30 03:00:00,Heat Exchanger,vibration,4.544818248344085,4.022832791489556,Warning,Drift
2025-01-30 03:00:00,Transfer Pump,temperature,74.82204362356951,71.96446774211343,Warning,Drift
2025-01-30 03:00:00,Transfer Pump,vibration,4.7083512303932,3.9421961648401727,Warning,Drift
2025-01-30 03:10:00,Heat Exchanger,vibration,4.651512472725004,4.022832791489556,Warning,Drift
2025-01-30 03:10:00,Transfer Pump,temperature,74.17838554138874,71.96446774211343,Warning,Drift
2025-01-30 03:10:00,Transfer Pump,vibration,4.598730430265514,3.9421961648401727,Warning,Drift
2025-01-30 03:20:00,Transfer Pump,temperature,74.07507159794147,71.96446774211343,Warning,Drift
2025-01-30 03:20:00,Heat Exchanger,vibration,4.4247489610096205,4.022832791489556,Warning,Drift
2025-01-30 03:20:00,Transfer Pump,vibration,4.6652652771056085,3.9421961648401727,Warning,Drift
2025-01-30 03:30:00,Transfer Pump,temperature,75.11703616783143,71.96446774211343,Warning,Drift
2025-01-30 03:30:00,Transfer Pump,vibration,4.841600557326769,3.9421961648401727,Warning,Drift
2025-01-30 03:30:00,Heat Exchanger,temperature,73.92012469406356,73.86863969930432,Warning,Spike
2025-01-30 03:30:00,Heat Exchanger,vibration,4.644608991773628,4.022832791489556,Warning,Drift
2025-01-30 03:40:00,Heat Exchanger,vibration,4.785335094365943,4.022832791489556,Warning,Drift
2025-01-30 03:50:00,Transfer Pump,temperature,74.76639078824489,71.96446774211343,Warning,Drift
2025-01-30 03:50:00,Transfer Pump,vibration,4.818441263483229,3.9421961648401727,Warning,Drift
2025-01-30 03:50:00,Heat Exchanger,vibration,4.712746055123522,4.022832791489556,Warning,Drift
2025-01-30 04:00:00,Transfer Pump,temperature,75.4648618635898,71.96446774211343,Warning,Drift
2025-01-30 04:00:00,Heat Exchanger,temperature,74.48984154613886,73.86863969930432,Warning,Spike
2025-01-30 04:00:00,Heat Exchanger,vibration,4.785608293739139,4.022832791489556,Warning,Drift
2025-01-30 04:00:00,Transfer Pump,vibration,4.852290296683577,3.9421961648401727,Warning,Drift
2025-01-30 04:10:00,Heat Exchanger,vibration,4.50871555767554,4.022832791489556,Warning,Drift
2025-01-30 04:10:00,Transfer Pump,vibration,4.639564303828489,3.9421961648401727,Warning,Drift
2025-01-30 04:10:00,Transfer Pump,temperature,74.7499213133053,71.96446774211343,Warning,Drift
2025-01-30 04:20:00,Heat Exchanger,vibration,4.774452764642384,4.022832791489556,Warning,Drift
2025-01-30 04:20:00,Transfer Pump,vibration,4.755844497155668,3.9421961648401727,Warning,Drift
2025-01-30 04:20:00,Transfer Pump,temperature,74.6824709053768,71.96446774211343,Warning,Drift
2025-01-30 04:30:00,Heat Exchanger,vibration,5.040189971609228,4.022832791489556,Warning,Drift
2025-01-30 04:30:00,Transfer Pump,vibration,4.604575392966487,3.9421961648401727,Warning,Drift
2025-01-30 04:30:00,Transfer Pump,temperature,75.36835783724433,71.96446774211343,Warning,Drift
2025-01-30 04:40:00,Transfer Pump,vibration,4.655601549502355,3.9421961648401727,Warning,Drift
2025-01-30 04:40:00,Transfer Pump,temperature,76.35887573327946,71.96446774211343,Warning,Drift
2025-01-30 04:40:00,Heat Exchanger,temperature,74.49556144696197,73.86863969930432,Warning,Spike
2025-01-30 04:40:00,Heat Exchanger,vibration,4.451011781058504,4.022832791489556,Warning,Drift
2025-01-30 04:50:00,Heat Exchanger,vibration,4.740821979807423,4.022832791489556,Warning,Drift
2025-01-30 04:50:00,Heat Exchanger,temperature,75.33098366618785,73.86863969930432,Warning,Spike
2025-01-30 05:00:00,Heat Exchanger,vibration,4.483867536887287,4.022832791489556,Warning,Drift
2025-01-30 05:00:00,Heat Exchanger,temperature,75.13425034362457,73.86863969930432,Warning,Spike
2025-01-30 05:10:00,Heat Exchanger,temperature,74.38219893587831,73.86863969930432,Warning,Spike
2025-01-30 05:10:00,Heat Exchanger,vibration,4.930359508436685,4.022832791489556,Warning,Drift
2025-01-30 05:20:00,Transfer Pump,temperature,77.01599302574583,71.96446774211343,Warning,Drift
2025-01-30 05:20:00,Heat Exchanger,temperature,75.97657300863786,73.86863969930432,Warning,Spike
2025-01-30 05:20:00,Transfer Pump,vibration,4.725828397038115,3.9421961648401727,Warning,Drift
2025-01-30 05:20:00,Heat Exchanger,vibration,4.368803895156976,4.022832791489556,Warning,Drift
2025-01-30 05:30:00,Heat Exchanger,temperature,75.75692859643215,73.86863969930432,Warning,Spike
2025-01-30 05:30:00,Heat Exchanger,vibration,4.642681487532268,4.022832791489556,Warning,Drift
2025-01-30 05:40:00,Transfer Pump,vibration,5.02367318480142,3.9421961648401727,Warning,Drift
2025-01-30 05:40:00,Transfer Pump,temperature,78.43727985223015,71.96446774211343,Warning,Drift
2025-01-30 05:50:00,Transfer Pump,vibration,4.628702117363936,3.9421961648401727,Warning,Drift
2025-01-30 05:50:00,Transfer Pump,temperature,76.35479579620001,71.96446774211343,Warning,Drift
2025-01-30 06:00:00,Transfer Pump,vibration,4.903141419127111,3.9421961648401727,Warning,Drift
2025-01-30 06:00:00,Heat Exchanger,temperature,75.11957881515485,73.86863969930432,Warning,Spike
2025-01-30 06:00:00,Transfer Pump,temperature,77.27124061657454,71.96446774211343,Warning,Drift
2025-01-30 06:00:00,Heat Exchanger,vibration,4.795265392256955,4.022832791489556,Warning,Drift
2025-01-30 06:10:00,Heat Exchanger,vibration,5.051110392461339,4.022832791489556,Warning,Drift
2025-01-30 06:10:00,Heat Exchanger,temperature,74.95237529444316,73.86863969930432,Warning,Spike
2025-01-30 06:10:00,Transfer Pump,vibration,4.954803554832681,3.9421961648401727,Warning,Drift
2025-01-30 06:10:00,Transfer Pump,temperature,77.25165150029324,71.96446774211343,Warning,Drift
2025-01-30 06:20:00,Heat Exchanger,temperature,75.57423728866574,73.86863969930432,Warning,Spike
2025-01-30 06:20:00,Heat Exchanger,vibration,4.822253117805743,4.022832791489556,Warning,Drift
2025-01-30 06:20:00,Transfer Pump,temperature,76.26817155314623,71.96446774211343,Warning,Drift
2025-01-30 06:20:00,Transfer Pump,vibration,5.022141348884895,3.9421961648401727,Warning,Drift
2025-01-30 06:30:00,Transfer Pump,vibration,5.015564075846538,3.9421961648401727,Warning,Drift
2025-01-30 06:30:00,Heat Exchanger,temperature,76.7935962099946,73.86863969930432,Warning,Spike
2025-01-30 06:30:00,Heat Exchanger,vibration,4.5017703157665085,4.022832791489556,Warning,Drift
2025-01-30 06:30:00,Transfer Pump,temperature,76.62166252589951,71.96446774211343,Warning,Drift
2025-01-30 06:40:00,Transfer Pump,vibration,5.068073064187417,3.9421961648401727,Warning,Drift
2025-01-30 06:40:00,Transfer Pump,temperature,77.19249042540257,71.96446774211343,Warning,Drift
2025-01-30 06:40:00,Heat Exchanger,vibration,4.695219792499952,4.022832791489556,Warning,Drift
2025-01-30 06:40:00,Heat Exchanger,temperature,75.21247985979475,73.86863969930432,Warning,Spike
2025-01-30 06:50:00,Heat Exchanger,temperature,75.25840512981468,73.86863969930432,Warning,Spike
2025-01-30 06:50:00,Transfer Pump,vibration,4.893238393228852,3.9421961648401727,Warning,Drift
2025-01-30 06:50:00,Heat Exchanger,vibration,5.145248924785082,4.022832791489556,Warning,Drift
2025-01-30 06:50:00,Transfer Pump,temperature,75.79655921427951,71.96446774211343,Warning,Drift
2025-01-30 07:00:00,Heat Exchanger,vibration,5.192789862433694,4.022832791489556,Warning,Drift
2025-01-30 07:00:00,Heat Exchanger,temperature,75.01213366491079,73.86863969930432,Warning,Drift
2025-01-30 07:00:00,Transfer Pump,vibration,5.022945170596297,3.9421961648401727,Warning,Drift
2025-01-30 07:00:00,Transfer Pump,temperature,78.1022320406521,71.96446774211343,Warning,Drift
2025-01-30 07:10:00,Heat Exchanger,temperature,75.60922938548946,73.86863969930432,Warning,Drift
2025-01-30 07:10:00,Transfer Pump,vibration,5.053309222468287,3.9421961648401727,Warning,Drift
2025-01-30 07:10:00,Transfer Pump,temperature,76.07997060575711,71.96446774211343,Warning,Drift
2025-01-30 07:10:00,Heat Exchanger,vibration,4.586352314634302,4.022832791489556,Warning,Drift
2025-01-30 07:20:00,Heat Exchanger,temperature,76.13177178345256,73.86863969930432,Warning,Drift
2025-01-30 07:20:00,Heat Exchanger,vibration,4.796194968635149,4.022832791489556,Warning,Drift
2025-01-30 07:20:00,Transfer Pump,vibration,5.329368928502608,3.9421961648401727,Warning,Drift
2025-01-30 07:20:00,Transfer Pump,temperature,77.75741551089943,71.96446774211343,Warning,Drift
2025-01-30 07:30:00,Heat Exchanger,temperature,77.00930058962233,73.86863969930432,Warning,Drift
2025-01-30 07:30:00,Transfer Pump,vibration,5.014157690289255,3.9421961648401727,Warning,Drift
2025-01-30 07:30:00,Heat Exchanger,vibration,4.865253476717905,4.022832791489556,Warning,Drift
2025-01-30 07:30:00,Transfer Pump,temperature,77.35514608777588,71.96446774211343,Warning,Drift
2025-01-30 07:40:00,Transfer Pump,temperature,78.49985009280898,71.96446774211343,Warning,Drift
2025-01-30 07:40:00,Transfer Pump,vibration,5.1145040224090135,3.9421961648401727,Warning,Drift
2025-01-30 07:50:00,Heat Exchanger,vibration,4.962992149343134,4.022832791489556,Warning,Drift
2025-01-30 07:50:00,Transfer Pump,temperature,76.41493421577037,71.96446774211343,Warning,Drift
2025-01-30 07:50:00,Heat Exchanger,temperature,77.72467174000863,73.86863969930432,Warning,Drift
2025-01-30 07:50:00,Transfer Pump,vibration,5.112873288151407,3.9421961648401727,Warning,Drift
2025-01-30 08:00:00,Heat Exchanger,vibration,5.060730821968363,4.022832791489556,Warning,Drift
2025-01-30 08:00:00,Transfer Pump,vibration,5.4807276200504,3.9421961648401727,Warning,Drift
2025-01-30 08:00:00,Heat Exchanger,temperature,77.36938870521588,73.86863969930432,Warning,Drift
2025-01-30 08:00:00,Transfer Pump,temperature,76.98690707008785,71.96446774211343,Warning,Drift
2025-01-30 08:10:00,Heat Exchanger,vibration,4.9561786695079375,4.022832791489556,Warning,Drift
2025-01-30 08:10:00,Heat Exchanger,temperature,75.83392551558825,73.86863969930432,Warning,Drift
2025-01-30 08:20:00,Heat Exchanger,vibration,4.999375793542769,4.022832791489556,Warning,Drift
2025-01-30 08:20:00,Transfer Pump,vibration,5.06171047862095,3.9421961648401727,Warning,Drift
2025-01-30 08:20:00,Heat Exchanger,temperature,77.5847125838757,73.86863969930432,Warning,Drift
2025-01-30 08:20:00,Transfer Pump,temperature,78.99828711002519,71.96446774211343,Warning,Drift
2025-01-30 08:30:00,Transfer Pump,temperature,78.88815174937324,71.96446774211343,Warning,Drift
2025-01-30 08:30:00,Transfer Pump,vibration,5.317983041413421,3.9421961648401727,Warning,Drift
2025-01-30 08:30:00,Heat Exchanger,temperature,77.84024453799886,73.86863969930432,Warning,Drift
2025-01-30 08:30:00,Heat Exchanger,vibration,4.889313666859341,4.022832791489556,Warning,Drift
2025-01-30 08:40:00,Transfer Pump,temperature,79.67470445084332,71.96446774211343,Warning,Drift
2025-01-30 08:40:00,Transfer Pump,vibration,5.080496007947924,3.9421961648401727,Warning,Drift
2025-01-30 08:40:00,Heat Exchanger,vibration,5.250469764321365,4.022832791489556,Warning,Drift
2025-01-30 08:40:00,Heat Exchanger,temperature,79.383653643722,73.86863969930432,Warning,Drift
2025-01-30 08:50:00,Transfer Pump,temperature,79.04012159637988,71.96446774211343,Warning,Drift
2025-01-30 08:50:00,Transfer Pump,vibration,5.325085437179201,3.9421961648401727,Warning,Drift
2025-01-30 08:50:00,Heat Exchanger,vibration,5.229628159236718,4.022832791489556,Warning,Drift
2025-01-30 08:50:00,Heat Exchanger,temperature,78.16322610056199,73.86863969930432,Warning,Drift
2025-01-30 09:00:00,Heat Exchanger,vibration,5.208786554152072,4.022832791489556,Warning,Drift
2025-01-30 09:00:00,Transfer Pump,vibration,5.539083420443983,3.9421961648401727,Warning,Drift
2025-01-30 09:00:00,Heat Exchanger,temperature,76.6688326683139,73.86863969930432,Warning,Drift
2025-01-30 09:00:00,Transfer Pump,temperature,79.05443026654142,71.96446774211343,Warning,Drift
2025-01-30 09:10:00,Transfer Pump,vibration,4.955470567104468,3.9421961648401727,Warning,Drift
2025-01-30 09:10:00,Heat Exchanger,temperature,78.37786065203929,73.86863969930432,Warning,Drift
2025-01-30 09:10:00,Transfer Pump,temperature,78.32147141531017,71.96446774211343,Warning,Drift
2025-01-30 09:10:00,Heat Exchanger,vibration,5.335112674585698,4.022832791489556,Warning,Drift
2025-01-30 09:20:00,Heat Exchanger,temperature,78.43873810532085,73.86863969930432,Warning,Drift
2025-01-30 09:20:00,Transfer Pump,vibration,5.139908199785511,3.9421961648401727,Warning,Drift
2025-01-30 09:20:00,Transfer Pump,temperature,79.10523705846471,71.96446774211343,Warning,Drift
2025-01-30 09:20:00,Heat Exchanger,vibration,5.526698973181061,4.022832791489556,Warning,Drift
2025-01-30 09:30:00,Heat Exchanger,temperature,78.88306358609951,73.86863969930432,Warning,Drift
2025-01-30 09:30:00,Transfer Pump,vibration,5.362560745932044,3.9421961648401727,Warning,Drift
2025-01-30 09:30:00,Transfer Pump,temperature,78.47013550754272,71.96446774211343,Warning,Drift
2025-01-30 09:30:00,Heat Exchanger,vibration,5.271576078324871,4.022832791489556,Warning,Drift
2025-01-30 09:40:00,Transfer Pump,vibration,5.275670685023082,3.9421961648401727,Warning,Drift
2025-01-30 09:40:00,Transfer Pump,temperature,77.83503395662072,71.96446774211343,Warning,Drift
2025-01-30 09:50:00,Heat Exchanger,temperature,78.15368990051836,73.86863969930432,Warning,Drift
2025-01-30 09:50:00,Heat Exchanger,vibration,5.262206839961808,4.022832791489556,Warning,Drift
2025-01-30 10:00:00,Transfer Pump,vibration,5.354711766225424,3.9421961648401727,Warning,Drift
2025-01-30 10:00:00,Transfer Pump,temperature,80.02260717219352,71.96446774211343,Warning,Drift
2025-01-30 10:10:00,Transfer Pump,vibration,5.077446386704115,3.9421961648401727,Warning,Drift
2025-01-30 10:10:00,Transfer Pump,temperature,79.873479828579,71.96446774211343,Warning,Drift
2025-01-30 10:10:00,Heat Exchanger,vibration,5.252837601598745,4.022832791489556,Warning,Drift
2025-01-30 10:10:00,Heat Exchanger,temperature,79.1195556540666,73.86863969930432,Warning,Drift
2025-01-30 10:20:00,Transfer Pump,vibration,5.501461749756964,3.9421961648401727,Warning,Drift
2025-01-30 10:20:00,Transfer Pump,temperature,79.59953248765851,71.96446774211343,Warning,Drift
2025-01-30 10:20:00,Heat Exchanger,temperature,80.27662542497697,73.86863969930432,Warning,Drift
2025-01-30 10:20:00,Heat Exchanger,vibration,5.29234115911362,4.022832791489556,Warning,Drift
2025-01-30 10:30:00,Heat Exchanger,temperature,79.41885270106604,73.86863969930432,Warning,Drift
2025-01-30 10:30:00,Transfer Pump,temperature,79.38200064756293,71.96446774211343,Warning,Drift
2025-01-30 10:30:00,Transfer Pump,vibration,5.157976644675982,3.9421961648401727,Warning,Drift
2025-01-30 10:30:00,Heat Exchanger,vibration,5.316609566897954,4.022832791489556,Warning,Drift
2025-01-30 10:40:00,Heat Exchanger,temperature,78.66758858899561,73.86863969930432,Warning,Drift
2025-01-30 10:40:00,Heat Exchanger,vibration,5.27398212112864,4.022832791489556,Warning,Drift
2025-01-30 10:40:00,Transfer Pump,temperature,78.53350268258592,71.96446774211343,Warning,Drift
2025-01-30 10:40:00,Transfer Pump,vibration,5.44318844580606,3.9421961648401727,Warning,Drift
2025-01-30 10:50:00,Heat Exchanger,temperature,79.78301509395105,73.86863969930432,Warning,Drift
2025-01-30 10:50:00,Heat Exchanger,vibration,5.3171052379494155,4.022832791489556,Warning,Drift
2025-01-30 10:50:00,Transfer Pump,temperature,78.24110695976523,71.96446774211343,Warning,Drift
2025-01-30 10:50:00,Transfer Pump,vibration,5.331528988351522,3.9421961648401727,Warning,Drift
2025-01-30 11:00:00,Heat Exchanger,temperature,80.47728503607756,73.86863969930432,Warning,Drift
2025-01-30 11:00:00,Transfer Pump,temperature,79.783306949577,71.96446774211343,Warning,Drift
2025-01-30 11:00:00,Transfer Pump,vibration,5.851859280912782,3.9421961648401727,Warning,Drift
2025-01-30 11:00:00,Heat Exchanger,vibration,5.360228354770192,4.022832791489556,Warning,Drift
2025-01-30 11:10:00,Heat Exchanger,temperature,78.46780321039681,73.86863969930432,Warning,Drift
2025-01-30 11:10:00,Heat Exchanger,vibration,5.403351471590968,4.022832791489556,Warning,Drift
2025-01-30 11:10:00,Transfer Pump,temperature,81.26062262856838,71.96446774211343,Warning,Drift
2025-01-30 11:10:00,Transfer Pump,vibration,5.403406899629005,3.9421961648401727,Warning,Drift
2025-01-30 11:20:00,Heat Exchanger,temperature,78.31641669821659,73.86863969930432,Warning,Drift
2025-01-30 11:20:00,Heat Exchanger,vibration,5.0071398229889565,4.022832791489556,Warning,Drift
2025-01-30 11:20:00,Transfer Pump,temperature,80.1332958508296,71.96446774211343,Warning,Drift
2025-01-30 11:20:00,Transfer Pump,vibration,5.49301008204071,3.9421961648401727,Warning,Drift
2025-01-30 11:30:00,Heat Exchanger,temperature,78.86141824660984,73.86863969930432,Warning,Drift
2025-01-30 11:30:00,Transfer Pump,vibration,5.533364594240964,3.9421961648401727,Warning,Drift
2025-01-30 11:30:00,Transfer Pump,temperature,80.94863516324713,71.96446774211343,Warning,Drift
2025-01-30 11:30:00,Heat Exchanger,vibration,5.007147735353875,4.022832791489556,Warning,Drift
2025-01-30 11:40:00,Transfer Pump,vibration,5.497392822965313,3.9421961648401727,Warning,Drift
2025-01-30 11:40:00,Transfer Pump,temperature,79.21130372829928,71.96446774211343,Warning,Drift
2025-01-30 11:40:00,Heat Exchanger,temperature,79.4064197950031,73.86863969930432,Warning,Drift
2025-01-30 11:40:00,Heat Exchanger,vibration,5.131568492603642,4.022832791489556,Warning,Drift
2025-01-30 11:50:00,Transfer Pump,temperature,80.39367448306236,71.96446774211343,Warning,Drift
2025-01-30 11:50:00,Transfer Pump,vibration,5.433935762287589,3.9421961648401727,Warning,Drift
2025-01-30 11:50:00,Heat Exchanger,temperature,80.28707359961993,73.86863969930432,Warning,Drift
2025-01-30 11:50:00,Heat Exchanger,vibration,5.510971753541545,4.022832791489556,Warning,Drift
2025-01-30 12:00:00,Heat Exchanger,temperature,78.81248368216579,73.86863969930432,Warning,Drift
2025-01-30 12:00:00,Heat Exchanger,vibration,5.342338060424085,4.022832791489556,Warning,Drift
2025-01-30 12:00:00,Transfer Pump,vibration,5.261696502122523,3.9421961648401727,Warning,Drift
2025-01-30 12:00:00,Transfer Pump,temperature,79.6120505876064,71.96446774211343,Warning,Drift
2025-01-30 12:10:00,Heat Exchanger,temperature,79.51001224261506,73.86863969930432,Warning,Drift
2025-01-30 12:10:00,Transfer Pump,temperature,79.5823589160184,71.96446774211343,Warning,Drift
2025-01-30 12:10:00,Heat Exchanger,vibration,5.173704367306624,4.022832791489556,Warning,Drift
2025-01-30 12:10:00,Transfer Pump,vibration,5.42027936222473,3.9421961648401727,Warning,Drift
2025-01-30 12:20:00,Transfer Pump,temperature,80.7663809035846,71.96446774211343,Warning,Drift
2025-01-30 12:20:00,Transfer Pump,vibration,5.104094846171806,3.9421961648401727,Warning,Drift
2025-01-30 12:20:00,Heat Exchanger,vibration,5.143415963124157,4.022832791489556,Warning,Drift
2025-01-30 12:20:00,Heat Exchanger,temperature,80.42838104686592,73.86863969930432,Warning,Drift
2025-01-30 12:30:00,Heat Exchanger,vibration,5.271958581275224,4.022832791489556,Warning,Drift
2025-01-30 12:30:00,Transfer Pump,temperature,80.06224108518607,71.96446774211343,Warning,Drift
2025-01-30 12:30:00,Transfer Pump,vibration,5.52641062854798,3.9421961648401727,Warning,Drift
2025-01-30 12:30:00,Heat Exchanger,temperature,79.34976096986408,73.86863969930432,Warning,Drift
2025-01-30 12:40:00,Heat Exchanger,temperature,79.17650434526763,73.86863969930432,Warning,Drift
2025-01-30 12:40:00,Transfer Pump,temperature,79.03145533286697,71.96446774211343,Warning,Drift
2025-01-30 12:40:00,Transfer Pump,vibration,5.962185094984537,3.9421961648401727,Warning,Drift
2025-01-30 12:40:00,Heat Exchanger,vibration,5.35618452094935,4.022832791489556,Warning,Drift
2025-01-30 12:50:00,Heat Exchanger,vibration,5.526134342862925,4.022832791489556,Warning,Drift
2025-01-30 12:50:00,Heat Exchanger,temperature,79.00324772067118,73.86863969930432,Warning,Drift
2025-01-30 12:50:00,Transfer Pump,temperature,80.19302913531914,71.96446774211343,Warning,Drift
2025-01-30 12:50:00,Transfer Pump,vibration,5.465304166032068,3.9421961648401727,Warning,Drift
2025-01-30 13:00:00,Heat Exchanger,temperature,78.82999109607474,73.86863969930432,Warning,Drift
2025-01-30 13:00:00,Heat Exchanger,vibration,5.646878718162126,4.022832791489556,Warning,Drift
2025-01-30 13:00:00,Transfer Pump,vibration,5.490778064257742,3.9421961648401727,Warning,Drift
2025-01-30 13:00:00,Transfer Pump,temperature,79.50988891216637,71.96446774211343,Warning,Drift
2025-01-30 13:10:00,Transfer Pump,temperature,78.88914236310285,71.96446774211343,Warning,Drift
2025-01-30 13:10:00,Heat Exchanger,vibration,5.250088335136324,4.022832791489556,Warning,Drift
2025-01-30 13:10:00,Transfer Pump,vibration,5.145662622306197,3.9421961648401727,Warning,Drift
2025-01-30 13:10:00,Heat Exchanger,temperature,79.32598869826055,73.86863969930432,Warning,Drift
2025-01-30 13:20:00,Heat Exchanger,temperature,78.86201971346165,73.86863969930432,Warning,Drift
2025-01-30 13:20:00,Transfer Pump,temperature,79.20375561638487,71.96446774211343,Warning,Drift
2025-01-30 13:20:00,Transfer Pump,vibration,5.272655588898691,3.9421961648401727,Warning,Drift
2025-01-30 13:20:00,Heat Exchanger,vibration,5.663685876078621,4.022832791489556,Warning,Drift
2025-01-30 13:30:00,Heat Exchanger,temperature,78.84466988257365,73.86863969930432,Warning,Drift
2025-01-30 13:30:00,Transfer Pump,vibration,5.574316393496101,3.9421961648401727,Warning,Drift
2025-01-30 13:30:00,Transfer Pump,temperature,81.58591800020794,71.96446774211343,Warning,Drift
2025-01-30 13:30:00,Heat Exchanger,vibration,5.275393545425821,4.022832791489556,Warning,Drift
2025-01-30 13:40:00,Transfer Pump,temperature,80.86212370582896,71.96446774211343,Warning,Drift
2025-01-30 13:40:00,Heat Exchanger,temperature,78.58070124653793,73.86863969930432,Warning,Drift
2025-01-30 13:40:00,Heat Exchanger,vibration,5.308439302703954,4.022832791489556,Warning,Drift
2025-01-30 13:40:00,Transfer Pump,vibration,5.145661550324146,3.9421961648401727,Warning,Drift
2025-01-30 13:50:00,Heat Exchanger,vibration,5.42238220477646,4.022832791489556,Warning,Drift
2025-01-30 13:50:00,Heat Exchanger,temperature,78.38081562236619,73.86863969930432,Warning,Drift
2025-01-30 13:50:00,Transfer Pump,vibration,5.2672849330765965,3.9421961648401727,Warning,Drift
2025-01-30 13:50:00,Transfer Pump,temperature,78.217560620713,71.96446774211343,Warning,Drift
2025-01-30 14:00:00,Heat Exchanger,vibration,5.439923375614562,4.022832791489556,Warning,Drift
2025-01-30 14:00:00,Heat Exchanger,temperature,79.56585951901471,73.86863969930432,Warning,Drift
2025-01-30 14:00:00,Transfer Pump,vibration,5.491928096923754,3.9421961648401727,Warning,Drift
2025-01-30 14:00:00,Transfer Pump,temperature,79.60956290261649,71.96446774211343,Warning,Drift
2025-01-30 14:10:00,Heat Exchanger,vibration,5.511883168334737,4.022832791489556,Warning,Drift
2025-01-30 14:10:00,Transfer Pump,vibration,5.5260000638810425,3.9421961648401727,Warning,Drift
2025-01-30 14:10:00,Heat Exchanger,temperature,78.84777482447608,73.86863969930432,Warning,Drift
2025-01-30 14:10:00,Transfer Pump,temperature,79.59316429878734,71.96446774211343,Warning,Drift
2025-01-30 14:20:00,Heat Exchanger,temperature,79.63434032812512,73.86863969930432,Warning,Drift
2025-01-30 14:20:00,Heat Exchanger,vibration,4.986838724048782,4.022832791489556,Warning,Drift
2025-01-30 14:30:00,Transfer Pump,vibration,5.381594655505131,3.9421961648401727,Warning,Drift
2025-01-30 14:30:00,Transfer Pump,temperature,79.80959796355253,71.96446774211343,Warning,Drift
2025-01-30 14:30:00,Heat Exchanger,vibration,5.229528025968118,4.022832791489556,Warning,Drift
2025-01-30 14:30:00,Heat Exchanger,temperature,76.72902926307971,73.86863969930432,Warning,Drift
2025-01-30 14:40:00,Transfer Pump,temperature,80.02603162831771,71.96446774211343,Warning,Drift
2025-01-30 14:40:00,Heat Exchanger,vibration,5.4220317264650175,4.022832791489556,Warning,Drift
2025-01-30 14:40:00,Heat Exchanger,temperature,78.02225453283945,73.86863969930432,Warning,Drift
2025-01-30 14:40:00,Transfer Pump,vibration,5.369719890666701,3.9421961648401727,Warning,Drift
2025-01-30 14:50:00,Heat Exchanger,temperature,77.74920503087492,73.86863969930432,Warning,Drift
2025-01-30 14:50:00,Heat Exchanger,vibration,4.991787058202546,4.022832791489556,Warning,Drift
2025-01-30 15:00:00,Heat Exchanger,vibration,4.834358565024029,4.022832791489556,Warning,Drift
2025-01-30 15:00:00,Heat Exchanger,temperature,78.03734093537237,73.86863969930432,Warning,Drift
2025-01-30 15:00:00,Transfer Pump,vibration,5.309997931133914,3.9421961648401727,Warning,Drift
2025-01-30 15:00:00,Transfer Pump,temperature,80.07032429500524,71.96446774211343,Warning,Drift
2025-01-30 15:10:00,Transfer Pump,vibration,5.353389809795294,3.9421961648401727,Warning,Drift
2025-01-30 15:10:00,Heat Exchanger,vibration,4.890493563127185,4.022832791489556,Warning,Drift
2025-01-30 15:10:00,Transfer Pump,temperature,79.38941602363583,71.96446774211343,Warning,Drift
2025-01-30 15:10:00,Heat Exchanger,temperature,77.30893284048886,73.86863969930432,Warning,Drift
2025-01-30 15:20:00,Heat Exchanger,temperature,76.7382454729734,73.86863969930432,Warning,Drift
2025-01-30 15:20:00,Heat Exchanger,vibration,5.122213210848019,4.022832791489556,Warning,Drift
2025-01-30 15:20:00,Transfer Pump,vibration,5.280008177662742,3.9421961648401727,Warning,Drift
2025-01-30 15:20:00,Transfer Pump,temperature,79.50195948258798,71.96446774211343,Warning,Drift
2025-01-30 15:30:00,Heat Exchanger,temperature,78.44711455406632,73.86863969930432,Warning,Drift
2025-01-30 15:30:00,Heat Exchanger,vibration,5.493564604924257,4.022832791489556,Warning,Drift
2025-01-30 15:30:00,Transfer Pump,vibration,4.934841479855288,3.9421961648401727,Warning,Drift
2025-01-30 15:30:00,Transfer Pump,temperature,78.62486725623391,71.96446774211343,Warning,Drift
2025-01-30 15:40:00,Heat Exchanger,temperature,77.31593953760425,73.86863969930432,Warning,Drift
2025-01-30 15:40:00,Transfer Pump,vibration,5.542859015995061,3.9421961648401727,Warning,Drift
2025-01-30 15:40:00,Transfer Pump,temperature,77.52067172796734,71.96446774211343,Warning,Drift
2025-01-30 15:40:00,Heat Exchanger,vibration,4.843179749510156,4.022832791489556,Warning,Drift
2025-01-30 15:50:00,Transfer Pump,vibration,5.395421051260351,3.9421961648401727,Warning,Drift
2025-01-30 15:50:00,Transfer Pump,temperature,77.3771673636592,71.96446774211343,Warning,Drift
2025-01-30 16:00:00,Transfer Pump,temperature,77.85197907379633,71.96446774211343,Warning,Drift
2025-01-30 16:00:00,Transfer Pump,vibration,5.2479830865256405,3.9421961648401727,Warning,Drift
2025-01-30 16:00:00,Heat Exchanger,vibration,4.992737835231457,4.022832791489556,Warning,Drift
2025-01-30 16:00:00,Heat Exchanger,temperature,76.59901977849451,73.86863969930432,Warning,Drift
2025-01-30 16:10:00,Transfer Pump,vibration,5.2765425393277,3.9421961648401727,Warning,Drift
2025-01-30 16:10:00,Transfer Pump,temperature,78.24350910223146,71.96446774211343,Warning,Drift
2025-01-30 16:10:00,Heat Exchanger,vibration,4.888186576505479,4.022832791489556,Warning,Drift
2025-01-30 16:10:00,Heat Exchanger,temperature,76.10332022744605,73.86863969930432,Warning,Drift
2025-01-30 16:20:00,Transfer Pump,vibration,5.1199770053504094,3.9421961648401727,Warning,Drift
2025-01-30 16:20:00,Transfer Pump,temperature,77.2450057908702,71.96446774211343,Warning,Drift
2025-01-30 16:20:00,Heat Exchanger,vibration,4.838854381825714,4.022832791489556,Warning,Drift
2025-01-30 16:20:00,Heat Exchanger,temperature,77.47249135176679,73.86863969930432,Warning,Drift
2025-01-30 16:30:00,Heat Exchanger,temperature,77.65022621485299,73.86863969930432,Warning,Drift
2025-01-30 16:30:00,Transfer Pump,vibration,5.228719126594219,3.9421961648401727,Warning,Drift
2025-01-30 16:30:00,Transfer Pump,temperature,77.23237020005168,71.96446774211343,Warning,Drift
2025-01-30 16:30:00,Heat Exchanger,vibration,4.666190466632223,4.022832791489556,Warning,Drift
2025-01-30 16:40:00,Transfer Pump,vibration,5.027693894674319,3.9421961648401727,Warning,Drift
2025-01-30 16:40:00,Transfer Pump,temperature,77.6957452363737,71.96446774211343,Warning,Drift
2025-01-30 16:40:00,Heat Exchanger,temperature,76.51365441245943,73.86863969930432,Warning,Drift
2025-01-30 16:40:00,Heat Exchanger,vibration,4.920638937111739,4.022832791489556,Warning,Drift
2025-01-30 16:50:00,Transfer Pump,vibration,5.53596200114134,3.9421961648401727,Warning,Drift
2025-01-30 16:50:00,Heat Exchanger,temperature,76.05218039299818,73.86863969930432,Warning,Drift
2025-01-30 16:50:00,Transfer Pump,temperature,78.54966458968272,71.96446774211343,Warning,Drift
2025-01-30 16:50:00,Heat Exchanger,vibration,5.350822592366482,4.022832791489556,Warning,Drift
2025-01-30 17:00:00,Transfer Pump,vibration,5.084577174705439,3.9421961648401727,Warning,Drift
2025-01-30 17:00:00,Transfer Pump,temperature,77.98374592735232,71.96446774211343,Warning,Drift
2025-01-30 17:00:00,Heat Exchanger,temperature,77.72299308253893,73.86863969930432,Warning,Drift
2025-01-30 17:00:00,Heat Exchanger,vibration,5.079871090800007,4.022832791489556,Warning,Drift
2025-01-30 17:10:00,Transfer Pump,temperature,76.88164835390316,71.96446774211343,Warning,Drift
2025-01-30 17:10:00,Heat Exchanger,temperature,76.5338046790735,73.86863969930432,Warning,Drift
2025-01-30 17:10:00,Transfer Pump,vibration,5.275052888769704,3.9421961648401727,Warning,Drift
2025-01-30 17:10:00,Heat Exchanger,vibration,5.173540964983743,4.022832791489556,Warning,Drift
2025-01-30 17:20:00,Heat Exchanger,temperature,75.6356566986492,73.86863969930432,Warning,Drift
2025-01-30 17:20:00,Transfer Pump,temperature,77.46431991261193,71.96446774211343,Warning,Drift
2025-01-30 17:20:00,Transfer Pump,vibration,4.898135217619744,3.9421961648401727,Warning,Drift
2025-01-30 17:20:00,Heat Exchanger,vibration,4.8345506782725725,4.022832791489556,Warning,Drift
2025-01-30 17:30:00,Heat Exchanger,temperature,75.08989676053147,73.86863969930432,Warning,Drift
2025-01-30 17:30:00,Transfer Pump,vibration,5.206066810636413,3.9421961648401727,Warning,Drift
2025-01-30 17:30:00,Transfer Pump,temperature,76.21788514672171,71.96446774211343,Warning,Drift
2025-01-30 17:30:00,Heat Exchanger,vibration,4.773225893777359,4.022832791489556,Warning,Drift
2025-01-30 17:40:00,Transfer Pump,vibration,4.9284562720855165,3.9421961648401727,Warning,Drift
2025-01-30 17:40:00,Transfer Pump,temperature,76.44269961542726,71.96446774211343,Warning,Drift
2025-01-30 17:40:00,Heat Exchanger,temperature,75.58937992302968,73.86863969930432,Warning,Drift
2025-01-30 17:40:00,Heat Exchanger,vibration,5.000089876876915,4.022832791489556,Warning,Drift
2025-01-30 17:50:00,Heat Exchanger,vibration,4.902611546142176,4.022832791489556,Warning,Drift
2025-01-30 17:50:00,Transfer Pump,vibration,4.788029095852648,3.9421961648401727,Warning,Drift
2025-01-30 17:50:00,Heat Exchanger,temperature,75.67662057073389,73.86863969930432,Warning,Drift
2025-01-30 17:50:00,Transfer Pump,temperature,75.65991287864853,71.96446774211343,Warning,Drift
2025-01-30 18:00:00,Heat Exchanger,vibration,4.858747719909493,4.022832791489556,Warning,Drift
2025-01-30 18:00:00,Heat Exchanger,temperature,76.45403838754443,73.86863969930432,Warning,Drift
2025-01-30 18:00:00,Transfer Pump,temperature,77.18057063824423,71.96446774211343,Warning,Drift
2025-01-30 18:00:00,Transfer Pump,vibration,4.828284991123011,3.9421961648401727,Warning,Drift
2025-01-30 18:10:00,Transfer Pump,vibration,4.915396574525991,3.9421961648401727,Warning,Drift
2025-01-30 18:10:00,Heat Exchanger,vibration,5.151900661154985,4.022832791489556,Warning,Drift
2025-01-30 18:10:00,Transfer Pump,temperature,76.46310022102051,71.96446774211343,Warning,Drift
2025-01-30 18:10:00,Heat Exchanger,temperature,75.68206783037144,73.86863969930432,Warning,Drift
2025-01-30 18:20:00,Transfer Pump,temperature,76.41530472210505,71.96446774211343,Warning,Drift
2025-01-30 18:20:00,Transfer Pump,vibration,5.00250815792897,3.9421961648401727,Warning,Drift
2025-01-30 18:20:00,Heat Exchanger,temperature,75.43899430285755,73.86863969930432,Warning,Drift
2025-01-30 18:20:00,Heat Exchanger,vibration,4.686335876736354,4.022832791489556,Warning,Drift
2025-01-30 18:30:00,Transfer Pump,vibration,5.481405392638015,3.9421961648401727,Warning,Drift
2025-01-30 18:30:00,Heat Exchanger,vibration,4.64280616544949,4.022832791489556,Warning,Drift
2025-01-30 18:30:00,Heat Exchanger,temperature,74.66764055108827,73.86863969930432,Warning,Drift
2025-01-30 18:30:00,Transfer Pump,temperature,77.03894969348596,71.96446774211343,Warning,Drift
2025-01-30 18:40:00,Transfer Pump,vibration,5.43761328027217,3.9421961648401727,Warning,Drift
2025-01-30 18:40:00,Transfer Pump,temperature,75.44998594615564,71.96446774211343,Warning,Drift
2025-01-30 18:40:00,Heat Exchanger,vibration,4.947367515560873,4.022832791489556,Warning,Drift
2025-01-30 18:40:00,Heat Exchanger,temperature,76.35797111863448,73.86863969930432,Warning,Drift
2025-01-30 18:50:00,Heat Exchanger,temperature,75.88910195032858,73.86863969930432,Warning,Drift
2025-01-30 18:50:00,Heat Exchanger,vibration,4.904756572619506,4.022832791489556,Warning,Drift
2025-01-30 18:50:00,Transfer Pump,temperature,76.47593018295731,71.96446774211343,Warning,Drift
2025-01-30 18:50:00,Transfer Pump,vibration,4.868835455570595,3.9421961648401727,Warning,Drift
2025-01-30 19:00:00,Heat Exchanger,temperature,75.6812846002135,73.86863969930432,Warning,Drift
2025-01-30 19:00:00,Transfer Pump,temperature,77.54665347079757,71.96446774211343,Warning,Drift
2025-01-30 19:00:00,Transfer Pump,vibration,5.08122695531581,3.9421961648401727,Warning,Drift
2025-01-30 19:00:00,Heat Exchanger,vibration,4.569558009753643,4.022832791489556,Warning,Drift
2025-01-30 19:10:00,Heat Exchanger,temperature,74.77297869998588,73.86863969930432,Warning,Drift
2025-01-30 19:10:00,Transfer Pump,temperature,75.03093582322578,71.96446774211343,Warning,Drift
2025-01-30 19:10:00,Transfer Pump,vibration,4.664835850563732,3.9421961648401727,Warning,Drift
2025-01-30 19:10:00,Heat Exchanger,vibration,4.753734786975479,4.022832791489556,Warning,Drift
2025-01-30 19:20:00,Transfer Pump,temperature,74.42612548843412,71.96446774211343,Warning,Drift
2025-01-30 19:20:00,Transfer Pump,vibration,4.494026381400229,3.9421961648401727,Warning,Drift
2025-01-30 19:20:00,Heat Exchanger,temperature,75.00222076031523,73.86863969930432,Warning,Drift
2025-01-30 19:20:00,Heat Exchanger,vibration,4.398953748003821,4.022832791489556,Warning,Drift
2025-01-30 19:30:00,Transfer Pump,vibration,4.860797808752205,3.9421961648401727,Warning,Drift
2025-01-30 19:30:00,Transfer Pump,temperature,74.53246054191793,71.96446774211343,Warning,Drift
2025-01-30 19:40:00,Transfer Pump,vibration,4.936487264593636,3.9421961648401727,Warning,Drift
2025-01-30 19:40:00,Transfer Pump,temperature,75.71434320402253,71.96446774211343,Warning,Drift
2025-01-30 19:40:00,Heat Exchanger,temperature,74.56994631098783,73.86863969930432,Warning,Drift
2025-01-30 19:40:00,Heat Exchanger,vibration,4.602961920929609,4.022832791489556,Warning,Drift
2025-01-30 19:50:00,Heat Exchanger,vibration,4.626250766017101,4.022832791489556,Warning,Drift
2025-01-30 19:50:00,Heat Exchanger,temperature,75.81367826500338,73.86863969930432,Warning,Drift
2025-01-30 20:00:00,Heat Exchanger,vibration,4.448978974176176,4.022832791489556,Warning,Drift
2025-01-30 20:00:00,Heat Exchanger,temperature,73.68154823307623,58.08404267265845,Warning,Drift
2025-01-30 20:00:00,Transfer Pump,temperature,76.50592989298475,71.96446774211343,Warning,Drift
2025-01-30 20:00:00,Transfer Pump,vibration,4.99934567302578,3.9421961648401727,Warning,Drift
2025-01-30 20:10:00,Heat Exchanger,vibration,4.853308184209492,4.022832791489556,Warning,Drift
2025-01-30 20:10:00,Heat Exchanger,temperature,73.23114131507499,58.08404267265845,Warning,Drift
2025-01-30 20:10:00,Transfer Pump,vibration,4.729568325949311,3.9421961648401727,Warning,Drift
2025-01-30 20:10:00,Transfer Pump,temperature,75.69155666443903,71.96446774211343,Warning,Drift
2025-01-30 20:20:00,Heat Exchanger,vibration,4.670016798881328,4.022832791489556,Warning,Drift
2025-01-30 20:20:00,Heat Exchanger,temperature,73.78309196548496,58.08404267265845,Warning,Drift
2025-01-30 20:20:00,Transfer Pump,temperature,75.41887275871578,71.96446774211343,Warning,Drift
2025-01-30 20:20:00,Transfer Pump,vibration,4.786524728786199,3.9421961648401727,Warning,Drift
2025-01-30 20:30:00,Heat Exchanger,temperature,73.08903851172234,58.08404267265845,Warning,Drift
2025-01-30 20:30:00,Heat Exchanger,vibration,4.7866827976971145,4.022832791489556,Warning,Drift
2025-01-30 20:30:00,Transfer Pump,temperature,75.14618885299252,71.96446774211343,Warning,Drift
2025-01-30 20:30:00,Transfer Pump,vibration,4.906380335488546,3.9421961648401727,Warning,Drift
2025-01-30 20:40:00,Heat Exchanger,vibration,4.574508972915712,4.022832791489556,Warning,Drift
2025-01-30 20:40:00,Heat Exchanger,temperature,72.92413264100544,58.08404267265845,Warning,Drift
2025-01-30 20:40:00,Transfer Pump,vibration,4.958903226112888,3.9421961648401727,Warning,Drift
2025-01-30 20:40:00,Transfer Pump,temperature,75.24004537127887,71.96446774211343,Warning,Drift
2025-01-30 20:50:00,Heat Exchanger,vibration,4.79364267705263,4.022832791489556,Warning,Drift
2025-01-30 20:50:00,Heat Exchanger,temperature,73.76497551799326,58.08404267265845,Warning,Drift
2025-01-30 20:50:00,Transfer Pump,vibration,4.566867016282396,3.9421961648401727,Warning,Drift
2025-01-30 20:50:00,Transfer Pump,temperature,74.79267674373705,71.96446774211343,Warning,Drift
2025-01-30 21:00:00,Heat Exchanger,vibration,4.22994609930935,4.022832791489556,Warning,Drift
2025-01-30 21:00:00,Heat Exchanger,temperature,74.1065999773286,73.86863969930432,Warning,Drift
2025-01-30 21:00:00,Transfer Pump,vibration,4.693922534076112,3.9421961648401727,Warning,Drift
2025-01-30 21:00:00,Transfer Pump,temperature,73.80406496361677,71.96446774211343,Warning,Drift
2025-01-30 21:10:00,Transfer Pump,temperature,75.71354361729391,71.96446774211343,Warning,Drift
2025-01-30 21:10:00,Heat Exchanger,vibration,4.554515671653337,4.022832791489556,Warning,Drift
2025-01-30 21:10:00,Heat Exchanger,temperature,73.56498920384644,58.08404267265845,Warning,Drift
2025-01-30 21:10:00,Transfer Pump,vibration,4.820978051869828,3.9421961648401727,Warning,Drift
2025-01-30 21:20:00,Transfer Pump,temperature,75.31496761003703,71.96446774211343,Warning,Drift
2025-01-30 21:20:00,Heat Exchanger,temperature,72.33235435024358,58.08404267265845,Warning,Drift
2025-01-30 21:20:00,Heat Exchanger,vibration,4.756509170438891,4.022832791489556,Warning,Drift
2025-01-30 21:20:00,Transfer Pump,vibration,4.718506132726465,3.9421961648401727,Warning,Drift
2025-01-30 21:30:00,Transfer Pump,vibration,4.568523171469375,3.9421961648401727,Warning,Drift
2025-01-30 21:30:00,Transfer Pump,temperature,73.53396310824688,71.96446774211343,Warning,Drift
2025-01-30 21:30:00,Heat Exchanger,temperature,72.62279056622513,58.08404267265845,Warning,Drift
2025-01-30 21:30:00,Heat Exchanger,vibration,4.173385775766244,4.022832791489556,Warning,Drift
2025-01-30 21:40:00,Transfer Pump,vibration,4.6702715997048205,3.9421961648401727,Warning,Drift
2025-01-30 21:40:00,Transfer Pump,temperature,74.58855686190188,71.96446774211343,Warning,Drift
2025-01-30 21:40:00,Heat Exchanger,temperature,73.32906607442078,58.08404267265845,Warning,Drift
2025-01-30 21:40:00,Heat Exchanger,vibration,4.542493675215826,4.022832791489556,Warning,Drift
2025-01-30 21:50:00,Transfer Pump,temperature,75.1584431658963,71.96446774211343,Warning,Drift
2025-01-30 21:50:00,Transfer Pump,vibration,4.7549918987751205,3.9421961648401727,Warning,Drift
2025-01-30 21:50:00,Heat Exchanger,temperature,73.5176290981267,58.08404267265845,Warning,Drift
2025-01-30 21:50:00,Heat Exchanger,vibration,4.613074552008049,4.022832791489556,Warning,Drift
2025-01-30 22:00:00,Transfer Pump,vibration,4.513371239074061,3.9421961648401727,Warning,Drift
2025-01-30 22:00:00,Transfer Pump,temperature,74.41998334644585,71.96446774211343,Warning,Drift
2025-01-30 22:00:00,Heat Exchanger,temperature,72.75041368033418,58.08404267265845,Warning,Drift
2025-01-30 22:00:00,Heat Exchanger,vibration,4.430672550986675,4.022832791489556,Warning,Drift
2025-01-30 22:10:00,Heat Exchanger,temperature,72.13306844273154,58.08404267265845,Warning,Drift
2025-01-30 22:10:00,Transfer Pump,vibration,4.4261754673292,3.9421961648401727,Warning,Drift
2025-01-30 22:10:00,Transfer Pump,temperature,73.68152352699539,71.96446774211343,Warning,Drift
2025-01-30 22:10:00,Heat Exchanger,vibration,4.670314074120748,4.022832791489556,Warning,Drift
2025-01-30 22:20:00,Transfer Pump,vibration,5.004545870436044,3.9421961648401727,Warning,Drift
2025-01-30 22:20:00,Transfer Pump,temperature,74.92656843743671,71.96446774211343,Warning,Drift
2025-01-30 22:20:00,Heat Exchanger,temperature,73.40405709047833,58.08404267265845,Warning,Drift
2025-01-30 22:20:00,Heat Exchanger,vibration,4.664321267235335,4.022832791489556,Warning,Drift
2025-01-30 22:30:00,Transfer Pump,vibration,4.660509567224448,3.9421961648401727,Warning,Drift
2025-01-30 22:30:00,Transfer Pump,temperature,73.93006871628324,71.96446774211343,Warning,Drift
2025-01-30 22:30:00,Heat Exchanger,vibration,4.365174144690675,4.022832791489556,Warning,Drift
2025-01-30 22:30:00,Heat Exchanger,temperature,74.17733696798678,73.86863969930432,Warning,Drift
2025-01-30 22:40:00,Heat Exchanger,vibration,4.400567986046712,4.022832791489556,Warning,Drift
2025-01-30 22:40:00,Transfer Pump,vibration,4.789374710324054,3.9421961648401727,Warning,Drift
2025-01-30 22:40:00,Transfer Pump,temperature,73.17266268492179,71.96446774211343,Warning,Drift
2025-01-30 22:40:00,Heat Exchanger,temperature,73.57539901367117,58.08404267265845,Warning,Drift
2025-01-30 22:50:00,Transfer Pump,vibration,4.652703363421055,3.9421961648401727,Warning,Drift
2025-01-30 22:50:00,Heat Exchanger,vibration,4.255688983460583,4.022832791489556,Warning,Drift
2025-01-30 22:50:00,Heat Exchanger,temperature,74.21914082252668,73.86863969930432,Warning,Drift
2025-01-30 22:50:00,Transfer Pump,temperature,72.71025837802556,71.96446774211343,Warning,Drift
2025-01-30 23:00:00,Heat Exchanger,vibration,4.517302924771197,4.022832791489556,Warning,Drift
2025-01-30 23:00:00,Transfer Pump,temperature,71.2472988636849,56.11255468087906,Warning,Drift
2025-01-30 23:00:00,Transfer Pump,vibration,4.799390511256576,3.9421961648401727,Warning,Drift
2025-01-30 23:00:00,Heat Exchanger,temperature,72.09610891988447,58.08404267265845,Warning,Drift
2025-01-30 23:10:00,Heat Exchanger,temperature,73.38638082772724,58.08404267265845,Warning,Drift
2025-01-30 23:10:00,Heat Exchanger,vibration,4.492775077334301,4.022832791489556,Warning,Drift
2025-01-30 23:10:00,Transfer Pump,temperature,75.13889426326502,71.96446774211343,Warning,Drift
2025-01-30 23:10:00,Transfer Pump,vibration,4.6207522534648575,3.9421961648401727,Warning,Drift
2025-01-30 23:20:00,Heat Exchanger,temperature,73.56652814792172,58.08404267265845,Warning,Drift
2025-01-30 23:20:00,Transfer Pump,temperature,72.8656360581118,71.96446774211343,Warning,Drift
2025-01-30 23:20:00,Transfer Pump,vibration,4.709183598569188,3.9421961648401727,Warning,Drift
2025-01-30 23:20:00,Heat Exchanger,vibration,4.45378445347087,4.022832791489556,Warning,Drift
2025-01-30 23:30:00,Transfer Pump,vibration,4.40163434811172,3.9421961648401727,Warning,Drift
2025-01-30 23:30:00,Heat Exchanger,vibration,4.374732813667,4.022832791489556,Warning,Drift
2025-01-30 23:30:00,Transfer Pump,temperature,74.28755719778873,71.96446774211343,Warning,Drift
2025-01-30 23:30:00,Heat Exchanger,temperature,72.12722324727524,58.08404267265845,Warning,Drift
2025-01-30 23:40:00,Heat Exchanger,temperature,71.8441316497215,58.08404267265845,Warning,Drift
2025-01-30 23:40:00,Heat Exchanger,vibration,4.29568117386313,4.022832791489556,Warning,Drift
2025-01-30 23:40:00,Transfer Pump,temperature,72.7679784366326,71.96446774211343,Warning,Drift
2025-01-30 23:40:00,Transfer Pump,vibration,4.282323923852586,3.9421961648401727,Warning,Drift
2025-01-30 23:50:00,Heat Exchanger,vibration,4.192364609510926,4.022832791489556,Warning,Drift
2025-01-30 23:50:00,Heat Exchanger,temperature,71.73010541914513,58.08404267265845,Warning,Drift
2025-01-30 23:50:00,Transfer Pump,temperature,73.63238502709123,71.96446774211343,Warning,Drift
2025-01-30 23:50:00,Transfer Pump,vibration,4.5138289555471,3.9421961648401727,Warning,Drift
