timestamp,machine_id,temperature,vibration
2025-01-01 00:00:00,Machine_A,58.897371322408986,1.9464227456337038
2025-01-01 00:10:00,Machine_A,58.392719783526545,1.9311206424421945
2025-01-01 00:20:00,Machine_A,59.03146938715945,2.1713633072139036
2025-01-01 00:30:00,Machine_A,59.74836687031809,1.760047569437003
2025-01-01 00:40:00,Machine_A,58.365850164678605,1.8195830480981185
2025-01-01 00:50:00,Machine_A,58.39565440952089,2.1472013173690763
2025-01-01 01:00:00,Machine_A,59.882629860394175,1.8581370898368246
2025-01-01 01:10:00,Machine_A,59.27593845570353,2.1329233260829845
2025-01-01 01:20:00,Machine_A,58.335496318501356,2.2830367975879087
2025-01-01 01:30:00,Machine_A,59.20046967107927,1.9119311055204269
2025-01-01 01:40:00,Machine_A,58.45718859112175,2.1148067146170626
2025-01-01 01:50:00,Machine_A,58.52287828102002,1.7931805144286257
2025-01-01 02:00:00,Machine_A,59.162480904007296,2.146140561949208
2025-01-01 02:10:00,Machine_A,57.51750574392866,2.0563701668618193
2025-01-01 02:20:00,Machine_A,57.753033578978105,
2025-01-01 02:30:00,Machine_A,58.7734332855879,1.9267880239025728
2025-01-01 02:40:00,Machine_A,58.50857955281604,1.756284985794369
2025-01-01 02:50:00,Machine_A,59.670927187240785,2.158810570090355
2025-01-01 03:00:00,Machine_A,58.79870700543012,1.710389381019752
2025-01-01 03:10:00,Machine_A,58.505591312276955,
2025-01-01 03:20:00,Machine_A,60.92276238123435,2.2801583115966517
2025-01-01 03:30:00,Machine_A,59.68871395808025,2.160598949403222
2025-01-01 03:40:00,Machine_A,60.04650503652167,2.4925922797041955
2025-01-01 03:50:00,Machine_A,58.97965282181535,2.342734823708648
2025-01-01 04:00:00,Machine_A,59.81449382037985,2.057298290101396
2025-01-01 04:10:00,Machine_A,60.47261792544528,
2025-01-01 04:20:00,Machine_A,59.60004122196971,2.2012950557586866
2025-01-01 04:30:00,Machine_A,60.96116640139872,1.9430006380334066
2025-01-01 04:40:00,Machine_A,60.32241854642511,2.0768191305362653
2025-01-01 04:50:00,Machine_A,60.71417470190042,2.163745426966702
2025-01-01 05:00:00,Machine_A,60.61276805235766,1.9170117391897967
2025-01-01 05:10:00,Machine_A,62.72428389882379,2.3111509980131495
2025-01-01 05:20:00,Machine_A,61.3814335983754,2.2770253880123343
2025-01-01 05:30:00,Machine_A,60.6969895840651,2.0401423112648933
2025-01-01 05:40:00,Machine_A,62.35299083006575,2.4335382315134737
2025-01-01 05:50:00,Machine_A,60.87065722424451,2.5092283697299713
2025-01-01 06:00:00,Machine_A,62.167090876003805,2.44086620619568
2025-01-01 06:10:00,Machine_A,60.584931756674855,2.3612964527767866
2025-01-01 06:20:00,Machine_A,61.24249626049806,2.5456796715517798
2025-01-01 06:30:00,Machine_A,62.61433066146548,2.581176451384828
2025-01-01 06:40:00,Machine_A,63.19854188583058,2.533474322499662
2025-01-01 06:50:00,Machine_A,62.89463327373534,2.3489676211938892
2025-01-01 07:00:00,Machine_A,62.81334803194823,2.566256708088147
2025-01-01 07:10:00,Machine_A,,2.750504126925509
2025-01-01 07:20:00,Machine_A,,2.4465158339464392
2025-01-01 07:30:00,Machine_A,62.76351664656205,2.949836625608128
2025-01-01 07:40:00,Machine_A,63.11065289932461,2.495564649665946
2025-01-01 07:50:00,Machine_A,64.46181792729774,2.61362013835699
2025-01-01 08:00:00,Machine_A,64.02489463165477,2.5039525927188593
2025-01-01 08:10:00,Machine_A,62.470116504923695,2.681973574221718
2025-01-01 08:20:00,Machine_A,,2.344509491683621
2025-01-01 08:30:00,Machine_A,63.82259917719746,2.5756551192669144
2025-01-01 08:40:00,Machine_A,63.708219033658125,2.4926726082962007
2025-01-01 08:50:00,Machine_A,64.85390675772751,2.7283764960476593
2025-01-01 09:00:00,Machine_A,65.29967335214968,2.8971985791255492
2025-01-01 09:10:00,Machine_A,65.3254947741284,2.848055915245175
2025-01-01 09:20:00,Machine_A,64.00978153233832,2.3178213144489397
2025-01-01 09:30:00,Machine_A,64.52936679033836,3.1245815406580744
2025-01-01 09:40:00,Machine_A,65.13204290013432,2.8217688092418025
2025-01-01 09:50:00,Machine_A,65.73230616204299,2.6397563053270585
2025-01-01 10:00:00,Machine_A,64.6477495229693,2.8179944571213666
2025-01-01 10:10:00,Machine_A,64.95601073479273,2.830869042980684
2025-01-01 10:20:00,Machine_A,64.28700927542346,2.687805735115211
2025-01-01 10:30:00,Machine_A,64.27661306452497,2.8513707897516523
2025-01-01 10:40:00,Machine_A,65.93894483066605,2.7135166675820033
2025-01-01 10:50:00,Machine_A,66.42300135047545,2.756387469152498
2025-01-01 11:00:00,Machine_A,65.32313229474748,2.7111363773941655
2025-01-01 11:10:00,Machine_A,66.21986234323339,2.5814523710508324
2025-01-01 11:20:00,Machine_A,65.73613595558083,2.8694140534942627
2025-01-01 11:30:00,Machine_A,64.95396121112424,2.9515040861911555
2025-01-01 11:40:00,Machine_A,65.77579792772784,2.9409666614350325
2025-01-01 11:50:00,Machine_A,66.72709802870928,2.9971582451861782
2025-01-01 12:00:00,Machine_A,65.47133916871203,2.9083812378026765
2025-01-01 12:10:00,Machine_A,66.74838370018772,2.7536811100327934
2025-01-01 12:20:00,Machine_A,63.39088536004931,2.9994271097388996
2025-01-01 12:30:00,Machine_A,66.12757901830851,2.601797030446666
2025-01-01 12:40:00,Machine_A,65.51646479013327,2.681042640003247
2025-01-01 12:50:00,Machine_A,65.17783014454707,2.665777190347786
2025-01-01 13:00:00,Machine_A,65.45414901324014,3.0290767124751565
2025-01-01 13:10:00,Machine_A,63.74795419593808,2.998874560381916
2025-01-01 13:20:00,Machine_A,65.11318666248067,2.910576622021758
2025-01-01 13:30:00,Machine_A,65.5192684209989,3.0086931653682023
2025-01-01 13:40:00,Machine_A,66.35439249042149,2.6495676033323345
2025-01-01 13:50:00,Machine_A,64.68992174150486,2.8619019965051766
2025-01-01 14:00:00,Machine_A,64.38429403093099,2.767180034594028
2025-01-01 14:10:00,Machine_A,64.55046442547747,2.9319649293150833
2025-01-01 14:20:00,Machine_A,65.59935384917313,2.7478780580706506
2025-01-01 14:30:00,Machine_A,65.03973757874707,2.687719283217241
2025-01-01 14:40:00,Machine_A,64.2573473879028,2.8420835327445184
2025-01-01 14:50:00,Machine_A,64.99108462532612,2.8894852516589777
2025-01-01 15:00:00,Machine_A,64.55253577363135,
2025-01-01 15:10:00,Machine_A,65.13948171908113,2.6930219725836193
2025-01-01 15:20:00,Machine_A,63.68811415880101,2.4987351103034454
2025-01-01 15:30:00,Machine_A,63.8685352842523,2.224291659905195
2025-01-01 15:40:00,Machine_A,63.69383100472293,2.6941921300124423
2025-01-01 15:50:00,Machine_A,62.70973667070819,2.7513877878819044
2025-01-01 16:00:00,Machine_A,63.98689622165166,2.6721720256356107
2025-01-01 16:10:00,Machine_A,63.82496436406653,2.256865766759979
2025-01-01 16:20:00,Machine_A,63.483254681406414,2.527025320369549
2025-01-01 16:30:00,Machine_A,63.151722306577696,2.1729049477550957
2025-01-01 16:40:00,Machine_A,62.06477390799951,2.800455263874304
2025-01-01 16:50:00,Machine_A,62.71595404005267,2.3398277849956677
2025-01-01 17:00:00,Machine_A,,2.742441219998916
2025-01-01 17:10:00,Machine_A,62.11571683340606,2.667654362135292
2025-01-01 17:20:00,Machine_A,62.47874005250145,2.316035416493628
2025-01-01 17:30:00,Machine_A,62.78008235822181,
2025-01-01 17:40:00,Machine_A,63.81399382058523,2.502286723185987
2025-01-01 17:50:00,Machine_A,62.292330106044155,2.2676503976214484
2025-01-01 18:00:00,Machine_A,62.20604031257821,2.418447235588477
2025-01-01 18:10:00,Machine_A,61.78777541160839,2.2934623093403532
2025-01-01 18:20:00,Machine_A,60.15993792814396,2.04017140115974
2025-01-01 18:30:00,Machine_A,61.521947226870445,1.939778970058574
2025-01-01 18:40:00,Machine_A,61.440415546118565,2.3626614847789087
2025-01-01 18:50:00,Machine_A,63.21305504120487,2.2015217793883415
2025-01-01 19:00:00,Machine_A,60.94024457031628,2.1839752626593216
2025-01-01 19:10:00,Machine_A,61.188767575601936,2.389937881259958
2025-01-01 19:20:00,Machine_A,60.77516008259597,
2025-01-01 19:30:00,Machine_A,59.72566555662656,2.1787344055905837
2025-01-01 19:40:00,Machine_A,61.43509433551957,2.14851401497291
2025-01-01 19:50:00,Machine_A,60.985426279826804,2.2822388700047336
2025-01-01 20:00:00,Machine_A,60.88282555763444,1.9307515974540763
2025-01-01 20:10:00,Machine_A,59.39194140695032,2.1983827260985143
2025-01-01 20:20:00,Machine_A,61.114717921520224,2.241230078570017
2025-01-01 20:30:00,Machine_A,58.74785414823565,2.248498794461249
2025-01-01 20:40:00,Machine_A,60.21972904113733,1.7621300891906135
2025-01-01 20:50:00,Machine_A,61.387798773993175,1.9589404580073437
2025-01-01 21:00:00,Machine_A,58.73269720574253,1.9237145629578296
2025-01-01 21:10:00,Machine_A,58.96649113748235,2.086204850229102
2025-01-01 21:20:00,Machine_A,59.398565541153694,
2025-01-01 21:30:00,Machine_A,58.820482785687716,2.312398870209221
2025-01-01 21:40:00,Machine_A,57.89243710013562,1.9422877936037004
2025-01-01 21:50:00,Machine_A,59.10298031949972,1.930910799688543
2025-01-01 22:00:00,Machine_A,58.11906811577359,
2025-01-01 22:10:00,Machine_A,59.27433602838437,2.054228974005255
2025-01-01 22:20:00,Machine_A,58.09238335798468,2.2203387678473425
2025-01-01 22:30:00,Machine_A,60.00636916022453,2.0362252509116914
2025-01-01 22:40:00,Machine_A,58.084473193380326,1.7688573292779524
2025-01-01 22:50:00,Machine_A,58.40434145941667,1.7308642683032927
2025-01-01 23:00:00,Machine_A,59.270073381883996,1.6860611733393118
2025-01-01 23:10:00,Machine_A,57.59827252193307,2.079836127052555
2025-01-01 23:20:00,Machine_A,58.73514081214058,2.1707839393001676
2025-01-01 23:30:00,Machine_A,59.57565718861761,2.286734997831334
2025-01-01 23:40:00,Machine_A,57.227331969029905,2.1034713456768976
2025-01-01 23:50:00,Machine_A,58.65103831128934,2.159739244244461
2025-01-02 00:00:00,Machine_A,58.70790623539874,1.8455970601223368
2025-01-02 00:10:00,Machine_A,59.128789521885345,1.7422734532742696
2025-01-02 00:20:00,Machine_A,57.523757987976424,2.104726665693874
2025-01-02 00:30:00,Machine_A,57.47357769472425,2.0290323477848773
2025-01-02 00:40:00,Machine_A,58.97072611695079,1.976176498525867
2025-01-02 00:50:00,Machine_A,58.82055171366678,2.030393663309968
2025-01-02 01:00:00,Machine_A,58.819653888264966,2.0235067650123963
2025-01-02 01:10:00,Machine_A,58.93914923997879,2.2019144069369387
2025-01-02 01:20:00,Machine_A,58.16705604998653,2.2102357259133933
2025-01-02 01:30:00,Machine_A,58.9522245939393,
2025-01-02 01:40:00,Machine_A,59.062380724010666,2.1444060128948346
2025-01-02 01:50:00,Machine_A,58.323980949455134,2.09337638450626
2025-01-02 02:00:00,Machine_A,60.46153069567027,1.927278016530771
2025-01-02 02:10:00,Machine_A,59.42719627638433,2.1566554908685664
2025-01-02 02:20:00,Machine_A,58.17992504722641,1.7803724676752863
2025-01-02 02:30:00,Machine_A,59.74850619588774,2.232691476282203
2025-01-02 02:40:00,Machine_A,58.539099112901724,1.8402658714385738
2025-01-02 02:50:00,Machine_A,60.04919700415853,2.119669790058496
2025-01-02 03:00:00,Machine_A,60.45200272905301,1.929674235949345
2025-01-02 03:10:00,Machine_A,58.97888841866382,2.1955944235263494
2025-01-02 03:20:00,Machine_A,60.52094426949257,2.1046390349740336
2025-01-02 03:30:00,Machine_A,60.19955974001868,1.8390012844766759
2025-01-02 03:40:00,Machine_A,60.65013060076693,2.2176165372253553
2025-01-02 03:50:00,Machine_A,61.63688575690927,2.054189436414041
2025-01-02 04:00:00,Machine_A,60.0536895071977,2.333606409746406
2025-01-02 04:10:00,Machine_A,59.780890922191396,2.192451748016428
2025-01-02 04:20:00,Machine_A,59.80922454020713,2.280997559586532
2025-01-02 04:30:00,Machine_A,60.007959758749834,2.0554300435329713
2025-01-02 04:40:00,Machine_A,60.74124813082887,2.140011133846524
2025-01-02 04:50:00,Machine_A,61.22045128158836,2.182127435724882
2025-01-02 05:00:00,Machine_A,61.31548598160519,2.4377378761475255
2025-01-02 05:10:00,Machine_A,61.90420795044546,2.604530049532842
2025-01-02 05:20:00,Machine_A,61.40263289166807,2.1769274047361638
2025-01-02 05:30:00,Machine_A,62.70598558895567,2.5350958795393588
2025-01-02 05:40:00,Machine_A,61.48322943379283,1.9702379805729275
2025-01-02 05:50:00,Machine_A,64.02346747749303,2.1654171834889864
2025-01-02 06:00:00,Machine_A,62.500533878212,2.2274198778863803
2025-01-02 06:10:00,Machine_A,61.46694181064565,2.1761771602150715
2025-01-02 06:20:00,Machine_A,61.448331101167916,2.1541741740746816
2025-01-02 06:30:00,Machine_A,62.84281960496473,2.5330765906838266
2025-01-02 06:40:00,Machine_A,62.42899839357357,2.4396094943591033
2025-01-02 06:50:00,Machine_A,63.32873904405703,2.5656907978410657
2025-01-02 07:00:00,Machine_A,63.28445675751766,2.640753653798007
2025-01-02 07:10:00,Machine_A,62.99420716813946,2.5831286685479786
2025-01-02 07:20:00,Machine_A,62.519635527185116,2.672306436203618
2025-01-02 07:30:00,Machine_A,62.127514233529126,2.559691733040682
2025-01-02 07:40:00,Machine_A,,2.376519407888281
2025-01-02 07:50:00,Machine_A,64.3012391817814,2.7981934285035086
2025-01-02 08:00:00,Machine_A,,2.518959816099397
2025-01-02 08:10:00,Machine_A,62.883957606244294,2.473377489978834
2025-01-02 08:20:00,Machine_A,64.1460622679096,2.626084178713179
2025-01-02 08:30:00,Machine_A,64.43891890531359,2.5096366775805516
2025-01-02 08:40:00,Machine_A,,2.614116955600845
2025-01-02 08:50:00,Machine_A,64.48754581141124,2.765945299308471
2025-01-02 09:00:00,Machine_A,64.52144070890972,2.780899564598249
2025-01-02 09:10:00,Machine_A,63.666094440570944,2.5701653896079426
2025-01-02 09:20:00,Machine_A,64.96738543919506,2.6569330322727662
2025-01-02 09:30:00,Machine_A,,2.9503889439897
2025-01-02 09:40:00,Machine_A,65.7334731495517,2.8579704411221556
2025-01-02 09:50:00,Machine_A,65.79491170197302,3.153037857698536
2025-01-02 10:00:00,Machine_A,63.928953418879864,3.0021345029764723
2025-01-02 10:10:00,Machine_A,64.35427788419167,3.0051276272709884
2025-01-02 10:20:00,Machine_A,65.58410546839521,2.558022165084448
2025-01-02 10:30:00,Machine_A,65.64460712451927,2.953240652924095
2025-01-02 10:40:00,Machine_A,65.70096232179552,2.813302455048215
2025-01-02 10:50:00,Machine_A,68.42019452014257,2.729995903199817
2025-01-02 11:00:00,Machine_A,65.83745280056628,2.864909383125936
2025-01-02 11:10:00,Machine_A,66.32548853706425,3.009471279434037
2025-01-02 11:20:00,Machine_A,66.2100285463373,2.933313175236252
2025-01-02 11:30:00,Machine_A,65.99117001585297,2.6880249033766437
2025-01-02 11:40:00,Machine_A,65.23446604760883,2.981930218587957
2025-01-02 11:50:00,Machine_A,66.10384415193111,2.7348059421381627
2025-01-02 12:00:00,Machine_A,64.88173982836994,2.8890029614135715
2025-01-02 12:10:00,Machine_A,65.3072138901445,2.794968687565952
2025-01-02 12:20:00,Machine_A,65.09839060505782,2.8088916888288726
2025-01-02 12:30:00,Machine_A,65.53555632631739,2.9840739231255062
2025-01-02 12:40:00,Machine_A,67.29855398888154,2.6559286192886318
2025-01-02 12:50:00,Machine_A,63.92322387084637,3.189468316573818
2025-01-02 13:00:00,Machine_A,65.92974854431135,2.506871129357071
2025-01-02 13:10:00,Machine_A,64.04783663066706,2.7215924448508275
2025-01-02 13:20:00,Machine_A,64.91137868011914,2.8894998195431723
2025-01-02 13:30:00,Machine_A,66.1047388413634,2.9209223395884347
2025-01-02 13:40:00,Machine_A,65.22350126990465,2.7897528744635856
2025-01-02 13:50:00,Machine_A,64.24234209378032,2.7888245483899223
2025-01-02 14:00:00,Machine_A,64.45884594583757,2.8636104470619683
2025-01-02 14:10:00,Machine_A,65.49554825949284,2.7379336446734164
2025-01-02 14:20:00,Machine_A,64.28273884963777,3.0193910463583293
2025-01-02 14:30:00,Machine_A,64.94990356268491,2.9080918436927443
2025-01-02 14:40:00,Machine_A,64.71761302283949,2.9018283825845543
2025-01-02 14:50:00,Machine_A,64.05919040075078,2.5578665913578806
2025-01-02 15:00:00,Machine_A,66.19002900561318,2.7039081351409195
2025-01-02 15:10:00,Machine_A,64.87170094450923,2.6499317226573202
2025-01-02 15:20:00,Machine_A,62.629642564576805,2.508246176734839
2025-01-02 15:30:00,Machine_A,64.27982845334606,
2025-01-02 15:40:00,Machine_A,63.478088355413945,2.561333159957604
2025-01-02 15:50:00,Machine_A,64.56249529705086,2.7597575131291134
2025-01-02 16:00:00,Machine_A,63.115983409253836,2.4323655186790205
2025-01-02 16:10:00,Machine_A,63.5243309931491,2.917214186267293
2025-01-02 16:20:00,Machine_A,63.883153739276814,2.428838339236744
2025-01-02 16:30:00,Machine_A,,2.611681965260369
2025-01-02 16:40:00,Machine_A,62.236833375995225,2.6964437403664028
2025-01-02 16:50:00,Machine_A,62.784869309592196,2.432602332340903
2025-01-02 17:00:00,Machine_A,62.52591040893006,2.6699129261140655
2025-01-02 17:10:00,Machine_A,62.23487526272439,2.2761447786680713
2025-01-02 17:20:00,Machine_A,64.02013201405914,2.7395228658029795
2025-01-02 17:30:00,Machine_A,62.78082704153895,2.4612836541928598
2025-01-02 17:40:00,Machine_A,61.29633793614877,2.331866030802048
2025-01-02 17:50:00,Machine_A,62.8869574134225,2.3657760052774632
2025-01-02 18:00:00,Machine_A,63.697724957610106,2.5456054684906895
2025-01-02 18:10:00,Machine_A,62.67330435266224,2.27516932315252
2025-01-02 18:20:00,Machine_A,60.47945892761999,2.225895531667454
2025-01-02 18:30:00,Machine_A,61.155771068936815,2.3013866259359035
2025-01-02 18:40:00,Machine_A,62.405760297515044,2.1100051397512867
2025-01-02 18:50:00,Machine_A,60.67632577872162,2.630300077157381
2025-01-02 19:00:00,Machine_A,61.44918888465816,2.1815804032852153
2025-01-02 19:10:00,Machine_A,61.56723694447851,2.414373411735549
2025-01-02 19:20:00,Machine_A,60.0613851210977,2.2837955505600482
2025-01-02 19:30:00,Machine_A,60.61298770187275,2.0505763263489554
2025-01-02 19:40:00,Machine_A,57.927822211852295,2.208749934558394
2025-01-02 19:50:00,Machine_A,59.564369740609955,2.3333336243201694
2025-01-02 20:00:00,Machine_A,60.047945478885474,2.1411129596844645
2025-01-02 20:10:00,Machine_A,59.121224825214234,2.372975506497114
2025-01-02 20:20:00,Machine_A,61.29841151591665,2.325763374342765
2025-01-02 20:30:00,Machine_A,58.72522189610097,2.291462030784575
2025-01-02 20:40:00,Machine_A,59.398207776739525,2.028007356631918
2025-01-02 20:50:00,Machine_A,59.74002673517406,1.9016127659722855
2025-01-02 21:00:00,Machine_A,60.678144897099976,1.9713561795007508
2025-01-02 21:10:00,Machine_A,58.27083960022102,2.1035485677554537
2025-01-02 21:20:00,Machine_A,60.24937545080755,2.153521609032284
2025-01-02 21:30:00,Machine_A,59.23144975779635,1.6521081440120637
2025-01-02 21:40:00,Machine_A,58.347760924150165,2.0299212037798386
2025-01-02 21:50:00,Machine_A,59.417812719065516,2.048929909942375
2025-01-02 22:00:00,Machine_A,59.12815884321324,1.9603306021602032
2025-01-02 22:10:00,Machine_A,58.41528858214919,2.233274416092658
2025-01-02 22:20:00,Machine_A,58.883764413363735,2.068081909198664
2025-01-02 22:30:00,Machine_A,58.45817075872109,2.2200887538244825
2025-01-02 22:40:00,Machine_A,58.801889703450314,1.9382654269832993
2025-01-02 22:50:00,Machine_A,59.191695211998045,2.139573320814544
2025-01-02 23:00:00,Machine_A,59.888073060904546,2.2596453291848726
2025-01-02 23:10:00,Machine_A,57.59271157601875,2.196771617665109
2025-01-02 23:20:00,Machine_A,60.25959956418229,1.7602510243273344
2025-01-02 23:30:00,Machine_A,56.968272745573664,1.9081881184241567
2025-01-02 23:40:00,Machine_A,58.391890480650424,1.889582738877751
2025-01-02 23:50:00,Machine_A,58.97398498965116,2.038494116601903
2025-01-03 00:00:00,Machine_A,58.72479349418803,2.0735436399026157
2025-01-03 00:10:00,Machine_A,58.00517160860702,1.7994276189635314
2025-01-03 00:20:00,Machine_A,58.34682075639307,1.9639233183637632
2025-01-03 00:30:00,Machine_A,58.1355422374646,1.5902628925936808
2025-01-03 00:40:00,Machine_A,58.08168105890191,2.2163866121888463
2025-01-03 00:50:00,Machine_A,59.26264565269705,1.868439433474225
2025-01-03 01:00:00,Machine_A,58.9048719967603,
2025-01-03 01:10:00,Machine_A,58.107662996172685,1.915090423645447
2025-01-03 01:20:00,Machine_A,59.430755727595916,2.183423284148756
2025-01-03 01:30:00,Machine_A,59.012261252911784,1.4735030509183928
2025-01-03 01:40:00,Machine_A,59.47821244044289,1.9891716342148438
2025-01-03 01:50:00,Machine_A,59.39916515741511,1.9817977487202147
2025-01-03 02:00:00,Machine_A,58.30571507801681,1.9286340185304995
2025-01-03 02:10:00,Machine_A,58.599985107497325,2.331194627598615
2025-01-03 02:20:00,Machine_A,59.73080272908714,1.8716622774759146
2025-01-03 02:30:00,Machine_A,59.71155952132745,2.181914308771363
2025-01-03 02:40:00,Machine_A,59.30212317391226,2.119405502563555
2025-01-03 02:50:00,Machine_A,,2.295298663891837
2025-01-03 03:00:00,Machine_A,60.547258182477826,1.9617079132061028
2025-01-03 03:10:00,Machine_A,59.16217716227653,1.9640500047306761
2025-01-03 03:20:00,Machine_A,60.18792127103314,2.3080381589869887
2025-01-03 03:30:00,Machine_A,59.707580876522364,2.2026151924454958
2025-01-03 03:40:00,Machine_A,59.81833751018956,1.8638018812402128
2025-01-03 03:50:00,Machine_A,60.99847285237587,2.0611402736405404
2025-01-03 04:00:00,Machine_A,60.91033307919042,2.244548877692651
2025-01-03 04:10:00,Machine_A,61.0346875624779,2.343010683922621
2025-01-03 04:20:00,Machine_A,61.56521912963102,2.087560264641953
2025-01-03 04:30:00,Machine_A,60.67741106002839,1.7032263772686602
2025-01-03 04:40:00,Machine_A,61.34849187539613,2.3402711089361152
2025-01-03 04:50:00,Machine_A,60.699316296460275,2.0450246660331612
2025-01-03 05:00:00,Machine_A,61.35346642413193,1.9204104460418314
2025-01-03 05:10:00,Machine_A,61.13834690772249,1.7927835072307083
2025-01-03 05:20:00,Machine_A,61.46982815015992,2.468374874885475
2025-01-03 05:30:00,Machine_A,62.019283947579346,2.3644143545738707
2025-01-03 05:40:00,Machine_A,61.04037835379641,2.3201617672353487
2025-01-03 05:50:00,Machine_A,63.52124196476969,2.6303956610188957
2025-01-03 06:00:00,Machine_A,61.195186094800235,2.514718442944153
2025-01-03 06:10:00,Machine_A,61.18131696554849,2.7105627320043464
2025-01-03 06:20:00,Machine_A,63.23153379841686,2.1885276992463867
2025-01-03 06:30:00,Machine_A,63.09017182794053,
2025-01-03 06:40:00,Machine_A,63.10706447547598,2.1871332724594756
2025-01-03 06:50:00,Machine_A,63.26021505619478,2.456109006538162
2025-01-03 07:00:00,Machine_A,62.896069239581294,2.4717177166181323
2025-01-03 07:10:00,Machine_A,62.334666801076295,2.6481080644842754
2025-01-03 07:20:00,Machine_A,63.25771414819482,2.5621105631020926
2025-01-03 07:30:00,Machine_A,62.797662644068126,2.684420829454675
2025-01-03 07:40:00,Machine_A,64.25925970282665,2.716797441748316
2025-01-03 07:50:00,Machine_A,63.4984742411209,2.9956740378847306
2025-01-03 08:00:00,Machine_A,63.08960224256599,2.5682466020484975
2025-01-03 08:10:00,Machine_A,81.62343995589148,7.472400737636123
2025-01-03 08:20:00,Machine_A,64.33786269064916,2.7024044471149242
2025-01-03 08:30:00,Machine_A,63.67968535928733,2.529532238168806
2025-01-03 08:40:00,Machine_A,63.591980317449746,2.956007362677519
2025-01-03 08:50:00,Machine_A,64.55951549584834,2.653036346416905
2025-01-03 09:00:00,Machine_A,64.6708469910399,2.6163943053166276
2025-01-03 09:10:00,Machine_A,64.17491613853853,2.6469379717573545
2025-01-03 09:20:00,Machine_A,64.30432490642177,2.8740351356284357
2025-01-03 09:30:00,Machine_A,64.96237664090543,2.7286145461493887
2025-01-03 09:40:00,Machine_A,63.70856468181361,2.6531183923065775
2025-01-03 09:50:00,Machine_A,63.82589904084386,3.0792894957880343
2025-01-03 10:00:00,Machine_A,,2.6356008603838825
2025-01-03 10:10:00,Machine_A,64.93378019475429,2.8055567682561384
2025-01-03 10:20:00,Machine_A,65.42080330710668,2.9252536114563337
2025-01-03 10:30:00,Machine_A,66.41386333734914,2.522105469755006
2025-01-03 10:40:00,Machine_A,65.9750518713123,2.909308569606725
2025-01-03 10:50:00,Machine_A,65.21005850364806,2.639253246250221
2025-01-03 11:00:00,Machine_A,65.36552742568959,2.9827675223802013
2025-01-03 11:10:00,Machine_A,64.61501253320952,2.666056021058554
2025-01-03 11:20:00,Machine_A,65.43201662674882,2.9678619145882883
2025-01-03 11:30:00,Machine_A,65.23913010367222,
2025-01-03 11:40:00,Machine_A,65.74485629159157,3.00334618875519
2025-01-03 11:50:00,Machine_A,64.83488402069464,2.8948086963946946
2025-01-03 12:00:00,Machine_A,65.91547721139294,2.8083658302726544
2025-01-03 12:10:00,Machine_A,66.72285990593856,2.745816175971564
2025-01-03 12:20:00,Machine_A,65.39967332455562,3.113073858488364
2025-01-03 12:30:00,Machine_A,65.79142639248748,2.7202410479880386
2025-01-03 12:40:00,Machine_A,65.99894232891162,2.656491595612894
2025-01-03 12:50:00,Machine_A,65.0960596474111,2.9590996115098793
2025-01-03 13:00:00,Machine_A,65.56001437746008,2.6913619972565117
2025-01-03 13:10:00,Machine_A,65.34808324824422,2.6581611982927993
2025-01-03 13:20:00,Machine_A,65.36706505158975,2.563012912163101
2025-01-03 13:30:00,Machine_A,64.61517053670514,2.7288220185271856
2025-01-03 13:40:00,Machine_A,65.19168539403543,2.7929497998651236
2025-01-03 13:50:00,Machine_A,65.50293654912014,2.842911385909126
2025-01-03 14:00:00,Machine_A,,2.9609465556769043
2025-01-03 14:10:00,Machine_A,65.71928672121327,2.8743677768756415
2025-01-03 14:20:00,Machine_A,66.58957812102072,2.734261420410474
2025-01-03 14:30:00,Machine_A,64.16285864070889,2.7213337813827065
2025-01-03 14:40:00,Machine_A,65.37901206029298,2.8365483438082735
2025-01-03 14:50:00,Machine_A,64.72714428342613,2.960837430891698
2025-01-03 15:00:00,Machine_A,66.22671608072706,2.740934607440922
2025-01-03 15:10:00,Machine_A,63.717927098370694,2.6195720396691735
2025-01-03 15:20:00,Machine_A,63.57797916015827,2.5105385441635444
2025-01-03 15:30:00,Machine_A,63.6511508851753,2.4138056954597236
2025-01-03 15:40:00,Machine_A,62.30840094778081,2.7780379373258053
2025-01-03 15:50:00,Machine_A,63.459944611869275,2.745820958011191
2025-01-03 16:00:00,Machine_A,63.14269387075704,2.728925434519199
2025-01-03 16:10:00,Machine_A,63.73643517550359,2.584628175612395
2025-01-03 16:20:00,Machine_A,63.75256869671417,2.84342647204383
2025-01-03 16:30:00,Machine_A,64.84032868465053,2.485066215539023
2025-01-03 16:40:00,Machine_A,63.95740957218868,2.7258575271938477
2025-01-03 16:50:00,Machine_A,62.590947373735034,2.5283438886788057
2025-01-03 17:00:00,Machine_A,62.18713492078014,
2025-01-03 17:10:00,Machine_A,63.15107398598857,2.6040532815893433
2025-01-03 17:20:00,Machine_A,61.55158205621775,2.551876181313238
2025-01-03 17:30:00,Machine_A,63.92200868545366,2.52299188316707
2025-01-03 17:40:00,Machine_A,63.248597196193835,2.4538502002065616
2025-01-03 17:50:00,Machine_A,61.77732733409492,2.4128079696053715
2025-01-03 18:00:00,Machine_A,60.6294923767273,2.8299069587166787
2025-01-03 18:10:00,Machine_A,62.930430043553656,2.59353747182091
2025-01-03 18:20:00,Machine_A,61.6033230241811,2.490888756860946
2025-01-03 18:30:00,Machine_A,62.53341137680859,2.3613870619775863
2025-01-03 18:40:00,Machine_A,60.11668925113025,2.5031466161572813
2025-01-03 18:50:00,Machine_A,60.76296133285362,2.3958412334783157
2025-01-03 19:00:00,Machine_A,61.09832830191572,2.2882482852031916
2025-01-03 19:10:00,Machine_A,60.98511417674683,2.2100408116752117
2025-01-03 19:20:00,Machine_A,60.44287712117677,2.231525814724165
2025-01-03 19:30:00,Machine_A,61.15888793260018,1.6571158229776595
2025-01-03 19:40:00,Machine_A,59.666739740401475,2.2477299332902607
2025-01-03 19:50:00,Machine_A,60.26997626566035,2.10428742962437
2025-01-03 20:00:00,Machine_A,60.34623650536952,2.461680599690919
2025-01-03 20:10:00,Machine_A,60.53100243803311,2.1616971089900447
2025-01-03 20:20:00,Machine_A,60.56177437524246,1.9278771881257362
2025-01-03 20:30:00,Machine_A,58.96962132499918,2.1170789292030143
2025-01-03 20:40:00,Machine_A,58.52295202950861,1.9224437803298065
2025-01-03 20:50:00,Machine_A,60.657575730864,2.181197741401197
2025-01-03 21:00:00,Machine_A,59.79097747543076,2.134172474047161
2025-01-03 21:10:00,Machine_A,58.820740091919326,2.2406363320349323
2025-01-03 21:20:00,Machine_A,60.559766029501596,1.9129212780914382
2025-01-03 21:30:00,Machine_A,59.31580301641496,2.049112454190011
2025-01-03 21:40:00,Machine_A,60.07640559223959,1.7856776568931592
2025-01-03 21:50:00,Machine_A,59.10214472478299,2.14674291013065
2025-01-03 22:00:00,Machine_A,60.61750942666006,2.1036853807762244
2025-01-03 22:10:00,Machine_A,60.29973475783079,2.0900900288547626
2025-01-03 22:20:00,Machine_A,58.628751426588465,1.9924529214777569
2025-01-03 22:30:00,Machine_A,59.54367839697398,2.058913330711903
2025-01-03 22:40:00,Machine_A,59.22737658691744,2.2659193601418885
2025-01-03 22:50:00,Machine_A,59.75689591840709,1.9195104058957353
2025-01-03 23:00:00,Machine_A,57.84732083952418,1.9902895112377343
2025-01-03 23:10:00,Machine_A,,1.765164062943376
2025-01-03 23:20:00,Machine_A,59.39991245393694,1.8005495380568064
2025-01-03 23:30:00,Machine_A,57.122951396053175,1.9714562051385807
2025-01-03 23:40:00,Machine_A,57.56671174654627,2.1504204242650578
2025-01-03 23:50:00,Machine_A,56.87194548225541,1.904297751922881
2025-01-04 00:00:00,Machine_A,58.28447453244436,1.9075350247238176
2025-01-04 00:10:00,Machine_A,59.077365029100264,1.8771889562773765
2025-01-04 00:20:00,Machine_A,59.715204198355714,1.8554561851067364
2025-01-04 00:30:00,Machine_A,58.58921880952749,2.006944674409373
2025-01-04 00:40:00,Machine_A,59.85606530091431,1.6873301350123504
2025-01-04 00:50:00,Machine_A,57.47888280850832,2.191235920596041
2025-01-04 01:00:00,Machine_A,57.25655365650414,1.8455573645066163
2025-01-04 01:10:00,Machine_A,58.61755251326391,2.1007699995421634
2025-01-04 01:20:00,Machine_A,59.018328186400765,1.7485385731154435
2025-01-04 01:30:00,Machine_A,58.74026583773522,2.10464543386824
2025-01-04 01:40:00,Machine_A,57.17396906533982,2.113111525240117
2025-01-04 01:50:00,Machine_A,58.824166052265994,2.0700014980308614
2025-01-04 02:00:00,Machine_A,57.92533548635058,
2025-01-04 02:10:00,Machine_A,59.58386797871893,2.065392523511855
2025-01-04 02:20:00,Machine_A,,1.8184314668177635
2025-01-04 02:30:00,Machine_A,58.471359479918796,1.9974936109516306
2025-01-04 02:40:00,Machine_A,58.90775091521422,2.2405743587684186
2025-01-04 02:50:00,Machine_A,58.572158503653405,2.211631545308178
2025-01-04 03:00:00,Machine_A,59.47498298802855,2.0845348781233315
2025-01-04 03:10:00,Machine_A,,1.920519222906841
2025-01-04 03:20:00,Machine_A,58.96166252902867,2.226951363832412
2025-01-04 03:30:00,Machine_A,60.27257221088375,2.12954597973172
2025-01-04 03:40:00,Machine_A,59.568276378073385,1.7242337959605532
2025-01-04 03:50:00,Machine_A,59.48515310497624,2.2990885449809024
2025-01-04 04:00:00,Machine_A,60.16437571203635,2.170638089903455
2025-01-04 04:10:00,Machine_A,59.55568599574188,2.4086543486811878
2025-01-04 04:20:00,Machine_A,60.077916639629805,2.01267308882498
2025-01-04 04:30:00,Machine_A,59.70230567265111,1.6559857690604294
2025-01-04 04:40:00,Machine_A,62.374709604693265,2.2963260300055826
2025-01-04 04:50:00,Machine_A,60.975740543312426,2.317163852025832
2025-01-04 05:00:00,Machine_A,60.53435293574711,1.979210536734704
2025-01-04 05:10:00,Machine_A,61.413645279804015,2.1264722554718647
2025-01-04 05:20:00,Machine_A,61.30236893841308,2.817797513919464
2025-01-04 05:30:00,Machine_A,61.36638264760324,2.286253302953292
2025-01-04 05:40:00,Machine_A,62.18628826041793,2.4923525315112727
2025-01-04 05:50:00,Machine_A,62.45333831225917,2.2632525067592897
2025-01-04 06:00:00,Machine_A,61.57559908191158,2.0237454782064317
2025-01-04 06:10:00,Machine_A,61.69201326326293,2.3889822398911384
2025-01-04 06:20:00,Machine_A,62.08500374189549,2.391411263384947
2025-01-04 06:30:00,Machine_A,60.61530474098171,2.3867587035387166
2025-01-04 06:40:00,Machine_A,61.39561577207541,2.4575063295589676
2025-01-04 06:50:00,Machine_A,63.85103806273898,2.5449661151683607
2025-01-04 07:00:00,Machine_A,64.22184082865985,2.4894475190704495
2025-01-04 07:10:00,Machine_A,62.853241466619856,2.3077964995463973
2025-01-04 07:20:00,Machine_A,63.65831607208445,2.6414223269776995
2025-01-04 07:30:00,Machine_A,,2.221320628606254
2025-01-04 07:40:00,Machine_A,65.94226856285664,2.2211138754721587
2025-01-04 07:50:00,Machine_A,64.51178007547027,2.7408393650020475
2025-01-04 08:00:00,Machine_A,63.647665926815385,2.716263648984364
2025-01-04 08:10:00,Machine_A,63.11611627673354,2.6314536580427443
2025-01-04 08:20:00,Machine_A,62.7223604710226,2.4069286655020576
2025-01-04 08:30:00,Machine_A,64.29343591022429,2.5465186737325904
2025-01-04 08:40:00,Machine_A,63.644676037675445,
2025-01-04 08:50:00,Machine_A,63.226762758976676,2.4167546790837067
2025-01-04 09:00:00,Machine_A,63.9576154267589,2.5851728930897644
2025-01-04 09:10:00,Machine_A,63.715232275943926,2.849194262436358
2025-01-04 09:20:00,Machine_A,66.03086885897449,3.001634964975599
2025-01-04 09:30:00,Machine_A,65.48204849657888,2.6815107476525166
2025-01-04 09:40:00,Machine_A,64.86065404195818,2.904786323706944
2025-01-04 09:50:00,Machine_A,66.13582537145712,2.4349953379100544
2025-01-04 10:00:00,Machine_A,65.09298355936363,2.9084126551034473
2025-01-04 10:10:00,Machine_A,64.41551055506116,2.654444160279253
2025-01-04 10:20:00,Machine_A,,2.863160715173927
2025-01-04 10:30:00,Machine_A,65.66470639873724,2.7711503543469314
2025-01-04 10:40:00,Machine_A,64.45912724928952,3.0605362011147488
2025-01-04 10:50:00,Machine_A,65.18573838515191,2.6717742111355167
2025-01-04 11:00:00,Machine_A,,2.94763575539121
2025-01-04 11:10:00,Machine_A,64.31079624014829,2.789021859810594
2025-01-04 11:20:00,Machine_A,66.18776917356804,2.814668502813754
2025-01-04 11:30:00,Machine_A,66.99759032718444,2.8130564868495567
2025-01-04 11:40:00,Machine_A,64.3678273842658,2.6960664553323452
2025-01-04 11:50:00,Machine_A,65.94704416488896,2.847033885848635
2025-01-04 12:00:00,Machine_A,64.97948594470253,2.8387233200180724
2025-01-04 12:10:00,Machine_A,65.10696846852476,2.8929949444250473
2025-01-04 12:20:00,Machine_A,65.01276630393001,2.8634985403660007
2025-01-04 12:30:00,Machine_A,64.77886439906447,2.989789206548417
2025-01-04 12:40:00,Machine_A,65.4856444378986,3.0093950397440197
2025-01-04 12:50:00,Machine_A,64.75227593179093,2.650221005274966
2025-01-04 13:00:00,Machine_A,65.59710585263562,2.9910456719364196
2025-01-04 13:10:00,Machine_A,,2.615632070956928
2025-01-04 13:20:00,Machine_A,65.09776573525755,2.928675739218451
2025-01-04 13:30:00,Machine_A,64.50752743415623,2.927298770876595
2025-01-04 13:40:00,Machine_A,64.71066019017361,2.4638014636672416
2025-01-04 13:50:00,Machine_A,65.70885089678438,2.8158911393054935
2025-01-04 14:00:00,Machine_A,65.43182266334505,2.7053821312981405
2025-01-04 14:10:00,Machine_A,64.16982586450627,2.642948404187431
2025-01-04 14:20:00,Machine_A,64.94649799935485,3.0117718394558675
2025-01-04 14:30:00,Machine_A,65.37784638971675,2.6393467578163206
2025-01-04 14:40:00,Machine_A,63.34563132601933,2.5995721521622914
2025-01-04 14:50:00,Machine_A,65.01515883273939,2.7453998907654724
2025-01-04 15:00:00,Machine_A,63.94477472699624,2.841604205867661
2025-01-04 15:10:00,Machine_A,64.82104466152934,2.678518847945224
2025-01-04 15:20:00,Machine_A,63.63914930866888,2.899201122579408
2025-01-04 15:30:00,Machine_A,62.6867593209989,2.7695182622074603
2025-01-04 15:40:00,Machine_A,62.70548357692213,2.2660313588063135
2025-01-04 15:50:00,Machine_A,63.91901658654299,2.546480770324809
2025-01-04 16:00:00,Machine_A,63.957778001377186,2.5238684221166943
2025-01-04 16:10:00,Machine_A,62.892666846239095,2.694071847573061
2025-01-04 16:20:00,Machine_A,63.99003788311435,2.1177111476359745
2025-01-04 16:30:00,Machine_A,,3.0310292921334803
2025-01-04 16:40:00,Machine_A,63.14420666272199,2.6494937615775087
2025-01-04 16:50:00,Machine_A,62.08365733845499,2.5621154344821075
2025-01-04 17:00:00,Machine_A,62.384397771617095,2.729150759251581
2025-01-04 17:10:00,Machine_A,62.79545758583649,2.9192555557784186
2025-01-04 17:20:00,Machine_A,61.9194379296071,2.6348760759760315
2025-01-04 17:30:00,Machine_A,62.14919723738632,2.629523143863915
2025-01-04 17:40:00,Machine_A,63.11007934698836,2.462744288640035
2025-01-04 17:50:00,Machine_A,61.69115436016016,2.3941540887083503
2025-01-04 18:00:00,Machine_A,62.668553689652114,2.3143568200791176
2025-01-04 18:10:00,Machine_A,60.94356666049523,2.231671117176981
2025-01-04 18:20:00,Machine_A,62.11879824271542,2.2371173778176443
2025-01-04 18:30:00,Machine_A,62.69641322375614,2.0981631399192398
2025-01-04 18:40:00,Machine_A,59.414915778063914,2.3082014589265767
2025-01-04 18:50:00,Machine_A,60.60494514684026,1.9993620098271045
2025-01-04 19:00:00,Machine_A,61.555791043885606,2.3178964040497334
2025-01-04 19:10:00,Machine_A,60.78509339290065,2.258142880775455
2025-01-04 19:20:00,Machine_A,61.09984619705721,2.2725392892130527
2025-01-04 19:30:00,Machine_A,60.177419837349525,2.133808772832111
2025-01-04 19:40:00,Machine_A,60.59010791388587,2.7636566488491754
2025-01-04 19:50:00,Machine_A,,2.437033986076691
2025-01-04 20:00:00,Machine_A,61.18422564932784,1.9509823499847498
2025-01-04 20:10:00,Machine_A,60.32298804542709,2.2001314319807705
2025-01-04 20:20:00,Machine_A,60.2625646024315,2.032449497913311
2025-01-04 20:30:00,Machine_A,59.5398334255715,1.943451006138741
2025-01-04 20:40:00,Machine_A,59.36015838683912,1.869532602838749
2025-01-04 20:50:00,Machine_A,59.28938772308949,2.173783410909619
2025-01-04 21:00:00,Machine_A,59.840687979749724,1.9591535061535303
2025-01-04 21:10:00,Machine_A,,2.242433882759981
2025-01-04 21:20:00,Machine_A,59.55066433460071,2.234160799211939
2025-01-04 21:30:00,Machine_A,60.88358394789703,2.290295586207005
2025-01-04 21:40:00,Machine_A,59.82986760773388,1.8779519621766148
2025-01-04 21:50:00,Machine_A,58.78731111392062,2.1060396593087636
2025-01-04 22:00:00,Machine_A,59.929882224485624,2.1241303272926166
2025-01-04 22:10:00,Machine_A,58.56900178545899,1.9154930535510861
2025-01-04 22:20:00,Machine_A,57.19742311722944,1.85324254350279
2025-01-04 22:30:00,Machine_A,57.95995258747657,2.273967930209596
2025-01-04 22:40:00,Machine_A,57.214442290428636,2.0180875782781107
2025-01-04 22:50:00,Machine_A,58.38077988514816,2.0853015672914106
2025-01-04 23:00:00,Machine_A,58.633994311339904,1.8173596960408922
2025-01-04 23:10:00,Machine_A,59.92411382490046,1.7411955928220348
2025-01-04 23:20:00,Machine_A,58.8147147634686,1.8543355517359263
2025-01-04 23:30:00,Machine_A,58.354662562144576,1.931525962651586
2025-01-04 23:40:00,Machine_A,59.17684302162568,1.7601527846315916
2025-01-04 23:50:00,Machine_A,56.73442297725719,1.948656234731095
2025-01-05 00:00:00,Machine_A,58.68849164648685,1.64606906614767
2025-01-05 00:10:00,Machine_A,59.12002337957307,1.748819764243587
2025-01-05 00:20:00,Machine_A,57.330449560055015,2.072476410548552
2025-01-05 00:30:00,Machine_A,59.44494621975721,2.0625321060318065
2025-01-05 00:40:00,Machine_A,58.8239699904528,1.8862986933748704
2025-01-05 00:50:00,Machine_A,58.25073364395959,1.7774692211621783
2025-01-05 01:00:00,Machine_A,59.12548510087329,1.7804007388952372
2025-01-05 01:10:00,Machine_A,,1.9036390878938614
2025-01-05 01:20:00,Machine_A,58.856568831296116,2.0931516491424937
2025-01-05 01:30:00,Machine_A,58.964998105250764,2.1513384348118993
2025-01-05 01:40:00,Machine_A,58.46043402573953,1.902785783446753
2025-01-05 01:50:00,Machine_A,58.21558658830439,1.7932164883925392
2025-01-05 02:00:00,Machine_A,59.63317973998986,2.0585004231129425
2025-01-05 02:10:00,Machine_A,58.363262878927806,1.8722375546715482
2025-01-05 02:20:00,Machine_A,59.19022083476404,1.938096105074937
2025-01-05 02:30:00,Machine_A,58.841137351568584,2.2815406931476105
2025-01-05 02:40:00,Machine_A,59.70202830968069,
2025-01-05 02:50:00,Machine_A,59.68645900539413,2.096660574640705
2025-01-05 03:00:00,Machine_A,60.355158221253404,1.8528565282657636
2025-01-05 03:10:00,Machine_A,,2.1340357887176715
2025-01-05 03:20:00,Machine_A,59.53434341786241,2.302023887982812
2025-01-05 03:30:00,Machine_A,59.08632402584363,2.0584432971082793
2025-01-05 03:40:00,Machine_A,,2.385091139839638
2025-01-05 03:50:00,Machine_A,60.421291765222,2.390909328357206
2025-01-05 04:00:00,Machine_A,60.85559089331628,2.474471909785825
2025-01-05 04:10:00,Machine_A,59.64614759433528,2.2471568868198784
2025-01-05 04:20:00,Machine_A,61.216520819992084,2.315552288181767
2025-01-05 04:30:00,Machine_A,61.745118273766145,2.4823461673353058
2025-01-05 04:40:00,Machine_A,61.133677420939115,2.3266218441758646
2025-01-05 04:50:00,Machine_A,62.44896635178149,2.1744602508208386
2025-01-05 05:00:00,Machine_A,60.47510198285832,2.2027937191288505
2025-01-05 05:10:00,Machine_A,60.246737588567505,2.345542065407127
2025-01-05 05:20:00,Machine_A,59.96925517904232,2.089557264099562
2025-01-05 05:30:00,Machine_A,62.739993776421166,2.315476608735422
2025-01-05 05:40:00,Machine_A,62.218447425466444,2.5581583970449997
2025-01-05 05:50:00,Machine_A,61.80286440749296,1.985945582475848
2025-01-05 06:00:00,Machine_A,62.223974901055854,2.676206778323013
2025-01-05 06:10:00,Machine_A,61.25227661793997,2.62165608368097
2025-01-05 06:20:00,Machine_A,64.26164668331026,2.3564624533869605
2025-01-05 06:30:00,Machine_A,62.56021861835036,2.556547135515949
2025-01-05 06:40:00,Machine_A,62.69528445751817,2.4787082707932573
2025-01-05 06:50:00,Machine_A,63.33815194790231,2.718796092591109
2025-01-05 07:00:00,Machine_A,63.290674043248195,2.693351535994724
2025-01-05 07:10:00,Machine_A,63.231577517688265,2.283304879603981
2025-01-05 07:20:00,Machine_A,62.56469093728359,2.6596162989201027
2025-01-05 07:30:00,Machine_A,63.71656669898661,2.5351945309085058
2025-01-05 07:40:00,Machine_A,,2.605088080476573
2025-01-05 07:50:00,Machine_A,64.69245618324659,2.4767159337811986
2025-01-05 08:00:00,Machine_A,65.02454930131152,2.9396646724417503
2025-01-05 08:10:00,Machine_A,63.471576088068936,2.8289959513385345
2025-01-05 08:20:00,Machine_A,63.21583367102179,2.5249505868428366
2025-01-05 08:30:00,Machine_A,64.0300354654508,2.4337127338100824
2025-01-05 08:40:00,Machine_A,64.29433656373385,2.61983335078293
2025-01-05 08:50:00,Machine_A,65.23991894143158,2.782226069723482
2025-01-05 09:00:00,Machine_A,63.12090203038107,2.761435103444266
2025-01-05 09:10:00,Machine_A,,2.9573387100228397
2025-01-05 09:20:00,Machine_A,64.55474923205324,2.8869055493960936
2025-01-05 09:30:00,Machine_A,64.43523183506139,
2025-01-05 09:40:00,Machine_A,64.05734865480333,2.827452392039925
2025-01-05 09:50:00,Machine_A,63.62798472285249,2.5294523791778203
2025-01-05 10:00:00,Machine_A,65.68962538041507,2.7544856960965554
2025-01-05 10:10:00,Machine_A,65.1631922898745,2.9899710281137595
2025-01-05 10:20:00,Machine_A,64.14010853483543,2.798564377032056
2025-01-05 10:30:00,Machine_A,64.19751534613862,2.906302055982353
2025-01-05 10:40:00,Machine_A,65.02029641331858,2.765486982609355
2025-01-05 10:50:00,Machine_A,66.6732265478503,2.6438064950991698
2025-01-05 11:00:00,Machine_A,65.17306731092086,
2025-01-05 11:10:00,Machine_A,64.21452166242528,
2025-01-05 11:20:00,Machine_A,65.25023268427398,2.7251396993524337
2025-01-05 11:30:00,Machine_A,65.25187815901019,2.803722163544014
2025-01-05 11:40:00,Machine_A,63.32917212896785,2.6791842305838087
2025-01-05 11:50:00,Machine_A,65.45323288232225,3.0510357848733736
2025-01-05 12:00:00,Machine_A,65.31525237583305,2.796997963634154
2025-01-05 12:10:00,Machine_A,66.05363386738723,3.111067697834549
2025-01-05 12:20:00,Machine_A,66.96584631927738,3.1234622272386487
2025-01-05 12:30:00,Machine_A,66.37130903844654,2.831561913968301
2025-01-05 12:40:00,Machine_A,65.23171618309887,2.6616427169969707
2025-01-05 12:50:00,Machine_A,64.53181529792643,2.4638715852119693
2025-01-05 13:00:00,Machine_A,67.43942823461164,2.5696999486852583
2025-01-05 13:10:00,Machine_A,65.38538407483038,2.5818823593549434
2025-01-05 13:20:00,Machine_A,65.30006760628103,3.0709862122967295
2025-01-05 13:30:00,Machine_A,65.2142782941015,2.836594215330929
2025-01-05 13:40:00,Machine_A,65.33054506324257,2.87796731850305
2025-01-05 13:50:00,Machine_A,64.98904958658463,2.3994790933218773
2025-01-05 14:00:00,Machine_A,64.57215930774134,2.5740774744438903
2025-01-05 14:10:00,Machine_A,,2.9392005103761303
2025-01-05 14:20:00,Machine_A,64.84082953883868,2.820237760158912
2025-01-05 14:30:00,Machine_A,64.34199687411231,2.7305120529676485
2025-01-05 14:40:00,Machine_A,64.1108789247747,2.8463916239515625
2025-01-05 14:50:00,Machine_A,64.66561486098895,3.0262184066690025
2025-01-05 15:00:00,Machine_A,64.27089196021623,2.678410408097277
2025-01-05 15:10:00,Machine_A,65.56776011752096,2.7165021579054995
2025-01-05 15:20:00,Machine_A,62.12898078718848,2.7239218697305776
2025-01-05 15:30:00,Machine_A,65.00387048306848,3.1045223774032427
2025-01-05 15:40:00,Machine_A,65.00438568122676,2.280225268762546
2025-01-05 15:50:00,Machine_A,62.221836443287366,2.7647649664180562
2025-01-05 16:00:00,Machine_A,63.47584992473572,2.6043355952233687
2025-01-05 16:10:00,Machine_A,63.318967453525985,2.7098057866689174
2025-01-05 16:20:00,Machine_A,62.35315456031819,2.4718511580642644
2025-01-05 16:30:00,Machine_A,62.71713866320512,2.5633938390097692
2025-01-05 16:40:00,Machine_A,62.30860982526718,2.68196296880034
2025-01-05 16:50:00,Machine_A,64.45428665300386,3.0956414459648145
2025-01-05 17:00:00,Machine_A,63.65440937237679,2.6619150843885073
2025-01-05 17:10:00,Machine_A,63.77478272477869,
2025-01-05 17:20:00,Machine_A,63.18510627306885,2.401864937186032
2025-01-05 17:30:00,Machine_A,61.5536002557964,2.3771222469899294
2025-01-05 17:40:00,Machine_A,61.88542888659298,2.1160043131630433
2025-01-05 17:50:00,Machine_A,62.54416750476101,2.3602124898081427
2025-01-05 18:00:00,Machine_A,61.022297752886445,2.531909234727914
2025-01-05 18:10:00,Machine_A,62.41773088835924,2.1510094942517757
2025-01-05 18:20:00,Machine_A,61.50269458185669,2.5495067929526605
2025-01-05 18:30:00,Machine_A,61.24330168119014,2.4290626812961573
2025-01-05 18:40:00,Machine_A,61.96099935272854,2.1896963220950942
2025-01-05 18:50:00,Machine_A,61.597872000405474,2.2771268390070416
2025-01-05 19:00:00,Machine_A,60.805360409485914,2.571229355079251
2025-01-05 19:10:00,Machine_A,61.87499354442644,2.3967209966541323
2025-01-05 19:20:00,Machine_A,59.93807883628025,2.2476719933851155
2025-01-05 19:30:00,Machine_A,61.15335647227759,2.185009458382732
2025-01-05 19:40:00,Machine_A,60.99531709028226,
2025-01-05 19:50:00,Machine_A,60.13624270222619,2.10009568361462
2025-01-05 20:00:00,Machine_A,60.51090641779369,
2025-01-05 20:10:00,Machine_A,59.11856050967788,2.5258072001401803
2025-01-05 20:20:00,Machine_A,,2.1698491034979215
2025-01-05 20:30:00,Machine_A,59.72141328931509,2.1977238646681325
2025-01-05 20:40:00,Machine_A,59.33206494968188,2.1003221806632135
2025-01-05 20:50:00,Machine_A,60.474641654014704,1.9636633824425274
2025-01-05 21:00:00,Machine_A,58.96165131341288,2.048335541895275
2025-01-05 21:10:00,Machine_A,58.29276028407372,
2025-01-05 21:20:00,Machine_A,58.07354111026446,2.465155570246055
2025-01-05 21:30:00,Machine_A,59.70807127005719,1.820778837152913
2025-01-05 21:40:00,Machine_A,58.1086243629915,1.8456276489774612
2025-01-05 21:50:00,Machine_A,60.451965285242395,1.9412271925946496
2025-01-05 22:00:00,Machine_A,57.30336756044749,2.24214219877043
2025-01-05 22:10:00,Machine_A,60.252627178508256,2.0034567449370777
2025-01-05 22:20:00,Machine_A,58.996736719133814,1.7696570525480242
2025-01-05 22:30:00,Machine_A,58.68905114671418,2.210035115306242
2025-01-05 22:40:00,Machine_A,58.27514055780216,2.1087184334677276
2025-01-05 22:50:00,Machine_A,58.98129956386286,2.0677456644622594
2025-01-05 23:00:00,Machine_A,58.58915184604838,2.0941655415806704
2025-01-05 23:10:00,Machine_A,59.46560548069345,2.391651938900871
2025-01-05 23:20:00,Machine_A,58.644554983386904,2.3501535922510066
2025-01-05 23:30:00,Machine_A,58.65018439436117,1.8302410506411921
2025-01-05 23:40:00,Machine_A,58.222428786907805,2.2440116845647218
2025-01-05 23:50:00,Machine_A,58.457774725486644,2.019398574444766
2025-01-06 00:00:00,Machine_A,58.746241415113644,2.0398372469047947
2025-01-06 00:10:00,Machine_A,57.13519651033819,1.6458195505923647
2025-01-06 00:20:00,Machine_A,57.434770218994316,1.9210429480888391
2025-01-06 00:30:00,Machine_A,59.12455426040984,1.8075415661212038
2025-01-06 00:40:00,Machine_A,58.689865214959624,2.105887097825302
2025-01-06 00:50:00,Machine_A,,2.1534612868685348
2025-01-06 01:00:00,Machine_A,58.63400675444058,1.5919258349869831
2025-01-06 01:10:00,Machine_A,58.94005603667055,1.966861096642529
2025-01-06 01:20:00,Machine_A,58.27926808300183,2.1790733915093066
2025-01-06 01:30:00,Machine_A,58.143777855888644,1.9506519971535008
2025-01-06 01:40:00,Machine_A,58.98459894944987,2.123392951933933
2025-01-06 01:50:00,Machine_A,58.1127638617842,2.0640549092426754
2025-01-06 02:00:00,Machine_A,59.295513291326046,2.071787410048475
2025-01-06 02:10:00,Machine_A,57.68606305626463,1.9716371533319077
2025-01-06 02:20:00,Machine_A,59.95629235484904,1.8123970353255259
2025-01-06 02:30:00,Machine_A,59.60134129491111,1.8411155703324389
2025-01-06 02:40:00,Machine_A,59.523668236534675,2.182963453198417
2025-01-06 02:50:00,Machine_A,60.20568210832098,2.071727684428843
2025-01-06 03:00:00,Machine_A,60.85750582141715,2.0568697444367534
2025-01-06 03:10:00,Machine_A,60.446930325359695,2.0196841989549292
2025-01-06 03:20:00,Machine_A,58.27754398103179,2.055811583454522
2025-01-06 03:30:00,Machine_A,58.84567342508092,2.314501479953941
2025-01-06 03:40:00,Machine_A,59.49262761061479,2.0815466689057844
2025-01-06 03:50:00,Machine_A,60.14032421095478,1.9168235278496466
2025-01-06 04:00:00,Machine_A,60.6641272163753,2.308857319597231
2025-01-06 04:10:00,Machine_A,59.80328480315461,2.1553353245485853
2025-01-06 04:20:00,Machine_A,60.670249495489216,2.215473038012585
2025-01-06 04:30:00,Machine_A,60.05630164083953,2.5171565505876217
2025-01-06 04:40:00,Machine_A,60.3137152559666,2.2423900351803576
2025-01-06 04:50:00,Machine_A,59.82220082425646,2.3167354513844476
2025-01-06 05:00:00,Machine_A,60.355546745252454,2.0713252012701666
2025-01-06 05:10:00,Machine_A,60.16111366672357,2.263061672304681
2025-01-06 05:20:00,Machine_A,60.61153277578388,2.4315730081874296
2025-01-06 05:30:00,Machine_A,62.38607176451609,2.061295941409553
2025-01-06 05:40:00,Machine_A,60.93543578931764,2.3969320325243815
2025-01-06 05:50:00,Machine_A,63.95323779609124,2.3985136687616637
2025-01-06 06:00:00,Machine_A,62.39465432070471,2.407431742005739
2025-01-06 06:10:00,Machine_A,62.30053675473457,2.606317326072885
2025-01-06 06:20:00,Machine_A,61.618358875471834,
2025-01-06 06:30:00,Machine_A,63.01708957629737,2.7247897282031834
2025-01-06 06:40:00,Machine_A,62.147258360844035,2.299295567143192
2025-01-06 06:50:00,Machine_A,62.85514650049965,2.5218642483714486
2025-01-06 07:00:00,Machine_A,64.95393428847386,2.531672591846325
2025-01-06 07:10:00,Machine_A,62.975622378485234,2.342851800901008
2025-01-06 07:20:00,Machine_A,64.11648916266839,2.726042164872993
2025-01-06 07:30:00,Machine_A,62.7768508731771,2.9906487396177974
2025-01-06 07:40:00,Machine_A,63.45117312369488,2.5871171243762254
2025-01-06 07:50:00,Machine_A,65.03276065483102,2.698690671845043
2025-01-06 08:00:00,Machine_A,63.24842635376979,2.640213325646759
2025-01-06 08:10:00,Machine_A,65.33050747561143,2.513339583172779
2025-01-06 08:20:00,Machine_A,64.57371907559303,2.3303725463536074
2025-01-06 08:30:00,Machine_A,63.6806915808151,2.5469034160967583
2025-01-06 08:40:00,Machine_A,64.7556828251473,2.438701915787631
2025-01-06 08:50:00,Machine_A,65.1426092863562,
2025-01-06 09:00:00,Machine_A,64.97232170392668,2.697478306627763
2025-01-06 09:10:00,Machine_A,63.324290902923074,2.669509322336065
2025-01-06 09:20:00,Machine_A,64.09944581025654,2.9047676878653452
2025-01-06 09:30:00,Machine_A,64.57872178257811,2.555093804616996
2025-01-06 09:40:00,Machine_A,64.80748541173143,2.630582893089227
2025-01-06 09:50:00,Machine_A,65.44840773838564,2.7917791590805505
2025-01-06 10:00:00,Machine_A,65.17324971399215,2.974889850159224
2025-01-06 10:10:00,Machine_A,64.0362624291557,2.889458183060581
2025-01-06 10:20:00,Machine_A,65.47623553543305,2.8525370298193513
2025-01-06 10:30:00,Machine_A,65.72204696001657,2.829806981972562
2025-01-06 10:40:00,Machine_A,65.73675653109551,
2025-01-06 10:50:00,Machine_A,66.2026339080625,2.865470150759968
2025-01-06 11:00:00,Machine_A,66.04787811565087,2.6492716123702325
2025-01-06 11:10:00,Machine_A,65.78438008830251,
2025-01-06 11:20:00,Machine_A,65.39069456637581,2.649899530250298
2025-01-06 11:30:00,Machine_A,64.14128826799553,2.8607450453403627
2025-01-06 11:40:00,Machine_A,65.83037601862718,
2025-01-06 11:50:00,Machine_A,65.66281892526699,3.306660391812751
2025-01-06 12:00:00,Machine_A,65.7172630697563,2.842819010924692
2025-01-06 12:10:00,Machine_A,64.47526991488026,2.59680857778475
2025-01-06 12:20:00,Machine_A,64.62183621099449,2.824135176219439
2025-01-06 12:30:00,Machine_A,66.31257929747466,2.9396347618330343
2025-01-06 12:40:00,Machine_A,65.4151830124574,3.144368999162948
2025-01-06 12:50:00,Machine_A,65.96223658281787,2.7332317712150007
2025-01-06 13:00:00,Machine_A,65.40339509291611,2.5498295865058256
2025-01-06 13:10:00,Machine_A,65.36181423921539,2.9762032898942787
2025-01-06 13:20:00,Machine_A,66.03955121753148,2.5743539122917216
2025-01-06 13:30:00,Machine_A,64.82074258121561,2.7372378101587316
2025-01-06 13:40:00,Machine_A,65.24897387618107,2.7614668167745133
2025-01-06 13:50:00,Machine_A,64.73471768515974,2.7866208533361805
2025-01-06 14:00:00,Machine_A,64.68349193129968,2.9137610339763778
2025-01-06 14:10:00,Machine_A,64.70453236157019,
2025-01-06 14:20:00,Machine_A,,2.719347154540029
2025-01-06 14:30:00,Machine_A,64.39373779368854,2.754440339600166
2025-01-06 14:40:00,Machine_A,65.68576045137524,2.771647631756922
2025-01-06 14:50:00,Machine_A,63.86478483705984,2.749383693011982
2025-01-06 15:00:00,Machine_A,64.32537641882384,2.7966790910740107
2025-01-06 15:10:00,Machine_A,64.01278088003548,2.85590670516256
2025-01-06 15:20:00,Machine_A,65.40733894138587,2.759928565176117
2025-01-06 15:30:00,Machine_A,64.28790882273978,2.7555880372855834
2025-01-06 15:40:00,Machine_A,64.83299315880356,2.373309226343605
2025-01-06 15:50:00,Machine_A,62.69210033078431,2.650825809605893
2025-01-06 16:00:00,Machine_A,63.96364021269541,2.7113113586402897
2025-01-06 16:10:00,Machine_A,64.32782478282137,2.7389962909784464
2025-01-06 16:20:00,Machine_A,63.544991107512786,2.465555078421232
2025-01-06 16:30:00,Machine_A,64.1917763133301,2.453580475084334
2025-01-06 16:40:00,Machine_A,,2.450570942945503
2025-01-06 16:50:00,Machine_A,64.17994825041342,2.631872111757365
2025-01-06 17:00:00,Machine_A,64.74498515675423,2.702567160182492
2025-01-06 17:10:00,Machine_A,62.467267800431635,2.424055006959658
2025-01-06 17:20:00,Machine_A,62.251366604713645,2.6415748964029877
2025-01-06 17:30:00,Machine_A,63.619549254464346,2.48096315214865
2025-01-06 17:40:00,Machine_A,63.56870281620137,2.4168486443472075
2025-01-06 17:50:00,Machine_A,61.734379834056064,2.381579562947167
2025-01-06 18:00:00,Machine_A,61.66385054632332,2.5343900456283883
2025-01-06 18:10:00,Machine_A,61.62190445713292,2.438975282707271
2025-01-06 18:20:00,Machine_A,60.619394491555774,2.7704284927401286
2025-01-06 18:30:00,Machine_A,60.80823677004246,2.1878627777614583
2025-01-06 18:40:00,Machine_A,,2.415116626415277
2025-01-06 18:50:00,Machine_A,60.62822329913334,2.2073459919617817
2025-01-06 19:00:00,Machine_A,61.066385432231755,2.1270597720459095
2025-01-06 19:10:00,Machine_A,61.13490148776426,2.2627263055567814
2025-01-06 19:20:00,Machine_A,62.043329892611425,2.2708143817967157
2025-01-06 19:30:00,Machine_A,59.86192475413115,2.753063695346526
2025-01-06 19:40:00,Machine_A,61.30829400268882,2.176675535393709
2025-01-06 19:50:00,Machine_A,60.21268877829698,1.9887809527369917
2025-01-06 20:00:00,Machine_A,60.21042903227806,2.2241419291489892
2025-01-06 20:10:00,Machine_A,60.6593069645194,1.7847799694855828
2025-01-06 20:20:00,Machine_A,59.09430485552151,2.1253383827732613
2025-01-06 20:30:00,Machine_A,60.175262795416714,2.1289419077592044
2025-01-06 20:40:00,Machine_A,59.883405132667555,
2025-01-06 20:50:00,Machine_A,60.02939528455171,2.2712364114699657
2025-01-06 21:00:00,Machine_A,59.75646118097334,1.9911594170626645
2025-01-06 21:10:00,Machine_A,61.383769433093285,2.041114675802056
2025-01-06 21:20:00,Machine_A,58.80865246168253,1.9173782510865391
2025-01-06 21:30:00,Machine_A,58.798465744979225,1.8399397370035595
2025-01-06 21:40:00,Machine_A,58.63445542384871,2.0871626403584678
2025-01-06 21:50:00,Machine_A,58.603748244326695,1.7912284506368137
2025-01-06 22:00:00,Machine_A,58.45900138490925,1.935655726194067
2025-01-06 22:10:00,Machine_A,59.846675308762265,1.821713812287937
2025-01-06 22:20:00,Machine_A,59.96432614376361,2.0911044693657543
2025-01-06 22:30:00,Machine_A,58.30982460121091,2.3085116282378886
2025-01-06 22:40:00,Machine_A,58.045191368765934,1.7428524837417414
2025-01-06 22:50:00,Machine_A,59.039123117490334,1.6372840452417354
2025-01-06 23:00:00,Machine_A,58.17748117256348,1.942853738806907
2025-01-06 23:10:00,Machine_A,59.08930942928464,1.9634924000684264
2025-01-06 23:20:00,Machine_A,58.71551128113831,1.9961951863608198
2025-01-06 23:30:00,Machine_A,57.31734769319388,1.8735121196396032
2025-01-06 23:40:00,Machine_A,59.75132271774294,1.9155973120701366
2025-01-06 23:50:00,Machine_A,59.940033362939914,2.0165801741854725
2025-01-07 00:00:00,Machine_A,58.009769047612494,
2025-01-07 00:10:00,Machine_A,58.19316997651471,1.598519521630873
2025-01-07 00:20:00,Machine_A,58.74201086925881,1.8853032868330513
2025-01-07 00:30:00,Machine_A,58.797508417181284,1.9923353952911766
2025-01-07 00:40:00,Machine_A,59.080008282595536,1.791600812314574
2025-01-07 00:50:00,Machine_A,60.19112760609331,2.272277330514144
2025-01-07 01:00:00,Machine_A,58.47770182599302,1.8509595997287465
2025-01-07 01:10:00,Machine_A,58.023352876750444,1.9633946885019868
2025-01-07 01:20:00,Machine_A,57.60762044483769,2.0772222980779533
2025-01-07 01:30:00,Machine_A,58.18167760425696,1.87782294838558
2025-01-07 01:40:00,Machine_A,58.80142116707268,1.6597783472287124
2025-01-07 01:50:00,Machine_A,60.33110837469046,1.9236873102248242
2025-01-07 02:00:00,Machine_A,58.55482204752553,2.19558786836387
2025-01-07 02:10:00,Machine_A,59.22716030096602,1.9598327265628763
2025-01-07 02:20:00,Machine_A,59.119829528130325,1.8790234058073374
2025-01-07 02:30:00,Machine_A,60.173977927739145,
2025-01-07 02:40:00,Machine_A,61.34039038978248,1.9957405193123106
2025-01-07 02:50:00,Machine_A,58.99483430282831,1.9763962519784048
2025-01-07 03:00:00,Machine_A,59.13357471183251,2.1087040446054495
2025-01-07 03:10:00,Machine_A,60.47076297500045,
2025-01-07 03:20:00,Machine_A,60.29575655779816,2.539454011352915
2025-01-07 03:30:00,Machine_A,61.3467008590583,2.2749598563244118
2025-01-07 03:40:00,Machine_A,60.45962502103211,2.3506617975919313
2025-01-07 03:50:00,Machine_A,59.83201769815647,2.0671412604261152
2025-01-07 04:00:00,Machine_A,60.72252386455385,1.990343740925494
2025-01-07 04:10:00,Machine_A,61.27084271814371,
2025-01-07 04:20:00,Machine_A,61.17722182886545,2.2291123669634123
2025-01-07 04:30:00,Machine_A,,2.033660161990082
2025-01-07 04:40:00,Machine_A,61.65626925003148,2.2145379201207267
2025-01-07 04:50:00,Machine_A,61.88296617409158,2.3365595585325205
2025-01-07 05:00:00,Machine_A,62.1998605349712,2.3484022408071197
2025-01-07 05:10:00,Machine_A,61.761429261288356,2.393373987337023
2025-01-07 05:20:00,Machine_A,61.258536913912266,2.374231971474621
2025-01-07 05:30:00,Machine_A,61.66052927637648,2.2500016548323667
2025-01-07 05:40:00,Machine_A,62.66016207358988,2.268277802966762
2025-01-07 05:50:00,Machine_A,61.193783607431534,2.164560024046701
2025-01-07 06:00:00,Machine_A,62.29493864709832,2.721259507053317
2025-01-07 06:10:00,Machine_A,61.83799680591679,2.422049789945874
2025-01-07 06:20:00,Machine_A,62.32804095796466,2.3987465341933727
2025-01-07 06:30:00,Machine_A,63.47960316285602,2.291554211837581
2025-01-07 06:40:00,Machine_A,62.760647876250175,3.0065601023691184
2025-01-07 06:50:00,Machine_A,62.79468788730828,2.3041987804720248
2025-01-07 07:00:00,Machine_A,61.81798174507489,2.4392759436870413
2025-01-07 07:10:00,Machine_A,63.64947315108673,2.610168240308414
2025-01-07 07:20:00,Machine_A,63.7134578465527,2.6619473983305206
2025-01-07 07:30:00,Machine_A,65.06999579192218,2.7446353145031135
2025-01-07 07:40:00,Machine_A,63.232941328130046,2.915547749181782
2025-01-07 07:50:00,Machine_A,63.79144040845377,2.6988952539386935
2025-01-07 08:00:00,Machine_A,63.949506946968604,2.4349144560059997
2025-01-07 08:10:00,Machine_A,65.14251125302467,2.59553470123415
2025-01-07 08:20:00,Machine_A,63.931281101319094,2.71351922341047
2025-01-07 08:30:00,Machine_A,64.3538822221468,3.046223330524972
2025-01-07 08:40:00,Machine_A,64.73607384167612,2.4376494382425693
2025-01-07 08:50:00,Machine_A,,2.920479364367588
2025-01-07 09:00:00,Machine_A,64.1177268425125,2.7505826380523013
2025-01-07 09:10:00,Machine_A,64.73574267315409,2.8825842979058622
2025-01-07 09:20:00,Machine_A,65.54006095080425,2.7263609504090724
2025-01-07 09:30:00,Machine_A,63.955524451490476,2.6053711297083173
2025-01-07 09:40:00,Machine_A,64.97340789432897,2.903775520222286
2025-01-07 09:50:00,Machine_A,64.39177340839376,2.8973237354948105
2025-01-07 10:00:00,Machine_A,65.98712621638542,2.9646816855361475
2025-01-07 10:10:00,Machine_A,63.88598839229675,2.796760040562045
2025-01-07 10:20:00,Machine_A,64.72493977681101,2.6998705399689196
2025-01-07 10:30:00,Machine_A,65.53534786384112,2.5351641305257875
2025-01-07 10:40:00,Machine_A,66.54134339613816,2.970348867618752
2025-01-07 10:50:00,Machine_A,65.2854091187604,2.9054727346766196
2025-01-07 11:00:00,Machine_A,64.93658077065719,2.660825747914568
2025-01-07 11:10:00,Machine_A,66.92196168047224,2.7423899420105777
2025-01-07 11:20:00,Machine_A,64.28841601520973,2.7591469027042343
2025-01-07 11:30:00,Machine_A,63.711012249512265,2.579212989861379
2025-01-07 11:40:00,Machine_A,,2.7011047827523615
2025-01-07 11:50:00,Machine_A,65.09502539605441,2.6454822354866923
2025-01-07 12:00:00,Machine_A,64.68301374629543,2.7757537778601713
2025-01-07 12:10:00,Machine_A,66.06335393337599,2.716606150012515
2025-01-07 12:20:00,Machine_A,65.68172201433806,2.5554267283852705
2025-01-07 12:30:00,Machine_A,65.01879411021895,3.210216429120721
2025-01-07 12:40:00,Machine_A,64.42258361660602,3.068620820440755
2025-01-07 12:50:00,Machine_A,66.11500188754388,2.6991097073303725
2025-01-07 13:00:00,Machine_A,65.90090133437867,2.8837024732277303
2025-01-07 13:10:00,Machine_A,65.25866863659529,2.904316344004535
2025-01-07 13:20:00,Machine_A,66.76623376958881,3.0372571332128846
2025-01-07 13:30:00,Machine_A,64.37751055072859,2.6683968848312647
2025-01-07 13:40:00,Machine_A,63.95165711788849,3.004417725283329
2025-01-07 13:50:00,Machine_A,64.55101146021877,
2025-01-07 14:00:00,Machine_A,64.99462010016114,2.549256198952647
2025-01-07 14:10:00,Machine_A,,2.909870731292408
2025-01-07 14:20:00,Machine_A,64.67404330872641,3.0009549362720835
2025-01-07 14:30:00,Machine_A,65.05838100823075,3.222832618366579
2025-01-07 14:40:00,Machine_A,63.679924011564076,2.528769451687302
2025-01-07 14:50:00,Machine_A,65.73548236209405,2.8575803448790977
2025-01-07 15:00:00,Machine_A,64.40915279143887,2.64443382765111
2025-01-07 15:10:00,Machine_A,65.25840239192532,2.8450201613213726
2025-01-07 15:20:00,Machine_A,64.52393691100505,2.4245663051373176
2025-01-07 15:30:00,Machine_A,64.49606757685355,2.4466440834281826
2025-01-07 15:40:00,Machine_A,64.46333135141442,2.518451928188004
2025-01-07 15:50:00,Machine_A,64.23871547722774,2.655998351976326
2025-01-07 16:00:00,Machine_A,64.26417820789403,2.509605372023096
2025-01-07 16:10:00,Machine_A,64.67944217042857,2.726416657860181
2025-01-07 16:20:00,Machine_A,63.63638085185362,2.7750192490697394
2025-01-07 16:30:00,Machine_A,63.90659501934863,2.680131501988454
2025-01-07 16:40:00,Machine_A,63.12528194621006,2.845290839635507
2025-01-07 16:50:00,Machine_A,64.20456407062454,2.610166403078885
2025-01-07 17:00:00,Machine_A,62.36475281621141,2.2974271624349045
2025-01-07 17:10:00,Machine_A,64.19829099511202,2.7428055987090474
2025-01-07 17:20:00,Machine_A,62.575642261318784,2.3692135575410393
2025-01-07 17:30:00,Machine_A,61.31222159107574,2.6226121164424256
2025-01-07 17:40:00,Machine_A,62.40752863154544,2.722492243216365
2025-01-07 17:50:00,Machine_A,61.60782652979878,2.501832566245873
2025-01-07 18:00:00,Machine_A,62.67251483919098,2.130691413630363
2025-01-07 18:10:00,Machine_A,61.32523296077942,2.215093085713836
2025-01-07 18:20:00,Machine_A,61.33800815381137,2.598873919802878
2025-01-07 18:30:00,Machine_A,60.03152574247339,2.3108211300852695
2025-01-07 18:40:00,Machine_A,61.03038632276648,2.3361815563394708
2025-01-07 18:50:00,Machine_A,59.30335788991348,2.439190568637304
2025-01-07 19:00:00,Machine_A,59.8270110833526,2.4088695448783235
2025-01-07 19:10:00,Machine_A,61.55586142665048,2.3148663564524594
2025-01-07 19:20:00,Machine_A,61.43156962528083,2.208530628683765
2025-01-07 19:30:00,Machine_A,61.000974036150154,2.1715121352038853
2025-01-07 19:40:00,Machine_A,59.747255169404184,2.3642435707691267
2025-01-07 19:50:00,Machine_A,60.3457107687638,2.2918556396364376
2025-01-07 20:00:00,Machine_A,60.247117968727544,2.1286859998887975
2025-01-07 20:10:00,Machine_A,59.19275961943208,2.3529953925826943
2025-01-07 20:20:00,Machine_A,61.19520111418506,2.118664462918668
2025-01-07 20:30:00,Machine_A,60.571224830930014,1.9727581655658848
2025-01-07 20:40:00,Machine_A,59.573472027033375,1.974130849838455
2025-01-07 20:50:00,Machine_A,59.656942944540816,1.9198110560371953
2025-01-07 21:00:00,Machine_A,59.691832512205124,
2025-01-07 21:10:00,Machine_A,57.78614142642513,2.2902955685359587
2025-01-07 21:20:00,Machine_A,59.1211025430671,1.9103628680109683
2025-01-07 21:30:00,Machine_A,58.67767591058244,2.076916633852203
2025-01-07 21:40:00,Machine_A,58.3316718370726,1.913177497857019
2025-01-07 21:50:00,Machine_A,58.823249705346136,1.9736182219553429
2025-01-07 22:00:00,Machine_A,60.40706030823409,1.738481150139657
2025-01-07 22:10:00,Machine_A,59.408136372889835,1.961148243821623
2025-01-07 22:20:00,Machine_A,58.37097955354548,1.9572945274686142
2025-01-07 22:30:00,Machine_A,,2.081506040296346
2025-01-07 22:40:00,Machine_A,59.83056017651812,2.017328885032308
2025-01-07 22:50:00,Machine_A,59.401697618711424,1.7551167896719297
2025-01-07 23:00:00,Machine_A,58.666963903924405,2.160489062097757
2025-01-07 23:10:00,Machine_A,58.065414552915776,1.998521344035989
2025-01-07 23:20:00,Machine_A,59.111751515348146,1.9925473442364539
2025-01-07 23:30:00,Machine_A,58.844731293529065,1.9521969887724604
2025-01-07 23:40:00,Machine_A,59.229473132701074,1.8585160453587148
2025-01-07 23:50:00,Machine_A,59.01146866580907,1.9896327214429346
2025-01-08 00:00:00,Machine_A,,2.035605918467145
2025-01-08 00:10:00,Machine_A,58.07514305521504,1.635987075845964
2025-01-08 00:20:00,Machine_A,59.56723380918635,1.8547354351364171
2025-01-08 00:30:00,Machine_A,58.688022668945585,1.9079593577091392
2025-01-08 00:40:00,Machine_A,60.21338156255749,2.0029472201694762
2025-01-08 00:50:00,Machine_A,58.031613720608576,2.1754627778629123
2025-01-08 01:00:00,Machine_A,60.00803065052046,
2025-01-08 01:10:00,Machine_A,58.82031929915133,1.8811942397360863
2025-01-08 01:20:00,Machine_A,,1.884882180729962
2025-01-08 01:30:00,Machine_A,58.379312968967035,1.8399792441511036
2025-01-08 01:40:00,Machine_A,58.57164489881627,1.9296679267133001
2025-01-08 01:50:00,Machine_A,59.23479484099776,2.139589524667635
2025-01-08 02:00:00,Machine_A,59.38717947718287,1.8205981791314203
2025-01-08 02:10:00,Machine_A,58.589169936504035,2.0974804405117236
2025-01-08 02:20:00,Machine_A,59.11348417117974,1.7250391786666532
2025-01-08 02:30:00,Machine_A,60.937079595870166,1.9419501575093467
2025-01-08 02:40:00,Machine_A,60.700878985164145,1.9959719265572224
2025-01-08 02:50:00,Machine_A,59.76858825690379,2.369699939559976
2025-01-08 03:00:00,Machine_A,59.55552904838164,2.03233753361057
2025-01-08 03:10:00,Machine_A,59.7314593347198,1.6997605813517875
2025-01-08 03:20:00,Machine_A,60.24105774428144,1.750945572406032
2025-01-08 03:30:00,Machine_A,59.051100946310754,2.1321826824884784
2025-01-08 03:40:00,Machine_A,59.78658124283266,2.2523693576842128
2025-01-08 03:50:00,Machine_A,58.78458411168405,2.2257972306168345
2025-01-08 04:00:00,Machine_A,60.56937849808423,2.205162619044178
2025-01-08 04:10:00,Machine_A,60.90163660543958,2.4014198515952545
2025-01-08 04:20:00,Machine_A,60.134286914068056,2.1126953624840015
2025-01-08 04:30:00,Machine_A,,2.388876355520538
2025-01-08 04:40:00,Machine_A,59.82231696795829,1.9523282561986939
2025-01-08 04:50:00,Machine_A,59.77602979756718,2.101791780294225
2025-01-08 05:00:00,Machine_A,61.273694796989155,1.9582639786161384
2025-01-08 05:10:00,Machine_A,62.08013999330636,2.253130019607291
2025-01-08 05:20:00,Machine_A,62.73937353133204,2.3135313009419396
2025-01-08 05:30:00,Machine_A,,2.3618014821017503
2025-01-08 05:40:00,Machine_A,62.55789956712823,2.3719189192832384
2025-01-08 05:50:00,Machine_A,61.81652536862076,2.2134116761394877
2025-01-08 06:00:00,Machine_A,61.861898160047346,2.365756648005621
2025-01-08 06:10:00,Machine_A,62.85959580576801,2.1500883239653663
2025-01-08 06:20:00,Machine_A,62.82690340234754,
2025-01-08 06:30:00,Machine_A,61.19572794718278,2.4040840933773833
2025-01-08 06:40:00,Machine_A,63.78900090161497,2.390142178522254
2025-01-08 06:50:00,Machine_A,63.86161173210132,2.783407085392081
2025-01-08 07:00:00,Machine_A,62.4054164966512,2.292864194257273
2025-01-08 07:10:00,Machine_A,63.369113125014884,2.332711929251168
2025-01-08 07:20:00,Machine_A,63.592294650666034,2.356589406020209
2025-01-08 07:30:00,Machine_A,63.54793102593694,2.5599906958583833
2025-01-08 07:40:00,Machine_A,63.03891979301611,2.667871911118082
2025-01-08 07:50:00,Machine_A,63.078821451972175,2.7409284602169754
2025-01-08 08:00:00,Machine_A,63.72955674320684,3.0879591571490943
2025-01-08 08:10:00,Machine_A,64.81873184462138,2.2368869819999335
2025-01-08 08:20:00,Machine_A,64.4423976509042,2.7676818024003653
2025-01-08 08:30:00,Machine_A,63.83417353586163,2.5736591399909226
2025-01-08 08:40:00,Machine_A,64.86711560242156,2.5836996975589637
2025-01-08 08:50:00,Machine_A,62.085731630150754,2.5924566103413493
2025-01-08 09:00:00,Machine_A,65.39388629445061,2.554619510788511
2025-01-08 09:10:00,Machine_A,63.18869965581296,3.0349892717931772
2025-01-08 09:20:00,Machine_A,64.39120279779392,2.896333518266043
2025-01-08 09:30:00,Machine_A,63.881000775318405,2.7611842792713834
2025-01-08 09:40:00,Machine_A,63.83128697443475,3.0118012553777063
2025-01-08 09:50:00,Machine_A,65.88053149024792,2.507270936862001
2025-01-08 10:00:00,Machine_A,64.65692795219603,2.5501845080634307
2025-01-08 10:10:00,Machine_A,65.38174102150835,2.407120683135156
2025-01-08 10:20:00,Machine_A,65.13454079152493,2.6819438869443006
2025-01-08 10:30:00,Machine_A,65.615211025568,2.844851524436934
2025-01-08 10:40:00,Machine_A,65.35038168559889,2.841376223381479
2025-01-08 10:50:00,Machine_A,64.31161554826794,2.8560541718274806
2025-01-08 11:00:00,Machine_A,66.17775384756946,2.580676392238186
2025-01-08 11:10:00,Machine_A,65.02203075839071,2.983901056874494
2025-01-08 11:20:00,Machine_A,64.20156161661494,2.886296442138513
2025-01-08 11:30:00,Machine_A,65.1275648860356,2.9780999582820944
2025-01-08 11:40:00,Machine_A,66.68728927582855,2.507590422175076
2025-01-08 11:50:00,Machine_A,66.1768461692273,2.9056400542954384
2025-01-08 12:00:00,Machine_A,65.2210782924737,2.6362022568148453
2025-01-08 12:10:00,Machine_A,65.21726261208177,2.778053514252591
2025-01-08 12:20:00,Machine_A,65.22937340234719,2.9444732958958344
2025-01-08 12:30:00,Machine_A,67.131455401657,2.862547036744279
2025-01-08 12:40:00,Machine_A,65.75237549732798,2.689886292495216
2025-01-08 12:50:00,Machine_A,65.76106934267263,2.840462371317165
2025-01-08 13:00:00,Machine_A,66.20496715523721,
2025-01-08 13:10:00,Machine_A,65.52904065484,3.0362207590983954
2025-01-08 13:20:00,Machine_A,65.08169045609412,2.7859105558443336
2025-01-08 13:30:00,Machine_A,65.07649848452152,3.0170847795960376
2025-01-08 13:40:00,Machine_A,65.11479624709703,2.7130628004892046
2025-01-08 13:50:00,Machine_A,65.0747601269159,2.704911197017015
2025-01-08 14:00:00,Machine_A,65.61319254815513,2.652157810108185
2025-01-08 14:10:00,Machine_A,64.99342676899094,2.9372374583205523
2025-01-08 14:20:00,Machine_A,65.45314421678394,2.6409208116109206
2025-01-08 14:30:00,Machine_A,64.71216342693246,2.8730361809657876
2025-01-08 14:40:00,Machine_A,64.7440637031693,2.675878567823068
2025-01-08 14:50:00,Machine_A,62.98191013120975,2.376101407584064
2025-01-08 15:00:00,Machine_A,65.2079358739149,2.6155415193323823
2025-01-08 15:10:00,Machine_A,64.64175650737322,2.4917761148417346
2025-01-08 15:20:00,Machine_A,65.04816472179061,2.6953569146217635
2025-01-08 15:30:00,Machine_A,61.81366069897557,2.459669250632516
2025-01-08 15:40:00,Machine_A,65.67821729105324,2.824784914486602
2025-01-08 15:50:00,Machine_A,63.76887692668974,2.6253911688925258
2025-01-08 16:00:00,Machine_A,64.63654625339001,2.593032720943427
2025-01-08 16:10:00,Machine_A,62.784195404622196,2.7258474607575303
2025-01-08 16:20:00,Machine_A,63.9693830401425,2.76368146591697
2025-01-08 16:30:00,Machine_A,62.49665956273889,2.568589769245753
2025-01-08 16:40:00,Machine_A,62.6980553330832,2.4150930105776784
2025-01-08 16:50:00,Machine_A,64.58369538135838,2.21600307887674
2025-01-08 17:00:00,Machine_A,62.753320737248146,2.392979614029802
2025-01-08 17:10:00,Machine_A,62.931484947327135,2.386299621875513
2025-01-08 17:20:00,Machine_A,63.30382280638526,2.4974120214887323
2025-01-08 17:30:00,Machine_A,62.853387183148264,2.3966103478941783
2025-01-08 17:40:00,Machine_A,62.425380223731665,2.563048019205703
2025-01-08 17:50:00,Machine_A,62.44463665775166,2.3092917354856772
2025-01-08 18:00:00,Machine_A,63.92273246819062,2.3897325899664703
2025-01-08 18:10:00,Machine_A,61.801237106594456,2.5934890154610386
2025-01-08 18:20:00,Machine_A,61.85583413775517,2.4223084542754476
2025-01-08 18:30:00,Machine_A,62.383681844035905,2.330456455997035
2025-01-08 18:40:00,Machine_A,,2.2135083205015493
2025-01-08 18:50:00,Machine_A,62.19208559566494,2.1886205223191584
2025-01-08 19:00:00,Machine_A,61.605117519764526,2.1304210441725147
2025-01-08 19:10:00,Machine_A,60.03312577155066,2.1673011543821548
2025-01-08 19:20:00,Machine_A,80.10967472420104,7.382110786477426
2025-01-08 19:30:00,Machine_A,59.743531672307235,2.1878525666031012
2025-01-08 19:40:00,Machine_A,60.76294445609878,1.9668626297280634
2025-01-08 19:50:00,Machine_A,59.780459173661896,2.5104835967949954
2025-01-08 20:00:00,Machine_A,60.198689322725606,2.2325937344061293
2025-01-08 20:10:00,Machine_A,60.382461299028904,1.9049653641515585
2025-01-08 20:20:00,Machine_A,60.24956824513156,2.062357796738681
2025-01-08 20:30:00,Machine_A,60.206871601857706,2.146016905855191
2025-01-08 20:40:00,Machine_A,61.041212381344025,2.417572152434585
2025-01-08 20:50:00,Machine_A,59.99826171455637,1.8965241640863566
2025-01-08 21:00:00,Machine_A,59.329800957614566,2.257489277950124
2025-01-08 21:10:00,Machine_A,60.19079905579525,2.320132755290466
2025-01-08 21:20:00,Machine_A,60.27042084022329,1.9421222256830373
2025-01-08 21:30:00,Machine_A,58.24117705687108,1.9930385454741024
2025-01-08 21:40:00,Machine_A,59.61088790086841,1.8448459155426749
2025-01-08 21:50:00,Machine_A,59.60906813350362,1.9838508439897466
2025-01-08 22:00:00,Machine_A,58.73086028406647,2.0037023729152748
2025-01-08 22:10:00,Machine_A,59.996027534525524,2.1195821247246265
2025-01-08 22:20:00,Machine_A,58.7078782757457,2.1883945206171878
2025-01-08 22:30:00,Machine_A,58.86688279898773,1.8495969187380243
2025-01-08 22:40:00,Machine_A,58.57261836782222,1.6230198090856622
2025-01-08 22:50:00,Machine_A,58.67445391044638,1.9670033118935744
2025-01-08 23:00:00,Machine_A,57.7422395384721,2.0181701335642743
2025-01-08 23:10:00,Machine_A,57.4309232690048,2.0055619805793374
2025-01-08 23:20:00,Machine_A,59.82877691503725,1.8980353265928784
2025-01-08 23:30:00,Machine_A,57.852373906537004,1.9763051903212936
2025-01-08 23:40:00,Machine_A,57.72020467711384,2.224492451362119
2025-01-08 23:50:00,Machine_A,56.78061913358052,
2025-01-09 00:00:00,Machine_A,57.9888306018484,1.8827936834994448
2025-01-09 00:10:00,Machine_A,57.444859389737495,1.8603926932108847
2025-01-09 00:20:00,Machine_A,59.82693068478798,1.921138961476723
2025-01-09 00:30:00,Machine_A,59.33779665666577,2.2484630055113004
2025-01-09 00:40:00,Machine_A,58.002652588315094,1.9238423834297909
2025-01-09 00:50:00,Machine_A,60.38491261935568,1.9571038147823023
2025-01-09 01:00:00,Machine_A,59.40467199758154,1.8785169354013846
2025-01-09 01:10:00,Machine_A,58.40212556557431,2.1686443765028516
2025-01-09 01:20:00,Machine_A,56.71155125535046,2.3299090265003826
2025-01-09 01:30:00,Machine_A,60.59917569428309,2.0653645592675707
2025-01-09 01:40:00,Machine_A,57.716264771960844,2.0070606185148843
2025-01-09 01:50:00,Machine_A,57.57914308631071,2.0074660350411624
2025-01-09 02:00:00,Machine_A,59.78696743236218,1.5811133463155682
2025-01-09 02:10:00,Machine_A,60.99993186472632,2.1546010049554685
2025-01-09 02:20:00,Machine_A,60.24038609979694,2.055531534949205
2025-01-09 02:30:00,Machine_A,59.674390605022566,2.1200925659878744
2025-01-09 02:40:00,Machine_A,59.794647922415805,1.9272168056613932
2025-01-09 02:50:00,Machine_A,60.10226176818881,1.9990229602195675
2025-01-09 03:00:00,Machine_A,60.132269137676495,2.0078174598954828
2025-01-09 03:10:00,Machine_A,59.860387412520694,2.2798765437060995
2025-01-09 03:20:00,Machine_A,59.83360424925861,2.0425688050525004
2025-01-09 03:30:00,Machine_A,59.81926049614986,2.500936214925839
2025-01-09 03:40:00,Machine_A,59.38931080167799,2.2194458390647362
2025-01-09 03:50:00,Machine_A,59.894911309292695,1.9285922974446974
2025-01-09 04:00:00,Machine_A,58.89563454864369,2.1518616672146478
2025-01-09 04:10:00,Machine_A,60.30520815224158,2.07491160205608
2025-01-09 04:20:00,Machine_A,59.72996319818682,1.8148329376490806
2025-01-09 04:30:00,Machine_A,59.77773653294957,2.5156972246561917
2025-01-09 04:40:00,Machine_A,60.94684481928294,2.37265659310305
2025-01-09 04:50:00,Machine_A,62.06113153081072,2.3606597074449533
2025-01-09 05:00:00,Machine_A,61.82878662694303,2.313304088557812
2025-01-09 05:10:00,Machine_A,59.9860608683181,2.053839011363215
2025-01-09 05:20:00,Machine_A,60.60052886890948,2.234807234929903
2025-01-09 05:30:00,Machine_A,62.29577527762039,2.4927837529620986
2025-01-09 05:40:00,Machine_A,60.908964985552544,2.1715603104027035
2025-01-09 05:50:00,Machine_A,61.6676256242237,1.924652798760452
2025-01-09 06:00:00,Machine_A,62.44004167921964,2.3591209185994333
2025-01-09 06:10:00,Machine_A,61.377992291887765,2.394112364589444
2025-01-09 06:20:00,Machine_A,62.38934550453357,2.4636214991910936
2025-01-09 06:30:00,Machine_A,61.38962127683562,2.5898701423316397
2025-01-09 06:40:00,Machine_A,62.12667450667328,2.592910726151736
2025-01-09 06:50:00,Machine_A,63.01336419609739,2.5439763912160522
2025-01-09 07:00:00,Machine_A,61.63147167103349,2.731664220151742
2025-01-09 07:10:00,Machine_A,63.404850088633275,
2025-01-09 07:20:00,Machine_A,63.1813602624985,2.644733791102481
2025-01-09 07:30:00,Machine_A,63.78138397681153,2.68498444996494
2025-01-09 07:40:00,Machine_A,63.658295223344176,2.3670570062888716
2025-01-09 07:50:00,Machine_A,,2.337270166392935
2025-01-09 08:00:00,Machine_A,63.850179602118324,2.4907304172343916
2025-01-09 08:10:00,Machine_A,,2.522707364103318
2025-01-09 08:20:00,Machine_A,64.10535552965449,2.793724899788408
2025-01-09 08:30:00,Machine_A,64.56530342475963,2.563325661989527
2025-01-09 08:40:00,Machine_A,64.28884469016346,2.535111691068326
2025-01-09 08:50:00,Machine_A,64.39703907961793,2.5939215208220263
2025-01-09 09:00:00,Machine_A,63.91328038390752,2.9195518716817044
2025-01-09 09:10:00,Machine_A,64.05014994479468,2.7341226089524073
2025-01-09 09:20:00,Machine_A,63.55907133347667,2.712454814839296
2025-01-09 09:30:00,Machine_A,66.17639808556888,2.737208013364867
2025-01-09 09:40:00,Machine_A,63.871941566698446,3.0011892801088202
2025-01-09 09:50:00,Machine_A,64.39754590210838,2.6446752398272153
2025-01-09 10:00:00,Machine_A,64.45636310079018,3.026502924072216
2025-01-09 10:10:00,Machine_A,65.82047741767933,
2025-01-09 10:20:00,Machine_A,64.93611751199465,2.77896301541093
2025-01-09 10:30:00,Machine_A,66.23177202192849,3.2659078792582497
2025-01-09 10:40:00,Machine_A,64.75013167335558,2.632846571189911
2025-01-09 10:50:00,Machine_A,65.56120465739784,2.7655091911146408
2025-01-09 11:00:00,Machine_A,64.71246274940394,2.612828998780561
2025-01-09 11:10:00,Machine_A,67.13315532713848,3.0107763579004807
2025-01-09 11:20:00,Machine_A,64.49674840031912,3.1472174969127957
2025-01-09 11:30:00,Machine_A,65.71791358298995,3.1467362882710495
2025-01-09 11:40:00,Machine_A,65.99370294806678,3.0685983897075664
2025-01-09 11:50:00,Machine_A,65.8277080534977,2.8140000155085625
2025-01-09 12:00:00,Machine_A,65.35176987289783,2.7842566240518276
2025-01-09 12:10:00,Machine_A,65.39281221574977,2.5487611406629043
2025-01-09 12:20:00,Machine_A,65.52173062090439,3.214744850474008
2025-01-09 12:30:00,Machine_A,65.35245541350554,2.9305662416849385
2025-01-09 12:40:00,Machine_A,66.21793042897866,2.7546112459789867
2025-01-09 12:50:00,Machine_A,67.18545442619285,3.078383443221624
2025-01-09 13:00:00,Machine_A,64.93474696400548,
2025-01-09 13:10:00,Machine_A,64.24216694395552,2.9023645939967833
2025-01-09 13:20:00,Machine_A,65.21829853406967,2.7917884351813087
2025-01-09 13:30:00,Machine_A,67.29734583391296,2.930707674808533
2025-01-09 13:40:00,Machine_A,64.5291376002525,2.7963952671129904
2025-01-09 13:50:00,Machine_A,66.41583136047903,2.5379878545301797
2025-01-09 14:00:00,Machine_A,66.3732495645067,2.8033151787836044
2025-01-09 14:10:00,Machine_A,64.50899946697871,2.968321696153364
2025-01-09 14:20:00,Machine_A,65.3222186183597,2.763359466876329
2025-01-09 14:30:00,Machine_A,66.07945398952215,2.8965297250170914
2025-01-09 14:40:00,Machine_A,64.37785335812644,2.5565246919822107
2025-01-09 14:50:00,Machine_A,64.41760639075355,2.7270478587759825
2025-01-09 15:00:00,Machine_A,64.009529002994,2.605786169618002
2025-01-09 15:10:00,Machine_A,63.55276034210053,2.8384721446458947
2025-01-09 15:20:00,Machine_A,63.73033459785009,2.694922905566102
2025-01-09 15:30:00,Machine_A,63.15151278812071,2.7981559047945144
2025-01-09 15:40:00,Machine_A,64.03478430183604,2.8538972730663867
2025-01-09 15:50:00,Machine_A,63.26457004436697,2.766276167277921
2025-01-09 16:00:00,Machine_A,63.9370287294326,2.674161318172856
2025-01-09 16:10:00,Machine_A,62.37140362935972,2.4281086694237124
2025-01-09 16:20:00,Machine_A,63.74386810186401,2.5896767178632727
2025-01-09 16:30:00,Machine_A,64.00621518256496,
2025-01-09 16:40:00,Machine_A,61.60208198758268,2.49197755228979
2025-01-09 16:50:00,Machine_A,63.35171555414301,2.467901462641878
2025-01-09 17:00:00,Machine_A,63.88800185183746,2.3400819668353305
2025-01-09 17:10:00,Machine_A,61.78982583383039,2.145076880228028
2025-01-09 17:20:00,Machine_A,63.94582653130443,2.3578759312511206
2025-01-09 17:30:00,Machine_A,62.79205688026302,2.493545087845372
2025-01-09 17:40:00,Machine_A,,2.196548216059498
2025-01-09 17:50:00,Machine_A,62.108052593652516,2.4224515268792937
2025-01-09 18:00:00,Machine_A,62.44666153001738,2.7420483163759735
2025-01-09 18:10:00,Machine_A,61.908136457351254,2.5645214556310014
2025-01-09 18:20:00,Machine_A,62.12595969434029,2.656617387405249
2025-01-09 18:30:00,Machine_A,60.80661945276633,2.4116662313488675
2025-01-09 18:40:00,Machine_A,61.52772003739461,2.5320100881874414
2025-01-09 18:50:00,Machine_A,60.11148975369266,2.1722885222436523
2025-01-09 19:00:00,Machine_A,61.00515249306222,2.1675501816399083
2025-01-09 19:10:00,Machine_A,60.22440358856321,1.7716371531183315
2025-01-09 19:20:00,Machine_A,60.21450554428835,2.459597120831063
2025-01-09 19:30:00,Machine_A,61.64948252689053,2.505050771803289
2025-01-09 19:40:00,Machine_A,61.39388418038297,2.1102498780541765
2025-01-09 19:50:00,Machine_A,60.871190350403126,2.1465018168927323
2025-01-09 20:00:00,Machine_A,,2.039304819535627
2025-01-09 20:10:00,Machine_A,59.86632461103027,2.2270928155098773
2025-01-09 20:20:00,Machine_A,60.96296063275469,2.344378461796613
2025-01-09 20:30:00,Machine_A,59.9827085293814,1.8123584016474883
2025-01-09 20:40:00,Machine_A,61.60570699808247,2.1844445111566624
2025-01-09 20:50:00,Machine_A,59.95008854486069,2.046183487663507
2025-01-09 21:00:00,Machine_A,59.67876555903911,2.102212939020058
2025-01-09 21:10:00,Machine_A,59.172236149802565,2.1508441187368166
2025-01-09 21:20:00,Machine_A,59.4256771729094,2.021403561617352
2025-01-09 21:30:00,Machine_A,59.101287439876245,2.024345363255904
2025-01-09 21:40:00,Machine_A,59.6994547863394,1.9928840499101186
2025-01-09 21:50:00,Machine_A,59.81349179309056,2.195130765706092
2025-01-09 22:00:00,Machine_A,58.34011951834811,2.085665361119952
2025-01-09 22:10:00,Machine_A,57.830475721030005,2.040550161862525
2025-01-09 22:20:00,Machine_A,57.35895844688908,1.7633901860368966
2025-01-09 22:30:00,Machine_A,59.17281469774053,1.916109856591553
2025-01-09 22:40:00,Machine_A,57.828382542310216,2.138898769507392
2025-01-09 22:50:00,Machine_A,56.93967819801922,1.977612755325604
2025-01-09 23:00:00,Machine_A,58.930122491613034,2.084049042695964
2025-01-09 23:10:00,Machine_A,60.57736358902647,2.2786389208550037
2025-01-09 23:20:00,Machine_A,58.548316135225356,2.1437856036020935
2025-01-09 23:30:00,Machine_A,59.20073560475298,1.970618313167739
2025-01-09 23:40:00,Machine_A,58.578782043516945,1.8597343352234836
2025-01-09 23:50:00,Machine_A,58.42421950191058,1.4907893729981023
2025-01-10 00:00:00,Machine_A,59.23526118639022,1.9196907139548864
2025-01-10 00:10:00,Machine_A,58.27111158911257,1.891746051041131
2025-01-10 00:20:00,Machine_A,58.72723240793641,2.021978300849882
2025-01-10 00:30:00,Machine_A,58.78730123014848,1.9261468715263417
2025-01-10 00:40:00,Machine_A,58.01870050154284,1.8991672004458833
2025-01-10 00:50:00,Machine_A,59.37659785470945,1.6403749893047301
2025-01-10 01:00:00,Machine_A,58.479291802631934,1.7961391689229071
2025-01-10 01:10:00,Machine_A,58.05739454478693,2.056624559507398
2025-01-10 01:20:00,Machine_A,59.14028370210564,2.286001694250226
2025-01-10 01:30:00,Machine_A,58.047647250777665,1.9666996412957087
2025-01-10 01:40:00,Machine_A,58.850467671267026,2.0511674890768496
2025-01-10 01:50:00,Machine_A,58.88816688656086,2.172291193321305
2025-01-10 02:00:00,Machine_A,59.83762753941973,1.8643276597809575
2025-01-10 02:10:00,Machine_A,59.42788852595886,2.0865003771755806
2025-01-10 02:20:00,Machine_A,59.112946277992414,1.898093360930165
2025-01-10 02:30:00,Machine_A,59.877476348340906,2.1986593957973257
2025-01-10 02:40:00,Machine_A,60.43101048829743,2.0825325492277718
2025-01-10 02:50:00,Machine_A,59.86577756624606,2.121946524952103
2025-01-10 03:00:00,Machine_A,59.53340836172179,1.9409342009307076
2025-01-10 03:10:00,Machine_A,58.585965287465065,2.223250231302894
2025-01-10 03:20:00,Machine_A,58.89815243563681,2.48599390146264
2025-01-10 03:30:00,Machine_A,59.62515523498574,1.9446332517689986
2025-01-10 03:40:00,Machine_A,59.50487271104391,2.080733982265475
2025-01-10 03:50:00,Machine_A,59.96987432839776,2.1999045215941857
2025-01-10 04:00:00,Machine_A,60.29531993991768,2.3165531181592467
2025-01-10 04:10:00,Machine_A,60.80763405716277,2.09149479269213
2025-01-10 04:20:00,Machine_A,60.46443706146028,1.6998763299909918
2025-01-10 04:30:00,Machine_A,61.04980930178314,2.4724465643852342
2025-01-10 04:40:00,Machine_A,60.854509030208256,2.3829820370285946
2025-01-10 04:50:00,Machine_A,59.36715644865195,1.9509518347354773
2025-01-10 05:00:00,Machine_A,60.34266502708617,2.174169047183545
2025-01-10 05:10:00,Machine_A,61.12719130663935,2.5848750110427723
2025-01-10 05:20:00,Machine_A,60.42447558389286,2.582461675372297
2025-01-10 05:30:00,Machine_A,62.02310131122678,2.5102184175831868
2025-01-10 05:40:00,Machine_A,62.919555566258154,2.3290796776507787
2025-01-10 05:50:00,Machine_A,62.82234162557918,2.3953090110718502
2025-01-10 06:00:00,Machine_A,61.829245703255836,2.3764333550772974
2025-01-10 06:10:00,Machine_A,63.34524876525864,2.6227118853027918
2025-01-10 06:20:00,Machine_A,62.4239790653785,2.281568451067326
2025-01-10 06:30:00,Machine_A,62.18717289587575,2.3136928486198665
2025-01-10 06:40:00,Machine_A,62.1170464910015,2.6599911055806014
2025-01-10 06:50:00,Machine_A,62.51556289959286,2.489412764280065
2025-01-10 07:00:00,Machine_A,62.59532520302584,2.76459269427782
2025-01-10 07:10:00,Machine_A,63.188803276165345,2.4144454125204247
2025-01-10 07:20:00,Machine_A,63.32552968647973,2.544048959635562
2025-01-10 07:30:00,Machine_A,,2.4061732072923787
2025-01-10 07:40:00,Machine_A,63.828714451889525,2.591503500439557
2025-01-10 07:50:00,Machine_A,64.56863716615169,2.3416484272959814
2025-01-10 08:00:00,Machine_A,64.50964330835306,2.537225984228107
2025-01-10 08:10:00,Machine_A,62.69263025445396,2.3832591280690094
2025-01-10 08:20:00,Machine_A,61.96438061930709,2.783015578332397
2025-01-10 08:30:00,Machine_A,64.87812093052193,2.8029287242106613
2025-01-10 08:40:00,Machine_A,63.156253675170554,2.3778071328717605
2025-01-10 08:50:00,Machine_A,64.18475340514067,2.9441150276171504
2025-01-10 09:00:00,Machine_A,63.53878331330544,3.1677327742895196
2025-01-10 09:10:00,Machine_A,63.13888632877142,2.740055951177097
2025-01-10 09:20:00,Machine_A,65.11432573348026,2.629319432563104
2025-01-10 09:30:00,Machine_A,65.38406081926144,3.265388509511604
2025-01-10 09:40:00,Machine_A,64.4058238344301,2.5312040902355943
2025-01-10 09:50:00,Machine_A,62.879036226629175,2.7831453146522365
2025-01-10 10:00:00,Machine_A,64.59409335464355,2.8220434407767434
2025-01-10 10:10:00,Machine_A,65.41798112044582,3.041281446611634
2025-01-10 10:20:00,Machine_A,63.988947999608975,2.872591519689314
2025-01-10 10:30:00,Machine_A,65.38026629961283,2.7259916883881576
2025-01-10 10:40:00,Machine_A,65.27667629341228,2.651648492683827
2025-01-10 10:50:00,Machine_A,65.80144252729966,2.7676447001923976
2025-01-10 11:00:00,Machine_A,65.47640468674307,2.6534196968599546
2025-01-10 11:10:00,Machine_A,64.63858087221452,2.847941760765213
2025-01-10 11:20:00,Machine_A,,2.741608176480606
2025-01-10 11:30:00,Machine_A,65.34323335638676,2.5772233848260595
2025-01-10 11:40:00,Machine_A,65.46483781171315,3.074213856048768
2025-01-10 11:50:00,Machine_A,64.75005440827795,2.759990645494609
2025-01-10 12:00:00,Machine_A,65.14537419904678,2.6217353751044437
2025-01-10 12:10:00,Machine_A,,2.8192850555040785
2025-01-10 12:20:00,Machine_A,65.34832459538237,2.860594496015464
2025-01-10 12:30:00,Machine_A,66.83942379892221,2.5317861770139887
2025-01-10 12:40:00,Machine_A,64.34930622119765,2.9028600689381308
2025-01-10 12:50:00,Machine_A,64.12618690661837,2.6508448408397225
2025-01-10 13:00:00,Machine_A,66.55767665400663,3.1426518074844223
2025-01-10 13:10:00,Machine_A,65.1705503858973,2.923485520010514
2025-01-10 13:20:00,Machine_A,64.75366598182275,2.750879681133982
2025-01-10 13:30:00,Machine_A,66.06550211370637,2.6816155909729558
2025-01-10 13:40:00,Machine_A,64.68758482283879,2.7889443168050403
2025-01-10 13:50:00,Machine_A,66.56534568696132,2.909457208415192
2025-01-10 14:00:00,Machine_A,65.57342961031695,2.7851224885576613
2025-01-10 14:10:00,Machine_A,64.56154093382854,2.7404375653311646
2025-01-10 14:20:00,Machine_A,66.59287872562388,2.7791250722772673
2025-01-10 14:30:00,Machine_A,64.29216475261666,2.648314395508404
2025-01-10 14:40:00,Machine_A,65.27483184852387,2.6829429325717933
2025-01-10 14:50:00,Machine_A,64.81990474316063,2.356332162561655
2025-01-10 15:00:00,Machine_A,65.51626676567196,2.8934687730873723
2025-01-10 15:10:00,Machine_A,65.6137746840363,2.7577991938849644
2025-01-10 15:20:00,Machine_A,64.2753599531555,2.5500323724329252
2025-01-10 15:30:00,Machine_A,63.52793070525357,3.015714939697867
2025-01-10 15:40:00,Machine_A,64.37549524157996,
2025-01-10 15:50:00,Machine_A,63.3383763334122,2.4552789808005353
2025-01-10 16:00:00,Machine_A,65.3607097980213,2.7792127358646823
2025-01-10 16:10:00,Machine_A,63.72534841118881,2.6794355549274322
2025-01-10 16:20:00,Machine_A,63.186906675042756,2.6612026151704744
2025-01-10 16:30:00,Machine_A,,2.495571535727004
2025-01-10 16:40:00,Machine_A,62.11936947001608,2.634998294776597
2025-01-10 16:50:00,Machine_A,62.275179067456435,2.4882011175371264
2025-01-10 17:00:00,Machine_A,63.866197784214364,2.616538031592386
2025-01-10 17:10:00,Machine_A,62.23202322560624,2.1545078245502314
2025-01-10 17:20:00,Machine_A,61.770239835688706,2.400044456613865
2025-01-10 17:30:00,Machine_A,62.88616387479201,2.7687247041044984
2025-01-10 17:40:00,Machine_A,63.2536084233472,2.301147942264392
2025-01-10 17:50:00,Machine_A,62.72783050431073,2.310937830765628
2025-01-10 18:00:00,Machine_A,62.79683814864465,2.3193669590790043
2025-01-10 18:10:00,Machine_A,61.24189607336576,2.1617061712256427
2025-01-10 18:20:00,Machine_A,60.55750636698972,1.9632893760424683
2025-01-10 18:30:00,Machine_A,62.74422524879421,2.2997576617667264
2025-01-10 18:40:00,Machine_A,61.13408750709204,
2025-01-10 18:50:00,Machine_A,61.041794938052604,2.293151261390897
2025-01-10 19:00:00,Machine_A,62.15668865562042,2.2574532885532457
2025-01-10 19:10:00,Machine_A,61.39251370925557,2.2724297469761465
2025-01-10 19:20:00,Machine_A,61.16763971602545,2.4302024003825866
2025-01-10 19:30:00,Machine_A,62.39260986264305,2.1935121419684505
2025-01-10 19:40:00,Machine_A,60.00602149960344,2.1064869183409765
2025-01-10 19:50:00,Machine_A,61.12615195614237,2.141610536764379
2025-01-10 20:00:00,Machine_A,60.295610499917665,2.2792824167562196
2025-01-10 20:10:00,Machine_A,60.33432519387672,2.412380014381714
2025-01-10 20:20:00,Machine_A,61.21525721390137,2.028824730591577
2025-01-10 20:30:00,Machine_A,60.275603603501175,2.1438654386112748
2025-01-10 20:40:00,Machine_A,60.180880229336815,2.17164991518953
2025-01-10 20:50:00,Machine_A,60.493440143193034,1.917320365361765
2025-01-10 21:00:00,Machine_A,,2.085477038564379
2025-01-10 21:10:00,Machine_A,58.74816158729336,1.804403904113867
2025-01-10 21:20:00,Machine_A,58.48299709386675,1.7368509459233683
2025-01-10 21:30:00,Machine_A,57.650178037479876,2.1090053502895505
2025-01-10 21:40:00,Machine_A,60.77793354894079,1.9622841266304125
2025-01-10 21:50:00,Machine_A,58.16556324707755,2.056884322756021
2025-01-10 22:00:00,Machine_A,58.79190818788585,2.0070674724354993
2025-01-10 22:10:00,Machine_A,58.674011443965085,1.8250931163103163
2025-01-10 22:20:00,Machine_A,,1.9840157214799268
2025-01-10 22:30:00,Machine_A,59.419011406241935,1.762295975467247
2025-01-10 22:40:00,Machine_A,59.39945461793711,2.227513345086593
2025-01-10 22:50:00,Machine_A,58.19552872152606,1.7267527100885043
2025-01-10 23:00:00,Machine_A,58.48556223695913,1.9300920293955746
2025-01-10 23:10:00,Machine_A,58.80902793547087,1.773057910947525
2025-01-10 23:20:00,Machine_A,58.35421996351044,2.0595123223494496
2025-01-10 23:30:00,Machine_A,59.81581944600766,1.894192165551115
2025-01-10 23:40:00,Machine_A,58.90609851798949,1.8583523763268965
2025-01-10 23:50:00,Machine_A,59.091233453303346,2.104004578397444
2025-01-11 00:00:00,Machine_A,59.03030501493393,1.9552975065019593
2025-01-11 00:10:00,Machine_A,59.44211031045175,2.043424300556638
2025-01-11 00:20:00,Machine_A,58.658135803641855,1.7750737172855708
2025-01-11 00:30:00,Machine_A,57.49247742682699,1.7009827624748342
2025-01-11 00:40:00,Machine_A,58.87292322585939,1.9761339443117303
2025-01-11 00:50:00,Machine_A,58.06187846004677,1.9032744528069783
2025-01-11 01:00:00,Machine_A,58.196366262588455,2.078091619211629
2025-01-11 01:10:00,Machine_A,,1.956443850684039
2025-01-11 01:20:00,Machine_A,59.70170228439623,2.0140518817085744
2025-01-11 01:30:00,Machine_A,58.783438897599346,1.6920453549804972
2025-01-11 01:40:00,Machine_A,59.07498915545089,2.3320801449640736
2025-01-11 01:50:00,Machine_A,60.25723403958442,1.9712815677640345
2025-01-11 02:00:00,Machine_A,59.16151363034532,2.1358542229580584
2025-01-11 02:10:00,Machine_A,61.12947643099921,1.8699773487446685
2025-01-11 02:20:00,Machine_A,59.58537556149376,2.086823362469075
2025-01-11 02:30:00,Machine_A,57.81465310165602,1.8084789394344898
2025-01-11 02:40:00,Machine_A,59.9215177459672,2.136652211483201
2025-01-11 02:50:00,Machine_A,59.72445602907079,2.004149863245994
2025-01-11 03:00:00,Machine_A,60.55692846911328,2.087056239174456
2025-01-11 03:10:00,Machine_A,60.17397935436116,2.22161973199637
2025-01-11 03:20:00,Machine_A,59.639478578910094,1.8888883196214068
2025-01-11 03:30:00,Machine_A,58.88989640943798,2.0028488454357722
2025-01-11 03:40:00,Machine_A,59.825263866942514,2.224208974237647
2025-01-11 03:50:00,Machine_A,59.439035007418674,2.5358950416623434
2025-01-11 04:00:00,Machine_A,59.78558124015622,2.150145179760933
2025-01-11 04:10:00,Machine_A,60.85474257721387,2.2986176252705426
2025-01-11 04:20:00,Machine_A,61.85675968738868,2.1905669176421587
2025-01-11 04:30:00,Machine_A,60.97634521058057,2.5773966624918434
2025-01-11 04:40:00,Machine_A,59.84622304873201,1.931591035449703
2025-01-11 04:50:00,Machine_A,61.303211836311156,2.2817141782635613
2025-01-11 05:00:00,Machine_A,62.0514385314577,1.9909335036626943
2025-01-11 05:10:00,Machine_A,60.75463502776113,1.8514192910312448
2025-01-11 05:20:00,Machine_A,61.28501764482741,2.3754014896110887
2025-01-11 05:30:00,Machine_A,61.55490888301318,2.366372816807519
2025-01-11 05:40:00,Machine_A,61.0670362499174,2.3095092669699575
2025-01-11 05:50:00,Machine_A,62.365956491296416,2.361256339478443
2025-01-11 06:00:00,Machine_A,61.903241481113774,2.9576938981328262
2025-01-11 06:10:00,Machine_A,62.488293810904295,2.3731571994687433
2025-01-11 06:20:00,Machine_A,61.59505135737513,2.5310424692614593
2025-01-11 06:30:00,Machine_A,62.106875032511454,2.341851118968525
2025-01-11 06:40:00,Machine_A,63.18567370809647,2.531283543457427
2025-01-11 06:50:00,Machine_A,62.45927212710995,2.454515764762135
2025-01-11 07:00:00,Machine_A,64.28743773884554,2.442575243404783
2025-01-11 07:10:00,Machine_A,62.73276134977328,2.862719345572981
2025-01-11 07:20:00,Machine_A,63.37681828224135,2.765802357869732
2025-01-11 07:30:00,Machine_A,64.08546467877629,2.596821941096152
2025-01-11 07:40:00,Machine_A,62.34447132974602,2.1754200693134007
2025-01-11 07:50:00,Machine_A,62.20747309673799,2.5428052157703025
2025-01-11 08:00:00,Machine_A,62.529474948343925,3.111544961592915
2025-01-11 08:10:00,Machine_A,64.89061591195563,2.6002657237609235
2025-01-11 08:20:00,Machine_A,63.5660310105147,2.8566885593276288
2025-01-11 08:30:00,Machine_A,,2.9334922754053925
2025-01-11 08:40:00,Machine_A,63.79835855497698,2.7286679292130183
2025-01-11 08:50:00,Machine_A,64.51220676921244,2.5524876996907797
2025-01-11 09:00:00,Machine_A,65.70856169620723,2.2798418318130262
2025-01-11 09:10:00,Machine_A,66.18534498936273,2.8549241791141675
2025-01-11 09:20:00,Machine_A,66.33035841222555,2.598063918895302
2025-01-11 09:30:00,Machine_A,65.74342967549384,2.7887160844708405
2025-01-11 09:40:00,Machine_A,65.68628217566064,2.543650758803961
2025-01-11 09:50:00,Machine_A,65.42589161970605,2.7317833933311624
2025-01-11 10:00:00,Machine_A,65.65377777417885,2.795780861585187
2025-01-11 10:10:00,Machine_A,64.66358934306095,2.8475017195181733
2025-01-11 10:20:00,Machine_A,64.51751814789043,2.607170510443058
2025-01-11 10:30:00,Machine_A,65.23087879786074,3.031189760407122
2025-01-11 10:40:00,Machine_A,65.15277647473074,2.715420618101904
2025-01-11 10:50:00,Machine_A,64.97542688815697,2.527768124955118
2025-01-11 11:00:00,Machine_A,,2.8150424062366572
2025-01-11 11:10:00,Machine_A,66.18128019177618,2.845520758828733
2025-01-11 11:20:00,Machine_A,65.51755264457621,2.8720695868264103
2025-01-11 11:30:00,Machine_A,66.65208107965255,3.0913340202815287
2025-01-11 11:40:00,Machine_A,64.5733301520143,2.805726823528831
2025-01-11 11:50:00,Machine_A,65.34174120811274,2.828040167325457
2025-01-11 12:00:00,Machine_A,64.92654214351775,2.6514268113780433
2025-01-11 12:10:00,Machine_A,64.00343948187806,2.9972713302316576
2025-01-11 12:20:00,Machine_A,65.42053689464694,2.881463245675344
2025-01-11 12:30:00,Machine_A,65.3726590081017,2.7705451967052652
2025-01-11 12:40:00,Machine_A,66.65758693013643,2.50032204403171
2025-01-11 12:50:00,Machine_A,65.92168537256359,3.0993273983138856
2025-01-11 13:00:00,Machine_A,64.56139093254838,2.6136842282279904
2025-01-11 13:10:00,Machine_A,66.82128338068614,2.722742586150155
2025-01-11 13:20:00,Machine_A,66.26575112917097,2.8873636913473395
2025-01-11 13:30:00,Machine_A,65.6992565265644,2.6003653624790752
2025-01-11 13:40:00,Machine_A,64.99088997554841,2.5390067440809267
2025-01-11 13:50:00,Machine_A,64.336986526745,2.4168443100440804
2025-01-11 14:00:00,Machine_A,64.73332349238869,2.919490883226012
2025-01-11 14:10:00,Machine_A,65.82286895610845,2.681392626565061
2025-01-11 14:20:00,Machine_A,66.37470119975916,3.295527036575246
2025-01-11 14:30:00,Machine_A,66.01133151363707,2.5780250913174987
2025-01-11 14:40:00,Machine_A,64.29007601348741,2.5788588151863343
2025-01-11 14:50:00,Machine_A,63.68477673220423,2.6300040669131834
2025-01-11 15:00:00,Machine_A,64.58758273168189,2.7619622894588742
2025-01-11 15:10:00,Machine_A,62.94981423420454,2.619378992445691
2025-01-11 15:20:00,Machine_A,64.50829080525071,2.799474222879395
2025-01-11 15:30:00,Machine_A,64.01258293249158,2.4977967328559663
2025-01-11 15:40:00,Machine_A,,2.4094228870345265
2025-01-11 15:50:00,Machine_A,62.60478617540045,2.3181061706624315
2025-01-11 16:00:00,Machine_A,64.16088008525577,2.2247566497713045
2025-01-11 16:10:00,Machine_A,63.189959474593095,2.514534452450255
2025-01-11 16:20:00,Machine_A,62.543230447524216,2.536001761552535
2025-01-11 16:30:00,Machine_A,61.041582242652495,2.458548879617317
2025-01-11 16:40:00,Machine_A,63.17505857759933,2.7777221079902397
2025-01-11 16:50:00,Machine_A,64.47027157560075,2.7563630475063876
2025-01-11 17:00:00,Machine_A,64.23487402949712,2.456204032556124
2025-01-11 17:10:00,Machine_A,62.39186164351434,2.174492025897593
2025-01-11 17:20:00,Machine_A,62.12599897354484,2.3761347605002094
2025-01-11 17:30:00,Machine_A,62.8318610776302,2.350768935593952
2025-01-11 17:40:00,Machine_A,61.50633674826617,2.3209357910263955
2025-01-11 17:50:00,Machine_A,62.39410137563426,2.294039321612717
2025-01-11 18:00:00,Machine_A,62.61286422270775,2.2823766787695345
2025-01-11 18:10:00,Machine_A,62.82887872332877,2.3107937848240017
2025-01-11 18:20:00,Machine_A,61.61483163919923,2.2463825179767536
2025-01-11 18:30:00,Machine_A,61.38021932708825,2.378761265053583
2025-01-11 18:40:00,Machine_A,60.689845308760496,
2025-01-11 18:50:00,Machine_A,60.580957067984755,2.138686058035006
2025-01-11 19:00:00,Machine_A,60.912950228619955,2.5123231883851314
2025-01-11 19:10:00,Machine_A,61.24142210718799,2.0882711758917663
2025-01-11 19:20:00,Machine_A,61.533797199346765,1.9548868250166884
2025-01-11 19:30:00,Machine_A,60.018064826177906,2.2963325082814188
2025-01-11 19:40:00,Machine_A,61.714986939075175,2.062688318022104
2025-01-11 19:50:00,Machine_A,60.166980972843334,2.2500455887805644
2025-01-11 20:00:00,Machine_A,60.23290616452125,1.7423396518019043
2025-01-11 20:10:00,Machine_A,59.52168202746786,2.4088572457108812
2025-01-11 20:20:00,Machine_A,58.05309026455299,2.262903417089302
2025-01-11 20:30:00,Machine_A,60.57657131555832,1.8559715780967354
2025-01-11 20:40:00,Machine_A,,1.8445656933487258
2025-01-11 20:50:00,Machine_A,59.41037222765062,2.396992269310508
2025-01-11 21:00:00,Machine_A,59.57871883962698,1.949073565836421
2025-01-11 21:10:00,Machine_A,59.832280695327846,1.9180719256635719
2025-01-11 21:20:00,Machine_A,,1.647390623649589
2025-01-11 21:30:00,Machine_A,58.800021167103644,1.9798509198606646
2025-01-11 21:40:00,Machine_A,59.76837958868599,1.990392049399518
2025-01-11 21:50:00,Machine_A,,2.1492626068027088
2025-01-11 22:00:00,Machine_A,59.20375743248777,1.758454451223797
2025-01-11 22:10:00,Machine_A,57.8101966401775,1.7271935024664902
2025-01-11 22:20:00,Machine_A,,2.073334770093273
2025-01-11 22:30:00,Machine_A,58.73790845037251,2.1654656231907925
2025-01-11 22:40:00,Machine_A,57.41897037452491,1.694330897445122
2025-01-11 22:50:00,Machine_A,59.59378215594695,
2025-01-11 23:00:00,Machine_A,58.03158634654982,1.972090909637547
2025-01-11 23:10:00,Machine_A,57.93476202546873,2.157191757829466
2025-01-11 23:20:00,Machine_A,58.71362822224203,1.9441968460713352
2025-01-11 23:30:00,Machine_A,59.44885286473464,1.4998397872339542
2025-01-11 23:40:00,Machine_A,57.70066110149617,1.9243582570418274
2025-01-11 23:50:00,Machine_A,58.55267510434187,2.1412541876489923
2025-01-12 00:00:00,Machine_A,58.84305320026446,1.7891257165649315
2025-01-12 00:10:00,Machine_A,59.05781571027401,1.8805946058848226
2025-01-12 00:20:00,Machine_A,58.65447180090067,1.9200083552195384
2025-01-12 00:30:00,Machine_A,58.23632071392501,1.4319373140054585
2025-01-12 00:40:00,Machine_A,57.8911006879383,2.257679074723252
2025-01-12 00:50:00,Machine_A,58.651879081517336,1.7984191744145384
2025-01-12 01:00:00,Machine_A,57.761548398399775,2.056365756015023
2025-01-12 01:10:00,Machine_A,56.324910285585524,1.9552211676566202
2025-01-12 01:20:00,Machine_A,59.06032367057545,2.2035097507910257
2025-01-12 01:30:00,Machine_A,59.48956950907945,
2025-01-12 01:40:00,Machine_A,56.93757679693825,1.949875126959732
2025-01-12 01:50:00,Machine_A,58.08767752010827,1.8400124084163298
2025-01-12 02:00:00,Machine_A,59.46423449555863,2.1539016945457874
2025-01-12 02:10:00,Machine_A,60.694126315424256,1.68325441467237
2025-01-12 02:20:00,Machine_A,59.14960281112885,2.147641855719614
2025-01-12 02:30:00,Machine_A,58.64086095599737,1.845162941589067
2025-01-12 02:40:00,Machine_A,59.1725272961997,2.2806910597486554
2025-01-12 02:50:00,Machine_A,60.519430456483114,2.097259116114729
2025-01-12 03:00:00,Machine_A,59.008354922547454,2.1977442266790734
2025-01-12 03:10:00,Machine_A,58.99608066802499,
2025-01-12 03:20:00,Machine_A,59.364048548351484,
2025-01-12 03:30:00,Machine_A,59.10667211186251,
2025-01-12 03:40:00,Machine_A,60.090618725567175,2.262920684412078
2025-01-12 03:50:00,Machine_A,61.41919413756177,2.188213223368701
2025-01-12 04:00:00,Machine_A,60.50846341849282,2.387578182955021
2025-01-12 04:10:00,Machine_A,60.18199705197635,2.2648025453909257
2025-01-12 04:20:00,Machine_A,60.28738706877512,2.035815441890206
2025-01-12 04:30:00,Machine_A,59.41005533976486,2.0845009106459953
2025-01-12 04:40:00,Machine_A,61.50941732007789,2.264616065797632
2025-01-12 04:50:00,Machine_A,60.885259944124805,1.848154458343058
2025-01-12 05:00:00,Machine_A,60.94974941126868,2.5847509691160027
2025-01-12 05:10:00,Machine_A,63.79694740549253,2.382116586275814
2025-01-12 05:20:00,Machine_A,61.631233704858296,2.5427245475186786
2025-01-12 05:30:00,Machine_A,60.94172548715367,2.056754504155326
2025-01-12 05:40:00,Machine_A,61.35386882341876,2.5848016446275
2025-01-12 05:50:00,Machine_A,62.76608871157873,2.782041079670593
2025-01-12 06:00:00,Machine_A,62.09061632843021,2.1622418960320826
2025-01-12 06:10:00,Machine_A,61.00204547312478,2.558481047397079
2025-01-12 06:20:00,Machine_A,63.04042824727697,2.439419874280159
2025-01-12 06:30:00,Machine_A,61.92232640433899,2.180738693814339
2025-01-12 06:40:00,Machine_A,64.10640684280828,2.5668607948834548
2025-01-12 06:50:00,Machine_A,63.62157710135508,2.647446403142869
2025-01-12 07:00:00,Machine_A,62.548009141331825,2.408265790815742
2025-01-12 07:10:00,Machine_A,64.07728338765305,2.7451825834228627
2025-01-12 07:20:00,Machine_A,,2.253891651274495
2025-01-12 07:30:00,Machine_A,64.02161095337559,2.303151438203354
2025-01-12 07:40:00,Machine_A,63.866950169928025,2.6147657489892904
2025-01-12 07:50:00,Machine_A,62.939034822329916,2.612356225990774
2025-01-12 08:00:00,Machine_A,63.23516013414603,2.496016772083661
2025-01-12 08:10:00,Machine_A,64.70451728327882,2.7875118222310102
2025-01-12 08:20:00,Machine_A,63.73969726154343,2.7536703729168415
2025-01-12 08:30:00,Machine_A,63.80774623093692,2.828407675822047
2025-01-12 08:40:00,Machine_A,63.48565857042341,2.6670898659955347
2025-01-12 08:50:00,Machine_A,64.70344497912959,2.8124800416631484
2025-01-12 09:00:00,Machine_A,66.12489366954743,2.637980996988547
2025-01-12 09:10:00,Machine_A,63.72644434743202,3.101462165780143
2025-01-12 09:20:00,Machine_A,64.70053111625464,2.598461760781583
2025-01-12 09:30:00,Machine_A,65.90651313535167,3.1359625404335523
2025-01-12 09:40:00,Machine_A,64.8033190420149,2.7748982504061397
2025-01-12 09:50:00,Machine_A,65.31376749734488,2.531934190493425
2025-01-12 10:00:00,Machine_A,64.18117409072804,3.0359657147909456
2025-01-12 10:10:00,Machine_A,65.44718359388989,2.821817124841292
2025-01-12 10:20:00,Machine_A,65.02236184262463,2.961040841874935
2025-01-12 10:30:00,Machine_A,66.0221623603334,3.0360398549677456
2025-01-12 10:40:00,Machine_A,66.23883301400248,2.883693679099763
2025-01-12 10:50:00,Machine_A,67.40966024123368,2.7225692757703954
2025-01-12 11:00:00,Machine_A,65.8444469305826,3.0102950298105458
2025-01-12 11:10:00,Machine_A,65.6776730781855,2.839469194545797
2025-01-12 11:20:00,Machine_A,65.60233457680461,2.966617896205009
2025-01-12 11:30:00,Machine_A,65.18752398055979,2.4584786843357516
2025-01-12 11:40:00,Machine_A,65.75746851809046,2.9287443232030586
2025-01-12 11:50:00,Machine_A,65.26034764742528,2.734626251185731
2025-01-12 12:00:00,Machine_A,65.6347687810157,3.1475957346921355
2025-01-12 12:10:00,Machine_A,,2.9617274223318732
2025-01-12 12:20:00,Machine_A,64.6814473910974,2.891462008394159
2025-01-12 12:30:00,Machine_A,66.38195986371157,2.9336859864212546
2025-01-12 12:40:00,Machine_A,66.50051918941463,2.6634441353376843
2025-01-12 12:50:00,Machine_A,65.3225812033269,3.13151940749902
2025-01-12 13:00:00,Machine_A,63.68325647280487,3.1931132971451235
2025-01-12 13:10:00,Machine_A,64.85175173794325,2.899897059735381
2025-01-12 13:20:00,Machine_A,66.32651980999957,3.1091343216969136
2025-01-12 13:30:00,Machine_A,65.2152839139504,2.713299113869023
2025-01-12 13:40:00,Machine_A,64.37263546879235,2.664358062245996
2025-01-12 13:50:00,Machine_A,64.7007179791412,2.806521329701406
2025-01-12 14:00:00,Machine_A,65.70358493444918,2.868000818609219
2025-01-12 14:10:00,Machine_A,65.3892569149062,2.708608547992037
2025-01-12 14:20:00,Machine_A,64.67588647567571,2.8654166941963735
2025-01-12 14:30:00,Machine_A,64.48327716156757,2.8121591099042704
2025-01-12 14:40:00,Machine_A,64.36774903168137,2.5650247798511505
2025-01-12 14:50:00,Machine_A,63.84254253123664,2.8251575447058657
2025-01-12 15:00:00,Machine_A,65.76717428572847,2.87363313518782
2025-01-12 15:10:00,Machine_A,64.10670935128574,2.7348800705933174
2025-01-12 15:20:00,Machine_A,65.2234834505633,2.8967310829460473
2025-01-12 15:30:00,Machine_A,65.34771784306848,2.454809960224473
2025-01-12 15:40:00,Machine_A,64.80616624574702,2.7423404723417044
2025-01-12 15:50:00,Machine_A,63.53525237903945,2.431134296604651
2025-01-12 16:00:00,Machine_A,64.07298407226929,2.4244653555180444
2025-01-12 16:10:00,Machine_A,63.59676366120989,2.494219325882963
2025-01-12 16:20:00,Machine_A,62.75620242750834,2.4206073847399505
2025-01-12 16:30:00,Machine_A,63.598879438655096,2.4735682971908854
2025-01-12 16:40:00,Machine_A,62.253838668712,2.5153620085685366
2025-01-12 16:50:00,Machine_A,64.0026138090342,2.6860054173165726
2025-01-12 17:00:00,Machine_A,62.53417282002011,2.458659943329108
2025-01-12 17:10:00,Machine_A,62.91846637348163,2.2119851990536192
2025-01-12 17:20:00,Machine_A,,2.6833538923192477
2025-01-12 17:30:00,Machine_A,62.24971769380692,2.308060562448316
2025-01-12 17:40:00,Machine_A,62.77440014079703,2.4286504073576127
2025-01-12 17:50:00,Machine_A,61.77274493048066,2.5000052955637293
2025-01-12 18:00:00,Machine_A,62.697037837965794,2.435929875312501
2025-01-12 18:10:00,Machine_A,60.77054840002393,2.577323594239464
2025-01-12 18:20:00,Machine_A,61.79605856402033,2.4470004815742503
2025-01-12 18:30:00,Machine_A,63.09430152647644,2.186227489155497
2025-01-12 18:40:00,Machine_A,60.59196631848128,2.71399951136838
2025-01-12 18:50:00,Machine_A,60.70026537479676,2.3375821971287363
2025-01-12 19:00:00,Machine_A,61.50525962186831,2.2570101889119942
2025-01-12 19:10:00,Machine_A,61.091195127286724,2.4381889663730796
2025-01-12 19:20:00,Machine_A,61.08343357777901,2.290992105770862
2025-01-12 19:30:00,Machine_A,61.05195769084031,2.2996535301647887
2025-01-12 19:40:00,Machine_A,61.02861325875697,2.6584149019648087
2025-01-12 19:50:00,Machine_A,61.271639727242366,2.1426912669583262
2025-01-12 20:00:00,Machine_A,60.57785492554281,2.1178030390768687
2025-01-12 20:10:00,Machine_A,59.92644524709128,2.1791993084061723
2025-01-12 20:20:00,Machine_A,60.530541433733525,2.334763472046616
2025-01-12 20:30:00,Machine_A,61.38924054638565,1.8548812315118037
2025-01-12 20:40:00,Machine_A,59.64413636899105,1.7569455151752862
2025-01-12 20:50:00,Machine_A,58.85581082960868,1.9903036578613267
2025-01-12 21:00:00,Machine_A,60.41079080127666,1.787695815835382
2025-01-12 21:10:00,Machine_A,59.32322439000169,1.991755555880829
2025-01-12 21:20:00,Machine_A,57.58070881227235,2.145729945899732
2025-01-12 21:30:00,Machine_A,59.901200650701014,1.882656201429537
2025-01-12 21:40:00,Machine_A,58.70470529622539,1.774552796249312
2025-01-12 21:50:00,Machine_A,58.97570331381157,2.032954538492964
2025-01-12 22:00:00,Machine_A,59.23449535120968,2.165546395527733
2025-01-12 22:10:00,Machine_A,59.04786182769948,1.6957499061368095
2025-01-12 22:20:00,Machine_A,59.39548419908295,2.1398033275285844
2025-01-12 22:30:00,Machine_A,58.41803253975462,2.1313693270428193
2025-01-12 22:40:00,Machine_A,59.12156046579018,2.148873639034534
2025-01-12 22:50:00,Machine_A,58.45435333031408,2.190153810840201
2025-01-12 23:00:00,Machine_A,59.21030799269826,
2025-01-12 23:10:00,Machine_A,59.07525796229068,1.8965702280446
2025-01-12 23:20:00,Machine_A,57.8048219028216,1.9765593955585208
2025-01-12 23:30:00,Machine_A,59.39872867813169,1.8788908943971407
2025-01-12 23:40:00,Machine_A,58.08454780058765,1.9520682179147604
2025-01-12 23:50:00,Machine_A,59.14977746308841,2.2263455043027003
2025-01-13 00:00:00,Machine_A,58.793829850721075,1.7078973928924797
2025-01-13 00:10:00,Machine_A,59.97387816589959,1.7954393592983604
2025-01-13 00:20:00,Machine_A,58.33454577078141,2.1996049544295353
2025-01-13 00:30:00,Machine_A,58.25048954829711,2.1374563836241616
2025-01-13 00:40:00,Machine_A,58.53763717974709,1.8914728147174322
2025-01-13 00:50:00,Machine_A,58.34042014881281,2.1144591569977593
2025-01-13 01:00:00,Machine_A,59.259213129541905,2.0267522298184852
2025-01-13 01:10:00,Machine_A,57.36894218563194,2.2408768017834757
2025-01-13 01:20:00,Machine_A,57.868129891932234,1.99055004753516
2025-01-13 01:30:00,Machine_A,57.91217929894714,2.168867990866986
2025-01-13 01:40:00,Machine_A,59.588168818950585,2.467723639722179
2025-01-13 01:50:00,Machine_A,60.26395278194177,2.108502972978344
2025-01-13 02:00:00,Machine_A,58.88535171192449,2.0191676381400745
2025-01-13 02:10:00,Machine_A,58.913072561102894,2.1505143067239776
2025-01-13 02:20:00,Machine_A,59.189009575479076,1.9656310255932543
2025-01-13 02:30:00,Machine_A,60.15276595106723,2.472825183863396
2025-01-13 02:40:00,Machine_A,58.57696194173112,2.087692787381737
2025-01-13 02:50:00,Machine_A,59.6102245073524,2.0190972007948518
2025-01-13 03:00:00,Machine_A,60.30528436967303,1.9313779275624472
2025-01-13 03:10:00,Machine_A,60.036309609297064,2.293484041062112
2025-01-13 03:20:00,Machine_A,59.901908659376105,2.26683930995005
2025-01-13 03:30:00,Machine_A,60.67017187252319,2.036533570091539
2025-01-13 03:40:00,Machine_A,57.82989663837195,2.2456518457640655
2025-01-13 03:50:00,Machine_A,60.66175162641084,1.886675101965615
2025-01-13 04:00:00,Machine_A,59.72673945349806,
2025-01-13 04:10:00,Machine_A,58.91937353619222,2.2737092674180395
2025-01-13 04:20:00,Machine_A,60.929798163527536,2.517141147937345
2025-01-13 04:30:00,Machine_A,61.75953482285255,2.0890450709445454
2025-01-13 04:40:00,Machine_A,60.692970686658,2.0159874623190306
2025-01-13 04:50:00,Machine_A,61.7098293394974,2.1035053572565694
2025-01-13 05:00:00,Machine_A,62.38395594853209,2.04294909964718
2025-01-13 05:10:00,Machine_A,62.29439291408388,2.5432004981244707
2025-01-13 05:20:00,Machine_A,62.70420300166286,2.600613393154208
2025-01-13 05:30:00,Machine_A,62.13686032008733,2.3989021975317657
2025-01-13 05:40:00,Machine_A,61.75530181150447,2.5806130059868804
2025-01-13 05:50:00,Machine_A,60.56575949470359,2.404483784190041
2025-01-13 06:00:00,Machine_A,61.80315000949604,2.382879903413862
2025-01-13 06:10:00,Machine_A,61.47807057952572,2.359681952884724
2025-01-13 06:20:00,Machine_A,64.04179927361506,2.383349705788484
2025-01-13 06:30:00,Machine_A,62.31613302282431,2.180132506363398
2025-01-13 06:40:00,Machine_A,62.706332467261845,2.5257075373994393
2025-01-13 06:50:00,Machine_A,63.19872694961573,
2025-01-13 07:00:00,Machine_A,62.94074861495679,
2025-01-13 07:10:00,Machine_A,64.40851113060955,2.5521518391358726
2025-01-13 07:20:00,Machine_A,62.69895101225228,2.524622398214114
2025-01-13 07:30:00,Machine_A,63.49507797746761,2.415392799162917
2025-01-13 07:40:00,Machine_A,62.88518744753401,2.6031658004112317
2025-01-13 07:50:00,Machine_A,62.56010213734605,2.740669577502674
2025-01-13 08:00:00,Machine_A,63.26058472727577,
2025-01-13 08:10:00,Machine_A,63.85091919157515,2.657530099418604
2025-01-13 08:20:00,Machine_A,63.66407574761485,2.7000571276332774
2025-01-13 08:30:00,Machine_A,63.576728217631434,2.5446909820026367
2025-01-13 08:40:00,Machine_A,63.124702662965426,2.5834402894755026
2025-01-13 08:50:00,Machine_A,64.29808126855185,2.745525546204966
2025-01-13 09:00:00,Machine_A,63.27109743492812,2.514182268241274
2025-01-13 09:10:00,Machine_A,,2.7947610703094465
2025-01-13 09:20:00,Machine_A,64.74710735326403,2.5835562121448845
2025-01-13 09:30:00,Machine_A,63.61069549144738,2.9483226678770347
2025-01-13 09:40:00,Machine_A,64.61966489337158,3.1894274140999403
2025-01-13 09:50:00,Machine_A,64.35014493587263,2.624589926309471
2025-01-13 10:00:00,Machine_A,65.28642852158089,2.885868846930439
2025-01-13 10:10:00,Machine_A,66.1768982729423,2.668341332051436
2025-01-13 10:20:00,Machine_A,63.67193927891168,2.9952102554500946
2025-01-13 10:30:00,Machine_A,65.32559922710743,2.58799927599474
2025-01-13 10:40:00,Machine_A,65.16081793629738,2.909367295870647
2025-01-13 10:50:00,Machine_A,65.87508138877917,2.6720346137966184
2025-01-13 11:00:00,Machine_A,65.5512976946019,2.7974093957923745
2025-01-13 11:10:00,Machine_A,64.81546055952872,2.6537486536774546
2025-01-13 11:20:00,Machine_A,65.19158398700944,2.991186573616729
2025-01-13 11:30:00,Machine_A,64.83323632936555,2.695493723819089
2025-01-13 11:40:00,Machine_A,66.34748715419998,2.9476411808210146
2025-01-13 11:50:00,Machine_A,65.51371809447406,2.787634054624616
2025-01-13 12:00:00,Machine_A,67.02095254860241,2.8293949730762047
2025-01-13 12:10:00,Machine_A,65.44814012448481,2.8761677630438593
2025-01-13 12:20:00,Machine_A,64.91995602979273,2.7111591732426925
2025-01-13 12:30:00,Machine_A,64.25908550071807,2.884016268055574
2025-01-13 12:40:00,Machine_A,64.00431539453798,3.1186237104392873
2025-01-13 12:50:00,Machine_A,64.14972727051537,2.6992761417540816
2025-01-13 13:00:00,Machine_A,65.59444171282094,3.0455924476193728
2025-01-13 13:10:00,Machine_A,65.74498934620274,3.0988302018645033
2025-01-13 13:20:00,Machine_A,64.02397161112498,2.675953781328611
2025-01-13 13:30:00,Machine_A,65.9496090150504,2.5538359607137795
2025-01-13 13:40:00,Machine_A,64.78562841328153,2.86219146619741
2025-01-13 13:50:00,Machine_A,65.22197232571222,2.7006215208321627
2025-01-13 14:00:00,Machine_A,66.32086541584988,3.126060011152338
2025-01-13 14:10:00,Machine_A,65.66934151303752,2.7857915079057682
2025-01-13 14:20:00,Machine_A,64.65220763668681,2.624222526483714
2025-01-13 14:30:00,Machine_A,64.0637829106871,2.5505202911489477
2025-01-13 14:40:00,Machine_A,62.959703229852984,2.94090289203989
2025-01-13 14:50:00,Machine_A,64.0051480234415,2.628961686229402
2025-01-13 15:00:00,Machine_A,64.30596954309077,2.726087235436823
2025-01-13 15:10:00,Machine_A,63.57482210493387,2.8760600875472937
2025-01-13 15:20:00,Machine_A,64.14475106022904,2.6020879210113934
2025-01-13 15:30:00,Machine_A,64.19214650789753,2.665675453880695
2025-01-13 15:40:00,Machine_A,63.827632741782196,2.6551270825899174
2025-01-13 15:50:00,Machine_A,63.360546564555115,2.7647832358289675
2025-01-13 16:00:00,Machine_A,63.88492373757338,2.7313339803918586
2025-01-13 16:10:00,Machine_A,,2.568166404329896
2025-01-13 16:20:00,Machine_A,62.60684465413817,2.601635048852688
2025-01-13 16:30:00,Machine_A,64.46813791707483,2.5052873224900623
2025-01-13 16:40:00,Machine_A,63.11819999581243,2.2879388312510507
2025-01-13 16:50:00,Machine_A,63.06754999662083,2.5816857641085864
2025-01-13 17:00:00,Machine_A,63.47243819646407,2.8570630872460865
2025-01-13 17:10:00,Machine_A,62.94411155379416,2.338328380947755
2025-01-13 17:20:00,Machine_A,63.37027792896485,2.3389963322216323
2025-01-13 17:30:00,Machine_A,62.68654100493164,2.3020057876031497
2025-01-13 17:40:00,Machine_A,61.815095199904455,2.569646604406608
2025-01-13 17:50:00,Machine_A,62.44187067594356,2.5003561060697606
2025-01-13 18:00:00,Machine_A,61.08501903414347,2.3714632153650377
2025-01-13 18:10:00,Machine_A,61.934179908842545,2.215127844590585
2025-01-13 18:20:00,Machine_A,61.668370907867626,2.37740773825874
2025-01-13 18:30:00,Machine_A,61.37666484141179,2.059631230580532
2025-01-13 18:40:00,Machine_A,61.289401369014605,2.3476751020842297
2025-01-13 18:50:00,Machine_A,59.73698211481853,2.4594765632236824
2025-01-13 19:00:00,Machine_A,60.655153415948405,2.058315585109803
2025-01-13 19:10:00,Machine_A,61.02180562264793,1.9888291003937373
2025-01-13 19:20:00,Machine_A,60.930814611958084,2.530389756008524
2025-01-13 19:30:00,Machine_A,59.838467873981415,2.1176757203248844
2025-01-13 19:40:00,Machine_A,,2.414292394486573
2025-01-13 19:50:00,Machine_A,59.690939975105785,2.164493544308625
2025-01-13 20:00:00,Machine_A,61.02556576042139,2.1458481329505608
2025-01-13 20:10:00,Machine_A,60.46120686028346,2.2371294621533253
2025-01-13 20:20:00,Machine_A,59.4755006248963,1.98277080942767
2025-01-13 20:30:00,Machine_A,61.28958371255709,2.149906842775292
2025-01-13 20:40:00,Machine_A,58.79533390069192,2.0420774809727202
2025-01-13 20:50:00,Machine_A,60.37075761223319,1.8582955867600475
2025-01-13 21:00:00,Machine_A,60.32559212028147,2.1425487219168056
2025-01-13 21:10:00,Machine_A,58.88303315390325,2.0208297931974193
2025-01-13 21:20:00,Machine_A,60.43281668913504,2.0270155314764127
2025-01-13 21:30:00,Machine_A,59.02322609730152,
2025-01-13 21:40:00,Machine_A,59.36392274841241,2.317833646267258
2025-01-13 21:50:00,Machine_A,59.25638741067188,2.1782824029337027
2025-01-13 22:00:00,Machine_A,58.86146409357803,2.1838366274479584
2025-01-13 22:10:00,Machine_A,59.54410870240405,1.9458650786302971
2025-01-13 22:20:00,Machine_A,59.46271372181349,1.6809085757228919
2025-01-13 22:30:00,Machine_A,57.36759605761995,2.335779339218033
2025-01-13 22:40:00,Machine_A,59.75454802155184,1.9661407692052848
2025-01-13 22:50:00,Machine_A,57.33199708195267,1.8360434088796882
2025-01-13 23:00:00,Machine_A,59.44529657146159,2.0403576615768797
2025-01-13 23:10:00,Machine_A,59.4843280845423,2.1707485386366234
2025-01-13 23:20:00,Machine_A,57.680399720285116,1.9526874110491224
2025-01-13 23:30:00,Machine_A,58.201291554827996,2.1839933426108726
2025-01-13 23:40:00,Machine_A,,2.146652374791751
2025-01-13 23:50:00,Machine_A,58.331394400232504,1.7566796865557934
2025-01-14 00:00:00,Machine_A,58.25357257265141,1.8287177809812942
2025-01-14 00:10:00,Machine_A,59.127059650278966,2.122784989678522
2025-01-14 00:20:00,Machine_A,59.561565553574574,1.4634421243728357
2025-01-14 00:30:00,Machine_A,59.64649003382363,1.9269477876120873
2025-01-14 00:40:00,Machine_A,58.103438443194634,1.6992868948520654
2025-01-14 00:50:00,Machine_A,58.41558647608461,1.8748871125379953
2025-01-14 01:00:00,Machine_A,57.272509054211504,1.9115457621446623
2025-01-14 01:10:00,Machine_A,58.017294619184256,1.9063433841399464
2025-01-14 01:20:00,Machine_A,59.48295713372728,1.8777312952660716
2025-01-14 01:30:00,Machine_A,60.05888789504908,1.7867683534367345
2025-01-14 01:40:00,Machine_A,57.84044364786779,2.404705523860871
2025-01-14 01:50:00,Machine_A,58.42149067655391,2.3369882858188435
2025-01-14 02:00:00,Machine_A,58.94778648118733,1.8011167206508714
2025-01-14 02:10:00,Machine_A,59.27225886671059,2.3052548646188433
2025-01-14 02:20:00,Machine_A,58.48528502905121,1.95947779178484
2025-01-14 02:30:00,Machine_A,59.562512144551945,2.0662447420686516
2025-01-14 02:40:00,Machine_A,58.93977297142685,2.043890687815015
2025-01-14 02:50:00,Machine_A,59.40796750446194,1.9494704430097303
2025-01-14 03:00:00,Machine_A,59.962153664250046,2.25889537031516
2025-01-14 03:10:00,Machine_A,59.64057208919394,2.118643982076751
2025-01-14 03:20:00,Machine_A,59.401134653675854,2.0249663194615937
2025-01-14 03:30:00,Machine_A,59.78164715532881,
2025-01-14 03:40:00,Machine_A,59.921792105407064,1.9810435011725875
2025-01-14 03:50:00,Machine_A,59.823442546880415,1.8627667554355516
2025-01-14 04:00:00,Machine_A,60.04296314986632,2.1772002387147302
2025-01-14 04:10:00,Machine_A,61.66279759008116,1.9768133174330433
2025-01-14 04:20:00,Machine_A,60.96957164226055,2.1620208899633475
2025-01-14 04:30:00,Machine_A,60.424223732298856,2.474410789085576
2025-01-14 04:40:00,Machine_A,61.36049302196874,2.4619648586293343
2025-01-14 04:50:00,Machine_A,60.68047410993024,2.258872549284606
2025-01-14 05:00:00,Machine_A,62.03263305221049,2.267856178998098
2025-01-14 05:10:00,Machine_A,79.53817510497512,7.640979592623635
2025-01-14 05:20:00,Machine_A,61.30638966296236,
2025-01-14 05:30:00,Machine_A,61.90133186787804,2.282258050723202
2025-01-14 05:40:00,Machine_A,60.4382539787284,2.1040966546818725
2025-01-14 05:50:00,Machine_A,60.94591816909348,2.4512684549552524
2025-01-14 06:00:00,Machine_A,61.04485999488075,2.5492782790649153
2025-01-14 06:10:00,Machine_A,62.26702233158964,2.305931449901945
2025-01-14 06:20:00,Machine_A,63.691057099204876,2.4916365801612916
2025-01-14 06:30:00,Machine_A,64.24188178972429,2.393293593414318
2025-01-14 06:40:00,Machine_A,63.11820950298686,2.445015848094298
2025-01-14 06:50:00,Machine_A,63.15821422873893,2.0495898559109267
2025-01-14 07:00:00,Machine_A,61.46502047053663,2.4765479176272303
2025-01-14 07:10:00,Machine_A,62.61833125847774,2.7098040842103726
2025-01-14 07:20:00,Machine_A,62.56684350011325,2.44025660449457
2025-01-14 07:30:00,Machine_A,62.84271393467692,2.581662290843047
2025-01-14 07:40:00,Machine_A,63.34464886122461,2.454107090578769
2025-01-14 07:50:00,Machine_A,63.23844768416491,2.6726663776884645
2025-01-14 08:00:00,Machine_A,62.16656015169937,2.586025824443489
2025-01-14 08:10:00,Machine_A,64.47887683410791,2.4727213464333095
2025-01-14 08:20:00,Machine_A,63.149323106636814,2.8979686605376935
2025-01-14 08:30:00,Machine_A,64.32206249281944,2.841150405489723
2025-01-14 08:40:00,Machine_A,65.90902276970287,2.580371206851871
2025-01-14 08:50:00,Machine_A,63.62905805338568,2.793617489122247
2025-01-14 09:00:00,Machine_A,62.450643715955856,2.8149322120416147
2025-01-14 09:10:00,Machine_A,64.35166730133135,2.8473890238665676
2025-01-14 09:20:00,Machine_A,65.56192325891529,2.439753938124426
2025-01-14 09:30:00,Machine_A,66.3434146543958,2.938198180516929
2025-01-14 09:40:00,Machine_A,63.88339247944954,2.666072606603415
2025-01-14 09:50:00,Machine_A,65.34922943893432,2.7151171225963706
2025-01-14 10:00:00,Machine_A,64.6588405478215,3.2645301471098334
2025-01-14 10:10:00,Machine_A,65.01977923268046,2.8534920834599817
2025-01-14 10:20:00,Machine_A,67.28755193224191,2.738300458586001
2025-01-14 10:30:00,Machine_A,,2.418792802534016
2025-01-14 10:40:00,Machine_A,65.49191590194634,3.073019223464003
2025-01-14 10:50:00,Machine_A,65.71216386503114,
2025-01-14 11:00:00,Machine_A,66.24936945196322,
2025-01-14 11:10:00,Machine_A,65.49542254769648,2.779689789368157
2025-01-14 11:20:00,Machine_A,65.69326756714601,3.098117611361546
2025-01-14 11:30:00,Machine_A,65.1567381608709,2.985333385218051
2025-01-14 11:40:00,Machine_A,65.70198299631718,2.8198768623700388
2025-01-14 11:50:00,Machine_A,65.22211495513858,2.905064271166824
2025-01-14 12:00:00,Machine_A,65.99725751188484,2.741930575283201
2025-01-14 12:10:00,Machine_A,65.2009805067016,2.8747093638335994
2025-01-14 12:20:00,Machine_A,65.78836175844285,2.86148822820135
2025-01-14 12:30:00,Machine_A,65.44664676386034,3.020528768840858
2025-01-14 12:40:00,Machine_A,66.34766733616047,3.0172555508945043
2025-01-14 12:50:00,Machine_A,65.37592104604897,2.9282491320009862
2025-01-14 13:00:00,Machine_A,63.96231441744624,2.7694440614717823
2025-01-14 13:10:00,Machine_A,66.34754652818998,2.9627006408269247
2025-01-14 13:20:00,Machine_A,64.56433833206059,2.8063073554371103
2025-01-14 13:30:00,Machine_A,64.71056529287046,2.6210012032617147
2025-01-14 13:40:00,Machine_A,64.69554821939349,2.7352467016225233
2025-01-14 13:50:00,Machine_A,66.20408839066043,2.8143697320113783
2025-01-14 14:00:00,Machine_A,63.32254954206258,2.9535502727626515
2025-01-14 14:10:00,Machine_A,67.46206888727309,2.746491079627511
2025-01-14 14:20:00,Machine_A,65.71187760226431,2.550962651906917
2025-01-14 14:30:00,Machine_A,64.95532782232264,2.7672225061244835
2025-01-14 14:40:00,Machine_A,64.6372403504234,2.7651420866137197
2025-01-14 14:50:00,Machine_A,64.80891393872156,2.7652255747670513
2025-01-14 15:00:00,Machine_A,64.8917716768564,2.8837749244057433
2025-01-14 15:10:00,Machine_A,64.88073819541486,2.8874217766432286
2025-01-14 15:20:00,Machine_A,64.69424020670564,2.582296467330243
2025-01-14 15:30:00,Machine_A,64.20232954653471,2.5630368206051144
2025-01-14 15:40:00,Machine_A,63.849646790982796,2.470873628385986
2025-01-14 15:50:00,Machine_A,63.75953000229107,2.767571644406557
2025-01-14 16:00:00,Machine_A,63.594073375717855,2.885787619500789
2025-01-14 16:10:00,Machine_A,64.52313622381628,2.551072128932159
2025-01-14 16:20:00,Machine_A,,2.5467207161328163
2025-01-14 16:30:00,Machine_A,60.987081105546395,2.836228404806106
2025-01-14 16:40:00,Machine_A,63.72179112286365,2.644909478075252
2025-01-14 16:50:00,Machine_A,63.20825925403998,2.613840036641113
2025-01-14 17:00:00,Machine_A,62.8908996527021,2.302103599220864
2025-01-14 17:10:00,Machine_A,62.44672388631225,2.6195688787424416
2025-01-14 17:20:00,Machine_A,63.50705879782307,2.3108971386583623
2025-01-14 17:30:00,Machine_A,63.21486284246847,2.2546131530307307
2025-01-14 17:40:00,Machine_A,61.686742965357915,2.376801200418438
2025-01-14 17:50:00,Machine_A,62.47830968547831,2.314186034093637
2025-01-14 18:00:00,Machine_A,61.22267461236697,2.360112055010693
2025-01-14 18:10:00,Machine_A,60.74363761239018,2.120994581471113
2025-01-14 18:20:00,Machine_A,61.19358112071122,2.533366850927735
2025-01-14 18:30:00,Machine_A,62.23307310513603,2.5442467465139336
2025-01-14 18:40:00,Machine_A,62.15473141446662,1.9713366747045344
2025-01-14 18:50:00,Machine_A,61.652929687294474,2.4787245787478334
2025-01-14 19:00:00,Machine_A,61.674209971619575,2.1376362763359724
2025-01-14 19:10:00,Machine_A,61.36047233142701,2.4189379868799783
2025-01-14 19:20:00,Machine_A,60.2897442221818,2.233770566823494
2025-01-14 19:30:00,Machine_A,61.00614602246134,2.232972056970289
2025-01-14 19:40:00,Machine_A,,2.1765042053208656
2025-01-14 19:50:00,Machine_A,60.98731291752824,2.410396380806262
2025-01-14 20:00:00,Machine_A,61.201130697179714,1.9518741577454948
2025-01-14 20:10:00,Machine_A,60.68609444854697,2.2676264372162307
2025-01-14 20:20:00,Machine_A,60.27364103880461,2.3401300333221484
2025-01-14 20:30:00,Machine_A,60.72545518912262,2.2549985714433496
2025-01-14 20:40:00,Machine_A,59.72902635869786,2.5291913802192725
2025-01-14 20:50:00,Machine_A,58.929934552363015,2.000773989282507
2025-01-14 21:00:00,Machine_A,59.394672694692076,
2025-01-14 21:10:00,Machine_A,58.823607205319405,2.0491288840739883
2025-01-14 21:20:00,Machine_A,58.77870182910407,2.2772930943399405
2025-01-14 21:30:00,Machine_A,59.10764837240826,2.041606977639098
2025-01-14 21:40:00,Machine_A,58.499031908188556,1.961563939334709
2025-01-14 21:50:00,Machine_A,58.801760715943665,2.255566846081095
2025-01-14 22:00:00,Machine_A,57.45401935319144,1.921807419273595
2025-01-14 22:10:00,Machine_A,59.06609704977458,1.7465544884676998
2025-01-14 22:20:00,Machine_A,58.8288871256615,1.8991290568622183
2025-01-14 22:30:00,Machine_A,58.112750731355945,2.0956801407558565
2025-01-14 22:40:00,Machine_A,59.23847236199524,2.2277052959320174
2025-01-14 22:50:00,Machine_A,59.412046782482456,1.99083065971667
2025-01-14 23:00:00,Machine_A,57.33321171649308,2.2026088502720436
2025-01-14 23:10:00,Machine_A,57.97278415222726,1.716195310930063
2025-01-14 23:20:00,Machine_A,57.93785898462743,1.8770490874772838
2025-01-14 23:30:00,Machine_A,57.77802050430458,1.9019062912940472
2025-01-14 23:40:00,Machine_A,59.17689843022429,1.931091688913661
2025-01-14 23:50:00,Machine_A,58.348270313445255,1.9655652901731993
2025-01-15 00:00:00,Machine_A,58.28838812695151,2.0743639723305947
2025-01-15 00:10:00,Machine_A,56.900241332938094,1.8703630694174758
2025-01-15 00:20:00,Machine_A,59.02165298084627,1.976737549510277
2025-01-15 00:30:00,Machine_A,57.53853626930889,
2025-01-15 00:40:00,Machine_A,58.601118968670335,1.7901763284440992
2025-01-15 00:50:00,Machine_A,58.804865525446786,1.9402067927613715
2025-01-15 01:00:00,Machine_A,59.70778648465918,1.9394746627884378
2025-01-15 01:10:00,Machine_A,57.61493435308592,1.9411128704627496
2025-01-15 01:20:00,Machine_A,56.295466102592655,1.9828550228310022
2025-01-15 01:30:00,Machine_A,58.91350127201345,1.9978754476803304
2025-01-15 01:40:00,Machine_A,60.2683316905804,1.914348363594188
2025-01-15 01:50:00,Machine_A,59.886619166227774,2.2299337771846277
2025-01-15 02:00:00,Machine_A,59.13663861897417,1.7997820550404595
2025-01-15 02:10:00,Machine_A,58.65482099114926,1.89069922985962
2025-01-15 02:20:00,Machine_A,59.77866592229837,2.5317750324301933
2025-01-15 02:30:00,Machine_A,58.4444263492171,1.8561525529708827
2025-01-15 02:40:00,Machine_A,59.699930664568555,1.8116041591487035
2025-01-15 02:50:00,Machine_A,59.82390544849787,2.200431012535663
2025-01-15 03:00:00,Machine_A,60.37329419184619,1.7079203747867564
2025-01-15 03:10:00,Machine_A,61.84316230447405,2.0536351027779136
2025-01-15 03:20:00,Machine_A,60.06417613984012,2.4969940621548252
2025-01-15 03:30:00,Machine_A,59.462164097903475,1.8479688909584637
2025-01-15 03:40:00,Machine_A,,1.785136996209061
2025-01-15 03:50:00,Machine_A,58.70419064687482,1.8883625598915432
2025-01-15 04:00:00,Machine_A,59.69422949512875,2.336704722302457
2025-01-15 04:10:00,Machine_A,60.0564539031869,2.3946729336416808
2025-01-15 04:20:00,Machine_A,60.10156536555988,2.1175557987605536
2025-01-15 04:30:00,Machine_A,60.78249188434916,2.350770688155902
2025-01-15 04:40:00,Machine_A,60.144993552454395,
2025-01-15 04:50:00,Machine_A,61.84435423559462,
2025-01-15 05:00:00,Machine_A,61.094298994075736,2.239191079091493
2025-01-15 05:10:00,Machine_A,61.23502109430575,
2025-01-15 05:20:00,Machine_A,61.129915604955414,2.174100114016138
2025-01-15 05:30:00,Machine_A,61.667310874317,2.2644384584126303
2025-01-15 05:40:00,Machine_A,62.3550335121173,2.3141709323794437
2025-01-15 05:50:00,Machine_A,61.153627971652604,2.346556583504029
2025-01-15 06:00:00,Machine_A,61.47350680873979,2.6014010276275203
2025-01-15 06:10:00,Machine_A,61.90968703275734,2.6490258411181657
2025-01-15 06:20:00,Machine_A,61.22834836083823,
2025-01-15 06:30:00,Machine_A,61.801435384992985,2.656464064188351
2025-01-15 06:40:00,Machine_A,62.22679192299853,2.5425207259437146
2025-01-15 06:50:00,Machine_A,63.45704999335354,2.509008901387409
2025-01-15 07:00:00,Machine_A,63.11591572106036,2.679646518575928
2025-01-15 07:10:00,Machine_A,63.20734222735899,
2025-01-15 07:20:00,Machine_A,63.87778887137422,2.924315076374148
2025-01-15 07:30:00,Machine_A,63.229494582558296,2.3132935345412697
2025-01-15 07:40:00,Machine_A,63.79153579603556,2.4974474559467517
2025-01-15 07:50:00,Machine_A,63.53354274397662,2.5850134745040543
2025-01-15 08:00:00,Machine_A,63.9622898795197,2.7041014842824382
2025-01-15 08:10:00,Machine_A,63.41434170312462,2.870017711434627
2025-01-15 08:20:00,Machine_A,62.05646380060752,2.653717654255462
2025-01-15 08:30:00,Machine_A,64.02324167178148,2.417941306142807
2025-01-15 08:40:00,Machine_A,65.38795514278284,2.8409069257208435
2025-01-15 08:50:00,Machine_A,65.1055380484481,2.839908171332601
2025-01-15 09:00:00,Machine_A,65.24719172182586,2.368663492845653
2025-01-15 09:10:00,Machine_A,65.56937525628041,2.731090057503812
2025-01-15 09:20:00,Machine_A,64.75208162368558,2.458494469881087
2025-01-15 09:30:00,Machine_A,64.9345892569438,2.6373718055806847
2025-01-15 09:40:00,Machine_A,64.372910638664,2.6061128130767424
2025-01-15 09:50:00,Machine_A,64.69901177552346,2.925193796299356
2025-01-15 10:00:00,Machine_A,65.52370583306245,2.8107408630539905
2025-01-15 10:10:00,Machine_A,66.06764546585883,2.5677484947941145
2025-01-15 10:20:00,Machine_A,65.06052023408348,2.966250377498814
2025-01-15 10:30:00,Machine_A,64.87342695190837,2.557660741322964
2025-01-15 10:40:00,Machine_A,65.28934653983596,2.8822821616384284
2025-01-15 10:50:00,Machine_A,65.81897472676208,2.682650707364222
2025-01-15 11:00:00,Machine_A,64.22565653910492,2.768844746974587
2025-01-15 11:10:00,Machine_A,63.58009126240998,2.9301019378508792
2025-01-15 11:20:00,Machine_A,65.00639765594947,2.937024380686209
2025-01-15 11:30:00,Machine_A,64.49348707407701,3.0868046208582873
2025-01-15 11:40:00,Machine_A,65.08016928520325,2.833481948200424
2025-01-15 11:50:00,Machine_A,65.37844452048253,2.9047328550452374
2025-01-15 12:00:00,Machine_A,65.13740127278159,2.7712072819672215
2025-01-15 12:10:00,Machine_A,66.6586428031131,2.8823298785839397
2025-01-15 12:20:00,Machine_A,65.74807725500295,2.9273951027828176
2025-01-15 12:30:00,Machine_A,65.71043650249699,2.828454415076427
2025-01-15 12:40:00,Machine_A,65.94459285077745,2.518488401718844
2025-01-15 12:50:00,Machine_A,64.50596953069515,2.8989979645435313
2025-01-15 13:00:00,Machine_A,66.21202982194797,2.900287687754063
2025-01-15 13:10:00,Machine_A,65.27739789839042,2.706741402094071
2025-01-15 13:20:00,Machine_A,65.82530866654365,2.5916720128606063
2025-01-15 13:30:00,Machine_A,64.37609257735738,3.0814040367207927
2025-01-15 13:40:00,Machine_A,63.929070241815424,2.896298696127485
2025-01-15 13:50:00,Machine_A,65.7588496425438,2.7579202893642925
2025-01-15 14:00:00,Machine_A,65.33221653412356,2.58504551273645
2025-01-15 14:10:00,Machine_A,64.2302288168591,2.6315994814999564
2025-01-15 14:20:00,Machine_A,64.17130168999172,3.003084691351568
2025-01-15 14:30:00,Machine_A,,2.7817881524873043
2025-01-15 14:40:00,Machine_A,63.72962603662257,2.645614327343413
2025-01-15 14:50:00,Machine_A,65.8946090414402,2.8235188631849937
2025-01-15 15:00:00,Machine_A,63.75437714643463,2.571606377793608
2025-01-15 15:10:00,Machine_A,64.87527926714152,2.9741673388775154
2025-01-15 15:20:00,Machine_A,63.9868618533037,2.9327585206403533
2025-01-15 15:30:00,Machine_A,64.6132149463964,2.5899593102374245
2025-01-15 15:40:00,Machine_A,63.5722263255373,2.544948751892416
2025-01-15 15:50:00,Machine_A,63.750314304356046,2.1705208479914604
2025-01-15 16:00:00,Machine_A,63.78273534031658,2.3583154611207537
2025-01-15 16:10:00,Machine_A,62.81437018169744,2.3666823164633692
2025-01-15 16:20:00,Machine_A,64.07182339242854,2.614512479161044
2025-01-15 16:30:00,Machine_A,62.92882116010055,2.5134854777648457
2025-01-15 16:40:00,Machine_A,63.01419056936783,2.311748676761807
2025-01-15 16:50:00,Machine_A,62.256990798578144,2.4847080821333027
2025-01-15 17:00:00,Machine_A,60.855999730822575,
2025-01-15 17:10:00,Machine_A,62.60471643870322,2.5924089092569518
2025-01-15 17:20:00,Machine_A,64.5378609591246,2.13620102939552
2025-01-15 17:30:00,Machine_A,63.0845251030886,2.4356493600119338
2025-01-15 17:40:00,Machine_A,62.28963679582929,2.190218744381556
2025-01-15 17:50:00,Machine_A,61.942355192412066,2.5819398897996506
2025-01-15 18:00:00,Machine_A,62.01797271424964,2.5411463549436295
2025-01-15 18:10:00,Machine_A,62.285027436361496,2.218726374947196
2025-01-15 18:20:00,Machine_A,60.75030464813612,2.2228917793314817
2025-01-15 18:30:00,Machine_A,62.43461568296492,2.258235144411281
2025-01-15 18:40:00,Machine_A,61.96453643051874,1.91635550899824
2025-01-15 18:50:00,Machine_A,61.81700993178299,2.3630764449471577
2025-01-15 19:00:00,Machine_A,61.44491393318896,2.2344194113626417
2025-01-15 19:10:00,Machine_A,60.96322302789024,2.4393139050852914
2025-01-15 19:20:00,Machine_A,61.341218487133624,2.0483772762701897
2025-01-15 19:30:00,Machine_A,61.13405929371529,2.116350324750722
2025-01-15 19:40:00,Machine_A,60.23760351515473,1.9386472357696443
2025-01-15 19:50:00,Machine_A,59.92499843535987,2.011440822615269
2025-01-15 20:00:00,Machine_A,60.33148503620959,1.9622432407077204
2025-01-15 20:10:00,Machine_A,61.35866749198227,2.3374904384362893
2025-01-15 20:20:00,Machine_A,59.001196812248224,2.016203470866779
2025-01-15 20:30:00,Machine_A,58.695314785867524,2.1484089802001063
2025-01-15 20:40:00,Machine_A,59.882052039086325,2.0422081629459323
2025-01-15 20:50:00,Machine_A,59.67614443483001,1.867480658690647
2025-01-15 21:00:00,Machine_A,59.66379959734341,2.051507872295158
2025-01-15 21:10:00,Machine_A,59.61469187949137,2.1760637981708912
2025-01-15 21:20:00,Machine_A,59.140282645375734,1.8378833099386567
2025-01-15 21:30:00,Machine_A,60.415154059862346,2.1886312992005927
2025-01-15 21:40:00,Machine_A,57.85224466220731,1.8784318142039682
2025-01-15 21:50:00,Machine_A,58.3853323198307,1.9335367426910903
2025-01-15 22:00:00,Machine_A,58.88630727863523,2.105811530438811
2025-01-15 22:10:00,Machine_A,57.58091103495289,1.881426616770292
2025-01-15 22:20:00,Machine_A,58.68723922182607,1.9989249705139633
2025-01-15 22:30:00,Machine_A,60.09559776879291,1.927609861188064
2025-01-15 22:40:00,Machine_A,58.727785017886085,2.0004245618530283
2025-01-15 22:50:00,Machine_A,58.84655139695615,1.5422943331690684
2025-01-15 23:00:00,Machine_A,57.611127795850194,1.6359906514324642
2025-01-15 23:10:00,Machine_A,58.08987484864865,2.0715408578844605
2025-01-15 23:20:00,Machine_A,58.253015760198124,2.143529164161335
2025-01-15 23:30:00,Machine_A,58.27577090778668,
2025-01-15 23:40:00,Machine_A,59.538633592681904,1.9077872824679103
2025-01-15 23:50:00,Machine_A,58.94948407304359,2.0034777658105782
2025-01-16 00:00:00,Machine_A,57.61083363445037,2.0747791682985666
2025-01-16 00:10:00,Machine_A,58.7005350472091,1.585446391387411
2025-01-16 00:20:00,Machine_A,58.91189595547632,1.7922251414026065
2025-01-16 00:30:00,Machine_A,59.44206221600868,1.893985524008808
2025-01-16 00:40:00,Machine_A,59.81760541371197,2.083401746646995
2025-01-16 00:50:00,Machine_A,57.770888621617935,2.410384283865899
2025-01-16 01:00:00,Machine_A,57.97057359901999,1.92429234734417
2025-01-16 01:10:00,Machine_A,57.65592838524952,1.7175714289845798
2025-01-16 01:20:00,Machine_A,58.523859939963735,2.0495465745425747
2025-01-16 01:30:00,Machine_A,59.139508335767566,2.2220334524872487
2025-01-16 01:40:00,Machine_A,59.617790358643006,2.0116040376098177
2025-01-16 01:50:00,Machine_A,58.834701264962206,1.8376483869420275
2025-01-16 02:00:00,Machine_A,58.713033068150594,2.182727477763406
2025-01-16 02:10:00,Machine_A,59.16953633345389,2.1399120607139195
2025-01-16 02:20:00,Machine_A,58.46485352368451,1.8466870281147412
2025-01-16 02:30:00,Machine_A,60.894894286336495,2.1116476080251254
2025-01-16 02:40:00,Machine_A,58.03271562738913,2.234787802775057
2025-01-16 02:50:00,Machine_A,59.56732178428115,2.280965406096045
2025-01-16 03:00:00,Machine_A,61.1440112412308,2.0698411329103514
2025-01-16 03:10:00,Machine_A,59.64087414899319,2.0315301062606754
2025-01-16 03:20:00,Machine_A,59.59821213809592,2.331654863615684
2025-01-16 03:30:00,Machine_A,59.583378660221136,1.9082284664095164
2025-01-16 03:40:00,Machine_A,59.84816912736141,2.2208348760078103
2025-01-16 03:50:00,Machine_A,61.21773015052734,1.9116103833183318
2025-01-16 04:00:00,Machine_A,58.480510470936395,2.366767729006728
2025-01-16 04:10:00,Machine_A,61.61062681471444,2.1457649312342255
2025-01-16 04:20:00,Machine_A,59.381670361947435,2.4381667646332295
2025-01-16 04:30:00,Machine_A,60.44728612333465,2.3162467515797043
2025-01-16 04:40:00,Machine_A,60.45953396212123,2.025911294092302
2025-01-16 04:50:00,Machine_A,61.41837231755162,
2025-01-16 05:00:00,Machine_A,59.81563386063418,2.5627555776608566
2025-01-16 05:10:00,Machine_A,61.6121994840822,
2025-01-16 05:20:00,Machine_A,63.011679076795225,2.184772504343362
2025-01-16 05:30:00,Machine_A,60.45261912355557,2.286180701716643
2025-01-16 05:40:00,Machine_A,61.846719834471514,2.3869568148965907
2025-01-16 05:50:00,Machine_A,61.31774640198404,2.2537034038059405
2025-01-16 06:00:00,Machine_A,62.340709764954426,2.7046223830433767
2025-01-16 06:10:00,Machine_A,62.16798607771128,2.445607489225088
2025-01-16 06:20:00,Machine_A,61.79185557238136,1.9526174357571218
2025-01-16 06:30:00,Machine_A,62.84713950066704,2.519820832795143
2025-01-16 06:40:00,Machine_A,64.05124710966365,2.415473348523002
2025-01-16 06:50:00,Machine_A,62.60481561540152,2.4839110461708254
2025-01-16 07:00:00,Machine_A,63.48167301157737,2.4501170844547087
2025-01-16 07:10:00,Machine_A,62.017851931968025,2.6805859647661263
2025-01-16 07:20:00,Machine_A,,2.755452864636159
2025-01-16 07:30:00,Machine_A,63.71731703558212,2.623157113770848
2025-01-16 07:40:00,Machine_A,64.66645673892121,2.529102204098446
2025-01-16 07:50:00,Machine_A,63.900610825351144,2.6003461790901143
2025-01-16 08:00:00,Machine_A,63.49955357558148,
2025-01-16 08:10:00,Machine_A,63.87998175355257,2.4973474165804004
2025-01-16 08:20:00,Machine_A,63.007191340052884,2.762316553100793
2025-01-16 08:30:00,Machine_A,64.6142772626148,2.756750261348808
2025-01-16 08:40:00,Machine_A,64.95562308376162,2.9665338475187437
2025-01-16 08:50:00,Machine_A,,2.9299785538789727
2025-01-16 09:00:00,Machine_A,,2.5947765663677225
2025-01-16 09:10:00,Machine_A,64.79317326255708,2.8794285089761695
2025-01-16 09:20:00,Machine_A,64.33177976208395,2.5735483904465353
2025-01-16 09:30:00,Machine_A,64.72383059931866,2.882276781300409
2025-01-16 09:40:00,Machine_A,66.54680958634468,2.6756278641532267
2025-01-16 09:50:00,Machine_A,64.7542494997483,2.5953405704081933
2025-01-16 10:00:00,Machine_A,64.74441679162857,2.8401195933885304
2025-01-16 10:10:00,Machine_A,64.58650447161564,2.317732791862454
2025-01-16 10:20:00,Machine_A,65.76743083182822,2.4926629007735515
2025-01-16 10:30:00,Machine_A,65.08859902521502,2.783797250550708
2025-01-16 10:40:00,Machine_A,64.76942574209355,2.8377011973479305
2025-01-16 10:50:00,Machine_A,,2.762695249208228
2025-01-16 11:00:00,Machine_A,66.51642279562266,2.550368088060913
2025-01-16 11:10:00,Machine_A,64.9366971723288,2.692112671619039
2025-01-16 11:20:00,Machine_A,63.95359517445424,2.9135811677582244
2025-01-16 11:30:00,Machine_A,66.27606796667787,2.95087090633132
2025-01-16 11:40:00,Machine_A,64.9389775827131,2.845367452974016
2025-01-16 11:50:00,Machine_A,66.12916925486672,3.0578017802984943
2025-01-16 12:00:00,Machine_A,63.923916945830534,2.9215314642226624
2025-01-16 12:10:00,Machine_A,66.21074664617595,2.715029681999358
2025-01-16 12:20:00,Machine_A,64.51774389989647,2.797797244527194
2025-01-16 12:30:00,Machine_A,66.05466831006156,2.5936342793208005
2025-01-16 12:40:00,Machine_A,65.45824558981188,2.8236984705850383
2025-01-16 12:50:00,Machine_A,64.65388448940246,
2025-01-16 13:00:00,Machine_A,65.05511134167033,2.958018837078055
2025-01-16 13:10:00,Machine_A,65.88706409318415,3.081534306502144
2025-01-16 13:20:00,Machine_A,65.37363973524288,2.76834233546984
2025-01-16 13:30:00,Machine_A,65.7011087481675,3.058043752642645
2025-01-16 13:40:00,Machine_A,66.75322972224066,2.7730437434058577
2025-01-16 13:50:00,Machine_A,63.85314462675493,3.064040189792781
2025-01-16 14:00:00,Machine_A,66.32485897322044,2.785777217163415
2025-01-16 14:10:00,Machine_A,65.03535481036367,2.9068277979005686
2025-01-16 14:20:00,Machine_A,64.14800491635297,3.0341386455058204
2025-01-16 14:30:00,Machine_A,63.71248579042813,2.722192029986439
2025-01-16 14:40:00,Machine_A,64.5298592382948,2.784030017161492
2025-01-16 14:50:00,Machine_A,65.317790768375,2.9637702181016903
2025-01-16 15:00:00,Machine_A,64.3728344378509,2.6942574820265346
2025-01-16 15:10:00,Machine_A,65.5734896708527,2.466254982575938
2025-01-16 15:20:00,Machine_A,63.088816081861644,3.0749956941842265
2025-01-16 15:30:00,Machine_A,64.12099384325367,2.5893850394732394
2025-01-16 15:40:00,Machine_A,63.005602771698165,2.686685485526729
2025-01-16 15:50:00,Machine_A,64.17145413531385,2.8498660242572735
2025-01-16 16:00:00,Machine_A,64.45950991207783,2.515471097328384
2025-01-16 16:10:00,Machine_A,63.27951071137778,
2025-01-16 16:20:00,Machine_A,61.39579283079074,2.6358509312027847
2025-01-16 16:30:00,Machine_A,63.498550530715015,2.24945379294006
2025-01-16 16:40:00,Machine_A,63.54646134302665,2.502085970660325
2025-01-16 16:50:00,Machine_A,63.37590610223432,2.579424569353696
2025-01-16 17:00:00,Machine_A,63.89449241131655,2.467877228867605
2025-01-16 17:10:00,Machine_A,61.90069570506412,2.219576656498712
2025-01-16 17:20:00,Machine_A,63.15194150619462,2.765093712066841
2025-01-16 17:30:00,Machine_A,63.41084768275256,2.4773736542098748
2025-01-16 17:40:00,Machine_A,60.882175032411595,2.696827465433559
2025-01-16 17:50:00,Machine_A,62.40838931651386,2.3728221992819214
2025-01-16 18:00:00,Machine_A,61.59665613519386,2.2415978432956623
2025-01-16 18:10:00,Machine_A,61.78211400574001,2.4288238413315275
2025-01-16 18:20:00,Machine_A,61.97309608721386,2.321938233024474
2025-01-16 18:30:00,Machine_A,61.15337547593898,
2025-01-16 18:40:00,Machine_A,60.851664914836455,2.5864194866316303
2025-01-16 18:50:00,Machine_A,61.26978328520706,2.190593533606935
2025-01-16 19:00:00,Machine_A,60.224336591050935,1.952283480440663
2025-01-16 19:10:00,Machine_A,60.078869598626895,2.5037522799353966
2025-01-16 19:20:00,Machine_A,61.346428124725364,2.155317292657177
2025-01-16 19:30:00,Machine_A,59.74157275859526,2.118384154764897
2025-01-16 19:40:00,Machine_A,61.053886084634925,1.8920520165512897
2025-01-16 19:50:00,Machine_A,60.753952887960544,2.505582591631693
2025-01-16 20:00:00,Machine_A,58.86935461696752,1.942893494302256
2025-01-16 20:10:00,Machine_A,59.57739964891759,2.168736082770946
2025-01-16 20:20:00,Machine_A,60.94776999520924,2.3061622616993085
2025-01-16 20:30:00,Machine_A,59.08440257355773,2.201966404886633
2025-01-16 20:40:00,Machine_A,59.3787199562496,2.1000077994824626
2025-01-16 20:50:00,Machine_A,60.00508298794671,1.7896845520812183
2025-01-16 21:00:00,Machine_A,,1.9360514780279425
2025-01-16 21:10:00,Machine_A,59.21829821232897,2.102029259283098
2025-01-16 21:20:00,Machine_A,58.84083629333026,1.9135886679988006
2025-01-16 21:30:00,Machine_A,60.361159198339486,2.0795956996687224
2025-01-16 21:40:00,Machine_A,60.52408757602659,2.154095393656679
2025-01-16 21:50:00,Machine_A,59.83121638028034,2.19372436882822
2025-01-16 22:00:00,Machine_A,59.03716560080649,1.7895762838907194
2025-01-16 22:10:00,Machine_A,58.24884950656348,2.3962414149660116
2025-01-16 22:20:00,Machine_A,58.16356722012647,2.130307777853251
2025-01-16 22:30:00,Machine_A,,1.9839456627094894
2025-01-16 22:40:00,Machine_A,59.045794403960265,2.1732549056001362
2025-01-16 22:50:00,Machine_A,59.78326954673835,2.396600771123293
2025-01-16 23:00:00,Machine_A,59.13961968201718,1.7063637599796826
2025-01-16 23:10:00,Machine_A,57.38049973367238,1.920119521147586
2025-01-16 23:20:00,Machine_A,59.394730958635606,1.5287188123673072
2025-01-16 23:30:00,Machine_A,57.731494483340136,1.9885270882584298
2025-01-16 23:40:00,Machine_A,58.206141539117006,2.0174833494052398
2025-01-16 23:50:00,Machine_A,58.70349138946485,1.9433791195084673
2025-01-17 00:00:00,Machine_A,60.09653399182717,1.8321839572203042
2025-01-17 00:10:00,Machine_A,60.99126606926778,1.5815156873742655
2025-01-17 00:20:00,Machine_A,58.998697003987836,2.0189484488728326
2025-01-17 00:30:00,Machine_A,58.383385690215356,2.215828019486544
2025-01-17 00:40:00,Machine_A,58.980777383241715,1.8504531891124885
2025-01-17 00:50:00,Machine_A,59.2930883157793,2.039877584020196
2025-01-17 01:00:00,Machine_A,58.36272550754251,1.6830674017543101
2025-01-17 01:10:00,Machine_A,60.09815975711106,2.0531257236279505
2025-01-17 01:20:00,Machine_A,58.89513243460244,1.9063295070523028
2025-01-17 01:30:00,Machine_A,59.16461610748361,1.8470189792613965
2025-01-17 01:40:00,Machine_A,59.36066214701529,1.855296040414604
2025-01-17 01:50:00,Machine_A,59.23273137236779,1.9299950403038584
2025-01-17 02:00:00,Machine_A,59.640063487130156,2.079126565121659
2025-01-17 02:10:00,Machine_A,58.55432739041736,1.784284473169008
2025-01-17 02:20:00,Machine_A,58.6863264418317,1.95990082038774
2025-01-17 02:30:00,Machine_A,,2.0355260768290973
2025-01-17 02:40:00,Machine_A,59.67044543357976,1.8574529401807254
2025-01-17 02:50:00,Machine_A,60.04267852397426,2.391624934736947
2025-01-17 03:00:00,Machine_A,59.891344558768594,1.9281727620550122
2025-01-17 03:10:00,Machine_A,60.97502822002322,1.9754857621189243
2025-01-17 03:20:00,Machine_A,59.745766551033874,1.9346501446730076
2025-01-17 03:30:00,Machine_A,60.404328322943485,2.449783772630937
2025-01-17 03:40:00,Machine_A,59.11912177185988,2.241413544789936
2025-01-17 03:50:00,Machine_A,59.80977160880659,1.9896286151200735
2025-01-17 04:00:00,Machine_A,60.806430206052624,2.374121680594794
2025-01-17 04:10:00,Machine_A,,2.2283388890162326
2025-01-17 04:20:00,Machine_A,60.28566252577621,2.2561273980167553
2025-01-17 04:30:00,Machine_A,60.60332858523573,2.165786557860268
2025-01-17 04:40:00,Machine_A,59.58863050101551,2.1111960578511937
2025-01-17 04:50:00,Machine_A,60.661906341089754,2.3254802880529053
2025-01-17 05:00:00,Machine_A,61.80643987295701,2.185415728304659
2025-01-17 05:10:00,Machine_A,61.70262536410189,2.6296181870513724
2025-01-17 05:20:00,Machine_A,61.792763955270715,2.0933859211061225
2025-01-17 05:30:00,Machine_A,61.58297727697459,2.617771432614867
2025-01-17 05:40:00,Machine_A,61.70060542728574,2.3407425229799497
2025-01-17 05:50:00,Machine_A,61.31907523264257,2.434206707809398
2025-01-17 06:00:00,Machine_A,62.559062736162026,
2025-01-17 06:10:00,Machine_A,62.489446211290186,2.3061838512136026
2025-01-17 06:20:00,Machine_A,62.698660178011046,2.5947847934822006
2025-01-17 06:30:00,Machine_A,62.03601379863612,1.9713788925304114
2025-01-17 06:40:00,Machine_A,60.88509428593726,2.3485435639701695
2025-01-17 06:50:00,Machine_A,63.63526081818632,2.3310665209507544
2025-01-17 07:00:00,Machine_A,62.5227966930521,2.2908374880692173
2025-01-17 07:10:00,Machine_A,62.36224968703046,2.496625738922712
2025-01-17 07:20:00,Machine_A,63.75185363117104,2.623344058769256
2025-01-17 07:30:00,Machine_A,63.02578190134251,2.698686344294165
2025-01-17 07:40:00,Machine_A,64.32711302332974,2.633536034079388
2025-01-17 07:50:00,Machine_A,64.10972490598397,2.4879620522749266
2025-01-17 08:00:00,Machine_A,64.29685545856039,2.69142295880853
2025-01-17 08:10:00,Machine_A,62.78778406025346,2.664156248829224
2025-01-17 08:20:00,Machine_A,64.97707271553777,2.8265995065864535
2025-01-17 08:30:00,Machine_A,64.3396654265176,2.8137912495815973
2025-01-17 08:40:00,Machine_A,63.95433492250593,2.694740178864656
2025-01-17 08:50:00,Machine_A,64.47927650052861,2.542510052318021
2025-01-17 09:00:00,Machine_A,63.05388554783427,2.6006670234841716
2025-01-17 09:10:00,Machine_A,64.90739292801997,2.6328127168297097
2025-01-17 09:20:00,Machine_A,63.85765834437077,2.6879720592986143
2025-01-17 09:30:00,Machine_A,63.694600462344496,2.8052580800972113
2025-01-17 09:40:00,Machine_A,63.64914480603716,2.897349810153097
2025-01-17 09:50:00,Machine_A,65.84202076033704,2.7703247858730307
2025-01-17 10:00:00,Machine_A,64.52767819829131,2.7926138935250826
2025-01-17 10:10:00,Machine_A,66.33152008405698,2.8249500098302
2025-01-17 10:20:00,Machine_A,64.74343608418644,2.714975547802671
2025-01-17 10:30:00,Machine_A,63.86769199771515,2.649175183254347
2025-01-17 10:40:00,Machine_A,64.39570462079176,2.506882857837731
2025-01-17 10:50:00,Machine_A,66.32665862362434,2.704045743382865
2025-01-17 11:00:00,Machine_A,65.25602184966242,2.919832803418282
2025-01-17 11:10:00,Machine_A,64.97840618772729,2.712809144356848
2025-01-17 11:20:00,Machine_A,65.57484171622497,2.8003582221188243
2025-01-17 11:30:00,Machine_A,65.87148320374237,2.9301078193524317
2025-01-17 11:40:00,Machine_A,66.38060049604307,2.942011723497366
2025-01-17 11:50:00,Machine_A,66.65546815945085,2.6552557863219493
2025-01-17 12:00:00,Machine_A,65.21218508336874,3.0294706841616557
2025-01-17 12:10:00,Machine_A,64.43583062667088,3.0524947157958233
2025-01-17 12:20:00,Machine_A,65.15590931442249,2.6449146398419447
2025-01-17 12:30:00,Machine_A,65.67828142007464,2.6978595510828067
2025-01-17 12:40:00,Machine_A,64.67581999457424,3.057559811821808
2025-01-17 12:50:00,Machine_A,64.65131529300373,2.8128995693780157
2025-01-17 13:00:00,Machine_A,65.65577069725165,2.4351065912887475
2025-01-17 13:10:00,Machine_A,65.29908744636244,2.5772299569848185
2025-01-17 13:20:00,Machine_A,65.31516176907995,2.777975146822612
2025-01-17 13:30:00,Machine_A,64.62678209602944,2.6063981125788507
2025-01-17 13:40:00,Machine_A,64.98775668326367,2.733422225451933
2025-01-17 13:50:00,Machine_A,64.36515140070914,2.804986193393244
2025-01-17 14:00:00,Machine_A,65.74324764214536,3.0529172604292487
2025-01-17 14:10:00,Machine_A,65.7800695281241,2.727244445694797
2025-01-17 14:20:00,Machine_A,63.390081865221,2.961675943853143
2025-01-17 14:30:00,Machine_A,64.0331280028654,3.0141858322976747
2025-01-17 14:40:00,Machine_A,,3.002895739886914
2025-01-17 14:50:00,Machine_A,64.06045153130992,2.783030628373958
2025-01-17 15:00:00,Machine_A,64.40812335832064,2.3648060049229307
2025-01-17 15:10:00,Machine_A,63.20484955089599,2.786964069199743
2025-01-17 15:20:00,Machine_A,63.51226878340264,2.87796640416538
2025-01-17 15:30:00,Machine_A,63.32749910386532,2.6593505640755493
2025-01-17 15:40:00,Machine_A,64.17333139074782,2.9721344929715157
2025-01-17 15:50:00,Machine_A,63.936024098842886,2.796554864820213
2025-01-17 16:00:00,Machine_A,63.172609957330195,2.7272892078875013
2025-01-17 16:10:00,Machine_A,63.75757684403414,2.8033354039728158
2025-01-17 16:20:00,Machine_A,63.041819848422634,2.6501847910102727
2025-01-17 16:30:00,Machine_A,63.12206792501697,2.1235016546731265
2025-01-17 16:40:00,Machine_A,64.53583217387867,2.464064053231885
2025-01-17 16:50:00,Machine_A,64.12483913969723,2.7508078546815367
2025-01-17 17:00:00,Machine_A,61.86620166831675,2.3711021290784413
2025-01-17 17:10:00,Machine_A,63.4213245830867,2.457172775329497
2025-01-17 17:20:00,Machine_A,63.256885865427535,2.290071143447566
2025-01-17 17:30:00,Machine_A,61.538231041768086,2.7798428536353414
2025-01-17 17:40:00,Machine_A,62.96006721462069,2.741888726571689
2025-01-17 17:50:00,Machine_A,63.38301339050872,2.26053232318907
2025-01-17 18:00:00,Machine_A,61.10196415500447,2.426513640070035
2025-01-17 18:10:00,Machine_A,61.11332988740992,2.25788234708807
2025-01-17 18:20:00,Machine_A,62.509084073858,2.471469950789202
2025-01-17 18:30:00,Machine_A,61.76035457589034,2.4330061674045957
2025-01-17 18:40:00,Machine_A,61.83341239835737,2.4679653229402687
2025-01-17 18:50:00,Machine_A,61.51493272433704,2.362347494315274
2025-01-17 19:00:00,Machine_A,61.40669007888369,2.8119045468537895
2025-01-17 19:10:00,Machine_A,59.88635199908617,2.0796561125211435
2025-01-17 19:20:00,Machine_A,61.640783663657324,1.9381823317048765
2025-01-17 19:30:00,Machine_A,61.596279980664406,2.1570362193094463
2025-01-17 19:40:00,Machine_A,60.33732348865313,1.9275838944158368
2025-01-17 19:50:00,Machine_A,60.349098293826295,1.923569915443156
2025-01-17 20:00:00,Machine_A,59.02511399795542,1.994763362244366
2025-01-17 20:10:00,Machine_A,60.53085517560039,1.992221173266236
2025-01-17 20:20:00,Machine_A,60.450128426142655,1.9700593452910184
2025-01-17 20:30:00,Machine_A,59.81958218487003,2.21933676802625
2025-01-17 20:40:00,Machine_A,60.64972605399351,2.0196315446456965
2025-01-17 20:50:00,Machine_A,59.368172488561235,2.0636717830959066
2025-01-17 21:00:00,Machine_A,59.97681100656197,2.242763847876222
2025-01-17 21:10:00,Machine_A,58.603797850210874,1.9302871439747873
2025-01-17 21:20:00,Machine_A,59.300002728384186,2.00766173882961
2025-01-17 21:30:00,Machine_A,59.08377990265841,2.108827794365669
2025-01-17 21:40:00,Machine_A,59.31321418262128,1.6818993759583136
2025-01-17 21:50:00,Machine_A,58.75250839658821,1.5911908577730967
2025-01-17 22:00:00,Machine_A,58.86373301021713,2.0725896874805927
2025-01-17 22:10:00,Machine_A,59.55629982102943,2.0894076955718415
2025-01-17 22:20:00,Machine_A,58.47851135558115,2.3637211201069412
2025-01-17 22:30:00,Machine_A,57.48115995561955,2.0127112880259466
2025-01-17 22:40:00,Machine_A,60.110742950613655,2.1246914697527983
2025-01-17 22:50:00,Machine_A,59.767153935333596,1.9356422963178226
2025-01-17 23:00:00,Machine_A,57.58544945190377,2.018834278055235
2025-01-17 23:10:00,Machine_A,59.13473021927639,2.260773028310946
2025-01-17 23:20:00,Machine_A,58.1507930480162,1.5745178038818919
2025-01-17 23:30:00,Machine_A,58.74073275745651,2.028300738744688
2025-01-17 23:40:00,Machine_A,58.74869785988968,
2025-01-17 23:50:00,Machine_A,58.31580498421044,2.0011944597458458
2025-01-18 00:00:00,Machine_A,57.87298746753088,2.2471031333819127
2025-01-18 00:10:00,Machine_A,,1.8371701133728644
2025-01-18 00:20:00,Machine_A,57.78036502429389,1.945943836909246
2025-01-18 00:30:00,Machine_A,57.864485218607314,1.9598842588117311
2025-01-18 00:40:00,Machine_A,58.49943023241779,1.5576701168599276
2025-01-18 00:50:00,Machine_A,58.010355983791634,1.7503947877829937
2025-01-18 01:00:00,Machine_A,59.16490126055836,1.7678958638808018
2025-01-18 01:10:00,Machine_A,59.85178759664995,2.1187992662091526
2025-01-18 01:20:00,Machine_A,58.247033234153285,2.134125879669471
2025-01-18 01:30:00,Machine_A,58.9579452366388,2.042580770057097
2025-01-18 01:40:00,Machine_A,59.22767083361407,2.1405000172675344
2025-01-18 01:50:00,Machine_A,59.273063900611646,1.971298230779881
2025-01-18 02:00:00,Machine_A,59.02967530108734,2.2266362688141204
2025-01-18 02:10:00,Machine_A,59.64227587434268,2.022055769057974
2025-01-18 02:20:00,Machine_A,59.51876700713305,2.0417971086067697
2025-01-18 02:30:00,Machine_A,58.23313337111884,1.9951843228817099
2025-01-18 02:40:00,Machine_A,60.01416930059499,2.178481086571017
2025-01-18 02:50:00,Machine_A,60.12936199097796,1.9924094114451196
2025-01-18 03:00:00,Machine_A,58.91449738250422,2.257559596361706
2025-01-18 03:10:00,Machine_A,59.665784541703275,1.8921975612440716
2025-01-18 03:20:00,Machine_A,60.29690656034597,1.9129406497899821
2025-01-18 03:30:00,Machine_A,59.701883942805985,2.2497941728688464
2025-01-18 03:40:00,Machine_A,60.85086491098414,2.125952645017087
2025-01-18 03:50:00,Machine_A,62.010549366481605,2.0765147213363657
2025-01-18 04:00:00,Machine_A,59.621211173892014,2.3352103918455827
2025-01-18 04:10:00,Machine_A,59.27904417115437,
2025-01-18 04:20:00,Machine_A,60.76389096039146,2.1737855564426183
2025-01-18 04:30:00,Machine_A,61.2378579908231,2.4796534864485182
2025-01-18 04:40:00,Machine_A,60.61823639928434,2.5231365577493663
2025-01-18 04:50:00,Machine_A,62.11013823239187,2.547714068071736
2025-01-18 05:00:00,Machine_A,60.02324870236258,2.232748789855761
2025-01-18 05:10:00,Machine_A,61.79679624964193,2.5241286966250582
2025-01-18 05:20:00,Machine_A,60.907542721558634,2.1510468110515193
2025-01-18 05:30:00,Machine_A,62.918660652195655,2.1780206960510053
2025-01-18 05:40:00,Machine_A,63.28896718291769,
2025-01-18 05:50:00,Machine_A,61.234006873994645,2.681487552027334
2025-01-18 06:00:00,Machine_A,61.560354291273136,2.244483627166306
2025-01-18 06:10:00,Machine_A,62.84033816536252,2.3968528599599304
2025-01-18 06:20:00,Machine_A,61.99534057978519,2.275361702689355
2025-01-18 06:30:00,Machine_A,62.42051269842439,2.5838665311984483
2025-01-18 06:40:00,Machine_A,62.62807935826818,2.410527621020997
2025-01-18 06:50:00,Machine_A,61.22180012382523,2.2625307859942154
2025-01-18 07:00:00,Machine_A,62.894796460983436,2.5959678318496255
2025-01-18 07:10:00,Machine_A,62.50068807901362,2.277246205311082
2025-01-18 07:20:00,Machine_A,62.80257224372002,2.4031760339397623
2025-01-18 07:30:00,Machine_A,64.49429761605286,2.1929675039315955
2025-01-18 07:40:00,Machine_A,62.47395840066904,2.3338657575877457
2025-01-18 07:50:00,Machine_A,64.26668429572099,2.6399221265054513
2025-01-18 08:00:00,Machine_A,63.52682965573455,2.2713835131414735
2025-01-18 08:10:00,Machine_A,63.656740494417214,2.3751785933241623
2025-01-18 08:20:00,Machine_A,64.63981504407002,2.657682991454065
2025-01-18 08:30:00,Machine_A,64.40270603718562,2.576093401757175
2025-01-18 08:40:00,Machine_A,64.70624703167852,3.0478210188316184
2025-01-18 08:50:00,Machine_A,65.1391134550811,3.034116971711435
2025-01-18 09:00:00,Machine_A,64.20982702760627,2.5619720082387385
2025-01-18 09:10:00,Machine_A,64.09068129122925,2.8320595728771827
2025-01-18 09:20:00,Machine_A,63.81303512967019,2.8795908596418416
2025-01-18 09:30:00,Machine_A,64.11640826703616,2.649462808686663
2025-01-18 09:40:00,Machine_A,67.22630769525846,2.4994209433603696
2025-01-18 09:50:00,Machine_A,65.94761372493453,2.7773124297403484
2025-01-18 10:00:00,Machine_A,63.95022942027912,2.7585992102364574
2025-01-18 10:10:00,Machine_A,64.04657155072891,2.7207172654754883
2025-01-18 10:20:00,Machine_A,65.55757010400308,2.8874555404360995
2025-01-18 10:30:00,Machine_A,65.67139020169188,2.680614460369071
2025-01-18 10:40:00,Machine_A,65.72803124100457,2.615502120789413
2025-01-18 10:50:00,Machine_A,65.13404469277583,2.8488075624996716
2025-01-18 11:00:00,Machine_A,65.28037698400942,2.9041412384924783
2025-01-18 11:10:00,Machine_A,65.67933964424725,2.6275371133019605
2025-01-18 11:20:00,Machine_A,65.5155415405774,3.010219798833888
2025-01-18 11:30:00,Machine_A,63.694616716610305,2.5274635828185206
2025-01-18 11:40:00,Machine_A,65.30284173886095,2.7442271915724694
2025-01-18 11:50:00,Machine_A,64.81554362812825,2.8031301631962666
2025-01-18 12:00:00,Machine_A,65.64016913512681,2.735479731722653
2025-01-18 12:10:00,Machine_A,67.88487597761923,2.7478608144726215
2025-01-18 12:20:00,Machine_A,65.78066677570055,3.185081020956746
2025-01-18 12:30:00,Machine_A,65.21923326587041,2.6929910515912128
2025-01-18 12:40:00,Machine_A,66.18426833712454,3.282583398900438
2025-01-18 12:50:00,Machine_A,65.80318633468714,2.9180160235555594
2025-01-18 13:00:00,Machine_A,65.71681598437321,2.851236546546239
2025-01-18 13:10:00,Machine_A,65.82348980219133,2.914895891446482
2025-01-18 13:20:00,Machine_A,66.93415902461432,3.27824867421901
2025-01-18 13:30:00,Machine_A,64.32886761552878,
2025-01-18 13:40:00,Machine_A,65.55098291607744,2.6061632787579425
2025-01-18 13:50:00,Machine_A,64.36343301213854,
2025-01-18 14:00:00,Machine_A,65.47549903031934,2.7954971981566183
2025-01-18 14:10:00,Machine_A,64.21692085115623,2.4688873481495355
2025-01-18 14:20:00,Machine_A,64.53313870412741,2.7726394830073957
2025-01-18 14:30:00,Machine_A,64.540664759629,3.061847487145517
2025-01-18 14:40:00,Machine_A,65.4618089263922,2.7719733297160003
2025-01-18 14:50:00,Machine_A,65.31523423398937,2.679091418949006
2025-01-18 15:00:00,Machine_A,63.478299832995816,2.606929170770893
2025-01-18 15:10:00,Machine_A,64.4085130154547,2.8657477002463287
2025-01-18 15:20:00,Machine_A,63.68209275010355,2.5406045251760943
2025-01-18 15:30:00,Machine_A,63.12386107299025,3.006293908761789
2025-01-18 15:40:00,Machine_A,63.83390388688916,3.006114150946555
2025-01-18 15:50:00,Machine_A,63.63376239844923,2.6879999675151924
2025-01-18 16:00:00,Machine_A,65.69137318907642,2.6229272841462037
2025-01-18 16:10:00,Machine_A,63.96248800661118,2.793305641439246
2025-01-18 16:20:00,Machine_A,62.37706991548906,2.787241948184233
2025-01-18 16:30:00,Machine_A,,2.4271290329735953
2025-01-18 16:40:00,Machine_A,64.01417713798337,2.459129140531944
2025-01-18 16:50:00,Machine_A,64.72322451656089,2.29729507153393
2025-01-18 17:00:00,Machine_A,61.63708000806846,2.590100259196265
2025-01-18 17:10:00,Machine_A,61.25359914067212,2.6173908452943864
2025-01-18 17:20:00,Machine_A,64.10454076213169,2.2351550651350895
2025-01-18 17:30:00,Machine_A,62.76853301466691,2.3768009836321147
2025-01-18 17:40:00,Machine_A,61.61041091411571,2.1967143790718033
2025-01-18 17:50:00,Machine_A,62.58037112467663,2.2578447584705104
2025-01-18 18:00:00,Machine_A,59.8914018087865,2.4991830708407337
2025-01-18 18:10:00,Machine_A,61.850032549499055,2.248344503683508
2025-01-18 18:20:00,Machine_A,61.95721183865766,2.30663124367774
2025-01-18 18:30:00,Machine_A,62.28257443886008,2.04834710247046
2025-01-18 18:40:00,Machine_A,60.58111461633172,2.3555165578003208
2025-01-18 18:50:00,Machine_A,61.31101108033933,2.2946329761558175
2025-01-18 19:00:00,Machine_A,60.35379364129351,2.1523187646978963
2025-01-18 19:10:00,Machine_A,61.151836706274494,2.230659816640231
2025-01-18 19:20:00,Machine_A,60.08665244046975,2.278544013994069
2025-01-18 19:30:00,Machine_A,60.33412731539401,2.0811161886320275
2025-01-18 19:40:00,Machine_A,,1.9440945242963648
2025-01-18 19:50:00,Machine_A,60.90478884713631,2.5172165219278613
2025-01-18 20:00:00,Machine_A,60.936760893325335,2.061010913152151
2025-01-18 20:10:00,Machine_A,59.93175491482018,2.140798357670289
2025-01-18 20:20:00,Machine_A,60.02307286873936,2.323841755945686
2025-01-18 20:30:00,Machine_A,58.71046186676264,2.7612872907087627
2025-01-18 20:40:00,Machine_A,59.51050204769168,1.8867380146610613
2025-01-18 20:50:00,Machine_A,59.595270579711794,2.176953305043725
2025-01-18 21:00:00,Machine_A,61.621760738671064,1.9544425371131147
2025-01-18 21:10:00,Machine_A,58.52995570054524,1.971242943611636
2025-01-18 21:20:00,Machine_A,60.49018624008553,1.9256418368152377
2025-01-18 21:30:00,Machine_A,60.020750327753326,1.8403731026648391
2025-01-18 21:40:00,Machine_A,59.357476968580634,2.0239491349487144
2025-01-18 21:50:00,Machine_A,60.455026327011005,1.7550633657155192
2025-01-18 22:00:00,Machine_A,59.26659546483996,2.180713930269139
2025-01-18 22:10:00,Machine_A,59.20678944041057,2.0107456535558073
2025-01-18 22:20:00,Machine_A,58.78542622295769,2.0681997909557666
2025-01-18 22:30:00,Machine_A,59.7452767421454,1.9003402602196007
2025-01-18 22:40:00,Machine_A,59.588251214298026,1.9110416124882263
2025-01-18 22:50:00,Machine_A,58.16144884238424,2.022588875093417
2025-01-18 23:00:00,Machine_A,57.563861852309245,1.7558042643368705
2025-01-18 23:10:00,Machine_A,58.420579465163705,1.8962285186016294
2025-01-18 23:20:00,Machine_A,57.913142012939154,1.8021060786463845
2025-01-18 23:30:00,Machine_A,58.47912332549938,1.7935474264754028
2025-01-18 23:40:00,Machine_A,59.5032690644262,1.571941502546099
2025-01-18 23:50:00,Machine_A,58.137489900394066,2.191507086394564
2025-01-19 00:00:00,Machine_A,58.46574129495074,1.8264230244323216
2025-01-19 00:10:00,Machine_A,58.54974941231021,2.1598359902176028
2025-01-19 00:20:00,Machine_A,59.19206326244312,2.144095003709687
2025-01-19 00:30:00,Machine_A,56.732431518003985,1.7223698652088164
2025-01-19 00:40:00,Machine_A,58.06781262864504,1.760922488723394
2025-01-19 00:50:00,Machine_A,58.75199092890381,2.421557329480053
2025-01-19 01:00:00,Machine_A,,2.280500047716805
2025-01-19 01:10:00,Machine_A,58.26846871437624,1.965154039764239
2025-01-19 01:20:00,Machine_A,57.20983366241582,2.023465479801464
2025-01-19 01:30:00,Machine_A,59.262190792983404,1.870701857839427
2025-01-19 01:40:00,Machine_A,58.31963283431122,2.069984984389569
2025-01-19 01:50:00,Machine_A,57.94372875660394,1.8717523829397553
2025-01-19 02:00:00,Machine_A,58.46943477498389,1.6444648907232933
2025-01-19 02:10:00,Machine_A,58.90050965353022,1.782593807812212
2025-01-19 02:20:00,Machine_A,58.649172113357956,2.035178274683059
2025-01-19 02:30:00,Machine_A,57.45881046330142,1.839398894478478
2025-01-19 02:40:00,Machine_A,60.036497406593284,2.043170056912024
2025-01-19 02:50:00,Machine_A,60.439429354187546,1.8747862113375287
2025-01-19 03:00:00,Machine_A,60.04634385891869,1.940978242415695
2025-01-19 03:10:00,Machine_A,58.725285737005336,2.2495541617273274
2025-01-19 03:20:00,Machine_A,59.58905013893909,
2025-01-19 03:30:00,Machine_A,59.86411794628591,2.124317761109673
2025-01-19 03:40:00,Machine_A,60.47151798442086,2.3001041187947466
2025-01-19 03:50:00,Machine_A,60.65412376176058,2.2447247230464513
2025-01-19 04:00:00,Machine_A,59.662660960977206,2.435381392425246
2025-01-19 04:10:00,Machine_A,60.449476298808236,2.1094384568275095
2025-01-19 04:20:00,Machine_A,60.88666040759975,2.1324874860817333
2025-01-19 04:30:00,Machine_A,61.8252658444396,1.9935927874852675
2025-01-19 04:40:00,Machine_A,61.36653473021994,2.1688744063764136
2025-01-19 04:50:00,Machine_A,61.57877505163546,2.4383409711975172
2025-01-19 05:00:00,Machine_A,61.16119464448467,2.5175291567110496
2025-01-19 05:10:00,Machine_A,62.37082866737944,2.475457103983454
2025-01-19 05:20:00,Machine_A,61.72004161493334,1.998903784070983
2025-01-19 05:30:00,Machine_A,60.854287999090964,2.536229351779909
2025-01-19 05:40:00,Machine_A,62.81765087648335,2.0298465635745813
2025-01-19 05:50:00,Machine_A,62.405654762252546,2.542032394027621
2025-01-19 06:00:00,Machine_A,61.645564783097214,2.33379878521721
2025-01-19 06:10:00,Machine_A,61.76907348185928,2.5460847208224955
2025-01-19 06:20:00,Machine_A,62.54230553572941,2.199379381615424
2025-01-19 06:30:00,Machine_A,62.82738950898425,2.6695469603861297
2025-01-19 06:40:00,Machine_A,62.76560243433922,2.2144462256512383
2025-01-19 06:50:00,Machine_A,63.006585587537664,2.3770759423185743
2025-01-19 07:00:00,Machine_A,64.26583255751993,2.336811537297708
2025-01-19 07:10:00,Machine_A,63.909704820052866,2.219546336268873
2025-01-19 07:20:00,Machine_A,63.34957897465186,2.570924026662475
2025-01-19 07:30:00,Machine_A,64.0924404778918,2.897303585774943
2025-01-19 07:40:00,Machine_A,62.653144793270414,3.0702211578009164
2025-01-19 07:50:00,Machine_A,63.93446178628006,2.6252749176312897
2025-01-19 08:00:00,Machine_A,65.19744507978649,2.826002629512154
2025-01-19 08:10:00,Machine_A,63.706111912899985,2.6835618585832077
2025-01-19 08:20:00,Machine_A,63.329410384333386,2.7479083714162487
2025-01-19 08:30:00,Machine_A,63.608993890656066,2.612355885851021
2025-01-19 08:40:00,Machine_A,63.37805020402898,2.724368270935011
2025-01-19 08:50:00,Machine_A,63.736756200152655,2.8007617602562043
2025-01-19 09:00:00,Machine_A,64.17846725528089,2.6140753003362063
2025-01-19 09:10:00,Machine_A,63.456017063492524,
2025-01-19 09:20:00,Machine_A,64.69365021807612,2.7342025779839925
2025-01-19 09:30:00,Machine_A,65.49855843004865,2.90576160025055
2025-01-19 09:40:00,Machine_A,64.14082721089393,2.576732629037064
2025-01-19 09:50:00,Machine_A,84.16729719925851,
2025-01-19 10:00:00,Machine_A,65.43972258406761,3.133872416132483
2025-01-19 10:10:00,Machine_A,65.92900238462302,3.008685702395668
2025-01-19 10:20:00,Machine_A,64.64580961154657,3.0506907329664594
2025-01-19 10:30:00,Machine_A,65.9171985454428,2.820143520862125
2025-01-19 10:40:00,Machine_A,64.41537705243444,2.880641240817143
2025-01-19 10:50:00,Machine_A,66.050207328288,3.0095751378432287
2025-01-19 11:00:00,Machine_A,65.51821186384657,3.115512617145648
2025-01-19 11:10:00,Machine_A,65.8596370009076,2.4880446788850503
2025-01-19 11:20:00,Machine_A,64.50635145104285,2.6063840535865213
2025-01-19 11:30:00,Machine_A,64.75400114098704,3.081850125870691
2025-01-19 11:40:00,Machine_A,65.96446401792382,2.7984475301029006
2025-01-19 11:50:00,Machine_A,64.73799037215714,2.7286619576453823
2025-01-19 12:00:00,Machine_A,65.8705650336793,2.6242510223407916
2025-01-19 12:10:00,Machine_A,64.40295853036831,2.7496686934338963
2025-01-19 12:20:00,Machine_A,66.16522081345444,2.595861143124997
2025-01-19 12:30:00,Machine_A,64.48403836299353,3.2225471567100605
2025-01-19 12:40:00,Machine_A,65.88866708568635,2.83912499949899
2025-01-19 12:50:00,Machine_A,65.91754077183657,2.828902105686681
2025-01-19 13:00:00,Machine_A,64.82332293726809,2.94052042336029
2025-01-19 13:10:00,Machine_A,65.80363058128657,3.0023947583046846
2025-01-19 13:20:00,Machine_A,65.49727798341753,2.9931215475334936
2025-01-19 13:30:00,Machine_A,64.80250487883531,3.0089977395334415
2025-01-19 13:40:00,Machine_A,64.36523350736731,2.6942863050241384
2025-01-19 13:50:00,Machine_A,63.53443736278571,2.745538850037965
2025-01-19 14:00:00,Machine_A,65.31080895108529,2.928137129682607
2025-01-19 14:10:00,Machine_A,63.700027843255455,2.684596119520667
2025-01-19 14:20:00,Machine_A,64.94330751456452,2.7676992261651456
2025-01-19 14:30:00,Machine_A,64.56597811815352,2.8287864807275223
2025-01-19 14:40:00,Machine_A,65.22446977126698,2.886053314219408
2025-01-19 14:50:00,Machine_A,64.33883427924354,2.4117922283379194
2025-01-19 15:00:00,Machine_A,64.21131550507525,2.846852268513956
2025-01-19 15:10:00,Machine_A,64.95006229008546,2.6619452630137364
2025-01-19 15:20:00,Machine_A,64.51780305717018,2.8165968123145313
2025-01-19 15:30:00,Machine_A,64.38358976727675,2.8137903476777932
2025-01-19 15:40:00,Machine_A,64.38293159907548,2.9475341073594192
2025-01-19 15:50:00,Machine_A,62.6520909306482,2.8854064803278874
2025-01-19 16:00:00,Machine_A,64.35543094398959,2.8673828992698533
2025-01-19 16:10:00,Machine_A,64.1060951815335,2.867647533405688
2025-01-19 16:20:00,Machine_A,62.665817413231245,2.642626435050185
2025-01-19 16:30:00,Machine_A,63.14412763433845,2.5780008602309215
2025-01-19 16:40:00,Machine_A,63.165624671537735,
2025-01-19 16:50:00,Machine_A,62.94487287074357,2.6670921810348673
2025-01-19 17:00:00,Machine_A,63.17295463111365,2.4608366476832475
2025-01-19 17:10:00,Machine_A,63.90263207424831,2.5702660398576342
2025-01-19 17:20:00,Machine_A,63.473182003972525,
2025-01-19 17:30:00,Machine_A,61.40706631802506,2.3050288629762132
2025-01-19 17:40:00,Machine_A,62.80270109186164,2.6715030176841887
2025-01-19 17:50:00,Machine_A,63.21581451140701,2.4295645879698173
2025-01-19 18:00:00,Machine_A,62.309446816551365,2.768767486385793
2025-01-19 18:10:00,Machine_A,62.7201164843701,2.0877826670496287
2025-01-19 18:20:00,Machine_A,63.30477125694381,2.260559736651748
2025-01-19 18:30:00,Machine_A,62.36212596411541,2.3471382041053332
2025-01-19 18:40:00,Machine_A,61.59167825467913,2.5265869176230855
2025-01-19 18:50:00,Machine_A,62.07853213048444,2.3745066607962473
2025-01-19 19:00:00,Machine_A,61.21004360861869,2.3394165254564006
2025-01-19 19:10:00,Machine_A,60.96665213636301,2.06177490756333
2025-01-19 19:20:00,Machine_A,,2.0378414840021444
2025-01-19 19:30:00,Machine_A,61.91133867378787,2.2858432942878926
2025-01-19 19:40:00,Machine_A,59.866093151153954,1.9642827033293806
2025-01-19 19:50:00,Machine_A,61.609774033419875,2.0964751289921555
2025-01-19 20:00:00,Machine_A,60.649891298992294,2.265165119235454
2025-01-19 20:10:00,Machine_A,59.000006430944566,1.9813968072341093
2025-01-19 20:20:00,Machine_A,60.28660190716448,2.4308546768671544
2025-01-19 20:30:00,Machine_A,58.18931379234818,2.346365898908896
2025-01-19 20:40:00,Machine_A,60.25064977956194,1.827889975940163
2025-01-19 20:50:00,Machine_A,60.34361945973638,1.9281575828001956
2025-01-19 21:00:00,Machine_A,59.05124150132544,1.6703620444569627
2025-01-19 21:10:00,Machine_A,,1.92735875317678
2025-01-19 21:20:00,Machine_A,,2.193229926379492
2025-01-19 21:30:00,Machine_A,58.81866594557113,1.9684899072594702
2025-01-19 21:40:00,Machine_A,58.28584177534325,2.1143250839208276
2025-01-19 21:50:00,Machine_A,60.23346066162498,1.7464536720934878
2025-01-19 22:00:00,Machine_A,60.538980839179104,2.1539241141217453
2025-01-19 22:10:00,Machine_A,58.8984186213545,1.900925464042697
2025-01-19 22:20:00,Machine_A,59.63709317369841,1.9943520386444304
2025-01-19 22:30:00,Machine_A,59.8396023686352,1.9675368001191713
2025-01-19 22:40:00,Machine_A,58.11708844121861,1.74825958688573
2025-01-19 22:50:00,Machine_A,58.27374600408692,1.763272192450137
2025-01-19 23:00:00,Machine_A,59.60395921851205,2.139536382590536
2025-01-19 23:10:00,Machine_A,59.93097539804704,2.032485385146335
2025-01-19 23:20:00,Machine_A,59.003477552596756,
2025-01-19 23:30:00,Machine_A,57.82609150239002,2.0122882947722385
2025-01-19 23:40:00,Machine_A,60.10296744603844,1.9774507001243733
2025-01-19 23:50:00,Machine_A,58.07855450621392,1.639746388928146
2025-01-20 00:00:00,Machine_A,58.23188977506284,1.9013339945829895
2025-01-20 00:10:00,Machine_A,58.77720149205519,1.94549912261549
2025-01-20 00:20:00,Machine_A,59.75664689325071,2.303271681547778
2025-01-20 00:30:00,Machine_A,59.21312376643345,2.077502006159547
2025-01-20 00:40:00,Machine_A,58.8850652647468,2.233327523852221
2025-01-20 00:50:00,Machine_A,58.95359479917472,2.068223583857081
2025-01-20 01:00:00,Machine_A,58.65407134290304,1.837298797319013
2025-01-20 01:10:00,Machine_A,59.10850228399601,1.9919097310702711
2025-01-20 01:20:00,Machine_A,56.68742776509387,2.019658576973903
2025-01-20 01:30:00,Machine_A,58.52913566895466,1.8152062078111983
2025-01-20 01:40:00,Machine_A,59.02098029330515,1.9229717680467817
2025-01-20 01:50:00,Machine_A,,1.9638070662079092
2025-01-20 02:00:00,Machine_A,59.277969741003716,2.2993001381587237
2025-01-20 02:10:00,Machine_A,58.884552962866,1.645940554813825
2025-01-20 02:20:00,Machine_A,60.53734840364092,2.2484288957988414
2025-01-20 02:30:00,Machine_A,60.481679089152564,1.874367854576255
2025-01-20 02:40:00,Machine_A,58.94619999378905,1.8083057468879296
2025-01-20 02:50:00,Machine_A,59.29885915191121,2.2806147818423677
2025-01-20 03:00:00,Machine_A,59.46596821336037,2.2135436009282423
2025-01-20 03:10:00,Machine_A,59.27410669241749,2.321797773001567
2025-01-20 03:20:00,Machine_A,59.90626335331961,2.254871926199261
2025-01-20 03:30:00,Machine_A,59.262709343359404,2.496829457258808
2025-01-20 03:40:00,Machine_A,59.08799020482132,2.2424608942920368
2025-01-20 03:50:00,Machine_A,60.61762034990633,2.1300492485417606
2025-01-20 04:00:00,Machine_A,60.75362366737745,2.2367267479178414
2025-01-20 04:10:00,Machine_A,59.74042724594939,2.416037567146508
2025-01-20 04:20:00,Machine_A,61.237120428517635,2.069534223669864
2025-01-20 04:30:00,Machine_A,60.15534580338992,2.110452510580061
2025-01-20 04:40:00,Machine_A,61.00546168879054,2.1904781328758256
2025-01-20 04:50:00,Machine_A,,1.8858574864453173
2025-01-20 05:00:00,Machine_A,61.06724329037821,2.308385543219024
2025-01-20 05:10:00,Machine_A,61.606254080929546,1.963099007016669
2025-01-20 05:20:00,Machine_A,60.97908766305569,2.331408996377753
2025-01-20 05:30:00,Machine_A,61.38598506048734,2.4970153696053217
2025-01-20 05:40:00,Machine_A,61.53026735567892,2.274942152847663
2025-01-20 05:50:00,Machine_A,61.25006946698913,2.682252132319235
2025-01-20 06:00:00,Machine_A,61.858580669507376,2.137109838104672
2025-01-20 06:10:00,Machine_A,60.91377321668767,2.634055647008131
2025-01-20 06:20:00,Machine_A,61.91212210190312,2.5607447543896917
2025-01-20 06:30:00,Machine_A,62.228941278074444,2.1498508018030993
2025-01-20 06:40:00,Machine_A,62.40282481983795,2.9660846537774144
2025-01-20 06:50:00,Machine_A,62.56434069208674,2.485923674881432
2025-01-20 07:00:00,Machine_A,62.85645529797072,2.3585214463081208
2025-01-20 07:10:00,Machine_A,63.43602351273381,2.2820419147157995
2025-01-20 07:20:00,Machine_A,63.89668416094586,2.5143058195178094
2025-01-20 07:30:00,Machine_A,62.8195798317992,2.5492743075340973
2025-01-20 07:40:00,Machine_A,62.51660323178113,2.6086544129204543
2025-01-20 07:50:00,Machine_A,62.78248461652813,2.5541835678354525
2025-01-20 08:00:00,Machine_A,63.36023766304406,2.7389805558207168
2025-01-20 08:10:00,Machine_A,63.59901157496068,2.5720114538766863
2025-01-20 08:20:00,Machine_A,63.391520674270694,2.3098158552546857
2025-01-20 08:30:00,Machine_A,63.0937716701306,2.647057573836989
2025-01-20 08:40:00,Machine_A,63.88485997192354,2.263108446751753
2025-01-20 08:50:00,Machine_A,64.509707022746,2.7676943069874973
2025-01-20 09:00:00,Machine_A,64.95089730682137,2.5419240100830716
2025-01-20 09:10:00,Machine_A,64.13453223634879,2.7611796654494
2025-01-20 09:20:00,Machine_A,64.35075729320168,2.981253496077969
2025-01-20 09:30:00,Machine_A,64.03537804394148,2.586234237982816
2025-01-20 09:40:00,Machine_A,64.84188081871164,2.9596445464622274
2025-01-20 09:50:00,Machine_A,64.27312715299244,2.701516028612291
2025-01-20 10:00:00,Machine_A,65.4895911638385,3.105286496074803
2025-01-20 10:10:00,Machine_A,63.675844722576485,2.7334274045545213
2025-01-20 10:20:00,Machine_A,64.8843735166663,2.6565497667752878
2025-01-20 10:30:00,Machine_A,65.4744642351429,2.939448710701231
2025-01-20 10:40:00,Machine_A,65.43599178580868,2.744419528021404
2025-01-20 10:50:00,Machine_A,67.4924362588032,2.6777117152934804
2025-01-20 11:00:00,Machine_A,65.66058041166607,2.7486554487033983
2025-01-20 11:10:00,Machine_A,64.61379234744616,2.8313040274110297
2025-01-20 11:20:00,Machine_A,65.37045573787148,3.0847559124795674
2025-01-20 11:30:00,Machine_A,64.04905994803516,2.498014393435491
2025-01-20 11:40:00,Machine_A,65.4222016438837,2.852442132752361
2025-01-20 11:50:00,Machine_A,64.8302239299359,2.962054346749564
2025-01-20 12:00:00,Machine_A,66.23231222044814,2.8848207434985236
2025-01-20 12:10:00,Machine_A,65.05703655586008,3.0853474302098722
2025-01-20 12:20:00,Machine_A,65.39326871068491,2.834905454784751
2025-01-20 12:30:00,Machine_A,64.96161074168481,2.8129309280247443
2025-01-20 12:40:00,Machine_A,66.8379082170254,2.949782807317895
2025-01-20 12:50:00,Machine_A,65.16004181202544,2.857209689895213
2025-01-20 13:00:00,Machine_A,66.8467860267951,
2025-01-20 13:10:00,Machine_A,65.98933073731341,2.9220785549622503
2025-01-20 13:20:00,Machine_A,65.67457755461899,2.7054065865746626
2025-01-20 13:30:00,Machine_A,65.52856488164352,
2025-01-20 13:40:00,Machine_A,65.48711509320128,2.712799580248682
2025-01-20 13:50:00,Machine_A,63.56239985264729,3.0427073237601534
2025-01-20 14:00:00,Machine_A,64.80798219792493,2.209928487625569
2025-01-20 14:10:00,Machine_A,65.62799643729255,2.8507339408731283
2025-01-20 14:20:00,Machine_A,64.82791440823219,2.7747873464860864
2025-01-20 14:30:00,Machine_A,63.65258481357646,2.454452320468194
2025-01-20 14:40:00,Machine_A,64.63923199045445,2.800470819648021
2025-01-20 14:50:00,Machine_A,65.94375509183983,2.8174101600942314
2025-01-20 15:00:00,Machine_A,,2.824333113178278
2025-01-20 15:10:00,Machine_A,64.314962519162,2.2266865420789563
2025-01-20 15:20:00,Machine_A,65.01091605554936,2.9352045184927418
2025-01-20 15:30:00,Machine_A,63.83745938523607,2.5411500362106527
2025-01-20 15:40:00,Machine_A,62.64442025776728,2.7816915907735424
2025-01-20 15:50:00,Machine_A,63.14097583871024,2.7751781042788823
2025-01-20 16:00:00,Machine_A,,2.4671945245885274
2025-01-20 16:10:00,Machine_A,63.39692568085918,2.7266696673790443
2025-01-20 16:20:00,Machine_A,63.28445673259243,2.52078943441909
2025-01-20 16:30:00,Machine_A,63.09952145625791,2.199359652283422
2025-01-20 16:40:00,Machine_A,64.72037977329825,2.764102611091551
2025-01-20 16:50:00,Machine_A,64.35323743055461,2.395809516434
2025-01-20 17:00:00,Machine_A,64.68089084461732,2.362659747003285
2025-01-20 17:10:00,Machine_A,62.63030248046332,2.4248459700255363
2025-01-20 17:20:00,Machine_A,62.844268212831935,2.5271442905090487
2025-01-20 17:30:00,Machine_A,61.24352763323355,2.4484281125510448
2025-01-20 17:40:00,Machine_A,63.486592640511425,2.537872130683737
2025-01-20 17:50:00,Machine_A,61.21844421476433,2.1785206383392426
2025-01-20 18:00:00,Machine_A,62.1734204510101,2.266370453322468
2025-01-20 18:10:00,Machine_A,60.96949012211505,2.3594918026677227
2025-01-20 18:20:00,Machine_A,61.22386143899224,2.702399628442121
2025-01-20 18:30:00,Machine_A,60.873348382390056,2.3207769565865
2025-01-20 18:40:00,Machine_A,60.90593116962509,2.5171983275089747
2025-01-20 18:50:00,Machine_A,60.811163188697456,2.309542104109031
2025-01-20 19:00:00,Machine_A,60.65551830620112,2.196472874965103
2025-01-20 19:10:00,Machine_A,61.61419683115929,2.220271993882477
2025-01-20 19:20:00,Machine_A,59.91903926391015,2.2157753873382506
2025-01-20 19:30:00,Machine_A,60.837041128333276,2.3364486884486424
2025-01-20 19:40:00,Machine_A,61.495203405752,2.457251810380465
2025-01-20 19:50:00,Machine_A,59.973322762066665,2.2569556766277725
2025-01-20 20:00:00,Machine_A,59.67566488740192,2.3886739821735157
2025-01-20 20:10:00,Machine_A,59.93503167064191,1.9845530234705855
2025-01-20 20:20:00,Machine_A,60.93626263945991,2.0672571120555037
2025-01-20 20:30:00,Machine_A,60.024621103232164,1.9956829007886956
2025-01-20 20:40:00,Machine_A,59.32527193041103,2.1673456019985307
2025-01-20 20:50:00,Machine_A,60.02253559429562,2.0313718972406587
2025-01-20 21:00:00,Machine_A,58.64329254597795,2.213161077132209
2025-01-20 21:10:00,Machine_A,59.964616929518925,1.9006448903416047
2025-01-20 21:20:00,Machine_A,59.645730295244995,2.0630255757942906
2025-01-20 21:30:00,Machine_A,58.97701653206957,
2025-01-20 21:40:00,Machine_A,58.46209920623075,1.6596270805626436
2025-01-20 21:50:00,Machine_A,58.33878520182813,2.402367484703638
2025-01-20 22:00:00,Machine_A,59.396764955831195,1.9593212290186248
2025-01-20 22:10:00,Machine_A,59.87864648586748,1.6363379406080887
2025-01-20 22:20:00,Machine_A,58.31807654774869,2.020618397577329
2025-01-20 22:30:00,Machine_A,59.13313099905168,1.990274034605088
2025-01-20 22:40:00,Machine_A,57.04145421236766,1.9623973323232924
2025-01-20 22:50:00,Machine_A,58.194296487855446,2.1492417724900976
2025-01-20 23:00:00,Machine_A,58.59441246169154,2.0998734730267894
2025-01-20 23:10:00,Machine_A,57.85521724149476,2.014284511180322
2025-01-20 23:20:00,Machine_A,57.8039677646256,2.037864525254903
2025-01-20 23:30:00,Machine_A,57.99571934001656,1.9350652914829298
2025-01-20 23:40:00,Machine_A,58.74707273933999,2.2713007387219233
2025-01-20 23:50:00,Machine_A,58.35346800973839,1.6841730169837659
2025-01-21 00:00:00,Machine_A,56.70941501334002,1.9751373013588613
2025-01-21 00:10:00,Machine_A,56.80677110235544,1.9621327339021444
2025-01-21 00:20:00,Machine_A,58.02782641439315,2.098102858950341
2025-01-21 00:30:00,Machine_A,58.89609225403451,1.8019561144453036
2025-01-21 00:40:00,Machine_A,56.355168990277086,1.6429754427131298
2025-01-21 00:50:00,Machine_A,,1.9888949396937046
2025-01-21 01:00:00,Machine_A,58.19826132277433,2.0159548667692677
2025-01-21 01:10:00,Machine_A,59.77266089494797,2.2389552658638747
2025-01-21 01:20:00,Machine_A,58.40305837787903,1.7484731523078256
2025-01-21 01:30:00,Machine_A,59.072812824003236,2.1920990883789306
2025-01-21 01:40:00,Machine_A,58.94092845744169,2.418296081358389
2025-01-21 01:50:00,Machine_A,57.19100890003047,1.9328474453157545
2025-01-21 02:00:00,Machine_A,59.583476860059854,1.7779189687882222
2025-01-21 02:10:00,Machine_A,59.22044714401993,1.9472184634369945
2025-01-21 02:20:00,Machine_A,59.5395827567282,2.033902474196802
2025-01-21 02:30:00,Machine_A,62.36425347412974,2.1444728143701886
2025-01-21 02:40:00,Machine_A,57.651554097484706,1.9488289492256115
2025-01-21 02:50:00,Machine_A,60.799286640973456,2.3481609345819656
2025-01-21 03:00:00,Machine_A,59.2951682503268,1.8811861317646026
2025-01-21 03:10:00,Machine_A,59.8652973968676,1.7829274791818488
2025-01-21 03:20:00,Machine_A,59.713833569856114,2.309953452012774
2025-01-21 03:30:00,Machine_A,59.529945931751044,1.7166255713289598
2025-01-21 03:40:00,Machine_A,59.53661613018033,2.1051472452449405
2025-01-21 03:50:00,Machine_A,60.38305835924452,2.7193977795013775
2025-01-21 04:00:00,Machine_A,59.03626104266266,2.172832160467212
2025-01-21 04:10:00,Machine_A,60.9843431876948,1.9904749469189098
2025-01-21 04:20:00,Machine_A,60.18788055999935,2.1994902387350623
2025-01-21 04:30:00,Machine_A,59.7565525154899,2.2186483134841937
2025-01-21 04:40:00,Machine_A,60.442919211963506,2.27500792476701
2025-01-21 04:50:00,Machine_A,61.9532490752251,2.3838897270118085
2025-01-21 05:00:00,Machine_A,60.6658652725282,2.0964914193976725
2025-01-21 05:10:00,Machine_A,61.529224245784334,2.6063608236704767
2025-01-21 05:20:00,Machine_A,60.80746635759337,2.365978891236953
2025-01-21 05:30:00,Machine_A,62.14949580716871,2.472086141853301
2025-01-21 05:40:00,Machine_A,62.24336109141536,2.2477130238075382
2025-01-21 05:50:00,Machine_A,63.326219210858454,2.6119200603447945
2025-01-21 06:00:00,Machine_A,61.85954884360063,2.353730566413648
2025-01-21 06:10:00,Machine_A,62.687591699585,2.469588176743237
2025-01-21 06:20:00,Machine_A,62.38349913124796,2.2712609903427663
2025-01-21 06:30:00,Machine_A,63.49353909826059,2.2792890937466406
2025-01-21 06:40:00,Machine_A,62.03270271174727,2.6020186351116372
2025-01-21 06:50:00,Machine_A,63.353542899085184,2.4175485968348167
2025-01-21 07:00:00,Machine_A,62.75010882096548,2.3627804145453464
2025-01-21 07:10:00,Machine_A,63.001119756578156,2.4195446082120573
2025-01-21 07:20:00,Machine_A,63.27047248919854,2.6797206174056867
2025-01-21 07:30:00,Machine_A,63.541184330419156,2.4589807295476405
2025-01-21 07:40:00,Machine_A,63.38618068159488,2.569000330094925
2025-01-21 07:50:00,Machine_A,63.78789069285904,2.6104918710074427
2025-01-21 08:00:00,Machine_A,65.01249444604974,2.279877200518146
2025-01-21 08:10:00,Machine_A,64.66890837770606,2.376982070788838
2025-01-21 08:20:00,Machine_A,64.70284120122618,2.7186394164225316
2025-01-21 08:30:00,Machine_A,,2.5412773580464387
2025-01-21 08:40:00,Machine_A,63.53836397132023,2.879464908389418
2025-01-21 08:50:00,Machine_A,65.12880617324502,2.878040872192145
2025-01-21 09:00:00,Machine_A,65.17571116817676,2.847648411477925
2025-01-21 09:10:00,Machine_A,65.75860721943623,3.0593337232808233
2025-01-21 09:20:00,Machine_A,64.19797105014105,2.7297639204097672
2025-01-21 09:30:00,Machine_A,64.59309776673105,2.873807749793747
2025-01-21 09:40:00,Machine_A,63.55544482499113,2.6634262441427605
2025-01-21 09:50:00,Machine_A,64.6378931754964,3.220952734932169
2025-01-21 10:00:00,Machine_A,65.8283453217091,3.146765489141481
2025-01-21 10:10:00,Machine_A,64.73134161274122,2.801293353143402
2025-01-21 10:20:00,Machine_A,65.68446109078894,2.877424025549427
2025-01-21 10:30:00,Machine_A,65.08117587899126,3.0604193575157437
2025-01-21 10:40:00,Machine_A,65.54816979532794,2.7963765684871196
2025-01-21 10:50:00,Machine_A,64.41985621576626,2.7109802950927553
2025-01-21 11:00:00,Machine_A,65.44890795171887,2.9919847770113197
2025-01-21 11:10:00,Machine_A,63.024127248199186,2.853452267499031
2025-01-21 11:20:00,Machine_A,65.29731020901315,2.8761024897916405
2025-01-21 11:30:00,Machine_A,64.16567841983623,2.695981345865981
2025-01-21 11:40:00,Machine_A,66.45147705655856,2.5391066274358742
2025-01-21 11:50:00,Machine_A,66.11859465774812,2.8920773334900742
2025-01-21 12:00:00,Machine_A,65.87333678557286,3.012893167468956
2025-01-21 12:10:00,Machine_A,66.71347375726401,2.8089264848781488
2025-01-21 12:20:00,Machine_A,64.72754822666123,3.1068449276618813
2025-01-21 12:30:00,Machine_A,66.86794757314078,2.7194452490434164
2025-01-21 12:40:00,Machine_A,66.19258038695104,2.653316686961628
2025-01-21 12:50:00,Machine_A,65.22779179514461,2.8272317479086664
2025-01-21 13:00:00,Machine_A,66.2892365097581,2.8197999582668483
2025-01-21 13:10:00,Machine_A,64.45297451768948,2.967766999477042
2025-01-21 13:20:00,Machine_A,64.62931284352854,2.6833683710221417
2025-01-21 13:30:00,Machine_A,64.74670658519774,3.0620027522567606
2025-01-21 13:40:00,Machine_A,64.74889508817706,3.161883557417978
2025-01-21 13:50:00,Machine_A,64.25929180191557,2.7921089500758987
2025-01-21 14:00:00,Machine_A,66.0095553669218,3.0146593073361747
2025-01-21 14:10:00,Machine_A,64.74478654004923,2.5893566779032517
2025-01-21 14:20:00,Machine_A,65.14903612969698,2.9621582973427913
2025-01-21 14:30:00,Machine_A,64.32045559788838,2.9455187566717593
2025-01-21 14:40:00,Machine_A,63.224672910477615,2.9001387098377185
2025-01-21 14:50:00,Machine_A,64.79651656554857,2.728973445567903
2025-01-21 15:00:00,Machine_A,62.9450697538171,2.1864332421103807
2025-01-21 15:10:00,Machine_A,64.30965848978644,2.5885047075696637
2025-01-21 15:20:00,Machine_A,63.155104602836644,2.5765895411757143
2025-01-21 15:30:00,Machine_A,65.72048580091516,2.4978567542030383
2025-01-21 15:40:00,Machine_A,64.73660770496843,2.680113137176443
2025-01-21 15:50:00,Machine_A,63.965151662231065,2.5663714035622487
2025-01-21 16:00:00,Machine_A,64.76096534212374,2.476569838242296
2025-01-21 16:10:00,Machine_A,62.93906736435003,2.4172028492711575
2025-01-21 16:20:00,Machine_A,63.91394741902852,2.461385880395974
2025-01-21 16:30:00,Machine_A,63.499240360252784,2.7740774026972774
2025-01-21 16:40:00,Machine_A,63.40828656670678,2.434924554663602
2025-01-21 16:50:00,Machine_A,64.07035309835037,2.442628642618934
2025-01-21 17:00:00,Machine_A,63.49186034008267,2.43426299959195
2025-01-21 17:10:00,Machine_A,62.988517579043375,2.558416658757842
2025-01-21 17:20:00,Machine_A,61.28385867285162,2.5602665878852546
2025-01-21 17:30:00,Machine_A,61.688804636546614,1.9106986094352543
2025-01-21 17:40:00,Machine_A,62.20687795274023,2.6231144227254153
2025-01-21 17:50:00,Machine_A,62.227365755200005,2.6781749704782767
2025-01-21 18:00:00,Machine_A,61.09583702026086,2.2109664232748996
2025-01-21 18:10:00,Machine_A,63.77667348468406,2.2053575916333283
2025-01-21 18:20:00,Machine_A,62.908070144586056,2.279734305963465
2025-01-21 18:30:00,Machine_A,62.0248529835438,2.2051824899987875
2025-01-21 18:40:00,Machine_A,61.44986086719274,2.36216515736027
2025-01-21 18:50:00,Machine_A,61.072694175295716,1.9522276221832586
2025-01-21 19:00:00,Machine_A,60.33259857412339,2.082304460257252
2025-01-21 19:10:00,Machine_A,61.009514116550136,2.54173788625456
2025-01-21 19:20:00,Machine_A,61.00913153047436,2.079011341380806
2025-01-21 19:30:00,Machine_A,,2.451609545494236
2025-01-21 19:40:00,Machine_A,60.78817721770347,2.2737826574229096
2025-01-21 19:50:00,Machine_A,60.259672614617585,1.8665449354183483
2025-01-21 20:00:00,Machine_A,58.723753953698086,2.289359255138917
2025-01-21 20:10:00,Machine_A,59.431143362162516,2.1370350618492155
2025-01-21 20:20:00,Machine_A,59.66159804603403,2.059906533517076
2025-01-21 20:30:00,Machine_A,61.37948512434163,2.1701496337170365
2025-01-21 20:40:00,Machine_A,60.195485865724116,2.19617960304308
2025-01-21 20:50:00,Machine_A,58.567049018065276,2.223350934528385
2025-01-21 21:00:00,Machine_A,59.91395529738119,2.293887461024694
2025-01-21 21:10:00,Machine_A,58.18168613001387,2.141689662735548
2025-01-21 21:20:00,Machine_A,60.18499729219324,1.8076658646149149
2025-01-21 21:30:00,Machine_A,58.846363587526376,1.95773481449173
2025-01-21 21:40:00,Machine_A,59.05805889399719,2.5611302804183054
2025-01-21 21:50:00,Machine_A,60.108767257688655,2.1508822402529124
2025-01-21 22:00:00,Machine_A,57.939180231887065,2.436760282443072
2025-01-21 22:10:00,Machine_A,57.777767535785834,
2025-01-21 22:20:00,Machine_A,58.36104328429492,2.035685868713542
2025-01-21 22:30:00,Machine_A,59.59712471702595,2.038507482930522
2025-01-21 22:40:00,Machine_A,57.495598966867846,1.9705539134685088
2025-01-21 22:50:00,Machine_A,56.39626619389275,1.658022541310928
2025-01-21 23:00:00,Machine_A,58.25833252126106,1.9685818836141995
2025-01-21 23:10:00,Machine_A,59.02435661500897,2.178588216253625
2025-01-21 23:20:00,Machine_A,59.513382264248335,1.8489013120766897
2025-01-21 23:30:00,Machine_A,58.15941389552335,2.028001352212911
2025-01-21 23:40:00,Machine_A,58.18417727098609,2.10499877411949
2025-01-21 23:50:00,Machine_A,59.42645181186809,1.7866858212119183
2025-01-22 00:00:00,Machine_A,57.004206640243666,
2025-01-22 00:10:00,Machine_A,58.19251460431709,1.7672042320022754
2025-01-22 00:20:00,Machine_A,58.665657668618934,
2025-01-22 00:30:00,Machine_A,58.88931796221969,1.7220808613242344
2025-01-22 00:40:00,Machine_A,58.14532750990457,1.7947557880964615
2025-01-22 00:50:00,Machine_A,58.610516784444904,2.2161688193396407
2025-01-22 01:00:00,Machine_A,56.62859772525787,1.8005475129336665
2025-01-22 01:10:00,Machine_A,58.13539194251413,1.993590031594222
2025-01-22 01:20:00,Machine_A,59.07388279729289,1.886621944985569
2025-01-22 01:30:00,Machine_A,57.98058640880675,2.19645007903657
2025-01-22 01:40:00,Machine_A,58.8751101226434,2.2281707092221583
2025-01-22 01:50:00,Machine_A,59.252960084518385,2.1563777218548106
2025-01-22 02:00:00,Machine_A,,2.0653927878554983
2025-01-22 02:10:00,Machine_A,59.184500956452155,1.9788831327528393
2025-01-22 02:20:00,Machine_A,58.362781792760835,1.8168441333155285
2025-01-22 02:30:00,Machine_A,59.05797428522384,2.3928261954709393
2025-01-22 02:40:00,Machine_A,59.80701738475496,1.9185388574010003
2025-01-22 02:50:00,Machine_A,59.545107689939314,
2025-01-22 03:00:00,Machine_A,59.05590125019594,2.272523751538265
2025-01-22 03:10:00,Machine_A,59.81480739677782,1.9960339171299935
2025-01-22 03:20:00,Machine_A,60.32193119860641,2.2975878305579305
2025-01-22 03:30:00,Machine_A,58.229381975607495,2.2636157335470695
2025-01-22 03:40:00,Machine_A,60.919741724736056,2.452924094010747
2025-01-22 03:50:00,Machine_A,59.85044757984126,
2025-01-22 04:00:00,Machine_A,60.590391946592185,1.943544476889651
2025-01-22 04:10:00,Machine_A,61.34167739259357,2.1012249680642228
2025-01-22 04:20:00,Machine_A,59.42349712612318,2.2474154198728646
2025-01-22 04:30:00,Machine_A,60.09305518478015,
2025-01-22 04:40:00,Machine_A,60.57209054165959,2.17527211417403
2025-01-22 04:50:00,Machine_A,60.3205268848355,1.9210268476071732
2025-01-22 05:00:00,Machine_A,62.48208260281062,2.3682183690071046
2025-01-22 05:10:00,Machine_A,,2.6576241799626494
2025-01-22 05:20:00,Machine_A,60.947793954576255,2.405423542912022
2025-01-22 05:30:00,Machine_A,61.7066695525122,2.450907606930609
2025-01-22 05:40:00,Machine_A,60.733235279522326,2.4638200708714724
2025-01-22 05:50:00,Machine_A,61.530787574816316,2.451839676264431
2025-01-22 06:00:00,Machine_A,62.25396260900014,2.567699874036257
2025-01-22 06:10:00,Machine_A,61.88637953227266,2.490795986927821
2025-01-22 06:20:00,Machine_A,62.230335612496845,2.3829381936988563
2025-01-22 06:30:00,Machine_A,,2.3154587826974478
2025-01-22 06:40:00,Machine_A,61.39619237448964,2.4333264219995967
2025-01-22 06:50:00,Machine_A,63.01481321785475,2.553941135633266
2025-01-22 07:00:00,Machine_A,64.30981311517661,2.459573637293999
2025-01-22 07:10:00,Machine_A,63.06719160289171,2.5918985727405803
2025-01-22 07:20:00,Machine_A,63.37728179543788,2.6329560885626258
2025-01-22 07:30:00,Machine_A,63.893570217371305,2.722179842192923
2025-01-22 07:40:00,Machine_A,62.46369951885509,2.8210813121743312
2025-01-22 07:50:00,Machine_A,64.9781318728263,2.6218282112819598
2025-01-22 08:00:00,Machine_A,63.91186303713824,2.3896002182734213
2025-01-22 08:10:00,Machine_A,65.18603414848518,2.5796660863286167
2025-01-22 08:20:00,Machine_A,63.421091130809465,2.6660406584911582
2025-01-22 08:30:00,Machine_A,65.58511453957678,2.343504266942048
2025-01-22 08:40:00,Machine_A,64.86988102913072,2.9392140379773894
2025-01-22 08:50:00,Machine_A,64.8069977953367,2.729643617678931
2025-01-22 09:00:00,Machine_A,64.66209329763544,
2025-01-22 09:10:00,Machine_A,64.38164778437589,2.9775695648192837
2025-01-22 09:20:00,Machine_A,65.64158087769553,2.6312942899779177
2025-01-22 09:30:00,Machine_A,64.88902458689776,2.8603365506901812
2025-01-22 09:40:00,Machine_A,63.29337639214175,2.748842877771698
2025-01-22 09:50:00,Machine_A,64.0581208909795,2.746390514552933
2025-01-22 10:00:00,Machine_A,64.88241231149134,
2025-01-22 10:10:00,Machine_A,65.35253710265621,3.0989634533937744
2025-01-22 10:20:00,Machine_A,65.12680646350836,2.7402484969528897
2025-01-22 10:30:00,Machine_A,,2.941649354071305
2025-01-22 10:40:00,Machine_A,63.72804268151978,2.48536034960871
2025-01-22 10:50:00,Machine_A,65.45287967682292,3.0415705631808634
2025-01-22 11:00:00,Machine_A,63.926357011702024,3.0240646299023513
2025-01-22 11:10:00,Machine_A,66.0248058613071,2.8568713430574846
2025-01-22 11:20:00,Machine_A,65.37126016398913,
2025-01-22 11:30:00,Machine_A,65.80574499242763,2.9181501886286565
2025-01-22 11:40:00,Machine_A,64.7955750748493,3.2602699330997376
2025-01-22 11:50:00,Machine_A,66.5202407208627,2.5321890939092087
2025-01-22 12:00:00,Machine_A,66.33337973124708,2.990764929763343
2025-01-22 12:10:00,Machine_A,65.96350421794601,
2025-01-22 12:20:00,Machine_A,65.38306764583035,2.8447023028073337
2025-01-22 12:30:00,Machine_A,65.93394284304443,2.801531766184055
2025-01-22 12:40:00,Machine_A,64.88131308115285,2.7660662024518974
2025-01-22 12:50:00,Machine_A,66.10148055213634,2.8374494799744787
2025-01-22 13:00:00,Machine_A,66.70032510747089,2.6305158156800785
2025-01-22 13:10:00,Machine_A,66.19449777560214,3.0144251063397363
2025-01-22 13:20:00,Machine_A,64.70524219690475,2.4999158473379106
2025-01-22 13:30:00,Machine_A,65.52271221760799,2.91290340193918
2025-01-22 13:40:00,Machine_A,64.13756401962137,2.7490620507102697
2025-01-22 13:50:00,Machine_A,65.56245016506432,2.588388394044858
2025-01-22 14:00:00,Machine_A,65.39157164353557,2.8261404384107625
2025-01-22 14:10:00,Machine_A,63.45601698871937,
2025-01-22 14:20:00,Machine_A,63.93760507988158,2.7757669078395804
2025-01-22 14:30:00,Machine_A,64.5502255736243,2.500891159724976
2025-01-22 14:40:00,Machine_A,64.44046775320376,2.82774897458075
2025-01-22 14:50:00,Machine_A,63.61288913050039,2.565390481511088
2025-01-22 15:00:00,Machine_A,64.78605671763466,2.6370191284686704
2025-01-22 15:10:00,Machine_A,64.56574461380723,2.7569264832568163
2025-01-22 15:20:00,Machine_A,64.09434132832007,2.55019684422734
2025-01-22 15:30:00,Machine_A,63.526031801403825,2.66350912311363
2025-01-22 15:40:00,Machine_A,64.8464832283619,2.3856199061338974
2025-01-22 15:50:00,Machine_A,65.20487431968452,
2025-01-22 16:00:00,Machine_A,63.36315081292277,2.942684484999139
2025-01-22 16:10:00,Machine_A,63.126386612598765,3.1103844721795584
2025-01-22 16:20:00,Machine_A,63.872130048422044,2.606588484183274
2025-01-22 16:30:00,Machine_A,63.05296850948023,2.7140842899077837
2025-01-22 16:40:00,Machine_A,63.085552741109254,2.2333964433732025
2025-01-22 16:50:00,Machine_A,63.644192819644694,2.805809788511929
2025-01-22 17:00:00,Machine_A,61.37838178785299,2.6561897011464737
2025-01-22 17:10:00,Machine_A,63.81218050866549,
2025-01-22 17:20:00,Machine_A,62.665913041297735,
2025-01-22 17:30:00,Machine_A,62.127647157120435,2.4129310927028618
2025-01-22 17:40:00,Machine_A,62.233657776239646,2.356775551293826
2025-01-22 17:50:00,Machine_A,62.12261133979509,2.5051890108913497
2025-01-22 18:00:00,Machine_A,60.61503895724406,2.2085961900305424
2025-01-22 18:10:00,Machine_A,63.04328272618392,2.5642637332775893
2025-01-22 18:20:00,Machine_A,61.72801540619969,2.1707017496167222
2025-01-22 18:30:00,Machine_A,61.897560031587716,2.152253351332803
2025-01-22 18:40:00,Machine_A,,2.1581141581363807
2025-01-22 18:50:00,Machine_A,60.4255313851684,2.4393121804807563
2025-01-22 19:00:00,Machine_A,61.47291086136936,2.172511864630318
2025-01-22 19:10:00,Machine_A,60.73341682901601,2.0220431490369863
2025-01-22 19:20:00,Machine_A,61.48034611853336,2.1370685355150054
2025-01-22 19:30:00,Machine_A,58.95882605044099,2.222024828713222
2025-01-22 19:40:00,Machine_A,60.44156064371454,1.9972467351570957
2025-01-22 19:50:00,Machine_A,59.90162332905022,1.9849105244180527
2025-01-22 20:00:00,Machine_A,60.59581036050732,2.555033340137925
2025-01-22 20:10:00,Machine_A,60.49548672068068,2.0033134035574296
2025-01-22 20:20:00,Machine_A,59.42638175691372,2.083742977262888
2025-01-22 20:30:00,Machine_A,59.29959590712864,2.059954696802204
2025-01-22 20:40:00,Machine_A,59.66171107125125,2.0349013502423774
2025-01-22 20:50:00,Machine_A,58.91812049149302,2.2078268197673916
2025-01-22 21:00:00,Machine_A,60.19871322220879,2.252467679551023
2025-01-22 21:10:00,Machine_A,59.12416356080661,2.0131534007597573
2025-01-22 21:20:00,Machine_A,56.993253873626266,1.8327139090098372
2025-01-22 21:30:00,Machine_A,58.92340566368323,2.272390237881747
2025-01-22 21:40:00,Machine_A,58.30213278831335,2.0142201836545506
2025-01-22 21:50:00,Machine_A,57.743109287286146,2.331931776058492
2025-01-22 22:00:00,Machine_A,57.978969776176406,1.6060831067352732
2025-01-22 22:10:00,Machine_A,58.9829888613426,2.0360177049007975
2025-01-22 22:20:00,Machine_A,59.89083540797031,2.337510635931225
2025-01-22 22:30:00,Machine_A,59.01696921530248,1.9206666659910523
2025-01-22 22:40:00,Machine_A,58.22587311667672,1.9365495044461065
2025-01-22 22:50:00,Machine_A,59.02671402851777,2.024019476649559
2025-01-22 23:00:00,Machine_A,58.25198735981307,1.864750130770627
2025-01-22 23:10:00,Machine_A,58.027283679749715,1.904493849026538
2025-01-22 23:20:00,Machine_A,57.629682729870886,1.8960297941900537
2025-01-22 23:30:00,Machine_A,57.12847993979029,1.840914080185038
2025-01-22 23:40:00,Machine_A,58.20137959143133,2.172906564894815
2025-01-22 23:50:00,Machine_A,58.6297740163996,2.0334223461015224
2025-01-23 00:00:00,Machine_A,58.422701063988086,1.9951130817785943
2025-01-23 00:10:00,Machine_A,58.17055768210561,2.095971081528385
2025-01-23 00:20:00,Machine_A,57.75672170812147,1.9041283358820904
2025-01-23 00:30:00,Machine_A,59.016539938539644,1.8144931250782632
2025-01-23 00:40:00,Machine_A,57.4994673285,1.848364136313886
2025-01-23 00:50:00,Machine_A,59.20378630615501,1.9609877441948596
2025-01-23 01:00:00,Machine_A,57.81748599284688,1.7746752706627968
2025-01-23 01:10:00,Machine_A,58.06004248249878,1.8807803891776962
2025-01-23 01:20:00,Machine_A,57.537647674756776,1.8842373251094828
2025-01-23 01:30:00,Machine_A,58.365299918701986,2.3666743317391434
2025-01-23 01:40:00,Machine_A,59.60817271215411,1.4928748066454025
2025-01-23 01:50:00,Machine_A,59.30796455463139,1.9685135752167864
2025-01-23 02:00:00,Machine_A,59.751648776376896,2.320913451003661
2025-01-23 02:10:00,Machine_A,59.46584397640205,2.042405852928043
2025-01-23 02:20:00,Machine_A,58.25003198216423,2.1669967252857503
2025-01-23 02:30:00,Machine_A,58.95863192951863,2.0609597335869023
2025-01-23 02:40:00,Machine_A,58.694685145789606,1.9351599919774936
2025-01-23 02:50:00,Machine_A,60.4839892443958,1.6646803302238398
2025-01-23 03:00:00,Machine_A,58.56769534870604,2.1187839721325883
2025-01-23 03:10:00,Machine_A,60.35039242485648,1.9563752177445224
2025-01-23 03:20:00,Machine_A,60.46460646218412,1.9666852025313024
2025-01-23 03:30:00,Machine_A,61.33303115984235,2.0362396508698355
2025-01-23 03:40:00,Machine_A,59.66473319866774,2.455965656834258
2025-01-23 03:50:00,Machine_A,60.689309098450245,2.5910859338496444
2025-01-23 04:00:00,Machine_A,62.07532146923107,2.214097428755112
2025-01-23 04:10:00,Machine_A,59.88976651213043,2.1085550237401236
2025-01-23 04:20:00,Machine_A,59.29280388588167,1.997921027075467
2025-01-23 04:30:00,Machine_A,59.15659995959597,2.312129684514002
2025-01-23 04:40:00,Machine_A,61.37309912144922,2.567013943515175
2025-01-23 04:50:00,Machine_A,59.441009535288174,2.220161120558549
2025-01-23 05:00:00,Machine_A,60.79627809979084,1.855312142368285
2025-01-23 05:10:00,Machine_A,61.59231190084781,2.423211114654648
2025-01-23 05:20:00,Machine_A,61.540371807629676,2.49923026811089
2025-01-23 05:30:00,Machine_A,61.883514218577155,2.0558109982315242
2025-01-23 05:40:00,Machine_A,61.87278678502388,2.392547068822885
2025-01-23 05:50:00,Machine_A,62.870424794872044,2.4615919585900965
2025-01-23 06:00:00,Machine_A,61.23814689540896,2.386840685638391
2025-01-23 06:10:00,Machine_A,,2.2772899588790376
2025-01-23 06:20:00,Machine_A,61.68691754340015,2.622088784477886
2025-01-23 06:30:00,Machine_A,63.12099512226027,2.3861284322246603
2025-01-23 06:40:00,Machine_A,63.3280874925503,2.2108081706641305
2025-01-23 06:50:00,Machine_A,63.118518904238165,2.1284924188516037
2025-01-23 07:00:00,Machine_A,63.85266159137077,2.74342148389601
2025-01-23 07:10:00,Machine_A,62.11003760436385,2.646317125541724
2025-01-23 07:20:00,Machine_A,64.53084979088075,2.5697443029798013
2025-01-23 07:30:00,Machine_A,64.55798291064762,2.4929581099311457
2025-01-23 07:40:00,Machine_A,64.06766151388905,2.494958503226752
2025-01-23 07:50:00,Machine_A,65.04155927333946,2.4141542792362753
2025-01-23 08:00:00,Machine_A,62.424701433857784,2.5473379839792205
2025-01-23 08:10:00,Machine_A,63.46099012020376,2.2601691250344396
2025-01-23 08:20:00,Machine_A,63.419274758683095,2.525617938733638
2025-01-23 08:30:00,Machine_A,64.7078484605364,2.6179738901107275
2025-01-23 08:40:00,Machine_A,63.409644042221174,2.799032832853218
2025-01-23 08:50:00,Machine_A,64.97056184612481,2.6968288300198417
2025-01-23 09:00:00,Machine_A,65.57130264935029,2.861284212031547
2025-01-23 09:10:00,Machine_A,65.13663299890264,2.9746191204849732
2025-01-23 09:20:00,Machine_A,64.90815636984563,2.9351906162918784
2025-01-23 09:30:00,Machine_A,63.98643801829872,2.8417007756591963
2025-01-23 09:40:00,Machine_A,64.18955138211118,2.7707537021825877
2025-01-23 09:50:00,Machine_A,65.95156518458244,2.602984309101358
2025-01-23 10:00:00,Machine_A,65.6545681163698,2.922901360951274
2025-01-23 10:10:00,Machine_A,65.07332230062174,3.1015094037300748
2025-01-23 10:20:00,Machine_A,64.83774961801556,2.8694175913035678
2025-01-23 10:30:00,Machine_A,63.612932065300406,3.160852436346781
2025-01-23 10:40:00,Machine_A,64.43224223780314,2.5482587719026637
2025-01-23 10:50:00,Machine_A,66.86714459733057,2.6214232185763846
2025-01-23 11:00:00,Machine_A,64.35637593520977,2.988602893224768
2025-01-23 11:10:00,Machine_A,65.56861988189664,2.8869054410315553
2025-01-23 11:20:00,Machine_A,66.2527823140989,3.0796442806384188
2025-01-23 11:30:00,Machine_A,64.4661188804065,2.8433652922874013
2025-01-23 11:40:00,Machine_A,65.63444982314597,2.6920520380861857
2025-01-23 11:50:00,Machine_A,,2.8111249161149283
2025-01-23 12:00:00,Machine_A,65.5099994575258,2.574116885233728
2025-01-23 12:10:00,Machine_A,67.79139122006993,2.64642537855437
2025-01-23 12:20:00,Machine_A,,3.023327533766527
2025-01-23 12:30:00,Machine_A,,3.003251922222744
2025-01-23 12:40:00,Machine_A,65.30858574562556,2.9085042601205875
2025-01-23 12:50:00,Machine_A,66.03457214878911,2.5295392494310853
2025-01-23 13:00:00,Machine_A,65.73378611337114,2.7701539782377607
2025-01-23 13:10:00,Machine_A,64.7514843699308,2.608672647877893
2025-01-23 13:20:00,Machine_A,65.47212128671815,3.0346376650354565
2025-01-23 13:30:00,Machine_A,63.74725720267087,2.7106758055888105
2025-01-23 13:40:00,Machine_A,65.6546752550854,2.6124039162258135
2025-01-23 13:50:00,Machine_A,65.3430646889162,2.8045181846520566
2025-01-23 14:00:00,Machine_A,65.54201704816002,2.674483629472767
2025-01-23 14:10:00,Machine_A,65.79836472041482,3.046600054452466
2025-01-23 14:20:00,Machine_A,65.16112802717925,2.636352458373892
2025-01-23 14:30:00,Machine_A,64.89520822685795,2.505147916470622
2025-01-23 14:40:00,Machine_A,63.9763008815874,2.3571955665671873
2025-01-23 14:50:00,Machine_A,64.0106940679162,2.726233231130141
2025-01-23 15:00:00,Machine_A,65.42426143029479,2.617050631039519
2025-01-23 15:10:00,Machine_A,,2.446812764254936
2025-01-23 15:20:00,Machine_A,64.05926828485325,2.903315187384984
2025-01-23 15:30:00,Machine_A,64.16746719933313,2.794046769591188
2025-01-23 15:40:00,Machine_A,,2.65303017814927
2025-01-23 15:50:00,Machine_A,64.81875410542784,2.8873635477068267
2025-01-23 16:00:00,Machine_A,64.28233345895342,2.7442564860117504
2025-01-23 16:10:00,Machine_A,65.16909409549362,2.4596728136824475
2025-01-23 16:20:00,Machine_A,62.77650545434865,2.403118588264977
2025-01-23 16:30:00,Machine_A,63.03698569406324,2.7194442225659854
2025-01-23 16:40:00,Machine_A,63.3822272396603,2.625255116660674
2025-01-23 16:50:00,Machine_A,63.569661928445576,2.5658722080116423
2025-01-23 17:00:00,Machine_A,62.733332547820716,2.364098965779731
2025-01-23 17:10:00,Machine_A,62.0591697764204,2.6068283883331818
2025-01-23 17:20:00,Machine_A,63.31289464497312,2.342151880986008
2025-01-23 17:30:00,Machine_A,63.033749962806645,2.440379188672161
2025-01-23 17:40:00,Machine_A,61.57202581916582,2.6996700305861023
2025-01-23 17:50:00,Machine_A,63.237022096663075,2.3006785618685752
2025-01-23 18:00:00,Machine_A,62.93615896735729,2.116861933726885
2025-01-23 18:10:00,Machine_A,61.95476934201956,2.190912781148979
2025-01-23 18:20:00,Machine_A,61.75863319028402,2.539753704567326
2025-01-23 18:30:00,Machine_A,61.98640454412254,2.3871148182294144
2025-01-23 18:40:00,Machine_A,60.70286892196074,2.2986603918859054
2025-01-23 18:50:00,Machine_A,61.26648653454791,2.2109652887717717
2025-01-23 19:00:00,Machine_A,59.372226506453835,2.3708962130634395
2025-01-23 19:10:00,Machine_A,61.64869421813739,2.111843517044836
2025-01-23 19:20:00,Machine_A,,2.3011107378591165
2025-01-23 19:30:00,Machine_A,61.86334384946538,2.0961666330493776
2025-01-23 19:40:00,Machine_A,60.2567400087344,2.0482430928671755
2025-01-23 19:50:00,Machine_A,60.214546268132445,2.0774653857757324
2025-01-23 20:00:00,Machine_A,59.7478128751324,2.107426659632887
2025-01-23 20:10:00,Machine_A,59.889020271648455,2.1494258057758624
2025-01-23 20:20:00,Machine_A,61.127307548889775,
2025-01-23 20:30:00,Machine_A,57.87908807324141,1.4621516044889558
2025-01-23 20:40:00,Machine_A,60.77181567496766,1.9653684752466394
2025-01-23 20:50:00,Machine_A,59.905853058226555,2.025501810648866
2025-01-23 21:00:00,Machine_A,58.55950894756131,2.352713115415553
2025-01-23 21:10:00,Machine_A,58.559279406725175,1.8738247289266603
2025-01-23 21:20:00,Machine_A,60.65995887085014,2.0845833918544443
2025-01-23 21:30:00,Machine_A,58.46685780502649,2.312096452621395
2025-01-23 21:40:00,Machine_A,58.21028743651176,1.7950472446794443
2025-01-23 21:50:00,Machine_A,59.95798157354668,2.091389390039794
2025-01-23 22:00:00,Machine_A,59.239753387783196,1.8658796381887888
2025-01-23 22:10:00,Machine_A,58.1451216226471,1.9100110514577375
2025-01-23 22:20:00,Machine_A,59.00122272569542,1.8476015457219108
2025-01-23 22:30:00,Machine_A,57.94581948929827,1.8525198948550614
2025-01-23 22:40:00,Machine_A,59.5917329459874,2.46708250726951
2025-01-23 22:50:00,Machine_A,59.51108744427972,2.1228294291361975
2025-01-23 23:00:00,Machine_A,59.04486456704581,2.1636461932914366
2025-01-23 23:10:00,Machine_A,58.872292824077846,2.049225624426599
2025-01-23 23:20:00,Machine_A,59.96212336435117,1.6677102892321538
2025-01-23 23:30:00,Machine_A,58.529692047102245,2.0249422470399807
2025-01-23 23:40:00,Machine_A,57.56781925634225,
2025-01-23 23:50:00,Machine_A,58.86291035472934,1.796816394961124
2025-01-24 00:00:00,Machine_A,60.16883763962969,2.1237588000890026
2025-01-24 00:10:00,Machine_A,57.69152362991481,2.077208818061898
2025-01-24 00:20:00,Machine_A,58.2241483433237,2.285079593925175
2025-01-24 00:30:00,Machine_A,58.86309981567283,1.878648870129334
2025-01-24 00:40:00,Machine_A,58.51004898525268,1.7592665343348755
2025-01-24 00:50:00,Machine_A,57.797121110778384,1.8955737371089716
2025-01-24 01:00:00,Machine_A,59.51674589297264,2.2237361569393714
2025-01-24 01:10:00,Machine_A,60.51802324999502,1.6417143136117445
2025-01-24 01:20:00,Machine_A,,1.6048306918687554
2025-01-24 01:30:00,Machine_A,58.0431670044217,2.0003453605776116
2025-01-24 01:40:00,Machine_A,57.58875432532894,1.9124954231341593
2025-01-24 01:50:00,Machine_A,59.10184286885317,2.0022361458414237
2025-01-24 02:00:00,Machine_A,59.852012961407475,2.1804446871194583
2025-01-24 02:10:00,Machine_A,59.428264136851205,1.9210113670828077
2025-01-24 02:20:00,Machine_A,59.131044772253446,1.6942405305024417
2025-01-24 02:30:00,Machine_A,58.75184598754923,2.410997677164934
2025-01-24 02:40:00,Machine_A,58.445113542909105,1.8757789088574803
2025-01-24 02:50:00,Machine_A,60.08733038222447,1.8775985164732665
2025-01-24 03:00:00,Machine_A,60.25614356295555,2.280471550936121
2025-01-24 03:10:00,Machine_A,58.3988504439926,2.0267763647854795
2025-01-24 03:20:00,Machine_A,61.02211454864165,2.099335402274791
2025-01-24 03:30:00,Machine_A,60.32859197518468,2.2129595792769328
2025-01-24 03:40:00,Machine_A,61.11215818888797,2.3369355622018286
2025-01-24 03:50:00,Machine_A,59.045749171998025,2.09819225147121
2025-01-24 04:00:00,Machine_A,59.15734067566765,2.4485913610645738
2025-01-24 04:10:00,Machine_A,60.26470440586355,1.8077691512719696
2025-01-24 04:20:00,Machine_A,60.92306362542371,2.3465834848682388
2025-01-24 04:30:00,Machine_A,62.097696645063756,2.076677494992531
2025-01-24 04:40:00,Machine_A,61.367792629412264,2.4930997724928874
2025-01-24 04:50:00,Machine_A,60.753384680285414,2.290250396412575
2025-01-24 05:00:00,Machine_A,60.27303797600846,2.1624084699421733
2025-01-24 05:10:00,Machine_A,62.226461809391964,2.4219135704717476
2025-01-24 05:20:00,Machine_A,60.62046703756518,2.4826322225471866
2025-01-24 05:30:00,Machine_A,62.845933171047676,2.4568041556155316
2025-01-24 05:40:00,Machine_A,61.46744718069799,2.175434592629603
2025-01-24 05:50:00,Machine_A,63.11979780231561,2.2932481934336235
2025-01-24 06:00:00,Machine_A,62.54314503204742,2.3992668893181417
2025-01-24 06:10:00,Machine_A,62.04307146422471,2.4122019868373905
2025-01-24 06:20:00,Machine_A,61.889528002155906,2.5741742698153485
2025-01-24 06:30:00,Machine_A,62.184115370893316,2.096054564647834
2025-01-24 06:40:00,Machine_A,62.95042197573444,2.538320549769749
2025-01-24 06:50:00,Machine_A,62.81926384575753,2.445201182473551
2025-01-24 07:00:00,Machine_A,62.43081753140386,2.365538459347023
2025-01-24 07:10:00,Machine_A,62.919965170010855,2.401669989778395
2025-01-24 07:20:00,Machine_A,63.25993212541516,2.5152922848833175
2025-01-24 07:30:00,Machine_A,61.63640473774597,1.924012225761577
2025-01-24 07:40:00,Machine_A,63.84569840792341,2.4639460950408356
2025-01-24 07:50:00,Machine_A,62.83234316654917,2.4501402075194325
2025-01-24 08:00:00,Machine_A,62.8273340774354,2.720900977678072
2025-01-24 08:10:00,Machine_A,62.53067315152531,2.4967900209041773
2025-01-24 08:20:00,Machine_A,62.572403528934345,2.6193889123272824
2025-01-24 08:30:00,Machine_A,63.04630699904069,2.9515524360329586
2025-01-24 08:40:00,Machine_A,63.682539867798496,2.8682376979257187
2025-01-24 08:50:00,Machine_A,65.92717303667607,2.8664244454168686
2025-01-24 09:00:00,Machine_A,64.05416999343676,2.6282210140599926
2025-01-24 09:10:00,Machine_A,64.72267076384986,2.8295206118366933
2025-01-24 09:20:00,Machine_A,65.00154066012149,
2025-01-24 09:30:00,Machine_A,64.881588839992,2.721712225209207
2025-01-24 09:40:00,Machine_A,64.80507738643068,2.842361781804425
2025-01-24 09:50:00,Machine_A,63.995635049465704,2.6720673047000307
2025-01-24 10:00:00,Machine_A,66.19183095186891,3.058451990502774
2025-01-24 10:10:00,Machine_A,66.55029523103408,2.770331449802571
2025-01-24 10:20:00,Machine_A,63.82595029933013,2.919143406093232
2025-01-24 10:30:00,Machine_A,64.4143554910804,3.0777538758963923
2025-01-24 10:40:00,Machine_A,65.06507589884907,3.00855935877719
2025-01-24 10:50:00,Machine_A,64.56637909169064,2.5755671893524075
2025-01-24 11:00:00,Machine_A,65.78551283477644,2.91474788293186
2025-01-24 11:10:00,Machine_A,64.83441826299448,2.9924626942068864
2025-01-24 11:20:00,Machine_A,67.17887198978802,3.003698832844428
2025-01-24 11:30:00,Machine_A,66.42249589028322,2.6457571174775807
2025-01-24 11:40:00,Machine_A,65.65674066782688,2.730021271478167
2025-01-24 11:50:00,Machine_A,66.31825778619229,3.028592182145328
2025-01-24 12:00:00,Machine_A,66.38472033948585,2.7128831332771237
2025-01-24 12:10:00,Machine_A,65.04551078508992,2.7956264095122596
2025-01-24 12:20:00,Machine_A,64.83370764768753,3.1319452598516397
2025-01-24 12:30:00,Machine_A,65.53257146518405,2.837546322548952
2025-01-24 12:40:00,Machine_A,66.13613603514109,2.7123441440454017
2025-01-24 12:50:00,Machine_A,65.5282843438425,2.681362078968647
2025-01-24 13:00:00,Machine_A,64.11914320625895,2.8945561011554144
2025-01-24 13:10:00,Machine_A,64.69574977245811,2.5892059863108043
2025-01-24 13:20:00,Machine_A,65.22974588187517,2.7783412058523034
2025-01-24 13:30:00,Machine_A,65.17304588032884,2.8757272859282828
2025-01-24 13:40:00,Machine_A,66.75011099606013,3.0416854718650725
2025-01-24 13:50:00,Machine_A,63.99574756220458,2.919313529396799
2025-01-24 14:00:00,Machine_A,65.43556030671424,2.661179710466205
2025-01-24 14:10:00,Machine_A,66.14316054700774,2.9916416277772684
2025-01-24 14:20:00,Machine_A,66.6841919513497,2.7147057131715004
2025-01-24 14:30:00,Machine_A,64.45321875247215,2.5345824591621624
2025-01-24 14:40:00,Machine_A,65.0742991130926,2.713752554735755
2025-01-24 14:50:00,Machine_A,65.03627896459436,2.9906452577707823
2025-01-24 15:00:00,Machine_A,64.63125911939555,2.7479412605456326
2025-01-24 15:10:00,Machine_A,64.28548956566337,2.7062695290064087
2025-01-24 15:20:00,Machine_A,64.59853694550293,2.9839525204054564
2025-01-24 15:30:00,Machine_A,,2.4162987705841275
2025-01-24 15:40:00,Machine_A,64.55317311927877,2.426701555828472
2025-01-24 15:50:00,Machine_A,63.98149095214346,2.350932458982041
2025-01-24 16:00:00,Machine_A,63.57202008257739,2.69207667356641
2025-01-24 16:10:00,Machine_A,65.25360990289826,2.6377556388364876
2025-01-24 16:20:00,Machine_A,62.939216701060005,
2025-01-24 16:30:00,Machine_A,63.01693122202579,2.6160330584489087
2025-01-24 16:40:00,Machine_A,64.79031314340364,2.481160775790276
2025-01-24 16:50:00,Machine_A,62.38682125438507,2.5356406868949826
2025-01-24 17:00:00,Machine_A,62.465774431509594,2.537655905619107
2025-01-24 17:10:00,Machine_A,62.63991831003868,2.196480797073076
2025-01-24 17:20:00,Machine_A,63.2803562075379,2.9660013759303996
2025-01-24 17:30:00,Machine_A,62.62308367865283,2.5523135697573673
2025-01-24 17:40:00,Machine_A,61.27094482189499,2.477021579680512
2025-01-24 17:50:00,Machine_A,61.726933005276926,2.530358241484546
2025-01-24 18:00:00,Machine_A,61.51411645343023,2.5276939765055886
2025-01-24 18:10:00,Machine_A,61.78555530804289,2.355071648295161
2025-01-24 18:20:00,Machine_A,62.03562982728706,2.247156511240228
2025-01-24 18:30:00,Machine_A,61.8777229319402,2.449164337038883
2025-01-24 18:40:00,Machine_A,59.971421974927026,2.3912862713455425
2025-01-24 18:50:00,Machine_A,62.09361414126533,2.1568219558917607
2025-01-24 19:00:00,Machine_A,61.29618841893848,2.538957839749973
2025-01-24 19:10:00,Machine_A,62.05515533981017,2.3174857567612137
2025-01-24 19:20:00,Machine_A,61.158288160192704,2.3774584207116227
2025-01-24 19:30:00,Machine_A,61.541666352910795,2.478338215218095
2025-01-24 19:40:00,Machine_A,60.894072333067655,2.2137617700263554
2025-01-24 19:50:00,Machine_A,61.46086045863959,2.2492644853013752
2025-01-24 20:00:00,Machine_A,60.667800508814224,2.320804902931101
2025-01-24 20:10:00,Machine_A,60.04111917363179,2.0277401811599196
2025-01-24 20:20:00,Machine_A,61.81043024912885,2.1516199029543093
2025-01-24 20:30:00,Machine_A,,2.148656102543282
2025-01-24 20:40:00,Machine_A,60.20923890290064,1.9386550363380461
2025-01-24 20:50:00,Machine_A,58.61439074011452,2.5131590285342513
2025-01-24 21:00:00,Machine_A,58.494480171876255,1.8284891286374212
2025-01-24 21:10:00,Machine_A,59.65370170687805,1.8345664957717558
2025-01-24 21:20:00,Machine_A,59.43526140729817,2.2918407842231043
2025-01-24 21:30:00,Machine_A,58.73196525697402,2.171378922012322
2025-01-24 21:40:00,Machine_A,59.245754004678176,1.8467079129234134
2025-01-24 21:50:00,Machine_A,,2.1297858721025063
2025-01-24 22:00:00,Machine_A,59.525233066394705,2.274501648396518
2025-01-24 22:10:00,Machine_A,57.982655276074034,1.9953977747023424
2025-01-24 22:20:00,Machine_A,,2.4599496178469322
2025-01-24 22:30:00,Machine_A,58.12244845152845,1.6739230844136745
2025-01-24 22:40:00,Machine_A,58.40091589412247,2.1020265423409796
2025-01-24 22:50:00,Machine_A,58.3310981398775,2.1808024726830784
2025-01-24 23:00:00,Machine_A,58.23714314190506,2.1257752804588637
2025-01-24 23:10:00,Machine_A,57.578855677501515,1.9238827659998132
2025-01-24 23:20:00,Machine_A,,1.9045570443824995
2025-01-24 23:30:00,Machine_A,58.08145687571382,2.0337959431774917
2025-01-24 23:40:00,Machine_A,56.169759604677076,2.098548193456087
2025-01-24 23:50:00,Machine_A,60.14570884406483,2.0588735188189893
2025-01-25 00:00:00,Machine_A,59.37101572337334,2.13721042034281
2025-01-25 00:10:00,Machine_A,58.2022906445235,1.7670317080161517
2025-01-25 00:20:00,Machine_A,58.52837379647137,1.9107136096164603
2025-01-25 00:30:00,Machine_A,57.592619507337616,1.7846469445995097
2025-01-25 00:40:00,Machine_A,59.909751166705966,1.8873362114490009
2025-01-25 00:50:00,Machine_A,60.10079493089872,2.1434065573226047
2025-01-25 01:00:00,Machine_A,58.744614590585485,1.9847704839004603
2025-01-25 01:10:00,Machine_A,59.48081518772948,2.4400620215302564
2025-01-25 01:20:00,Machine_A,58.85130525039646,2.01195146674049
2025-01-25 01:30:00,Machine_A,57.69704128510975,1.9949987488742735
2025-01-25 01:40:00,Machine_A,58.498464050200795,2.0112744213327463
2025-01-25 01:50:00,Machine_A,59.00100445729379,1.8860395603550117
2025-01-25 02:00:00,Machine_A,58.60527291175971,1.9998779780690354
2025-01-25 02:10:00,Machine_A,58.87320731770687,2.2234756942642973
2025-01-25 02:20:00,Machine_A,59.059848198981236,2.0518963003329524
2025-01-25 02:30:00,Machine_A,59.15856051068831,1.9001682454899191
2025-01-25 02:40:00,Machine_A,59.36065124148156,1.8887647689103058
2025-01-25 02:50:00,Machine_A,58.571045268047286,1.9871888579355923
2025-01-25 03:00:00,Machine_A,58.951513346544736,2.095097366660012
2025-01-25 03:10:00,Machine_A,58.60776686078521,2.31082998295868
2025-01-25 03:20:00,Machine_A,60.53249580584607,1.8694576201950985
2025-01-25 03:30:00,Machine_A,58.184817444997215,2.0684886269260994
2025-01-25 03:40:00,Machine_A,60.91535474742488,2.1678664071403437
2025-01-25 03:50:00,Machine_A,61.22853088859639,1.8281481380706308
2025-01-25 04:00:00,Machine_A,60.008255530413905,2.024952309066047
2025-01-25 04:10:00,Machine_A,58.30137018341554,2.0698331868917212
2025-01-25 04:20:00,Machine_A,60.23178763433372,2.0665471149235954
2025-01-25 04:30:00,Machine_A,60.60926065769113,
2025-01-25 04:40:00,Machine_A,59.99445092241702,2.2171902057931256
2025-01-25 04:50:00,Machine_A,60.535354986688446,2.1647308917548904
2025-01-25 05:00:00,Machine_A,62.31828950123186,2.3605647024833396
2025-01-25 05:10:00,Machine_A,61.77440308105803,2.612755622904179
2025-01-25 05:20:00,Machine_A,60.652580086663264,2.616924493063397
2025-01-25 05:30:00,Machine_A,60.26507899155347,1.995164294529756
2025-01-25 05:40:00,Machine_A,61.433341046295375,
2025-01-25 05:50:00,Machine_A,61.67656672074098,2.3483270834741075
2025-01-25 06:00:00,Machine_A,62.39695934989065,
2025-01-25 06:10:00,Machine_A,61.724414485724544,2.3479377782767425
2025-01-25 06:20:00,Machine_A,62.71424475990629,2.4603860376161424
2025-01-25 06:30:00,Machine_A,64.00496490481837,2.4859901177919865
2025-01-25 06:40:00,Machine_A,63.260169439789664,2.3739303636273124
2025-01-25 06:50:00,Machine_A,62.71906784291874,2.3360516676636136
2025-01-25 07:00:00,Machine_A,62.759346281016185,2.4357033474246275
2025-01-25 07:10:00,Machine_A,62.76713179092106,2.5774842773791407
2025-01-25 07:20:00,Machine_A,64.14158323160156,2.6617284059997184
2025-01-25 07:30:00,Machine_A,62.83754125651677,2.7258103604855166
2025-01-25 07:40:00,Machine_A,63.51534208329243,2.5012240136312704
2025-01-25 07:50:00,Machine_A,63.65707846782748,2.658878898070258
2025-01-25 08:00:00,Machine_A,63.34857264575077,2.7982504665515937
2025-01-25 08:10:00,Machine_A,62.7825761909066,2.8515919048820138
2025-01-25 08:20:00,Machine_A,64.2658971301228,2.6475194826142965
2025-01-25 08:30:00,Machine_A,64.08186182404621,2.634174932564794
2025-01-25 08:40:00,Machine_A,64.64994900945214,2.723656786449493
2025-01-25 08:50:00,Machine_A,63.937685481503486,2.497068248305514
2025-01-25 09:00:00,Machine_A,65.45153077320336,2.6833483395475546
2025-01-25 09:10:00,Machine_A,63.879051653865965,2.865800353289719
2025-01-25 09:20:00,Machine_A,66.05078777813074,2.8602704827034064
2025-01-25 09:30:00,Machine_A,63.37862748315671,2.708360834345556
2025-01-25 09:40:00,Machine_A,65.21484820665698,
2025-01-25 09:50:00,Machine_A,65.3322146063664,2.631089089363475
2025-01-25 10:00:00,Machine_A,64.39464325889283,2.9163400183835018
2025-01-25 10:10:00,Machine_A,65.44405306641258,2.7851470164256344
2025-01-25 10:20:00,Machine_A,66.1956921904364,2.7581672428611874
2025-01-25 10:30:00,Machine_A,63.46012329230625,2.7506354991332693
2025-01-25 10:40:00,Machine_A,65.69112001874333,2.8115407833116843
2025-01-25 10:50:00,Machine_A,63.34339267135473,2.7485546517489494
2025-01-25 11:00:00,Machine_A,,2.953132368310542
2025-01-25 11:10:00,Machine_A,66.72036911684053,2.7681821645610576
2025-01-25 11:20:00,Machine_A,64.9814015088291,3.129897026140422
2025-01-25 11:30:00,Machine_A,64.53095304328116,3.109888078244863
2025-01-25 11:40:00,Machine_A,65.32833126013335,2.6878097859674748
2025-01-25 11:50:00,Machine_A,67.15099384606735,2.8621184682091068
2025-01-25 12:00:00,Machine_A,64.03465420223517,2.732881808159485
2025-01-25 12:10:00,Machine_A,64.65562084622503,2.790775138337886
2025-01-25 12:20:00,Machine_A,,3.208724558317349
2025-01-25 12:30:00,Machine_A,66.95621888963852,2.7907873325373704
2025-01-25 12:40:00,Machine_A,65.36408215611051,2.9080041755294306
2025-01-25 12:50:00,Machine_A,64.42579386289846,2.93677103612546
2025-01-25 13:00:00,Machine_A,67.05741519345908,2.654553334783097
2025-01-25 13:10:00,Machine_A,66.61356324101816,2.6752554424430453
2025-01-25 13:20:00,Machine_A,65.83208176296047,2.605777652500197
2025-01-25 13:30:00,Machine_A,64.58365648463956,2.656271057528479
2025-01-25 13:40:00,Machine_A,65.13285378195785,2.2948330844893996
2025-01-25 13:50:00,Machine_A,64.9762498512879,2.897179707073053
2025-01-25 14:00:00,Machine_A,65.295769956938,3.15946632312909
2025-01-25 14:10:00,Machine_A,66.11267121085017,2.8061338836423735
2025-01-25 14:20:00,Machine_A,65.5705657879214,2.513690025248737
2025-01-25 14:30:00,Machine_A,63.91483582943152,2.6413092542090655
2025-01-25 14:40:00,Machine_A,65.78235271093206,2.662122167299041
2025-01-25 14:50:00,Machine_A,64.83097639084596,2.5486095416661483
2025-01-25 15:00:00,Machine_A,65.02452637084005,2.8730309264450744
2025-01-25 15:10:00,Machine_A,65.5377984140777,2.8498624014146072
2025-01-25 15:20:00,Machine_A,63.36049243429205,2.481273101471764
2025-01-25 15:30:00,Machine_A,64.10200453856535,2.8044572310544758
2025-01-25 15:40:00,Machine_A,63.582353886141284,2.9329356758018785
2025-01-25 15:50:00,Machine_A,62.62626108892152,2.9842453006973915
2025-01-25 16:00:00,Machine_A,64.02736798208393,3.140738164155473
2025-01-25 16:10:00,Machine_A,65.62536538759016,2.4454281990559896
2025-01-25 16:20:00,Machine_A,62.007101720487846,3.0985378945344513
2025-01-25 16:30:00,Machine_A,63.31356752443824,2.5084503946327086
2025-01-25 16:40:00,Machine_A,63.70950484969966,2.447265282528058
2025-01-25 16:50:00,Machine_A,63.1509328595899,2.5941906372549353
2025-01-25 17:00:00,Machine_A,62.81536421584623,2.411697530159392
2025-01-25 17:10:00,Machine_A,61.7181655580267,2.569225771588521
2025-01-25 17:20:00,Machine_A,62.79399801618639,2.2405277861574047
2025-01-25 17:30:00,Machine_A,61.85143049115744,2.415761318127605
2025-01-25 17:40:00,Machine_A,60.553107735633965,2.6706248864215483
2025-01-25 17:50:00,Machine_A,63.10834163218966,2.409357691856793
2025-01-25 18:00:00,Machine_A,62.766708655873636,2.4254872416131787
2025-01-25 18:10:00,Machine_A,61.88866092570219,2.465917824534715
2025-01-25 18:20:00,Machine_A,61.878214650947754,2.571499009040733
2025-01-25 18:30:00,Machine_A,62.402612737402265,2.0433227653068786
2025-01-25 18:40:00,Machine_A,61.57170310358821,2.4270726493806194
2025-01-25 18:50:00,Machine_A,61.96567539502569,2.2543371286643366
2025-01-25 19:00:00,Machine_A,60.856147581442094,2.3135262508599963
2025-01-25 19:10:00,Machine_A,61.9971166925942,2.4554734207803044
2025-01-25 19:20:00,Machine_A,61.05955807910631,2.031137338249317
2025-01-25 19:30:00,Machine_A,60.81584954160688,2.0455164559759536
2025-01-25 19:40:00,Machine_A,59.50478721293793,1.8614443894682
2025-01-25 19:50:00,Machine_A,60.61344453711875,2.0933645145267548
2025-01-25 20:00:00,Machine_A,59.584436066004436,2.4144778219881866
2025-01-25 20:10:00,Machine_A,59.60882518956332,2.1365094823187043
2025-01-25 20:20:00,Machine_A,59.340181970118444,1.900668122424168
2025-01-25 20:30:00,Machine_A,59.016347052950096,2.038635182922567
2025-01-25 20:40:00,Machine_A,61.45006048851068,1.842930469012745
2025-01-25 20:50:00,Machine_A,60.70050552293591,1.893450908261344
2025-01-25 21:00:00,Machine_A,61.0614202675625,2.1517893523135223
2025-01-25 21:10:00,Machine_A,58.441213305520115,1.856927999700359
2025-01-25 21:20:00,Machine_A,59.37584744901229,2.2555541755330544
2025-01-25 21:30:00,Machine_A,58.1884572088174,2.030189344519484
2025-01-25 21:40:00,Machine_A,58.57641194323087,
2025-01-25 21:50:00,Machine_A,58.31362835292164,1.9703667152147806
2025-01-25 22:00:00,Machine_A,59.960578291907716,2.1494011792348724
2025-01-25 22:10:00,Machine_A,58.57847834139482,2.141813904869662
2025-01-25 22:20:00,Machine_A,59.68262621232694,2.0524712791776984
2025-01-25 22:30:00,Machine_A,,2.0859162494332972
2025-01-25 22:40:00,Machine_A,60.55398682893315,1.9389621800606645
2025-01-25 22:50:00,Machine_A,57.47843529386943,
2025-01-25 23:00:00,Machine_A,59.6266461998177,1.904515378584634
2025-01-25 23:10:00,Machine_A,59.50011667140082,1.9610684887852623
2025-01-25 23:20:00,Machine_A,57.774469794035646,1.9074006362585727
2025-01-25 23:30:00,Machine_A,59.335649654370194,1.8715504753043302
2025-01-25 23:40:00,Machine_A,58.782234527099874,1.8276722622687922
2025-01-25 23:50:00,Machine_A,58.32135021650077,2.0346125189827635
2025-01-26 00:00:00,Machine_A,57.8408516104224,2.1859090643064234
2025-01-26 00:10:00,Machine_A,57.928043663304145,2.1612266551886847
2025-01-26 00:20:00,Machine_A,60.15316823330763,1.725530625388536
2025-01-26 00:30:00,Machine_A,58.53048924035765,2.1859063616350225
2025-01-26 00:40:00,Machine_A,59.17887686568244,
2025-01-26 00:50:00,Machine_A,57.95024446974619,2.0687987395222365
2025-01-26 01:00:00,Machine_A,57.99537725101095,1.8022146184014212
2025-01-26 01:10:00,Machine_A,59.52757851978116,1.9963837566606188
2025-01-26 01:20:00,Machine_A,57.63141485800809,2.0336084935677845
2025-01-26 01:30:00,Machine_A,58.43425062188628,1.7170253478243835
2025-01-26 01:40:00,Machine_A,58.85514467422951,2.1016495857754616
2025-01-26 01:50:00,Machine_A,58.98456016534827,2.243113426480697
2025-01-26 02:00:00,Machine_A,58.82563645874154,1.9788519380743095
2025-01-26 02:10:00,Machine_A,59.36478576453164,2.2653041129332436
2025-01-26 02:20:00,Machine_A,59.68725244964278,1.99723675124852
2025-01-26 02:30:00,Machine_A,59.81097334534814,2.195916212457335
2025-01-26 02:40:00,Machine_A,58.530201402149316,1.6559374067252621
2025-01-26 02:50:00,Machine_A,59.19220524282153,2.5036051987118677
2025-01-26 03:00:00,Machine_A,60.480936555348634,2.3509844326097857
2025-01-26 03:10:00,Machine_A,60.35115202340429,2.0447518158072904
2025-01-26 03:20:00,Machine_A,58.651955804912255,1.7557695508451698
2025-01-26 03:30:00,Machine_A,60.15051891875124,2.1779024632410637
2025-01-26 03:40:00,Machine_A,58.409902273271484,1.881984005168753
2025-01-26 03:50:00,Machine_A,60.15699929243441,2.238288813004277
2025-01-26 04:00:00,Machine_A,61.76821361339678,2.2490818294495707
2025-01-26 04:10:00,Machine_A,59.6255656798622,2.02276055362387
2025-01-26 04:20:00,Machine_A,59.853377647514286,2.411595846467273
2025-01-26 04:30:00,Machine_A,61.27183181198047,
2025-01-26 04:40:00,Machine_A,59.56868828619244,2.4217391362153906
2025-01-26 04:50:00,Machine_A,60.44132567782701,2.2662767768834784
2025-01-26 05:00:00,Machine_A,61.571286252206576,
2025-01-26 05:10:00,Machine_A,60.73503267306512,2.4786191827258586
2025-01-26 05:20:00,Machine_A,61.20345538839697,2.273191468205439
2025-01-26 05:30:00,Machine_A,62.13850689548185,2.091102787726296
2025-01-26 05:40:00,Machine_A,62.032191767212446,2.6041470016389323
2025-01-26 05:50:00,Machine_A,62.06078686125765,2.7582646293760504
2025-01-26 06:00:00,Machine_A,61.72870217658397,2.3925753367837435
2025-01-26 06:10:00,Machine_A,62.448716747993835,2.808270532142994
2025-01-26 06:20:00,Machine_A,62.206058955537,2.455656735386489
2025-01-26 06:30:00,Machine_A,62.82308616071081,2.39025472374908
2025-01-26 06:40:00,Machine_A,62.21022300173987,2.3646591581967322
2025-01-26 06:50:00,Machine_A,62.611483469279726,2.79207265971084
2025-01-26 07:00:00,Machine_A,62.11390042381721,2.3760426716463354
2025-01-26 07:10:00,Machine_A,63.02446421025997,2.6676660855724204
2025-01-26 07:20:00,Machine_A,62.54826981073677,2.453259574185893
2025-01-26 07:30:00,Machine_A,62.448154853148225,2.489352327300905
2025-01-26 07:40:00,Machine_A,63.68609283437676,2.775623162697837
2025-01-26 07:50:00,Machine_A,63.78631196700874,2.5393802436236816
2025-01-26 08:00:00,Machine_A,64.37629898795886,2.552136831704347
2025-01-26 08:10:00,Machine_A,63.5356481735538,2.845689669247536
2025-01-26 08:20:00,Machine_A,64.33395980469807,2.945640909137863
2025-01-26 08:30:00,Machine_A,64.57130305934945,2.789986807645086
2025-01-26 08:40:00,Machine_A,64.60557568016817,2.571395864746632
2025-01-26 08:50:00,Machine_A,63.704042780413104,2.6121060635534827
2025-01-26 09:00:00,Machine_A,,2.7325827990071527
2025-01-26 09:10:00,Machine_A,64.87178291567916,2.789542212711174
2025-01-26 09:20:00,Machine_A,64.68689832444278,2.5669041355783815
2025-01-26 09:30:00,Machine_A,63.107554564322456,2.8871558322554316
2025-01-26 09:40:00,Machine_A,64.99542385419025,2.7840108192651742
2025-01-26 09:50:00,Machine_A,66.72189489186289,2.470698653260935
2025-01-26 10:00:00,Machine_A,64.74305749823995,2.622504664860066
2025-01-26 10:10:00,Machine_A,64.52207623783951,2.7084117136729002
2025-01-26 10:20:00,Machine_A,65.4707561023974,2.7947241201751023
2025-01-26 10:30:00,Machine_A,65.48348093216276,3.155815972820798
2025-01-26 10:40:00,Machine_A,66.24311230508381,2.865732514458792
2025-01-26 10:50:00,Machine_A,64.33171480289168,2.6778336876549496
2025-01-26 11:00:00,Machine_A,65.96584459407174,2.87438016660537
2025-01-26 11:10:00,Machine_A,65.88937367392094,2.7759574086622716
2025-01-26 11:20:00,Machine_A,65.3331099059903,2.901619971971531
2025-01-26 11:30:00,Machine_A,65.74100686914568,2.950652371284625
2025-01-26 11:40:00,Machine_A,66.3102474285998,3.0659491306415942
2025-01-26 11:50:00,Machine_A,66.19452107955927,2.8452001304912313
2025-01-26 12:00:00,Machine_A,64.58558455034101,3.14501289496797
2025-01-26 12:10:00,Machine_A,66.1527953249409,3.0130157789683505
2025-01-26 12:20:00,Machine_A,65.43493055929508,2.7209484960750916
2025-01-26 12:30:00,Machine_A,65.52835629322074,3.243924207452938
2025-01-26 12:40:00,Machine_A,65.50538472834408,2.902022501244111
2025-01-26 12:50:00,Machine_A,65.29684163388116,2.6890107924889675
2025-01-26 13:00:00,Machine_A,66.3341063896974,3.1321909710515565
2025-01-26 13:10:00,Machine_A,65.27103495973942,
2025-01-26 13:20:00,Machine_A,64.39328727004414,2.816917131884138
2025-01-26 13:30:00,Machine_A,64.91875447901373,2.7250887427624715
2025-01-26 13:40:00,Machine_A,65.31503302807666,2.776811011824833
2025-01-26 13:50:00,Machine_A,66.08790974356141,2.9278065858833857
2025-01-26 14:00:00,Machine_A,65.51356466120461,3.01972562960849
2025-01-26 14:10:00,Machine_A,64.27144183734747,2.882213870171242
2025-01-26 14:20:00,Machine_A,66.85518408835459,2.7869285974549647
2025-01-26 14:30:00,Machine_A,64.98855693980171,3.0266511217858527
2025-01-26 14:40:00,Machine_A,65.70146814131564,
2025-01-26 14:50:00,Machine_A,64.45909913197366,2.917340282470599
2025-01-26 15:00:00,Machine_A,64.90156112991728,2.666346747830716
2025-01-26 15:10:00,Machine_A,65.03614053026953,2.781599725869008
2025-01-26 15:20:00,Machine_A,65.2243124033063,2.6688131626966616
2025-01-26 15:30:00,Machine_A,64.97655964583309,2.663889250176418
2025-01-26 15:40:00,Machine_A,64.70527512728704,2.5901798232147732
2025-01-26 15:50:00,Machine_A,63.6284792442586,2.883858549368596
2025-01-26 16:00:00,Machine_A,63.29260316643515,2.4930733131404637
2025-01-26 16:10:00,Machine_A,63.88220615458198,2.4745450704969976
2025-01-26 16:20:00,Machine_A,64.2256663739653,2.9719570596354346
2025-01-26 16:30:00,Machine_A,63.16121545265653,2.7482201062020697
2025-01-26 16:40:00,Machine_A,64.04920807421135,2.1245885987318043
2025-01-26 16:50:00,Machine_A,64.2145636946539,2.4335710367190506
2025-01-26 17:00:00,Machine_A,62.17280992260009,2.1903104895349648
2025-01-26 17:10:00,Machine_A,62.08800208574634,2.3262735014574
2025-01-26 17:20:00,Machine_A,62.49546857470999,1.9132090400279917
2025-01-26 17:30:00,Machine_A,62.70293180732154,2.4340786625141138
2025-01-26 17:40:00,Machine_A,61.88539148860316,2.23367055678741
2025-01-26 17:50:00,Machine_A,63.23442999887239,2.4304116705377603
2025-01-26 18:00:00,Machine_A,62.33925348921476,2.1074781734011454
2025-01-26 18:10:00,Machine_A,,2.395295409256566
2025-01-26 18:20:00,Machine_A,60.546227281288374,2.286094985701895
2025-01-26 18:30:00,Machine_A,60.490505674087814,2.6116147472349236
2025-01-26 18:40:00,Machine_A,61.61703877839119,2.5759025551640935
2025-01-26 18:50:00,Machine_A,59.53638485029277,2.443964382269705
2025-01-26 19:00:00,Machine_A,,2.224740949184847
2025-01-26 19:10:00,Machine_A,60.821006626237185,2.6220508613699294
2025-01-26 19:20:00,Machine_A,63.39740387403595,1.9665445854922814
2025-01-26 19:30:00,Machine_A,62.506940987215074,1.9751519021142503
2025-01-26 19:40:00,Machine_A,60.37567682850954,2.1947408242366535
2025-01-26 19:50:00,Machine_A,60.298810251652334,2.5979399836500363
2025-01-26 20:00:00,Machine_A,61.04646521120162,2.138578996763384
2025-01-26 20:10:00,Machine_A,61.48198945872055,
2025-01-26 20:20:00,Machine_A,58.68205922682253,1.8823467395419038
2025-01-26 20:30:00,Machine_A,58.44023462618573,2.2963246822947436
2025-01-26 20:40:00,Machine_A,59.2526155216536,2.2823173014203406
2025-01-26 20:50:00,Machine_A,60.10162433988428,2.238017942824937
2025-01-26 21:00:00,Machine_A,59.92262513825316,1.9685422273535285
2025-01-26 21:10:00,Machine_A,60.27534648515165,1.941017980128303
2025-01-26 21:20:00,Machine_A,58.35908642639133,1.8225179955235653
2025-01-26 21:30:00,Machine_A,57.37034821860558,2.058088047185912
2025-01-26 21:40:00,Machine_A,59.81937920123024,1.8369082607998233
2025-01-26 21:50:00,Machine_A,58.38557292128271,1.8085388784393297
2025-01-26 22:00:00,Machine_A,57.35412079524356,1.9340242392530809
2025-01-26 22:10:00,Machine_A,59.01151308064373,1.912797013536641
2025-01-26 22:20:00,Machine_A,59.46246329594666,
2025-01-26 22:30:00,Machine_A,58.668775930513476,2.068214237801168
2025-01-26 22:40:00,Machine_A,58.344797118303326,1.9913669250333914
2025-01-26 22:50:00,Machine_A,58.53450088666448,1.9189592866712966
2025-01-26 23:00:00,Machine_A,58.32279339806764,1.9982757052659859
2025-01-26 23:10:00,Machine_A,57.5045262855281,1.7821919293971962
2025-01-26 23:20:00,Machine_A,57.98142832286493,1.9757866634482484
2025-01-26 23:30:00,Machine_A,58.94696690920272,1.9809582610938195
2025-01-26 23:40:00,Machine_A,58.77066138978009,1.681163951174368
2025-01-26 23:50:00,Machine_A,,2.129653176074829
2025-01-27 00:00:00,Machine_A,57.703881214517295,1.7913419330591407
2025-01-27 00:10:00,Machine_A,58.35812869475496,1.9666840641453223
2025-01-27 00:20:00,Machine_A,56.77166651952461,2.1613064991550632
2025-01-27 00:30:00,Machine_A,58.67272431629998,2.120471628770282
2025-01-27 00:40:00,Machine_A,59.69625903070813,1.9630165210868966
2025-01-27 00:50:00,Machine_A,57.403658269446545,1.8954169762772575
2025-01-27 01:00:00,Machine_A,58.150517469334055,2.1358855217135213
2025-01-27 01:10:00,Machine_A,58.92527609534931,2.0922724681688494
2025-01-27 01:20:00,Machine_A,59.7133499347913,1.8658326170383976
2025-01-27 01:30:00,Machine_A,58.407841943170375,1.8411733539096167
2025-01-27 01:40:00,Machine_A,58.274122481959004,1.6191375631282279
2025-01-27 01:50:00,Machine_A,57.32032356994336,2.028570856572846
2025-01-27 02:00:00,Machine_A,59.05166159020095,1.9954029741936907
2025-01-27 02:10:00,Machine_A,60.6817907717699,2.2249882968198587
2025-01-27 02:20:00,Machine_A,59.35485461456027,2.0960114968964194
2025-01-27 02:30:00,Machine_A,59.20544012563371,2.2831522518200282
2025-01-27 02:40:00,Machine_A,59.57651029769717,1.9297544395715494
2025-01-27 02:50:00,Machine_A,59.410655718005685,2.2730922580096156
2025-01-27 03:00:00,Machine_A,76.87471476803898,6.986597000227215
2025-01-27 03:10:00,Machine_A,60.29405820588735,2.235951697695562
2025-01-27 03:20:00,Machine_A,59.93085258458651,1.8481690649855322
2025-01-27 03:30:00,Machine_A,59.8834256000164,2.16838171083199
2025-01-27 03:40:00,Machine_A,59.21218965094874,1.7846467741817655
2025-01-27 03:50:00,Machine_A,61.162257716333926,
2025-01-27 04:00:00,Machine_A,60.781762196266484,2.254263718898024
2025-01-27 04:10:00,Machine_A,59.941543183783544,2.0984387848226373
2025-01-27 04:20:00,Machine_A,61.322295966853105,2.020743009040611
2025-01-27 04:30:00,Machine_A,60.26255131601402,2.380093779908978
2025-01-27 04:40:00,Machine_A,60.17732670435133,2.227467633331003
2025-01-27 04:50:00,Machine_A,60.33976720775081,2.176559673757556
2025-01-27 05:00:00,Machine_A,59.677278499670706,2.291072695511635
2025-01-27 05:10:00,Machine_A,61.61969525555121,2.7772026192780594
2025-01-27 05:20:00,Machine_A,59.927315475495064,2.5294888330105594
2025-01-27 05:30:00,Machine_A,60.56040326221721,2.550526473774788
2025-01-27 05:40:00,Machine_A,60.03448449312037,2.4391782531821793
2025-01-27 05:50:00,Machine_A,61.77847638998861,2.410338624749485
2025-01-27 06:00:00,Machine_A,61.8797436317825,1.968705188100525
2025-01-27 06:10:00,Machine_A,61.89131088522958,2.2974122619510373
2025-01-27 06:20:00,Machine_A,61.470982943880344,2.3527166898600007
2025-01-27 06:30:00,Machine_A,61.51905467002087,2.1212562149704675
2025-01-27 06:40:00,Machine_A,62.97926451267151,2.2698068377113403
2025-01-27 06:50:00,Machine_A,62.31709710341657,2.140847261506072
2025-01-27 07:00:00,Machine_A,63.158953315087736,
2025-01-27 07:10:00,Machine_A,62.34427134936558,2.6826954845297095
2025-01-27 07:20:00,Machine_A,63.34192069585671,2.75312847784893
2025-01-27 07:30:00,Machine_A,64.38201444313067,2.6468687477385537
2025-01-27 07:40:00,Machine_A,63.948096556406675,2.4167668763675723
2025-01-27 07:50:00,Machine_A,63.28618909174943,2.2600151474221724
2025-01-27 08:00:00,Machine_A,63.955759176284744,2.30876363410773
2025-01-27 08:10:00,Machine_A,63.688016489589714,2.413367959850261
2025-01-27 08:20:00,Machine_A,64.01382167498444,2.4981146507115493
2025-01-27 08:30:00,Machine_A,63.87017615981171,2.6451879134154384
2025-01-27 08:40:00,Machine_A,64.11828846919458,2.5067048650960886
2025-01-27 08:50:00,Machine_A,64.53424040911416,2.7650312542873343
2025-01-27 09:00:00,Machine_A,63.68018677448736,2.676388821030041
2025-01-27 09:10:00,Machine_A,63.76776761724346,2.7336730296779406
2025-01-27 09:20:00,Machine_A,63.57032150785146,2.9499650988843573
2025-01-27 09:30:00,Machine_A,63.496519807416355,2.5445672909749892
2025-01-27 09:40:00,Machine_A,63.893206001235086,2.8439852440226727
2025-01-27 09:50:00,Machine_A,65.0794400657884,2.7770109694901053
2025-01-27 10:00:00,Machine_A,64.31685890085203,2.7296839011284524
2025-01-27 10:10:00,Machine_A,65.51542948750865,2.9585010126860722
2025-01-27 10:20:00,Machine_A,65.19984825363032,2.966061051986754
2025-01-27 10:30:00,Machine_A,63.65877499303906,2.6453774463521618
2025-01-27 10:40:00,Machine_A,65.81290464012804,2.790072774259232
2025-01-27 10:50:00,Machine_A,65.98664824409217,
2025-01-27 11:00:00,Machine_A,64.58565025214386,2.7855254071860154
2025-01-27 11:10:00,Machine_A,65.75318925923575,2.944637043015774
2025-01-27 11:20:00,Machine_A,64.76162854561538,2.8937780520793432
2025-01-27 11:30:00,Machine_A,65.548193316207,3.176011210882297
2025-01-27 11:40:00,Machine_A,64.47508271775713,2.5728373696739237
2025-01-27 11:50:00,Machine_A,64.06218361350885,2.8275332215573044
2025-01-27 12:00:00,Machine_A,65.19374624830962,2.6864695479278056
2025-01-27 12:10:00,Machine_A,65.39768561851663,2.9583110416908642
2025-01-27 12:20:00,Machine_A,65.16853768842942,2.5571966739330874
2025-01-27 12:30:00,Machine_A,64.52283256823029,2.908486475458694
2025-01-27 12:40:00,Machine_A,65.12690788583782,2.729754771212792
2025-01-27 12:50:00,Machine_A,65.63247182698436,2.7071840673021876
2025-01-27 13:00:00,Machine_A,65.34482596791372,2.574296945192757
2025-01-27 13:10:00,Machine_A,65.48401015209816,2.745458957520521
2025-01-27 13:20:00,Machine_A,64.7528320123873,3.0180717748060255
2025-01-27 13:30:00,Machine_A,66.17095269556243,2.8112118265947723
2025-01-27 13:40:00,Machine_A,64.23113858538446,
2025-01-27 13:50:00,Machine_A,65.49458615379315,3.0987904028841293
2025-01-27 14:00:00,Machine_A,,2.8371874369710612
2025-01-27 14:10:00,Machine_A,65.33659653454421,2.678942227644577
2025-01-27 14:20:00,Machine_A,64.70501277335961,2.8527238186629487
2025-01-27 14:30:00,Machine_A,64.35409905368894,2.6590356967944833
2025-01-27 14:40:00,Machine_A,65.51002567175344,2.65392391641005
2025-01-27 14:50:00,Machine_A,63.4420907386261,2.4581940976331387
2025-01-27 15:00:00,Machine_A,63.69877432584921,2.8849243999291367
2025-01-27 15:10:00,Machine_A,64.04651951426143,2.634535129810148
2025-01-27 15:20:00,Machine_A,65.23987963991249,2.7220321086057977
2025-01-27 15:30:00,Machine_A,64.43447911036323,2.487469495904729
2025-01-27 15:40:00,Machine_A,63.23308092042046,2.736579969706756
2025-01-27 15:50:00,Machine_A,63.63230246490596,2.5046354008917557
2025-01-27 16:00:00,Machine_A,63.25854148472296,2.5994924300936715
2025-01-27 16:10:00,Machine_A,63.04828895253579,2.7657955615788077
2025-01-27 16:20:00,Machine_A,64.26227556293787,2.73251489398517
2025-01-27 16:30:00,Machine_A,62.24199750986701,2.568242131511241
2025-01-27 16:40:00,Machine_A,64.48409518622734,2.2356454786093414
2025-01-27 16:50:00,Machine_A,63.715054050412654,3.0740235123878388
2025-01-27 17:00:00,Machine_A,63.77855599434178,2.830723184945299
2025-01-27 17:10:00,Machine_A,62.38718703916315,2.62747929475204
2025-01-27 17:20:00,Machine_A,62.48781604657097,2.342564999263744
2025-01-27 17:30:00,Machine_A,61.31032022115041,2.4382901973926696
2025-01-27 17:40:00,Machine_A,61.88531517396336,2.341404406876673
2025-01-27 17:50:00,Machine_A,62.5475917338932,2.647122793351751
2025-01-27 18:00:00,Machine_A,63.03685044942512,2.44725052035333
2025-01-27 18:10:00,Machine_A,60.96160669077936,2.2392217811808286
2025-01-27 18:20:00,Machine_A,61.40255015079498,2.276043997921093
2025-01-27 18:30:00,Machine_A,61.4221189510438,2.5430770791635595
2025-01-27 18:40:00,Machine_A,60.27560001641176,2.609875932477567
2025-01-27 18:50:00,Machine_A,61.71554074462336,2.5777018551553783
2025-01-27 19:00:00,Machine_A,60.51494107674709,2.4197972014135813
2025-01-27 19:10:00,Machine_A,60.79121742079342,2.219209913838602
2025-01-27 19:20:00,Machine_A,60.44137000083066,1.6626184469442076
2025-01-27 19:30:00,Machine_A,60.02913718214644,2.2812812597211893
2025-01-27 19:40:00,Machine_A,60.51520009552311,2.209492605624747
2025-01-27 19:50:00,Machine_A,60.21139219082297,2.2174099013820783
2025-01-27 20:00:00,Machine_A,59.95251369417707,2.184701522465977
2025-01-27 20:10:00,Machine_A,59.536682073441845,1.9194879870930808
2025-01-27 20:20:00,Machine_A,60.24810220939771,2.2422241438752426
2025-01-27 20:30:00,Machine_A,61.192228813263306,2.2398562934718087
2025-01-27 20:40:00,Machine_A,59.862153152368414,2.233566556411796
2025-01-27 20:50:00,Machine_A,60.43232884527409,2.266368267216163
2025-01-27 21:00:00,Machine_A,58.41294872572431,2.190531244551946
2025-01-27 21:10:00,Machine_A,59.54573847259958,1.99441990435844
2025-01-27 21:20:00,Machine_A,58.440949793906725,2.042529367971564
2025-01-27 21:30:00,Machine_A,58.04172336695515,2.059393472974552
2025-01-27 21:40:00,Machine_A,58.5414707190213,2.050767480909145
2025-01-27 21:50:00,Machine_A,60.00164940718576,2.200153027459113
2025-01-27 22:00:00,Machine_A,59.72892374969018,2.126148943841051
2025-01-27 22:10:00,Machine_A,59.08986586151975,2.3747669441923915
2025-01-27 22:20:00,Machine_A,57.60176229745978,2.3893259122127484
2025-01-27 22:30:00,Machine_A,58.609397115100144,1.9985911352404273
2025-01-27 22:40:00,Machine_A,58.952435834370704,1.2865403219236546
2025-01-27 22:50:00,Machine_A,58.80241965604409,2.193457216066206
2025-01-27 23:00:00,Machine_A,57.144224741203665,1.8680656371522493
2025-01-27 23:10:00,Machine_A,57.870709696664335,
2025-01-27 23:20:00,Machine_A,58.5019106531383,1.8851163616464204
2025-01-27 23:30:00,Machine_A,58.95897571280542,1.8734540639551562
2025-01-27 23:40:00,Machine_A,56.756416299798936,2.0619209516776853
2025-01-27 23:50:00,Machine_A,58.373632044079606,1.6697298600454433
2025-01-28 00:00:00,Machine_A,58.61443901590316,1.7560102657575116
2025-01-28 00:10:00,Machine_A,59.183020815276464,2.012196840043699
2025-01-28 00:20:00,Machine_A,59.06760462406884,2.0638423113331097
2025-01-28 00:30:00,Machine_A,58.99600004023871,2.0693273084702675
2025-01-28 00:40:00,Machine_A,57.913220459095726,1.8151699809365125
2025-01-28 00:50:00,Machine_A,57.05656226538159,1.7845789799281067
2025-01-28 01:00:00,Machine_A,58.30481740233914,1.8741391080880936
2025-01-28 01:10:00,Machine_A,59.46329613254806,2.0140044675745483
2025-01-28 01:20:00,Machine_A,59.82583944926886,2.2445242471154
2025-01-28 01:30:00,Machine_A,59.334860918048726,1.615715516931186
2025-01-28 01:40:00,Machine_A,59.17139540361311,1.9524303195810015
2025-01-28 01:50:00,Machine_A,59.199173802585,1.7609630056852636
2025-01-28 02:00:00,Machine_A,58.52401608934584,1.7128848863733743
2025-01-28 02:10:00,Machine_A,58.944081704812,2.1945260455462683
2025-01-28 02:20:00,Machine_A,60.468223465649594,2.1294140034798343
2025-01-28 02:30:00,Machine_A,58.46921690434718,2.123889029739451
2025-01-28 02:40:00,Machine_A,60.61066748165146,2.221064651748039
2025-01-28 02:50:00,Machine_A,59.16190679757092,1.9818757970175396
2025-01-28 03:00:00,Machine_A,60.58547195312315,2.0039271955260185
2025-01-28 03:10:00,Machine_A,58.50998226574716,
2025-01-28 03:20:00,Machine_A,60.21896672702883,2.066362785874334
2025-01-28 03:30:00,Machine_A,59.27991888971138,2.258381137295812
2025-01-28 03:40:00,Machine_A,58.86026871923199,2.143039281015426
2025-01-28 03:50:00,Machine_A,60.294278604714876,1.8255286408298144
2025-01-28 04:00:00,Machine_A,61.057577430876776,1.8069667793157715
2025-01-28 04:10:00,Machine_A,59.70792670280259,2.0879959644550516
2025-01-28 04:20:00,Machine_A,59.32162331554083,2.399920007517283
2025-01-28 04:30:00,Machine_A,60.58713217525422,2.3696849536301903
2025-01-28 04:40:00,Machine_A,60.732981235338414,2.410624825063775
2025-01-28 04:50:00,Machine_A,61.38618540377864,2.0870140780145405
2025-01-28 05:00:00,Machine_A,61.85380899923277,2.574388477925882
2025-01-28 05:10:00,Machine_A,61.194929206198644,2.1289213796943045
2025-01-28 05:20:00,Machine_A,62.876634030001156,2.360166711810476
2025-01-28 05:30:00,Machine_A,61.72254612285805,2.339399801317584
2025-01-28 05:40:00,Machine_A,61.41781369557768,2.3294826281069283
2025-01-28 05:50:00,Machine_A,60.55807825693906,2.6213178605788077
2025-01-28 06:00:00,Machine_A,61.78987238374707,2.273080106370127
2025-01-28 06:10:00,Machine_A,61.88355829944977,2.1766997782862543
2025-01-28 06:20:00,Machine_A,63.07328893664198,2.4428192717536015
2025-01-28 06:30:00,Machine_A,62.826828572023665,2.3867679743274484
2025-01-28 06:40:00,Machine_A,61.66427332452816,3.0860706053849944
2025-01-28 06:50:00,Machine_A,62.89534215791219,2.6191691720313415
2025-01-28 07:00:00,Machine_A,63.443091595242066,2.442787266756782
2025-01-28 07:10:00,Machine_A,64.27489538577522,2.345217527323247
2025-01-28 07:20:00,Machine_A,63.90707367557109,2.2154571505941694
2025-01-28 07:30:00,Machine_A,63.948069336727,2.3876681091315524
2025-01-28 07:40:00,Machine_A,63.52723271178458,2.6108677366999586
2025-01-28 07:50:00,Machine_A,63.92676975066137,2.8647060332428236
2025-01-28 08:00:00,Machine_A,64.74960392056492,2.8269040456298256
2025-01-28 08:10:00,Machine_A,62.814326711230166,2.6830218934524193
2025-01-28 08:20:00,Machine_A,63.72796606545509,2.5999392165315234
2025-01-28 08:30:00,Machine_A,63.51261000252553,2.722328867208112
2025-01-28 08:40:00,Machine_A,64.5530791288838,2.5958995848117192
2025-01-28 08:50:00,Machine_A,65.34874346717545,3.0133211126645447
2025-01-28 09:00:00,Machine_A,63.99729430477606,2.6841438189044315
2025-01-28 09:10:00,Machine_A,62.66822718485989,2.716233987080145
2025-01-28 09:20:00,Machine_A,64.35137895489686,2.34587196289982
2025-01-28 09:30:00,Machine_A,65.50751567663325,2.7218307307569582
2025-01-28 09:40:00,Machine_A,65.29713607737138,2.919185564763736
2025-01-28 09:50:00,Machine_A,65.29441905859356,2.5873360867488606
2025-01-28 10:00:00,Machine_A,64.80709427174595,2.654581771494291
2025-01-28 10:10:00,Machine_A,64.08131332714794,2.9418428581222593
2025-01-28 10:20:00,Machine_A,65.58431271192785,2.542040203933243
2025-01-28 10:30:00,Machine_A,64.5661529157618,3.0061499709876243
2025-01-28 10:40:00,Machine_A,67.03620155945505,2.7270757791225004
2025-01-28 10:50:00,Machine_A,65.79441509430241,2.7592303481482854
2025-01-28 11:00:00,Machine_A,64.91622174996859,2.6323685089074735
2025-01-28 11:10:00,Machine_A,64.92792782700886,2.907381530080989
2025-01-28 11:20:00,Machine_A,65.37247177025186,3.2859404461607817
2025-01-28 11:30:00,Machine_A,65.27845547719093,2.9868196907211284
2025-01-28 11:40:00,Machine_A,66.38014846374507,2.692716266991989
2025-01-28 11:50:00,Machine_A,65.64580171133174,3.053983405100302
2025-01-28 12:00:00,Machine_A,64.91469460887318,2.792997681731835
2025-01-28 12:10:00,Machine_A,67.00902132366113,3.096978996368797
2025-01-28 12:20:00,Machine_A,65.52612810853728,2.993489366530871
2025-01-28 12:30:00,Machine_A,,2.3163847058333022
2025-01-28 12:40:00,Machine_A,64.96024592958693,2.6624291549235886
2025-01-28 12:50:00,Machine_A,65.70752852711539,3.0093225433143402
2025-01-28 13:00:00,Machine_A,65.6296283849263,2.8619649308161836
2025-01-28 13:10:00,Machine_A,63.82628989394187,2.644896557249289
2025-01-28 13:20:00,Machine_A,66.9011442611192,2.7088155665647724
2025-01-28 13:30:00,Machine_A,66.26609393252754,2.4726231980139906
2025-01-28 13:40:00,Machine_A,64.85432100171148,2.7919313124117413
2025-01-28 13:50:00,Machine_A,64.22272212375908,3.1970790256130375
2025-01-28 14:00:00,Machine_A,65.30913820428839,2.934599442034816
2025-01-28 14:10:00,Machine_A,65.02122821987662,3.1738012108297147
2025-01-28 14:20:00,Machine_A,65.15156731386206,2.927449896092243
2025-01-28 14:30:00,Machine_A,64.9299986079746,2.9419552849345405
2025-01-28 14:40:00,Machine_A,65.08614834236117,3.1000541631976444
2025-01-28 14:50:00,Machine_A,65.73831523834889,2.7996821882461567
2025-01-28 15:00:00,Machine_A,64.92935629825584,2.6844971336627075
2025-01-28 15:10:00,Machine_A,63.524841327526865,2.889893946419009
2025-01-28 15:20:00,Machine_A,65.33980691607285,2.950945667040882
2025-01-28 15:30:00,Machine_A,65.44315665232115,2.5875490073657264
2025-01-28 15:40:00,Machine_A,66.52916291483832,2.528226961536766
2025-01-28 15:50:00,Machine_A,62.9817534026222,2.666778909593629
2025-01-28 16:00:00,Machine_A,63.94430561052022,2.774669796047699
2025-01-28 16:10:00,Machine_A,61.95044118377143,2.751443264714846
2025-01-28 16:20:00,Machine_A,63.921683241195815,
2025-01-28 16:30:00,Machine_A,62.9008317747444,2.916296636635688
2025-01-28 16:40:00,Machine_A,64.73582713749981,2.4384993772051176
2025-01-28 16:50:00,Machine_A,62.432778322250094,2.487605910336979
2025-01-28 17:00:00,Machine_A,61.554520227485014,2.353990785498327
2025-01-28 17:10:00,Machine_A,62.380527656221346,2.983097016740822
2025-01-28 17:20:00,Machine_A,61.02737840486055,2.5217144006019527
2025-01-28 17:30:00,Machine_A,63.05772123637603,
2025-01-28 17:40:00,Machine_A,60.65297866261175,2.594726323229686
2025-01-28 17:50:00,Machine_A,62.175433920725204,2.558073164590207
2025-01-28 18:00:00,Machine_A,60.33775054411504,2.366209135755621
2025-01-28 18:10:00,Machine_A,61.591093900592014,2.5316804839866074
2025-01-28 18:20:00,Machine_A,63.00965742502682,2.2122273628139983
2025-01-28 18:30:00,Machine_A,61.831676640378454,2.2525379240101113
2025-01-28 18:40:00,Machine_A,60.7014364941938,1.9600193222279896
2025-01-28 18:50:00,Machine_A,61.21749856006537,2.0642909785683328
2025-01-28 19:00:00,Machine_A,61.108546839776736,2.608904974724589
2025-01-28 19:10:00,Machine_A,61.32563397840977,2.560139543213093
2025-01-28 19:20:00,Machine_A,59.709442807735506,2.2579328922602624
2025-01-28 19:30:00,Machine_A,61.13466180580005,2.5271201159298804
2025-01-28 19:40:00,Machine_A,58.35732277862533,2.18100837462719
2025-01-28 19:50:00,Machine_A,59.87997221178634,2.1483992695820113
2025-01-28 20:00:00,Machine_A,59.85938092603877,2.1851719167238
2025-01-28 20:10:00,Machine_A,60.626112831643105,2.1357292890856874
2025-01-28 20:20:00,Machine_A,60.01058715491284,2.1031552654011967
2025-01-28 20:30:00,Machine_A,58.744884555384445,2.331869016232995
2025-01-28 20:40:00,Machine_A,58.9622488654435,2.1377699933531735
2025-01-28 20:50:00,Machine_A,59.79437828098312,2.224231124171038
2025-01-28 21:00:00,Machine_A,59.46187239235544,2.2674504430159734
2025-01-28 21:10:00,Machine_A,58.956230033455974,2.138098641653296
2025-01-28 21:20:00,Machine_A,58.934177417474,1.880631161932977
2025-01-28 21:30:00,Machine_A,59.78019770670811,1.7994751368554174
2025-01-28 21:40:00,Machine_A,58.718813786693154,2.0581620943352683
2025-01-28 21:50:00,Machine_A,58.977656944431644,1.9896477145157134
2025-01-28 22:00:00,Machine_A,60.7048603572189,2.0260190255026242
2025-01-28 22:10:00,Machine_A,57.75651597436909,1.9979553980050544
2025-01-28 22:20:00,Machine_A,57.346448560111995,2.4572047546634894
2025-01-28 22:30:00,Machine_A,59.39329336804938,1.74481348435448
2025-01-28 22:40:00,Machine_A,58.16816137821404,1.6189479920785388
2025-01-28 22:50:00,Machine_A,58.407400650187114,2.0306552021968276
2025-01-28 23:00:00,Machine_A,57.99433450548337,1.897577318344044
2025-01-28 23:10:00,Machine_A,58.375123862466225,2.0175590133474213
2025-01-28 23:20:00,Machine_A,59.83200335413434,2.0619354551556266
2025-01-28 23:30:00,Machine_A,59.171645752086164,2.184988657513987
2025-01-28 23:40:00,Machine_A,59.20309736618847,1.6804117381896055
2025-01-28 23:50:00,Machine_A,57.37034957982938,1.8502190786738746
2025-01-29 00:00:00,Machine_A,57.57907701075771,2.0271770265985376
2025-01-29 00:10:00,Machine_A,56.232068296875156,2.089111747511865
2025-01-29 00:20:00,Machine_A,57.865813899812686,2.346533304910624
2025-01-29 00:30:00,Machine_A,59.29530553430019,2.1258765271822813
2025-01-29 00:40:00,Machine_A,58.96673007705597,1.9466145638849763
2025-01-29 00:50:00,Machine_A,58.405753364718535,1.8003883612663507
2025-01-29 01:00:00,Machine_A,58.60141938101382,1.8637612046804957
2025-01-29 01:10:00,Machine_A,58.11088223832088,1.8641408640310186
2025-01-29 01:20:00,Machine_A,58.874882933170746,2.095080373778818
2025-01-29 01:30:00,Machine_A,59.379124259794985,2.0305137505753703
2025-01-29 01:40:00,Machine_A,57.53521331544334,1.7539045730819152
2025-01-29 01:50:00,Machine_A,59.135180234146105,1.9223828606335223
2025-01-29 02:00:00,Machine_A,59.7148589835182,2.1682471279182582
2025-01-29 02:10:00,Machine_A,58.716049708484206,2.0837730732795317
2025-01-29 02:20:00,Machine_A,59.69352833468499,2.1337376109522523
2025-01-29 02:30:00,Machine_A,61.474986864558716,2.1119169046792514
2025-01-29 02:40:00,Machine_A,59.235370214694065,2.3480375328260545
2025-01-29 02:50:00,Machine_A,59.734174961168826,2.1107129499238306
2025-01-29 03:00:00,Machine_A,58.93468059891797,2.012317844849328
2025-01-29 03:10:00,Machine_A,59.78043520342683,1.9311484991689118
2025-01-29 03:20:00,Machine_A,60.11846066608295,2.1556752781188053
2025-01-29 03:30:00,Machine_A,60.02520887068559,1.6867306342865604
2025-01-29 03:40:00,Machine_A,59.17672621700425,2.1087185833121413
2025-01-29 03:50:00,Machine_A,60.284540787846474,2.1211640014580873
2025-01-29 04:00:00,Machine_A,61.41975675097411,1.9293952463488893
2025-01-29 04:10:00,Machine_A,60.74278846528901,2.0251252730861555
2025-01-29 04:20:00,Machine_A,61.290425835165024,2.3555601376433684
2025-01-29 04:30:00,Machine_A,60.470998410712085,2.269320570269203
2025-01-29 04:40:00,Machine_A,61.40284968989913,2.2644128355707682
2025-01-29 04:50:00,Machine_A,61.170943972308265,2.319824946330841
2025-01-29 05:00:00,Machine_A,60.33340475839139,2.3002043955346716
2025-01-29 05:10:00,Machine_A,61.49727815505574,2.5263174350423503
2025-01-29 05:20:00,Machine_A,60.598874047413496,2.3440755727565383
2025-01-29 05:30:00,Machine_A,61.036854107321986,2.0787848530136017
2025-01-29 05:40:00,Machine_A,61.8464175462171,2.654203309440948
2025-01-29 05:50:00,Machine_A,62.08512756292543,2.4470325238047907
2025-01-29 06:00:00,Machine_A,61.0486140279383,2.2939343284568876
2025-01-29 06:10:00,Machine_A,62.995856472724974,2.1940164150212977
2025-01-29 06:20:00,Machine_A,62.762650122257185,
2025-01-29 06:30:00,Machine_A,61.893058924281476,2.4376458256036355
2025-01-29 06:40:00,Machine_A,61.377700784674914,2.761488101435952
2025-01-29 06:50:00,Machine_A,,2.435134515752117
2025-01-29 07:00:00,Machine_A,62.5491116867699,2.3657400281532905
2025-01-29 07:10:00,Machine_A,63.142982663907375,2.6965609290593897
2025-01-29 07:20:00,Machine_A,62.90657717271539,2.7204598051855804
2025-01-29 07:30:00,Machine_A,61.73342652468181,2.6025647907341254
2025-01-29 07:40:00,Machine_A,63.16848636545152,2.711922486364798
2025-01-29 07:50:00,Machine_A,63.371624857467964,2.6010031942221623
2025-01-29 08:00:00,Machine_A,64.25692881981925,2.6670957181816646
2025-01-29 08:10:00,Machine_A,63.321988889525045,2.851483182617577
2025-01-29 08:20:00,Machine_A,65.3504572659267,2.770666696481841
2025-01-29 08:30:00,Machine_A,62.60135256100911,2.643473244154052
2025-01-29 08:40:00,Machine_A,65.298690632145,
2025-01-29 08:50:00,Machine_A,64.18511054995233,2.278341626324575
2025-01-29 09:00:00,Machine_A,65.16254163202777,3.0875712475898944
2025-01-29 09:10:00,Machine_A,64.64431186608243,2.4247021644842235
2025-01-29 09:20:00,Machine_A,65.59279997973681,2.631843290944527
2025-01-29 09:30:00,Machine_A,64.46684711937708,2.7496438467959434
2025-01-29 09:40:00,Machine_A,,2.742251899198977
2025-01-29 09:50:00,Machine_A,66.08827349016195,2.9606801378205785
2025-01-29 10:00:00,Machine_A,64.94030439653983,2.5993008403531555
2025-01-29 10:10:00,Machine_A,65.28178469502315,2.846092902077151
2025-01-29 10:20:00,Machine_A,66.15987878586411,2.7037603264869365
2025-01-29 10:30:00,Machine_A,64.40801417011396,2.868871165910814
2025-01-29 10:40:00,Machine_A,65.7653168908621,2.8112026725900408
2025-01-29 10:50:00,Machine_A,64.86609352244848,2.845901045319638
2025-01-29 11:00:00,Machine_A,65.27500490749625,2.7356801519864984
2025-01-29 11:10:00,Machine_A,65.4748591972272,2.747521692186675
2025-01-29 11:20:00,Machine_A,64.24664964638518,2.89487254138043
2025-01-29 11:30:00,Machine_A,64.84698738055198,3.0160189786543024
2025-01-29 11:40:00,Machine_A,66.56753975725161,2.7405973339856726
2025-01-29 11:50:00,Machine_A,,2.6931935416887125
2025-01-29 12:00:00,Machine_A,65.44988833813821,2.9604228298209305
2025-01-29 12:10:00,Machine_A,65.69116754234682,2.843720998961452
2025-01-29 12:20:00,Machine_A,65.25128743881194,2.9977772782587566
2025-01-29 12:30:00,Machine_A,66.55532372347072,2.683106689211408
2025-01-29 12:40:00,Machine_A,65.28654507330741,2.522864482279276
2025-01-29 12:50:00,Machine_A,65.60250969862764,2.7433924684752298
2025-01-29 13:00:00,Machine_A,66.2975645073254,2.696723152162378
2025-01-29 13:10:00,Machine_A,64.71611213974207,2.814990715822248
2025-01-29 13:20:00,Machine_A,66.5359555203482,2.7082295407849886
2025-01-29 13:30:00,Machine_A,64.0092092359948,2.9491288408706398
2025-01-29 13:40:00,Machine_A,66.47579095951852,2.7559714569304394
2025-01-29 13:50:00,Machine_A,64.8063974489622,2.826240284709502
2025-01-29 14:00:00,Machine_A,64.83692991498532,2.818085652222367
2025-01-29 14:10:00,Machine_A,63.439861923398745,2.8146180672499925
2025-01-29 14:20:00,Machine_A,64.50319638110932,2.764275180048151
2025-01-29 14:30:00,Machine_A,63.94489146619782,2.8489171274049125
2025-01-29 14:40:00,Machine_A,64.19503847461765,2.6015020753148947
2025-01-29 14:50:00,Machine_A,64.47062190620433,2.983670028362255
2025-01-29 15:00:00,Machine_A,65.24110702573125,2.67562132252761
2025-01-29 15:10:00,Machine_A,64.53064840777532,2.4679367486052843
2025-01-29 15:20:00,Machine_A,64.49589795662378,2.723107628617462
2025-01-29 15:30:00,Machine_A,63.254249490454065,2.520730156213377
2025-01-29 15:40:00,Machine_A,63.302914255546476,2.7778696125695683
2025-01-29 15:50:00,Machine_A,65.31952864389493,3.039513827443699
2025-01-29 16:00:00,Machine_A,63.1618391721894,2.483417023519587
2025-01-29 16:10:00,Machine_A,64.94108674796846,2.6676138959360824
2025-01-29 16:20:00,Machine_A,63.284714956987756,2.274187211816482
2025-01-29 16:30:00,Machine_A,63.34122236219262,2.6539104858637326
2025-01-29 16:40:00,Machine_A,64.05336262982378,2.3944805805326066
2025-01-29 16:50:00,Machine_A,64.06998423581588,2.4228473784587163
2025-01-29 17:00:00,Machine_A,62.81721660963555,2.3182370021249654
2025-01-29 17:10:00,Machine_A,62.446944205966126,2.6291850469619984
2025-01-29 17:20:00,Machine_A,62.56303226301649,2.6594564642953062
2025-01-29 17:30:00,Machine_A,62.72720769535588,2.4629461251375546
2025-01-29 17:40:00,Machine_A,63.018088049112606,2.2836232772760163
2025-01-29 17:50:00,Machine_A,62.156051742974,2.7057428708130966
2025-01-29 18:00:00,Machine_A,62.495109038418526,2.264926177004162
2025-01-29 18:10:00,Machine_A,63.15801993003808,1.9912054616986596
2025-01-29 18:20:00,Machine_A,62.000002590195024,2.4432899375558264
2025-01-29 18:30:00,Machine_A,61.79248061203364,2.1424037722455034
2025-01-29 18:40:00,Machine_A,60.17710271809369,2.4998079028797324
2025-01-29 18:50:00,Machine_A,59.13787724175339,2.233997388326639
2025-01-29 19:00:00,Machine_A,61.40483392552531,2.3921998130018207
2025-01-29 19:10:00,Machine_A,60.87167031671034,2.516952452602465
2025-01-29 19:20:00,Machine_A,60.391103358428374,2.0284963398717193
2025-01-29 19:30:00,Machine_A,,2.1259237718750765
2025-01-29 19:40:00,Machine_A,60.472513100550024,2.1962009891384136
2025-01-29 19:50:00,Machine_A,61.286104054184506,2.468972361470416
2025-01-29 20:00:00,Machine_A,60.31888869460718,2.0564911107707196
2025-01-29 20:10:00,Machine_A,59.52191274272998,2.0512045109731076
2025-01-29 20:20:00,Machine_A,60.78461546393878,2.227955907242075
2025-01-29 20:30:00,Machine_A,59.69563013851251,2.0221561863181727
2025-01-29 20:40:00,Machine_A,60.17147271303495,2.1382002345626283
2025-01-29 20:50:00,Machine_A,59.253505708390946,1.8167076707986904
2025-01-29 21:00:00,Machine_A,59.00526475744913,2.480381338126241
2025-01-29 21:10:00,Machine_A,59.48686390531312,1.8256375369797515
2025-01-29 21:20:00,Machine_A,59.329107363918524,1.9973645138782226
2025-01-29 21:30:00,Machine_A,59.60712493727414,2.0371444104173673
2025-01-29 21:40:00,Machine_A,58.91805124234073,2.3756654442541767
2025-01-29 21:50:00,Machine_A,57.57904211263858,1.7820016088163084
2025-01-29 22:00:00,Machine_A,58.622691979883754,2.3673553126831774
2025-01-29 22:10:00,Machine_A,59.53051685759128,2.137136952868164
2025-01-29 22:20:00,Machine_A,58.590021881977236,2.067238654229692
2025-01-29 22:30:00,Machine_A,58.569314914198856,1.8070201467066889
2025-01-29 22:40:00,Machine_A,59.50017703197407,2.0799437442131943
2025-01-29 22:50:00,Machine_A,58.09241209057407,1.8405997801277338
2025-01-29 23:00:00,Machine_A,57.38501703339394,2.193332403745633
2025-01-29 23:10:00,Machine_A,58.45445907945984,
2025-01-29 23:20:00,Machine_A,58.16583370345828,1.9364679821424111
2025-01-29 23:30:00,Machine_A,57.75694592938906,1.8539006565394145
2025-01-29 23:40:00,Machine_A,58.373015791959936,1.7739582526218554
2025-01-29 23:50:00,Machine_A,58.89653574226092,2.0838658673315886
2025-01-30 00:00:00,Machine_A,58.492569150745744,2.046382574533734
2025-01-30 00:10:00,Machine_A,58.74891608261248,2.1680501360903435
2025-01-30 00:20:00,Machine_A,59.96404471549123,1.6313348663812444
2025-01-30 00:30:00,Machine_A,58.25563989594561,2.145400538803173
2025-01-30 00:40:00,Machine_A,58.77585177217301,2.407817314108747
2025-01-30 00:50:00,Machine_A,58.17559328500093,1.8793714007441795
2025-01-30 01:00:00,Machine_A,57.942171832078685,2.3064601283495336
2025-01-30 01:10:00,Machine_A,58.194064549646995,1.923458343192529
2025-01-30 01:20:00,Machine_A,58.328068970031964,1.7301045678853058
2025-01-30 01:30:00,Machine_A,59.0540022742482,
2025-01-30 01:40:00,Machine_A,60.70718337473233,2.180838210015057
2025-01-30 01:50:00,Machine_A,58.322627334855554,1.8499733582501245
2025-01-30 02:00:00,Machine_A,58.635610842262096,1.9022276096758348
2025-01-30 02:10:00,Machine_A,58.9976315291659,2.1273109471969756
2025-01-30 02:20:00,Machine_A,59.449606923956324,2.0319324010828965
2025-01-30 02:30:00,Machine_A,59.434103958544505,2.148223128316557
2025-01-30 02:40:00,Machine_A,60.34612108424207,2.0980893179329603
2025-01-30 02:50:00,Machine_A,57.4784156647364,2.1545577559547273
2025-01-30 03:00:00,Machine_A,57.61558236969055,2.003987735020336
2025-01-30 03:10:00,Machine_A,59.23873173573707,2.1376959761384233
2025-01-30 03:20:00,Machine_A,60.62808351613208,1.9438184346157892
2025-01-30 03:30:00,Machine_A,58.616816573185,2.3579754089966856
2025-01-30 03:40:00,Machine_A,57.586376601016326,2.027721154614913
2025-01-30 03:50:00,Machine_A,60.57639489576148,2.3614077240028193
2025-01-30 04:00:00,Machine_A,60.44492577896217,2.132950747023084
2025-01-30 04:10:00,Machine_A,59.511713128237844,2.2285729459805523
2025-01-30 04:20:00,Machine_A,59.73240440333081,2.120728163056359
2025-01-30 04:30:00,Machine_A,59.884813011014444,2.044913277825464
2025-01-30 04:40:00,Machine_A,60.89135775233931,1.9320340657344948
2025-01-30 04:50:00,Machine_A,60.44647748078864,2.0747240416764345
2025-01-30 05:00:00,Machine_A,61.48938447732159,2.2252278361249993
2025-01-30 05:10:00,Machine_A,58.95876002089313,2.340740425917053
2025-01-30 05:20:00,Machine_A,60.706749886063506,2.503726596440869
2025-01-30 05:30:00,Machine_A,60.64231515850098,2.2610268707375436
2025-01-30 05:40:00,Machine_A,61.489882357685204,2.2020269781954624
2025-01-30 05:50:00,Machine_A,61.416893937429215,2.1206826142051103
2025-01-30 06:00:00,Machine_A,62.63827502391661,2.4864114512227387
2025-01-30 06:10:00,Machine_A,60.66519843845063,2.668603737073683
2025-01-30 06:20:00,Machine_A,62.34143828068141,2.667159532468578
2025-01-30 06:30:00,Machine_A,62.903510811339544,2.586524681165526
2025-01-30 06:40:00,Machine_A,64.09308657108382,2.593079477058286
2025-01-30 06:50:00,Machine_A,62.37212587190858,2.8029701066198274
2025-01-30 07:00:00,Machine_A,63.16543354134084,2.5762432333511605
2025-01-30 07:10:00,Machine_A,61.60938006421507,2.6516209514612736
2025-01-30 07:20:00,Machine_A,61.283505538189424,
2025-01-30 07:30:00,Machine_A,64.01521151390318,2.3270397378104337
2025-01-30 07:40:00,Machine_A,63.47471568117399,2.4670854156933912
2025-01-30 07:50:00,Machine_A,64.55893029816136,2.6061382490195273
2025-01-30 08:00:00,Machine_A,62.6512776888242,2.6359413670502345
2025-01-30 08:10:00,Machine_A,64.29647034083689,2.9885162776300414
2025-01-30 08:20:00,Machine_A,65.50257179966374,2.672739286524363
2025-01-30 08:30:00,Machine_A,64.46642948821633,2.88613446297854
2025-01-30 08:40:00,Machine_A,64.47102183837573,2.610940520875206
2025-01-30 08:50:00,Machine_A,64.3714105913143,2.647913933989305
2025-01-30 09:00:00,Machine_A,63.21816856845219,2.4789766768337254
2025-01-30 09:10:00,Machine_A,65.66492902740372,2.598155759246773
2025-01-30 09:20:00,Machine_A,64.19246943907238,2.839576649849016
2025-01-30 09:30:00,Machine_A,65.18032329612574,2.758369835602
2025-01-30 09:40:00,Machine_A,63.61660470975447,2.9383473715115485
2025-01-30 09:50:00,Machine_A,64.00830232873888,2.8121518613179077
2025-01-30 10:00:00,Machine_A,66.17915883262333,2.7262697600082038
2025-01-30 10:10:00,Machine_A,64.8266960849575,
2025-01-30 10:20:00,Machine_A,66.33469763546232,2.7909358617981437
2025-01-30 10:30:00,Machine_A,65.17099383654269,3.0250859641770336
2025-01-30 10:40:00,Machine_A,63.815405954384396,2.7506440221756168
2025-01-30 10:50:00,Machine_A,66.05166340740416,2.9569005341257437
2025-01-30 11:00:00,Machine_A,64.90882653780726,3.0017094404773843
2025-01-30 11:10:00,Machine_A,65.9759870757334,2.8768617579075744
2025-01-30 11:20:00,Machine_A,65.4669958295748,2.4193565627701052
2025-01-30 11:30:00,Machine_A,64.23556243245403,2.849435630572315
2025-01-30 11:40:00,Machine_A,65.61811725561756,3.069770422738081
2025-01-30 11:50:00,Machine_A,67.25364728925875,2.9445182496568276
2025-01-30 12:00:00,Machine_A,65.89438916681156,2.9302509975412643
2025-01-30 12:10:00,Machine_A,65.45065457313214,2.5395654515994828
2025-01-30 12:20:00,Machine_A,66.34695616488662,2.718605701419775
2025-01-30 12:30:00,Machine_A,65.63859178697082,2.9201945612254736
2025-01-30 12:40:00,Machine_A,65.61445451975297,2.917032478677134
2025-01-30 12:50:00,Machine_A,64.54373588719248,3.0579732236278923
2025-01-30 13:00:00,Machine_A,65.56781881264342,2.8085906059037837
2025-01-30 13:10:00,Machine_A,66.16636406075234,2.9022209634379887
2025-01-30 13:20:00,Machine_A,64.62007445107066,2.8258090429012914
2025-01-30 13:30:00,Machine_A,66.37317502078706,2.6380960970597984
2025-01-30 13:40:00,Machine_A,65.09871243531218,2.401796064569438
2025-01-30 13:50:00,Machine_A,64.39432230689295,2.876736619513614
2025-01-30 14:00:00,Machine_A,65.82919457478174,2.8210219292173035
2025-01-30 14:10:00,Machine_A,64.72243467175448,2.668254643037768
2025-01-30 14:20:00,Machine_A,65.47464406500036,2.4771672697571905
2025-01-30 14:30:00,Machine_A,64.54332978521249,2.8703621157246286
2025-01-30 14:40:00,Machine_A,64.6332946360925,2.696854386048341
2025-01-30 14:50:00,Machine_A,64.97531884230287,2.832012251590822
2025-01-30 15:00:00,Machine_A,64.70759138022493,3.0537267870080624
2025-01-30 15:10:00,Machine_A,62.768140302293425,2.3185580349695
2025-01-30 15:20:00,Machine_A,63.35276164182738,2.563326278792517
2025-01-30 15:30:00,Machine_A,64.87419298936317,2.63625503265778
2025-01-30 15:40:00,Machine_A,,2.919978107704368
2025-01-30 15:50:00,Machine_A,63.461563586996746,2.3472322802989036
2025-01-30 16:00:00,Machine_A,62.66314078779402,2.9734549846225087
2025-01-30 16:10:00,Machine_A,62.75233108930194,2.6322409382376977
2025-01-30 16:20:00,Machine_A,,2.5728980986712204
2025-01-30 16:30:00,Machine_A,63.25836743831659,2.536556787184887
2025-01-30 16:40:00,Machine_A,62.718320437175,2.4753817187041456
2025-01-30 16:50:00,Machine_A,62.27919998547671,2.723978626445371
2025-01-30 17:00:00,Machine_A,62.85136791772446,2.3241348345612955
2025-01-30 17:10:00,Machine_A,63.04871515346555,2.55957237896804
2025-01-30 17:20:00,Machine_A,64.28232696760222,2.408988980122863
2025-01-30 17:30:00,Machine_A,61.24733493711961,2.321552765766486
2025-01-30 17:40:00,Machine_A,63.23254993425722,2.904695615859547
2025-01-30 17:50:00,Machine_A,62.93114910459074,2.495057856570024
2025-01-30 18:00:00,Machine_A,61.37672580849864,2.5103877980390057
2025-01-30 18:10:00,Machine_A,62.00992090789015,2.5851710962059578
2025-01-30 18:20:00,Machine_A,61.3288483009131,2.104936925606215
2025-01-30 18:30:00,Machine_A,61.69170919156481,2.656675757142942
2025-01-30 18:40:00,Machine_A,62.59953618888939,1.8702460279207673
2025-01-30 18:50:00,Machine_A,61.72694633732169,2.1642242199209205
2025-01-30 19:00:00,Machine_A,61.50102004072793,2.200905728531663
2025-01-30 19:10:00,Machine_A,60.60328224577133,2.3693925959177675
2025-01-30 19:20:00,Machine_A,59.6156841664207,2.2854602234089167
2025-01-30 19:30:00,Machine_A,60.49383341828986,2.197765802109999
2025-01-30 19:40:00,Machine_A,61.486122607798684,2.2076622601836946
2025-01-30 19:50:00,Machine_A,59.16214556840567,2.0161689798101725
2025-01-30 20:00:00,Machine_A,59.40592850545865,1.9054981689928487
2025-01-30 20:10:00,Machine_A,60.22046555977337,2.2889872682644197
2025-01-30 20:20:00,Machine_A,59.20475864489353,2.2667577038985427
2025-01-30 20:30:00,Machine_A,59.23531624077731,2.4112663444743463
2025-01-30 20:40:00,Machine_A,59.41136450071457,1.9685424982143198
2025-01-30 20:50:00,Machine_A,58.54294034999307,2.220691144427119
2025-01-30 21:00:00,Machine_A,58.74582878887399,2.030734737360402
2025-01-30 21:10:00,Machine_A,59.98227165459441,2.282510695770271
2025-01-30 21:20:00,Machine_A,58.27294862329881,2.2392333003985256
2025-01-30 21:30:00,Machine_A,57.94496560138481,2.0810086887293466
2025-01-30 21:40:00,Machine_A,,1.970266151870076
2025-01-30 21:50:00,Machine_A,59.633694341662775,2.193441641533689
2025-01-30 22:00:00,Machine_A,58.811373640356955,
2025-01-30 22:10:00,Machine_A,58.52379722138373,1.877645852694287
2025-01-30 22:20:00,Machine_A,58.863409783384206,1.7531577346072098
2025-01-30 22:30:00,Machine_A,57.36985568992277,1.9323182882471974
2025-01-30 22:40:00,Machine_A,59.106840350269344,2.249912807409019
2025-01-30 22:50:00,Machine_A,58.96873869750412,2.1771950607352446
2025-01-30 23:00:00,Machine_A,58.291812828711684,1.7651144336292146
2025-01-30 23:10:00,Machine_A,59.38770358451737,1.750470461934044
2025-01-30 23:20:00,Machine_A,57.65117598529484,2.1862796040868138
2025-01-30 23:30:00,Machine_A,59.43227017979452,1.749435349525376
2025-01-30 23:40:00,Machine_A,58.63691348915509,2.0433855441142756
2025-01-30 23:50:00,Machine_A,58.234089152560955,1.8395354815276257
2025-01-01 00:00:00,Machine_B,61.677051982207956,2.2809511255910997
2025-01-01 00:10:00,Machine_B,60.45040198141903,1.9773852559857554
2025-01-01 00:20:00,Machine_B,60.35358761732976,
2025-01-01 00:30:00,Machine_B,61.125566671832786,2.168166983244324
2025-01-01 00:40:00,Machine_B,60.5680048206885,
2025-01-01 00:50:00,Machine_B,62.63563730247575,2.472480079204268
2025-01-01 01:00:00,Machine_B,60.451333375101896,2.348465512183854
2025-01-01 01:10:00,Machine_B,60.943443033112324,2.203758514134838
2025-01-01 01:20:00,Machine_B,60.11175370335567,2.5770670822701636
2025-01-01 01:30:00,Machine_B,61.462850070641096,2.2262169761667687
2025-01-01 01:40:00,Machine_B,61.074897460726795,2.258925428164126
2025-01-01 01:50:00,Machine_B,60.624287643217556,2.2213925442906444
2025-01-01 02:00:00,Machine_B,60.27096060787312,2.0396800371249597
2025-01-01 02:10:00,Machine_B,60.00059209997384,2.0300323761549257
2025-01-01 02:20:00,Machine_B,61.467939492089165,2.1816251381784895
2025-01-01 02:30:00,Machine_B,60.11375973255905,2.110519029227215
2025-01-01 02:40:00,Machine_B,62.365623784443706,2.255299365120925
2025-01-01 02:50:00,Machine_B,60.40925312134988,2.4669343281971168
2025-01-01 03:00:00,Machine_B,61.38242633016047,2.258169602927846
2025-01-01 03:10:00,Machine_B,60.93020125568612,2.385577584539682
2025-01-01 03:20:00,Machine_B,61.77639235364797,2.269682435263529
2025-01-01 03:30:00,Machine_B,61.89054074196972,2.8341637511587243
2025-01-01 03:40:00,Machine_B,62.348324871186996,2.663372891326641
2025-01-01 03:50:00,Machine_B,60.898428175718124,2.363645889618717
2025-01-01 04:00:00,Machine_B,61.639037872656836,2.4739958667556823
2025-01-01 04:10:00,Machine_B,63.160317814599146,2.2009439707268976
2025-01-01 04:20:00,Machine_B,63.047677365510765,2.4212285789619084
2025-01-01 04:30:00,Machine_B,60.6610219641011,2.3697238051434892
2025-01-01 04:40:00,Machine_B,63.104713167636035,2.6298111948208605
2025-01-01 04:50:00,Machine_B,62.12155772096056,2.3472263074168573
2025-01-01 05:00:00,Machine_B,62.620675040776945,2.831924728708718
2025-01-01 05:10:00,Machine_B,63.06059928136517,2.54082511673186
2025-01-01 05:20:00,Machine_B,64.63814350428548,2.415363542370412
2025-01-01 05:30:00,Machine_B,62.70900039988319,2.597051765022709
2025-01-01 05:40:00,Machine_B,62.57184021926307,2.7433994893661238
2025-01-01 05:50:00,Machine_B,64.20758720564591,2.724043592977963
2025-01-01 06:00:00,Machine_B,63.9775859021328,2.6781832748194123
2025-01-01 06:10:00,Machine_B,65.11827044678071,2.827602389141249
2025-01-01 06:20:00,Machine_B,64.02277797493572,2.8361883459001134
2025-01-01 06:30:00,Machine_B,65.42549548012379,2.856603625549918
2025-01-01 06:40:00,Machine_B,64.62078350000887,2.6785209448616096
2025-01-01 06:50:00,Machine_B,65.18083073563434,2.696525275953504
2025-01-01 07:00:00,Machine_B,66.20502144747184,2.729146681519655
2025-01-01 07:10:00,Machine_B,64.91867197447361,2.696386038322059
2025-01-01 07:20:00,Machine_B,66.03280349018017,2.822930515047102
2025-01-01 07:30:00,Machine_B,64.8485131558874,2.8211954793675633
2025-01-01 07:40:00,Machine_B,65.66119507920943,3.1380905193120836
2025-01-01 07:50:00,Machine_B,64.46039280897598,2.766920110238
2025-01-01 08:00:00,Machine_B,65.34654402481661,2.6973926165714364
2025-01-01 08:10:00,Machine_B,65.03412042212736,3.0080171142312397
2025-01-01 08:20:00,Machine_B,66.98411960983245,2.920983364327971
2025-01-01 08:30:00,Machine_B,67.52170369029122,2.8004006714571084
2025-01-01 08:40:00,Machine_B,65.96599507843735,3.080035233254692
2025-01-01 08:50:00,Machine_B,65.74613518073394,2.9037970513750886
2025-01-01 09:00:00,Machine_B,65.42371813678494,3.2425693264684923
2025-01-01 09:10:00,Machine_B,66.7921037797171,2.810748718330392
2025-01-01 09:20:00,Machine_B,66.1993264671817,
2025-01-01 09:30:00,Machine_B,66.33776361794071,3.029988046102877
2025-01-01 09:40:00,Machine_B,68.17070304895702,3.263019639300499
2025-01-01 09:50:00,Machine_B,,2.9010958311163035
2025-01-01 10:00:00,Machine_B,67.50040856951648,3.107482454278934
2025-01-01 10:10:00,Machine_B,67.14690678805546,2.8396406598797848
2025-01-01 10:20:00,Machine_B,66.08791292875593,3.2228489797433433
2025-01-01 10:30:00,Machine_B,65.75767406551903,2.948417527470455
2025-01-01 10:40:00,Machine_B,67.67894181970722,3.184240772478924
2025-01-01 10:50:00,Machine_B,68.70129774431223,3.199845615867403
2025-01-01 11:00:00,Machine_B,67.63273042034814,2.7577988625465126
2025-01-01 11:10:00,Machine_B,67.91630817146708,3.1270120364725065
2025-01-01 11:20:00,Machine_B,66.72306209107435,3.0021395780959725
2025-01-01 11:30:00,Machine_B,68.28197248845873,3.1858821323744273
2025-01-01 11:40:00,Machine_B,68.28868500722673,2.9409567273093367
2025-01-01 11:50:00,Machine_B,66.93970999769316,2.99491399304275
2025-01-01 12:00:00,Machine_B,67.9363270190665,3.31572373120934
2025-01-01 12:10:00,Machine_B,66.08353449499813,3.301365446032658
2025-01-01 12:20:00,Machine_B,68.06581101672829,2.9193485819797376
2025-01-01 12:30:00,Machine_B,67.01212294618429,3.419496927074776
2025-01-01 12:40:00,Machine_B,66.46512382601472,2.628392838118069
2025-01-01 12:50:00,Machine_B,67.73914799051337,3.1279574099275567
2025-01-01 13:00:00,Machine_B,65.96335641991922,2.853465466619209
2025-01-01 13:10:00,Machine_B,67.61194019223345,3.146020865407832
2025-01-01 13:20:00,Machine_B,66.38310086911477,3.025765839831533
2025-01-01 13:30:00,Machine_B,66.15655746520402,2.8825707242999985
2025-01-01 13:40:00,Machine_B,67.21995962373202,2.925105541962061
2025-01-01 13:50:00,Machine_B,66.96649691011189,2.9075614800504352
2025-01-01 14:00:00,Machine_B,68.19652047411795,3.053460625069008
2025-01-01 14:10:00,Machine_B,65.92402906024701,3.20497675877883
2025-01-01 14:20:00,Machine_B,67.96707574794324,3.371204232195652
2025-01-01 14:30:00,Machine_B,65.8666210076039,2.9762480474610205
2025-01-01 14:40:00,Machine_B,67.41670948405647,3.0485065598870067
2025-01-01 14:50:00,Machine_B,67.46534469711814,3.195293633756994
2025-01-01 15:00:00,Machine_B,66.73204076286567,2.887389490528711
2025-01-01 15:10:00,Machine_B,65.73180262222408,2.8130603429567587
2025-01-01 15:20:00,Machine_B,65.03139305633773,3.289970984502777
2025-01-01 15:30:00,Machine_B,64.56924381465437,2.8915844688748398
2025-01-01 15:40:00,Machine_B,67.48935029048536,2.947230028940829
2025-01-01 15:50:00,Machine_B,65.6430647142283,2.603088771892539
2025-01-01 16:00:00,Machine_B,64.86626596181799,2.780713731188376
2025-01-01 16:10:00,Machine_B,64.70159166149055,3.1974718887543747
2025-01-01 16:20:00,Machine_B,65.61345383097786,2.9234833804360485
2025-01-01 16:30:00,Machine_B,65.02351033039454,2.817044846009574
2025-01-01 16:40:00,Machine_B,63.66163643855427,3.0547778660918135
2025-01-01 16:50:00,Machine_B,65.74410283383573,2.4892001040317626
2025-01-01 17:00:00,Machine_B,65.17385350225716,2.691813693288542
2025-01-01 17:10:00,Machine_B,66.22946744811846,3.15689574070871
2025-01-01 17:20:00,Machine_B,65.52040177987789,2.719147297604223
2025-01-01 17:30:00,Machine_B,61.978323949153555,2.698497279581362
2025-01-01 17:40:00,Machine_B,65.43862427868686,2.9014663131588674
2025-01-01 17:50:00,Machine_B,65.1186608551983,2.894386760014536
2025-01-01 18:00:00,Machine_B,63.4109017981152,2.4157216510266375
2025-01-01 18:10:00,Machine_B,63.501271538522865,2.7074052768897636
2025-01-01 18:20:00,Machine_B,64.02433498617619,2.926822213599491
2025-01-01 18:30:00,Machine_B,62.731786320192356,2.4755080696591922
2025-01-01 18:40:00,Machine_B,63.19804828359548,2.5048207665031494
2025-01-01 18:50:00,Machine_B,64.04249130787737,2.557789542162959
2025-01-01 19:00:00,Machine_B,63.50831566909324,2.658513510697149
2025-01-01 19:10:00,Machine_B,62.414101890565654,2.257702688338909
2025-01-01 19:20:00,Machine_B,63.62113794367315,1.9358359962868137
2025-01-01 19:30:00,Machine_B,62.90292419675653,2.5165812796732223
2025-01-01 19:40:00,Machine_B,62.73580044626505,2.6696797882789953
2025-01-01 19:50:00,Machine_B,61.97193396329242,2.386060447683321
2025-01-01 20:00:00,Machine_B,62.24476916506491,2.3151280299626755
2025-01-01 20:10:00,Machine_B,61.5001781854903,2.3781612202211604
2025-01-01 20:20:00,Machine_B,60.44004120500842,2.6794489142306808
2025-01-01 20:30:00,Machine_B,61.64550126591029,2.256436303602412
2025-01-01 20:40:00,Machine_B,61.65252156922127,2.4633963904367175
2025-01-01 20:50:00,Machine_B,61.74526529693532,2.1383416270946274
2025-01-01 21:00:00,Machine_B,62.49484994454188,2.132774962890526
2025-01-01 21:10:00,Machine_B,60.8977014453832,2.4703329505513327
2025-01-01 21:20:00,Machine_B,61.0246428462718,2.599466473612209
2025-01-01 21:30:00,Machine_B,61.836205387077655,2.4530113776811007
2025-01-01 21:40:00,Machine_B,60.530950153323055,
2025-01-01 21:50:00,Machine_B,61.17112956270168,2.194883886261836
2025-01-01 22:00:00,Machine_B,60.64228547590298,2.3032936043749355
2025-01-01 22:10:00,Machine_B,60.70056257770708,2.2615684650462926
2025-01-01 22:20:00,Machine_B,61.43443865674026,1.896619905772615
2025-01-01 22:30:00,Machine_B,60.467659191426144,2.00075900679193
2025-01-01 22:40:00,Machine_B,61.34367103304118,2.0828214394629394
2025-01-01 22:50:00,Machine_B,59.10004418581708,2.2086586297801456
2025-01-01 23:00:00,Machine_B,59.47556786885269,1.8672054722553477
2025-01-01 23:10:00,Machine_B,58.728403902481155,2.318707304310209
2025-01-01 23:20:00,Machine_B,59.6205563707237,2.1900996778222352
2025-01-01 23:30:00,Machine_B,62.015417915471005,2.0160732001677495
2025-01-01 23:40:00,Machine_B,60.49928982973213,2.2365580449705402
2025-01-01 23:50:00,Machine_B,59.92628902409753,1.9412242398751312
2025-01-02 00:00:00,Machine_B,61.12624545999394,2.1906245629036984
2025-01-02 00:10:00,Machine_B,61.24254007026923,1.876299152381291
2025-01-02 00:20:00,Machine_B,59.53664030542887,1.903851094535572
2025-01-02 00:30:00,Machine_B,62.52850307957096,2.1221214607130423
2025-01-02 00:40:00,Machine_B,60.77423753885812,2.077908461604474
2025-01-02 00:50:00,Machine_B,60.90484556584371,2.2798387593158784
2025-01-02 01:00:00,Machine_B,61.01704612907455,2.2119751552899465
2025-01-02 01:10:00,Machine_B,61.05810096841799,2.5988985821353183
2025-01-02 01:20:00,Machine_B,60.213897103477734,2.1794092016442135
2025-01-02 01:30:00,Machine_B,62.45643706898073,1.6403603301700271
2025-01-02 01:40:00,Machine_B,60.599771987976794,1.875980469394298
2025-01-02 01:50:00,Machine_B,61.66147630599089,2.0355423265073562
2025-01-02 02:00:00,Machine_B,60.58896338897747,2.869505563078039
2025-01-02 02:10:00,Machine_B,60.526316737172245,2.2638636846106617
2025-01-02 02:20:00,Machine_B,62.65445953558932,2.480917263975496
2025-01-02 02:30:00,Machine_B,61.136566479685605,2.4742886354085414
2025-01-02 02:40:00,Machine_B,61.29155868829194,2.0772366574259813
2025-01-02 02:50:00,Machine_B,61.64642308556858,1.9954627372549774
2025-01-02 03:00:00,Machine_B,63.606542642903726,2.447418353732176
2025-01-02 03:10:00,Machine_B,63.37044320768233,1.9463027313022505
2025-01-02 03:20:00,Machine_B,62.77726945275773,2.536724220294776
2025-01-02 03:30:00,Machine_B,64.15223306466184,2.354987398790728
2025-01-02 03:40:00,Machine_B,61.23682109683461,2.502780366038708
2025-01-02 03:50:00,Machine_B,,2.4628347812963103
2025-01-02 04:00:00,Machine_B,62.31065834478435,2.489229129758433
2025-01-02 04:10:00,Machine_B,60.9686096680487,2.4610207015332586
2025-01-02 04:20:00,Machine_B,62.891313628438574,2.510510097929914
2025-01-02 04:30:00,Machine_B,62.267946802790945,2.486087757872993
2025-01-02 04:40:00,Machine_B,64.02973017114441,2.248325716106996
2025-01-02 04:50:00,Machine_B,62.63151221018435,2.4437878481326183
2025-01-02 05:00:00,Machine_B,62.7326197667629,2.924090164478985
2025-01-02 05:10:00,Machine_B,64.46891641189768,2.6091430266157842
2025-01-02 05:20:00,Machine_B,63.33986819542801,2.7774992413901987
2025-01-02 05:30:00,Machine_B,64.47346048222754,2.4142974507729433
2025-01-02 05:40:00,Machine_B,64.03444245232184,2.430680441511303
2025-01-02 05:50:00,Machine_B,64.1975493132641,2.4137498392531977
2025-01-02 06:00:00,Machine_B,63.80476210169567,2.410281581730179
2025-01-02 06:10:00,Machine_B,64.55443589234429,2.377596994898339
2025-01-02 06:20:00,Machine_B,64.19985165002542,2.7311987050811486
2025-01-02 06:30:00,Machine_B,63.81379891464508,2.644689396138145
2025-01-02 06:40:00,Machine_B,64.52436516958109,2.8857307589372283
2025-01-02 06:50:00,Machine_B,65.78780327972342,2.6915264589802343
2025-01-02 07:00:00,Machine_B,65.33467403833191,2.333885407919498
2025-01-02 07:10:00,Machine_B,,2.8651686338923725
2025-01-02 07:20:00,Machine_B,65.19824439879353,2.438434620849649
2025-01-02 07:30:00,Machine_B,63.78915988833262,
2025-01-02 07:40:00,Machine_B,64.50202111735719,2.7013338613724542
2025-01-02 07:50:00,Machine_B,65.38491570348752,2.899638682014108
2025-01-02 08:00:00,Machine_B,64.84195012358617,2.615148659691922
2025-01-02 08:10:00,Machine_B,65.46106257914126,3.0318834181022623
2025-01-02 08:20:00,Machine_B,65.5590738714573,2.9148790966926432
2025-01-02 08:30:00,Machine_B,65.70633800942846,2.861986088829714
2025-01-02 08:40:00,Machine_B,67.39949251814618,2.634199329885428
2025-01-02 08:50:00,Machine_B,66.3221831067112,3.2799118648703276
2025-01-02 09:00:00,Machine_B,67.22260986063336,2.804975362740178
2025-01-02 09:10:00,Machine_B,66.71162663448186,3.029104141741553
2025-01-02 09:20:00,Machine_B,67.81375283704452,2.8239217893798285
2025-01-02 09:30:00,Machine_B,67.59352037513743,3.6869571988341177
2025-01-02 09:40:00,Machine_B,66.39381945927502,3.045514266654728
2025-01-02 09:50:00,Machine_B,68.52117363898364,2.9188823479590624
2025-01-02 10:00:00,Machine_B,66.66747098763081,3.1487480152620053
2025-01-02 10:10:00,Machine_B,67.2645384487891,3.18416599840941
2025-01-02 10:20:00,Machine_B,67.47369872105254,3.12886631253098
2025-01-02 10:30:00,Machine_B,67.6242701719611,3.0075126498104487
2025-01-02 10:40:00,Machine_B,67.92586808873168,3.152152970422311
2025-01-02 10:50:00,Machine_B,66.73258179262064,3.0512111480958204
2025-01-02 11:00:00,Machine_B,67.95060860546243,3.0801138470704594
2025-01-02 11:10:00,Machine_B,67.8819524705267,2.947959044405892
2025-01-02 11:20:00,Machine_B,67.447204763374,2.8297449807722277
2025-01-02 11:30:00,Machine_B,67.31826221164508,3.197534647766505
2025-01-02 11:40:00,Machine_B,66.84020012690054,3.2074216471437627
2025-01-02 11:50:00,Machine_B,67.88094970523606,3.332966678297313
2025-01-02 12:00:00,Machine_B,66.97162438403336,3.1087326391995207
2025-01-02 12:10:00,Machine_B,67.68697339169623,3.0607396323131373
2025-01-02 12:20:00,Machine_B,67.40561822506663,2.8445212916592917
2025-01-02 12:30:00,Machine_B,66.40272841020895,3.089035895308546
2025-01-02 12:40:00,Machine_B,66.70007632444434,3.1579991533954725
2025-01-02 12:50:00,Machine_B,67.74085671113859,2.7617802480197784
2025-01-02 13:00:00,Machine_B,66.96128590083622,3.2770906338855514
2025-01-02 13:10:00,Machine_B,66.89127319282876,2.95100588031931
2025-01-02 13:20:00,Machine_B,66.6777662509552,3.037563628572575
2025-01-02 13:30:00,Machine_B,66.64956914549792,3.1733445066906447
2025-01-02 13:40:00,Machine_B,68.48621046891336,3.0565221317182436
2025-01-02 13:50:00,Machine_B,66.20858660652009,3.301759883257356
2025-01-02 14:00:00,Machine_B,68.20941150977768,3.152896538844245
2025-01-02 14:10:00,Machine_B,66.68728508370648,3.0028263714815826
2025-01-02 14:20:00,Machine_B,66.34402856094917,2.456973501488324
2025-01-02 14:30:00,Machine_B,67.08379554208435,3.1863226039282107
2025-01-02 14:40:00,Machine_B,66.72358817833279,2.78239973550053
2025-01-02 14:50:00,Machine_B,66.4224707181405,3.1351104881944742
2025-01-02 15:00:00,Machine_B,66.6507806385477,3.056432120879113
2025-01-02 15:10:00,Machine_B,66.39432428420383,2.918234116805911
2025-01-02 15:20:00,Machine_B,66.07727843283102,3.110846850133396
2025-01-02 15:30:00,Machine_B,66.87920450493111,3.017729799416004
2025-01-02 15:40:00,Machine_B,64.84993615481973,2.9672146275180062
2025-01-02 15:50:00,Machine_B,65.14881677068234,2.5828459440141724
2025-01-02 16:00:00,Machine_B,65.11942786615847,
2025-01-02 16:10:00,Machine_B,64.76977081671549,2.6340781854563966
2025-01-02 16:20:00,Machine_B,65.54790520355837,2.642909417442642
2025-01-02 16:30:00,Machine_B,65.74372766053742,2.757201906334161
2025-01-02 16:40:00,Machine_B,63.62704610602311,3.067324205132361
2025-01-02 16:50:00,Machine_B,64.67322783983631,2.851087950962109
2025-01-02 17:00:00,Machine_B,64.64853579341953,2.8440968897850447
2025-01-02 17:10:00,Machine_B,64.52885388385741,2.8860746452152837
2025-01-02 17:20:00,Machine_B,63.57969824594103,2.570699225709049
2025-01-02 17:30:00,Machine_B,64.20618497450808,2.424983021093281
2025-01-02 17:40:00,Machine_B,63.576146786120724,2.3735031765028536
2025-01-02 17:50:00,Machine_B,63.88516617041762,2.711221517721147
2025-01-02 18:00:00,Machine_B,62.62429798506757,2.8276044195990098
2025-01-02 18:10:00,Machine_B,63.58528460552614,2.794666236070091
2025-01-02 18:20:00,Machine_B,63.1197280236132,2.4611913030675563
2025-01-02 18:30:00,Machine_B,63.333173489032305,2.835252409418478
2025-01-02 18:40:00,Machine_B,63.63286554641733,2.939605923874538
2025-01-02 18:50:00,Machine_B,63.20667330288446,2.6619758904105195
2025-01-02 19:00:00,Machine_B,63.72884950356162,2.8012417626129875
2025-01-02 19:10:00,Machine_B,62.65891657117797,2.6718503990345845
2025-01-02 19:20:00,Machine_B,63.29803735265224,2.4547421286833284
2025-01-02 19:30:00,Machine_B,63.560597671826315,2.3581677285682257
2025-01-02 19:40:00,Machine_B,62.73984384827872,2.169467714555039
2025-01-02 19:50:00,Machine_B,62.36724158925161,2.36215585940416
2025-01-02 20:00:00,Machine_B,,2.3823703373861966
2025-01-02 20:10:00,Machine_B,62.36671826474968,2.3695642453616377
2025-01-02 20:20:00,Machine_B,62.79347687924595,2.3716259400259188
2025-01-02 20:30:00,Machine_B,80.50437456607736,6.9631918519051155
2025-01-02 20:40:00,Machine_B,62.394905134436925,2.5009708924774054
2025-01-02 20:50:00,Machine_B,61.67065503939464,2.507100037064533
2025-01-02 21:00:00,Machine_B,61.79810757200107,2.3985875673435366
2025-01-02 21:10:00,Machine_B,61.67755033176934,2.1077430149575993
2025-01-02 21:20:00,Machine_B,60.35294092739741,2.3713374367756446
2025-01-02 21:30:00,Machine_B,62.07839612372093,2.297060801155564
2025-01-02 21:40:00,Machine_B,59.797535421032954,2.3667884653950484
2025-01-02 21:50:00,Machine_B,61.61787926575653,2.549675915488156
2025-01-02 22:00:00,Machine_B,61.182507964240635,2.2281641493024016
2025-01-02 22:10:00,Machine_B,60.66803150166086,2.2835197144841963
2025-01-02 22:20:00,Machine_B,,2.0865764253968724
2025-01-02 22:30:00,Machine_B,61.10127709719406,2.400155947875883
2025-01-02 22:40:00,Machine_B,59.66483590184686,2.3536309215360376
2025-01-02 22:50:00,Machine_B,61.79489169804641,2.2598082706481906
2025-01-02 23:00:00,Machine_B,60.676970051069596,2.0257698192469036
2025-01-02 23:10:00,Machine_B,62.434749818712966,2.0876721976035135
2025-01-02 23:20:00,Machine_B,61.18498968736664,1.8772099563383942
2025-01-02 23:30:00,Machine_B,60.56946086272397,2.0787313332080104
2025-01-02 23:40:00,Machine_B,59.961287127884795,2.3293985168837286
2025-01-02 23:50:00,Machine_B,60.41465959470931,2.2716654250546164
2025-01-03 00:00:00,Machine_B,60.619864582866136,2.228743833017806
2025-01-03 00:10:00,Machine_B,61.67567534792567,2.467602136653461
2025-01-03 00:20:00,Machine_B,61.49464642412731,2.256527740738137
2025-01-03 00:30:00,Machine_B,60.891133771171624,
2025-01-03 00:40:00,Machine_B,61.9685257998466,2.0808481734765376
2025-01-03 00:50:00,Machine_B,58.97001907139979,2.1689581027519758
2025-01-03 01:00:00,Machine_B,60.989489517210906,2.134298277575823
2025-01-03 01:10:00,Machine_B,61.666512207197556,2.3923640412674
2025-01-03 01:20:00,Machine_B,61.149026044381756,2.3029988135377755
2025-01-03 01:30:00,Machine_B,59.7001752531517,2.176713051027217
2025-01-03 01:40:00,Machine_B,61.93947725218596,2.1914728112154194
2025-01-03 01:50:00,Machine_B,61.504540934574976,2.3774286362578345
2025-01-03 02:00:00,Machine_B,61.243320654925235,2.4422581477465393
2025-01-03 02:10:00,Machine_B,61.118816332579755,1.9386615520583486
2025-01-03 02:20:00,Machine_B,,2.2505633293891734
2025-01-03 02:30:00,Machine_B,61.57887734396704,2.309459453621125
2025-01-03 02:40:00,Machine_B,61.12530872209385,2.4039449091013214
2025-01-03 02:50:00,Machine_B,60.77042652044812,2.3385638366126797
2025-01-03 03:00:00,Machine_B,62.131149577213975,2.40509793331122
2025-01-03 03:10:00,Machine_B,62.42442098956567,2.3033317613830064
2025-01-03 03:20:00,Machine_B,61.795455809684064,2.2156906036954407
2025-01-03 03:30:00,Machine_B,61.423112214592614,2.5172124749434777
2025-01-03 03:40:00,Machine_B,63.05652775134097,2.5387536816592364
2025-01-03 03:50:00,Machine_B,61.40951903662865,2.5255452480343585
2025-01-03 04:00:00,Machine_B,63.82555630506558,2.5743623465392456
2025-01-03 04:10:00,Machine_B,61.79625279899896,2.267302163198311
2025-01-03 04:20:00,Machine_B,61.49819767282862,2.3684834619060795
2025-01-03 04:30:00,Machine_B,61.74031462883149,2.679368448824144
2025-01-03 04:40:00,Machine_B,61.91515283572557,2.5602128976196243
2025-01-03 04:50:00,Machine_B,62.75825281850557,2.524792496387158
2025-01-03 05:00:00,Machine_B,62.7195953296605,2.488190734554028
2025-01-03 05:10:00,Machine_B,64.06217321108122,2.780823956858613
2025-01-03 05:20:00,Machine_B,64.09789123039734,2.253180217593361
2025-01-03 05:30:00,Machine_B,63.36434948001727,2.6441963468083864
2025-01-03 05:40:00,Machine_B,66.17766242499509,2.598789871682563
2025-01-03 05:50:00,Machine_B,63.657923290793335,2.4049183610882174
2025-01-03 06:00:00,Machine_B,63.917186915949706,2.940995412218001
2025-01-03 06:10:00,Machine_B,,2.1853195744711655
2025-01-03 06:20:00,Machine_B,,2.711045939254211
2025-01-03 06:30:00,Machine_B,64.69476222588307,2.803859927027291
2025-01-03 06:40:00,Machine_B,63.660391906719205,2.552630749374444
2025-01-03 06:50:00,Machine_B,64.3585855089356,2.7973046792580556
2025-01-03 07:00:00,Machine_B,65.16747524183931,2.7260617824927174
2025-01-03 07:10:00,Machine_B,64.63260191498433,2.9631664864073244
2025-01-03 07:20:00,Machine_B,64.60974316374309,3.4363708008483336
2025-01-03 07:30:00,Machine_B,65.96509842464097,2.883154419526349
2025-01-03 07:40:00,Machine_B,64.453472867186,2.948906796471455
2025-01-03 07:50:00,Machine_B,,2.682258805639215
2025-01-03 08:00:00,Machine_B,65.89190347246742,2.9136638226962748
2025-01-03 08:10:00,Machine_B,66.5574760394061,2.824642726489105
2025-01-03 08:20:00,Machine_B,66.25193670020995,3.0482953346929906
2025-01-03 08:30:00,Machine_B,65.95155519724555,2.6672555637768536
2025-01-03 08:40:00,Machine_B,66.00544573853962,2.74602243591755
2025-01-03 08:50:00,Machine_B,67.17291923291604,
2025-01-03 09:00:00,Machine_B,67.16207488052947,3.0059959264684357
2025-01-03 09:10:00,Machine_B,66.62035008030976,3.2200632318543194
2025-01-03 09:20:00,Machine_B,66.45906059160721,3.0601940353523887
2025-01-03 09:30:00,Machine_B,,3.098769246655937
2025-01-03 09:40:00,Machine_B,66.28527419613701,2.962907811033283
2025-01-03 09:50:00,Machine_B,66.83172953922919,2.9946732258835422
2025-01-03 10:00:00,Machine_B,66.63945957565309,3.2133065741646605
2025-01-03 10:10:00,Machine_B,67.02386206142101,3.0233724773857586
2025-01-03 10:20:00,Machine_B,66.80912983889955,3.270874884224841
2025-01-03 10:30:00,Machine_B,67.65273986293991,3.0459721348251607
2025-01-03 10:40:00,Machine_B,67.94364849263023,2.860526581171616
2025-01-03 10:50:00,Machine_B,67.03423667144705,2.8504364659507964
2025-01-03 11:00:00,Machine_B,66.73123665691836,3.0537541402289685
2025-01-03 11:10:00,Machine_B,67.9863334122671,3.254166370652328
2025-01-03 11:20:00,Machine_B,67.59463418577349,2.9734469382007718
2025-01-03 11:30:00,Machine_B,67.17666815199472,3.2278717551688136
2025-01-03 11:40:00,Machine_B,68.58712297401166,3.1164199584784384
2025-01-03 11:50:00,Machine_B,67.04464136716331,3.2086894593950044
2025-01-03 12:00:00,Machine_B,65.90565094745585,3.047856308904361
2025-01-03 12:10:00,Machine_B,66.93030127903091,3.1325134907791536
2025-01-03 12:20:00,Machine_B,68.78138422483416,3.2672613856514685
2025-01-03 12:30:00,Machine_B,67.21589402995488,3.0930593286723367
2025-01-03 12:40:00,Machine_B,67.03447570239396,2.9986896284673143
2025-01-03 12:50:00,Machine_B,67.43831852192262,2.762139033454236
2025-01-03 13:00:00,Machine_B,68.18959086232607,3.1821424711920607
2025-01-03 13:10:00,Machine_B,67.27168933504507,2.940274800939752
2025-01-03 13:20:00,Machine_B,67.76200223827759,2.9791628382840436
2025-01-03 13:30:00,Machine_B,67.08216537904006,2.8729914764307853
2025-01-03 13:40:00,Machine_B,67.65144619154538,3.0164232470764483
2025-01-03 13:50:00,Machine_B,67.24874815124498,3.4267127796386716
2025-01-03 14:00:00,Machine_B,66.71269549333417,3.1030784715043684
2025-01-03 14:10:00,Machine_B,67.15834364162617,2.913581282202166
2025-01-03 14:20:00,Machine_B,66.43302422883968,2.9364838092807237
2025-01-03 14:30:00,Machine_B,65.67418600955284,2.748037648140709
2025-01-03 14:40:00,Machine_B,66.66524531583472,2.791209853092436
2025-01-03 14:50:00,Machine_B,65.54897119252357,2.7496617920903925
2025-01-03 15:00:00,Machine_B,66.95281736257603,3.016857826502986
2025-01-03 15:10:00,Machine_B,66.33457310927496,3.034423735295812
2025-01-03 15:20:00,Machine_B,67.38839019264196,
2025-01-03 15:30:00,Machine_B,65.86647531271112,2.9905139673894725
2025-01-03 15:40:00,Machine_B,,2.7701928400958047
2025-01-03 15:50:00,Machine_B,64.70484778829666,2.685094993565047
2025-01-03 16:00:00,Machine_B,64.86672535106356,2.6671689716162144
2025-01-03 16:10:00,Machine_B,64.27314193644379,2.6419801830922998
2025-01-03 16:20:00,Machine_B,66.34115896500938,2.9047396648725208
2025-01-03 16:30:00,Machine_B,64.97174856128252,3.1846732474805637
2025-01-03 16:40:00,Machine_B,66.25873430275456,2.6153997372801636
2025-01-03 16:50:00,Machine_B,62.9079813910059,2.7237673636472977
2025-01-03 17:00:00,Machine_B,66.14432617669411,2.802989378564037
2025-01-03 17:10:00,Machine_B,64.70312033621946,2.6971763824007007
2025-01-03 17:20:00,Machine_B,64.87964653300652,2.7880727160383407
2025-01-03 17:30:00,Machine_B,63.60648748862365,2.605166428218337
2025-01-03 17:40:00,Machine_B,64.72687703468667,2.566759872224214
2025-01-03 17:50:00,Machine_B,63.853536538934506,2.6368074589233497
2025-01-03 18:00:00,Machine_B,63.04483662236381,2.7087810574608633
2025-01-03 18:10:00,Machine_B,62.88119906189978,2.861219842395027
2025-01-03 18:20:00,Machine_B,62.714674551117355,2.6785742834759207
2025-01-03 18:30:00,Machine_B,63.847350003867284,2.5458749803505722
2025-01-03 18:40:00,Machine_B,62.88372608547647,2.7214012262084766
2025-01-03 18:50:00,Machine_B,61.930386346648774,2.732620335224859
2025-01-03 19:00:00,Machine_B,63.38957295337134,2.4789289843162914
2025-01-03 19:10:00,Machine_B,61.20934608317291,2.4884108506138505
2025-01-03 19:20:00,Machine_B,63.86618717595544,2.419212392569066
2025-01-03 19:30:00,Machine_B,64.24973644774079,
2025-01-03 19:40:00,Machine_B,61.47089714348616,2.4731760849390043
2025-01-03 19:50:00,Machine_B,63.22584035896862,2.189219716443037
2025-01-03 20:00:00,Machine_B,62.5292784019244,2.4981085894235013
2025-01-03 20:10:00,Machine_B,61.719420429546695,2.676349527253831
2025-01-03 20:20:00,Machine_B,61.62978453626747,2.6742389828008557
2025-01-03 20:30:00,Machine_B,62.392917648797564,2.2898180796306313
2025-01-03 20:40:00,Machine_B,61.718282728014344,2.2353558324864533
2025-01-03 20:50:00,Machine_B,59.56006694749971,2.6876006602167957
2025-01-03 21:00:00,Machine_B,63.1835377882499,2.6138086183259817
2025-01-03 21:10:00,Machine_B,,2.4023396846685228
2025-01-03 21:20:00,Machine_B,61.277235824429944,1.997085375774429
2025-01-03 21:30:00,Machine_B,,2.183853291526148
2025-01-03 21:40:00,Machine_B,60.98179944205538,2.084541016651966
2025-01-03 21:50:00,Machine_B,62.06347974673585,2.59669798203591
2025-01-03 22:00:00,Machine_B,61.17820583439143,1.9856841817639037
2025-01-03 22:10:00,Machine_B,61.19576178343463,2.5755018724015546
2025-01-03 22:20:00,Machine_B,59.82858624965421,2.2231670269148114
2025-01-03 22:30:00,Machine_B,60.486717415229116,2.0186683272123886
2025-01-03 22:40:00,Machine_B,60.751917032643995,2.404762038953008
2025-01-03 22:50:00,Machine_B,61.21924374714724,2.3341363202432244
2025-01-03 23:00:00,Machine_B,60.28660664008534,1.9874132985890864
2025-01-03 23:10:00,Machine_B,,2.206123046236603
2025-01-03 23:20:00,Machine_B,59.63769029778092,2.4544388215600264
2025-01-03 23:30:00,Machine_B,60.58557204366124,2.130067178278775
2025-01-03 23:40:00,Machine_B,60.43522665356013,2.5040635116056933
2025-01-03 23:50:00,Machine_B,59.29091005535502,2.0663673872670767
2025-01-04 00:00:00,Machine_B,60.46183347465928,1.9080352519082435
2025-01-04 00:10:00,Machine_B,60.03724760801058,2.2085671293657154
2025-01-04 00:20:00,Machine_B,61.64433833867323,1.9387966999167072
2025-01-04 00:30:00,Machine_B,60.201738156454795,2.226329524563967
2025-01-04 00:40:00,Machine_B,60.833869292131446,2.2077622766099103
2025-01-04 00:50:00,Machine_B,59.59813038882796,2.074060019448567
2025-01-04 01:00:00,Machine_B,60.80851472271884,2.5534962245408237
2025-01-04 01:10:00,Machine_B,60.329953625493566,2.220111751331713
2025-01-04 01:20:00,Machine_B,60.09005464007494,2.3827240829964684
2025-01-04 01:30:00,Machine_B,63.03353542176045,2.4014234201709983
2025-01-04 01:40:00,Machine_B,60.54516352237183,2.5591435172936308
2025-01-04 01:50:00,Machine_B,60.72590294041707,2.033149764881084
2025-01-04 02:00:00,Machine_B,61.69050584895458,1.9439434963203868
2025-01-04 02:10:00,Machine_B,60.43338859443409,2.580797578185992
2025-01-04 02:20:00,Machine_B,61.45558566691722,2.3859833501994236
2025-01-04 02:30:00,Machine_B,61.63151963893602,2.31572697935319
2025-01-04 02:40:00,Machine_B,61.514604790252946,2.2812864385375526
2025-01-04 02:50:00,Machine_B,63.256600773908055,2.262308759702753
2025-01-04 03:00:00,Machine_B,60.88171102622415,2.486811870942846
2025-01-04 03:10:00,Machine_B,62.865514754604376,2.086105796569175
2025-01-04 03:20:00,Machine_B,62.12795568803756,2.4466652377972316
2025-01-04 03:30:00,Machine_B,62.596894689021426,2.561694248094104
2025-01-04 03:40:00,Machine_B,62.265469970118076,2.525675982654178
2025-01-04 03:50:00,Machine_B,63.622073252181465,2.3953648618152
2025-01-04 04:00:00,Machine_B,61.9939376613823,2.424520806163122
2025-01-04 04:10:00,Machine_B,62.78165604443208,2.6736379127472083
2025-01-04 04:20:00,Machine_B,63.565214436364094,2.5645674163155814
2025-01-04 04:30:00,Machine_B,62.21353382906518,2.793725036161598
2025-01-04 04:40:00,Machine_B,63.60327884019751,2.1824055291814357
2025-01-04 04:50:00,Machine_B,62.93261909725957,2.677891213316236
2025-01-04 05:00:00,Machine_B,62.10622644027367,2.387503057677286
2025-01-04 05:10:00,Machine_B,62.08118968837673,2.5394781995195053
2025-01-04 05:20:00,Machine_B,63.31957551146544,2.8195394875953754
2025-01-04 05:30:00,Machine_B,64.3358664245133,2.410839833713486
2025-01-04 05:40:00,Machine_B,62.03177924840918,2.9915902887631796
2025-01-04 05:50:00,Machine_B,64.0076921755244,2.8293902066865693
2025-01-04 06:00:00,Machine_B,64.71390170790792,2.7542583296384846
2025-01-04 06:10:00,Machine_B,63.130307947521715,2.5018620885086778
2025-01-04 06:20:00,Machine_B,63.797871799112805,2.6568693385750013
2025-01-04 06:30:00,Machine_B,64.9147352260323,2.644228728817215
2025-01-04 06:40:00,Machine_B,65.28659897970785,2.5063254252660325
2025-01-04 06:50:00,Machine_B,66.0408172265426,2.944275642809274
2025-01-04 07:00:00,Machine_B,64.43679401681878,2.6936828116736757
2025-01-04 07:10:00,Machine_B,64.40000881471441,2.753718984423343
2025-01-04 07:20:00,Machine_B,66.5192188733854,
2025-01-04 07:30:00,Machine_B,64.73543852033401,2.783655845957588
2025-01-04 07:40:00,Machine_B,65.88499232217296,2.9356607999723416
2025-01-04 07:50:00,Machine_B,67.36261203146832,2.7457057400387272
2025-01-04 08:00:00,Machine_B,66.35216695488495,3.0582973470206136
2025-01-04 08:10:00,Machine_B,66.50716480276326,2.7845144157551482
2025-01-04 08:20:00,Machine_B,67.029970411041,2.9029746338982165
2025-01-04 08:30:00,Machine_B,66.55055906383876,2.6887557938917883
2025-01-04 08:40:00,Machine_B,66.88021295518526,3.1321539406769974
2025-01-04 08:50:00,Machine_B,66.09049403534497,3.1926633224821486
2025-01-04 09:00:00,Machine_B,67.40284370762605,3.097054922045792
2025-01-04 09:10:00,Machine_B,66.91125597153909,3.0124493699506414
2025-01-04 09:20:00,Machine_B,65.4987002784424,2.9882141519038434
2025-01-04 09:30:00,Machine_B,66.97109182089997,2.725806728934008
2025-01-04 09:40:00,Machine_B,65.13131368926383,2.774764921257437
2025-01-04 09:50:00,Machine_B,67.5230004328722,3.164615436470431
2025-01-04 10:00:00,Machine_B,66.84424767838443,3.007171915010261
2025-01-04 10:10:00,Machine_B,68.62898004983876,2.804494415023109
2025-01-04 10:20:00,Machine_B,67.5637822663804,2.804877223687605
2025-01-04 10:30:00,Machine_B,67.97292363660866,3.180030115448537
2025-01-04 10:40:00,Machine_B,66.44954557271306,3.2301770850393674
2025-01-04 10:50:00,Machine_B,67.88566910764747,2.8030671438401797
2025-01-04 11:00:00,Machine_B,66.86821397392953,3.1120379004776924
2025-01-04 11:10:00,Machine_B,68.2894501647139,3.1591529922783494
2025-01-04 11:20:00,Machine_B,66.55214535474235,2.988104606540518
2025-01-04 11:30:00,Machine_B,67.55790289709388,3.3193021830543663
2025-01-04 11:40:00,Machine_B,66.56037549778783,3.036232250959121
2025-01-04 11:50:00,Machine_B,67.59731673832474,2.7905373455978695
2025-01-04 12:00:00,Machine_B,69.11798952480046,3.0649645543754214
2025-01-04 12:10:00,Machine_B,68.07368323974173,3.345806192076372
2025-01-04 12:20:00,Machine_B,67.46057864179362,3.036105759570058
2025-01-04 12:30:00,Machine_B,65.5003297161003,2.9077120571184447
2025-01-04 12:40:00,Machine_B,67.01827744102788,3.2062409309788347
2025-01-04 12:50:00,Machine_B,67.79675894152564,3.135845512000204
2025-01-04 13:00:00,Machine_B,66.97205425152984,3.0841390024989486
2025-01-04 13:10:00,Machine_B,68.47972952598954,3.1650550143985257
2025-01-04 13:20:00,Machine_B,67.34615470271116,2.9483575407188236
2025-01-04 13:30:00,Machine_B,68.096454456679,2.957742264932366
2025-01-04 13:40:00,Machine_B,67.33599794100998,3.188792139061107
2025-01-04 13:50:00,Machine_B,66.88375220163837,2.8752049882505695
2025-01-04 14:00:00,Machine_B,66.65402771038923,3.3303944983779252
2025-01-04 14:10:00,Machine_B,66.14214682968728,3.2508126036605898
2025-01-04 14:20:00,Machine_B,67.74432270178112,2.8126775059778093
2025-01-04 14:30:00,Machine_B,66.43432714537596,3.272654739309596
2025-01-04 14:40:00,Machine_B,67.0989930242097,3.0221148797677353
2025-01-04 14:50:00,Machine_B,66.159874692221,3.2310365528908482
2025-01-04 15:00:00,Machine_B,65.60845061047907,2.9922148961715678
2025-01-04 15:10:00,Machine_B,66.80867837515527,2.9221223158499376
2025-01-04 15:20:00,Machine_B,,2.8885910528500602
2025-01-04 15:30:00,Machine_B,65.81027520563681,2.4830160762334663
2025-01-04 15:40:00,Machine_B,65.00856673888579,3.0749879302076595
2025-01-04 15:50:00,Machine_B,65.4860500279503,2.7645067182983523
2025-01-04 16:00:00,Machine_B,65.76928573463032,3.0477683114936265
2025-01-04 16:10:00,Machine_B,65.386127362223,3.159099335695655
2025-01-04 16:20:00,Machine_B,66.13374520926014,2.736217953369173
2025-01-04 16:30:00,Machine_B,65.45580860773023,
2025-01-04 16:40:00,Machine_B,67.66692155052972,2.985311907301687
2025-01-04 16:50:00,Machine_B,65.39187076840005,2.70115923115802
2025-01-04 17:00:00,Machine_B,63.517476629724705,3.003572839522718
2025-01-04 17:10:00,Machine_B,64.58723271605484,2.6229824334576954
2025-01-04 17:20:00,Machine_B,64.50677010363458,2.987019619680768
2025-01-04 17:30:00,Machine_B,63.96593668206595,2.6537041388054856
2025-01-04 17:40:00,Machine_B,64.36313376700578,2.7486647403167503
2025-01-04 17:50:00,Machine_B,63.637950206018374,2.846435078131107
2025-01-04 18:00:00,Machine_B,64.26625583915455,2.7420705398438128
2025-01-04 18:10:00,Machine_B,62.32038197400467,2.8230900807773827
2025-01-04 18:20:00,Machine_B,64.61028167781673,2.3487025176448943
2025-01-04 18:30:00,Machine_B,62.28052602630949,2.517966860386931
2025-01-04 18:40:00,Machine_B,63.18138693655252,2.5832410983223233
2025-01-04 18:50:00,Machine_B,62.6562959199389,2.4148088442960094
2025-01-04 19:00:00,Machine_B,63.33886939897911,2.7082726494737512
2025-01-04 19:10:00,Machine_B,62.80093681314678,2.422477597730278
2025-01-04 19:20:00,Machine_B,63.004250030903876,2.3586657733831964
2025-01-04 19:30:00,Machine_B,63.549561915885604,2.647074639543065
2025-01-04 19:40:00,Machine_B,,2.2716399707983013
2025-01-04 19:50:00,Machine_B,62.41292572707063,2.262803810218738
2025-01-04 20:00:00,Machine_B,62.61760621331093,2.516489757614217
2025-01-04 20:10:00,Machine_B,63.68745738583859,2.6501030335625915
2025-01-04 20:20:00,Machine_B,62.63587310851748,2.4209928076225675
2025-01-04 20:30:00,Machine_B,61.634504651039705,2.085205413562485
2025-01-04 20:40:00,Machine_B,62.772534836009214,2.484033864733272
2025-01-04 20:50:00,Machine_B,61.948482530000746,2.239316715462416
2025-01-04 21:00:00,Machine_B,60.75490638483343,
2025-01-04 21:10:00,Machine_B,61.274951489019145,2.2498875523989614
2025-01-04 21:20:00,Machine_B,60.1410385582972,2.5111902032665046
2025-01-04 21:30:00,Machine_B,,2.217785336983778
2025-01-04 21:40:00,Machine_B,60.37373561201608,2.1574097629043383
2025-01-04 21:50:00,Machine_B,61.146194794599275,1.9253122179603295
2025-01-04 22:00:00,Machine_B,61.06931818634022,2.141562097597454
2025-01-04 22:10:00,Machine_B,59.766201535776176,2.28275375252132
2025-01-04 22:20:00,Machine_B,58.92491320356476,2.260241505268268
2025-01-04 22:30:00,Machine_B,61.94303161566707,2.344348651759622
2025-01-04 22:40:00,Machine_B,60.787310322577504,2.4510848533014946
2025-01-04 22:50:00,Machine_B,61.90656025471421,2.2259873494296554
2025-01-04 23:00:00,Machine_B,61.81813248545682,2.227524849020822
2025-01-04 23:10:00,Machine_B,61.17073170913863,2.4109859623382075
2025-01-04 23:20:00,Machine_B,60.60048772981071,2.2484192857682292
2025-01-04 23:30:00,Machine_B,60.211822333835315,2.037681418676402
2025-01-04 23:40:00,Machine_B,61.08819577527892,2.107728730268219
2025-01-04 23:50:00,Machine_B,60.3754449317949,1.8170463995748574
2025-01-05 00:00:00,Machine_B,60.02830458995161,2.0313872760449168
2025-01-05 00:10:00,Machine_B,,1.8961708756302675
2025-01-05 00:20:00,Machine_B,60.44683430994561,2.2648925936191873
2025-01-05 00:30:00,Machine_B,61.40727969518857,2.421925250596362
2025-01-05 00:40:00,Machine_B,61.560626128373315,2.0374837141474167
2025-01-05 00:50:00,Machine_B,60.62558694353213,2.048012611349406
2025-01-05 01:00:00,Machine_B,59.90829132750288,2.3850989842299177
2025-01-05 01:10:00,Machine_B,61.38418575679625,2.1396676920970403
2025-01-05 01:20:00,Machine_B,60.698783469131925,2.2733528276334565
2025-01-05 01:30:00,Machine_B,60.47388136842921,2.3680181981463915
2025-01-05 01:40:00,Machine_B,59.663190809799076,2.114707622703254
2025-01-05 01:50:00,Machine_B,62.57847126543286,2.126886528294511
2025-01-05 02:00:00,Machine_B,61.5596298460029,2.169139157687632
2025-01-05 02:10:00,Machine_B,61.7251287465129,1.9908335492535896
2025-01-05 02:20:00,Machine_B,60.44272043410204,2.368983383562413
2025-01-05 02:30:00,Machine_B,61.287063042971475,2.401147401339175
2025-01-05 02:40:00,Machine_B,61.25364935631598,2.3196239812565116
2025-01-05 02:50:00,Machine_B,62.045205009980215,2.562967011005795
2025-01-05 03:00:00,Machine_B,62.61290103076293,2.284788591082415
2025-01-05 03:10:00,Machine_B,60.488061795459615,2.4571505894191956
2025-01-05 03:20:00,Machine_B,60.89050128771063,2.448195772035252
2025-01-05 03:30:00,Machine_B,62.3859252787718,2.232217210525161
2025-01-05 03:40:00,Machine_B,61.58605898521738,2.5997665821165676
2025-01-05 03:50:00,Machine_B,62.77135066508593,2.431286710564651
2025-01-05 04:00:00,Machine_B,61.95155252449439,2.6004296400559905
2025-01-05 04:10:00,Machine_B,61.38486014913739,2.208045106506704
2025-01-05 04:20:00,Machine_B,,2.4795773944462876
2025-01-05 04:30:00,Machine_B,63.047910322753566,2.3948856307768995
2025-01-05 04:40:00,Machine_B,63.20984993319809,2.342829651130412
2025-01-05 04:50:00,Machine_B,63.723702295552016,2.7683920478603943
2025-01-05 05:00:00,Machine_B,63.35643222718954,2.568684827776099
2025-01-05 05:10:00,Machine_B,60.23651309420929,2.2867477786444104
2025-01-05 05:20:00,Machine_B,63.79497866444328,2.482343020409433
2025-01-05 05:30:00,Machine_B,62.37719235562297,2.7602925598943377
2025-01-05 05:40:00,Machine_B,62.20078050185545,2.4572618379861995
2025-01-05 05:50:00,Machine_B,62.25680844908413,2.458473912062157
2025-01-05 06:00:00,Machine_B,62.3358496218865,2.6235319791208194
2025-01-05 06:10:00,Machine_B,64.37585033731119,2.7541041269499824
2025-01-05 06:20:00,Machine_B,63.720097706885575,2.5581310655530545
2025-01-05 06:30:00,Machine_B,63.24155743977613,2.7790666341651815
2025-01-05 06:40:00,Machine_B,64.62623466639617,2.7344168716501804
2025-01-05 06:50:00,Machine_B,63.8727920691194,2.775556282396822
2025-01-05 07:00:00,Machine_B,65.6907233969618,2.333614686920769
2025-01-05 07:10:00,Machine_B,66.21264579733192,2.7881823031260433
2025-01-05 07:20:00,Machine_B,65.02298871301639,
2025-01-05 07:30:00,Machine_B,66.4412115224846,2.8924703193655614
2025-01-05 07:40:00,Machine_B,66.57963652461437,2.7224936130204447
2025-01-05 07:50:00,Machine_B,65.68380634129296,2.7910166856219334
2025-01-05 08:00:00,Machine_B,67.13676277328383,2.9709586498062546
2025-01-05 08:10:00,Machine_B,65.38321902517586,3.1520140839416895
2025-01-05 08:20:00,Machine_B,64.4433133999554,2.6696862429413315
2025-01-05 08:30:00,Machine_B,64.88716253823164,3.0163091397558324
2025-01-05 08:40:00,Machine_B,,3.1588423599555098
2025-01-05 08:50:00,Machine_B,66.79200736643895,3.0790624881111155
2025-01-05 09:00:00,Machine_B,65.55101543997189,3.1756547133934045
2025-01-05 09:10:00,Machine_B,66.03982999609265,2.883940886034441
2025-01-05 09:20:00,Machine_B,65.6815743600829,3.2173389395139376
2025-01-05 09:30:00,Machine_B,66.25441510287656,2.8766058128474286
2025-01-05 09:40:00,Machine_B,67.94119970616674,3.0285414968955764
2025-01-05 09:50:00,Machine_B,67.23793077300854,2.939095816026188
2025-01-05 10:00:00,Machine_B,66.5694974999718,2.9565162987156652
2025-01-05 10:10:00,Machine_B,68.08091481467315,2.7393111608352716
2025-01-05 10:20:00,Machine_B,67.19260944502633,2.7029117739747432
2025-01-05 10:30:00,Machine_B,67.34050276463451,3.2775667984214567
2025-01-05 10:40:00,Machine_B,68.20314438608473,2.7490415281156055
2025-01-05 10:50:00,Machine_B,67.06391242374062,3.1242522946695734
2025-01-05 11:00:00,Machine_B,68.11373276238768,2.8508402073022796
2025-01-05 11:10:00,Machine_B,68.09297893833224,2.9365934365813398
2025-01-05 11:20:00,Machine_B,67.33039115663092,3.2163379540004176
2025-01-05 11:30:00,Machine_B,66.35310236197162,3.125316306468401
2025-01-05 11:40:00,Machine_B,67.49683485461127,3.075402339479785
2025-01-05 11:50:00,Machine_B,68.40647137284985,3.305609459176514
2025-01-05 12:00:00,Machine_B,68.15581445558038,3.0478585980829185
2025-01-05 12:10:00,Machine_B,68.86486908843035,3.3209676425954378
2025-01-05 12:20:00,Machine_B,67.09436127806258,2.9057876965900853
2025-01-05 12:30:00,Machine_B,68.09349739299412,2.881987871335377
2025-01-05 12:40:00,Machine_B,66.64179693247237,3.068293222525112
2025-01-05 12:50:00,Machine_B,67.57830319343206,3.0899228664825067
2025-01-05 13:00:00,Machine_B,68.26507031618372,2.9301567612729036
2025-01-05 13:10:00,Machine_B,68.06314899753963,3.029473647208266
2025-01-05 13:20:00,Machine_B,67.37138260628996,3.3185193352276663
2025-01-05 13:30:00,Machine_B,67.01913663374047,2.9947552967812148
2025-01-05 13:40:00,Machine_B,66.37621246153286,2.7092920346788976
2025-01-05 13:50:00,Machine_B,66.92391929795113,
2025-01-05 14:00:00,Machine_B,65.98292584001456,3.4153040424644563
2025-01-05 14:10:00,Machine_B,66.67731482173356,3.2906297767632773
2025-01-05 14:20:00,Machine_B,65.42205358273955,2.9401380652895552
2025-01-05 14:30:00,Machine_B,65.7218029085964,3.1529158869953298
2025-01-05 14:40:00,Machine_B,67.36340027136185,3.0415953486223377
2025-01-05 14:50:00,Machine_B,67.17358595203703,3.210465770150747
2025-01-05 15:00:00,Machine_B,66.24379546316734,2.775378039964747
2025-01-05 15:10:00,Machine_B,66.41638075835053,2.766281167425169
2025-01-05 15:20:00,Machine_B,66.40887317178223,3.1767408040070753
2025-01-05 15:30:00,Machine_B,66.49892771353946,2.6551589054388325
2025-01-05 15:40:00,Machine_B,66.29017089303001,2.920673899608582
2025-01-05 15:50:00,Machine_B,,2.8837383169225497
2025-01-05 16:00:00,Machine_B,63.795533102520835,3.0161670825104365
2025-01-05 16:10:00,Machine_B,64.80260930701932,2.882964956234907
2025-01-05 16:20:00,Machine_B,65.35569961538867,2.8164110742165116
2025-01-05 16:30:00,Machine_B,66.10753894877729,2.753710393515101
2025-01-05 16:40:00,Machine_B,65.38455825422302,2.624843967646789
2025-01-05 16:50:00,Machine_B,65.47997154853701,2.755420012433845
2025-01-05 17:00:00,Machine_B,64.18836136071133,2.976186464647869
2025-01-05 17:10:00,Machine_B,64.70095552916655,2.6959298602201205
2025-01-05 17:20:00,Machine_B,64.66015650940003,2.9812685122014813
2025-01-05 17:30:00,Machine_B,63.85230020178706,2.8403175506110574
2025-01-05 17:40:00,Machine_B,63.44939717491495,2.775004375614954
2025-01-05 17:50:00,Machine_B,63.971325634101845,2.6405005432427253
2025-01-05 18:00:00,Machine_B,64.52898907849189,2.5368863684868086
2025-01-05 18:10:00,Machine_B,,2.933057183352092
2025-01-05 18:20:00,Machine_B,63.52840071415861,
2025-01-05 18:30:00,Machine_B,64.6271500347031,2.566174742174216
2025-01-05 18:40:00,Machine_B,62.97675832946084,2.8776990234466155
2025-01-05 18:50:00,Machine_B,63.24828774085697,2.6658290108403246
2025-01-05 19:00:00,Machine_B,63.009566877360626,2.2778419182565846
2025-01-05 19:10:00,Machine_B,62.79729639921013,2.4379083495668596
2025-01-05 19:20:00,Machine_B,64.13771202982737,2.626970262736247
2025-01-05 19:30:00,Machine_B,62.90521063394943,
2025-01-05 19:40:00,Machine_B,61.264690404117665,2.8848559663184994
2025-01-05 19:50:00,Machine_B,63.60661573093586,2.446815331427261
2025-01-05 20:00:00,Machine_B,,2.5359238857457376
2025-01-05 20:10:00,Machine_B,61.82059187986374,2.2981306735815417
2025-01-05 20:20:00,Machine_B,63.0720364772824,
2025-01-05 20:30:00,Machine_B,61.24638302796943,2.0726091024278066
2025-01-05 20:40:00,Machine_B,63.12280344040159,2.4309452853863514
2025-01-05 20:50:00,Machine_B,61.71007638739924,2.5735958971938397
2025-01-05 21:00:00,Machine_B,62.329573343452026,
2025-01-05 21:10:00,Machine_B,63.87353101043389,2.3339096938344097
2025-01-05 21:20:00,Machine_B,61.46291768013245,2.5255299334340773
2025-01-05 21:30:00,Machine_B,61.145797788948535,2.8241286512579853
2025-01-05 21:40:00,Machine_B,60.27934416131326,2.1316769679923593
2025-01-05 21:50:00,Machine_B,60.95167357423953,1.8342289430745806
2025-01-05 22:00:00,Machine_B,60.1399736665406,2.321920451296255
2025-01-05 22:10:00,Machine_B,60.74588734030187,2.445696995767004
2025-01-05 22:20:00,Machine_B,63.14367004975039,1.963641072269703
2025-01-05 22:30:00,Machine_B,60.86209999987038,2.3841490103152245
2025-01-05 22:40:00,Machine_B,60.268125814510036,2.166459065589411
2025-01-05 22:50:00,Machine_B,60.49421621092294,2.2814591162882745
2025-01-05 23:00:00,Machine_B,60.28976248859375,2.0499098157775095
2025-01-05 23:10:00,Machine_B,61.421685473593534,2.0341684579150954
2025-01-05 23:20:00,Machine_B,60.48099318613715,2.0080029325091786
2025-01-05 23:30:00,Machine_B,61.81705345992218,2.324001418428498
2025-01-05 23:40:00,Machine_B,60.26043912943805,2.0893344300710206
2025-01-05 23:50:00,Machine_B,60.302067802841975,2.2489831090367094
2025-01-06 00:00:00,Machine_B,59.782572491422066,2.2053115464282507
2025-01-06 00:10:00,Machine_B,60.19662570265448,1.9880028114850397
2025-01-06 00:20:00,Machine_B,59.12646237394173,2.21540737100539
2025-01-06 00:30:00,Machine_B,58.82609483810377,2.246510706239945
2025-01-06 00:40:00,Machine_B,61.05291154741643,2.3981102124067255
2025-01-06 00:50:00,Machine_B,59.186611471143486,2.479647388557037
2025-01-06 01:00:00,Machine_B,60.94403200733468,
2025-01-06 01:10:00,Machine_B,60.26159319250538,2.2846962014770127
2025-01-06 01:20:00,Machine_B,61.46269900498005,1.8280227176615256
2025-01-06 01:30:00,Machine_B,59.38769809963941,2.387476217063674
2025-01-06 01:40:00,Machine_B,,2.4396757278449734
2025-01-06 01:50:00,Machine_B,61.16074204729947,1.7699365612607467
2025-01-06 02:00:00,Machine_B,61.25892406697988,2.1992302068644105
2025-01-06 02:10:00,Machine_B,61.94724903316797,2.108996695297499
2025-01-06 02:20:00,Machine_B,61.18919749865984,2.2198611125840864
2025-01-06 02:30:00,Machine_B,59.264992202261304,2.195803674828876
2025-01-06 02:40:00,Machine_B,61.67813092163589,2.297427235847826
2025-01-06 02:50:00,Machine_B,61.675267411225406,2.495942926528066
2025-01-06 03:00:00,Machine_B,61.329426199414065,2.275328418184371
2025-01-06 03:10:00,Machine_B,60.96201594720209,2.1682444984403824
2025-01-06 03:20:00,Machine_B,61.46150790770248,2.3251707345155035
2025-01-06 03:30:00,Machine_B,63.03578281978876,2.3304730864547194
2025-01-06 03:40:00,Machine_B,61.25655619711222,2.376303615847154
2025-01-06 03:50:00,Machine_B,60.72712219154128,2.295179364322538
2025-01-06 04:00:00,Machine_B,61.07538985043036,2.4902730386526146
2025-01-06 04:10:00,Machine_B,62.35564311992644,2.6750299512879856
2025-01-06 04:20:00,Machine_B,63.857516507462485,2.231403031577322
2025-01-06 04:30:00,Machine_B,64.4244885643847,2.5589212670415487
2025-01-06 04:40:00,Machine_B,63.32311470591979,2.668842274353357
2025-01-06 04:50:00,Machine_B,62.162532942854504,2.436570400750031
2025-01-06 05:00:00,Machine_B,62.394059937841156,2.7589275477036894
2025-01-06 05:10:00,Machine_B,63.943131214229204,2.5416983244825917
2025-01-06 05:20:00,Machine_B,64.45753972214001,2.3691823406248553
2025-01-06 05:30:00,Machine_B,63.029560731667154,2.3623825808471137
2025-01-06 05:40:00,Machine_B,64.83451529630901,2.7520455914658846
2025-01-06 05:50:00,Machine_B,63.66368400581835,2.7550856931130534
2025-01-06 06:00:00,Machine_B,64.5714271808811,2.9315722474348624
2025-01-06 06:10:00,Machine_B,65.06904144502614,2.790358022352841
2025-01-06 06:20:00,Machine_B,63.11963082043794,2.671315051736131
2025-01-06 06:30:00,Machine_B,64.81799268599696,2.7955523028650635
2025-01-06 06:40:00,Machine_B,65.7506826570459,2.7411174306893105
2025-01-06 06:50:00,Machine_B,64.30900663249484,2.6875346631718515
2025-01-06 07:00:00,Machine_B,64.06060150939703,2.6675832536759616
2025-01-06 07:10:00,Machine_B,65.44829864652903,2.4751746903330702
2025-01-06 07:20:00,Machine_B,65.30382512487503,2.6703227082153727
2025-01-06 07:30:00,Machine_B,65.07754878825831,2.818670542368022
2025-01-06 07:40:00,Machine_B,65.47739374812464,2.353069957824426
2025-01-06 07:50:00,Machine_B,,2.7651110120916127
2025-01-06 08:00:00,Machine_B,66.07358025828043,3.0407032669869976
2025-01-06 08:10:00,Machine_B,67.15462691348615,3.133566025989438
2025-01-06 08:20:00,Machine_B,65.4357768954014,2.8131693943449427
2025-01-06 08:30:00,Machine_B,65.46793145717027,2.822242818870154
2025-01-06 08:40:00,Machine_B,66.3878060290956,2.8096577115702406
2025-01-06 08:50:00,Machine_B,68.64126768688602,2.853505314685633
2025-01-06 09:00:00,Machine_B,67.3547803529957,3.1738748691667205
2025-01-06 09:10:00,Machine_B,66.505130851052,3.275032262949889
2025-01-06 09:20:00,Machine_B,66.71283460535814,2.690794169447552
2025-01-06 09:30:00,Machine_B,67.73581419151272,2.860945267018847
2025-01-06 09:40:00,Machine_B,66.13953195698821,2.683193313066551
2025-01-06 09:50:00,Machine_B,67.44126414567663,3.0243719361165486
2025-01-06 10:00:00,Machine_B,66.13712490613018,2.951805356068952
2025-01-06 10:10:00,Machine_B,67.84446965149861,3.1137605665272754
2025-01-06 10:20:00,Machine_B,66.93691374085691,3.1772178198997705
2025-01-06 10:30:00,Machine_B,67.39413366398385,3.165152918276424
2025-01-06 10:40:00,Machine_B,67.00182330485617,2.7765926777553176
2025-01-06 10:50:00,Machine_B,67.89695869510145,3.0745462259850482
2025-01-06 11:00:00,Machine_B,67.24099485874015,2.7794371135039997
2025-01-06 11:10:00,Machine_B,69.14341337374238,3.4019703023714065
2025-01-06 11:20:00,Machine_B,68.5819212073845,3.0293215490123764
2025-01-06 11:30:00,Machine_B,66.42662608496613,2.8501867988316505
2025-01-06 11:40:00,Machine_B,67.63984635224105,3.000319824483888
2025-01-06 11:50:00,Machine_B,68.0847929611279,
2025-01-06 12:00:00,Machine_B,67.13347253712543,3.2319847250613405
2025-01-06 12:10:00,Machine_B,,3.3336274179538012
2025-01-06 12:20:00,Machine_B,68.36240209604932,3.1096113656483464
2025-01-06 12:30:00,Machine_B,67.40320697225404,3.0360604142153815
2025-01-06 12:40:00,Machine_B,68.23179984280144,3.2164759756233323
2025-01-06 12:50:00,Machine_B,65.48850586899326,3.207707622854364
2025-01-06 13:00:00,Machine_B,68.46681095943322,3.106046735054584
2025-01-06 13:10:00,Machine_B,68.04721636927921,3.2249046647195456
2025-01-06 13:20:00,Machine_B,66.41878201696568,2.963016890088734
2025-01-06 13:30:00,Machine_B,67.4350826518638,3.0614216267042944
2025-01-06 13:40:00,Machine_B,,2.6919032654837967
2025-01-06 13:50:00,Machine_B,66.4937990098388,3.299331151772239
2025-01-06 14:00:00,Machine_B,67.90760038371147,2.9512069421262495
2025-01-06 14:10:00,Machine_B,66.94160113362098,3.280727647162747
2025-01-06 14:20:00,Machine_B,66.81246977699263,2.9005040873355386
2025-01-06 14:30:00,Machine_B,66.81291764353657,3.061409331187468
2025-01-06 14:40:00,Machine_B,66.62401183392643,3.0045739112204473
2025-01-06 14:50:00,Machine_B,67.37046245241042,2.8734158551254456
2025-01-06 15:00:00,Machine_B,65.97968204259463,3.054527633045951
2025-01-06 15:10:00,Machine_B,66.70004258558389,3.1838664592666577
2025-01-06 15:20:00,Machine_B,65.33406250200161,3.2614167503296705
2025-01-06 15:30:00,Machine_B,66.72354438414389,
2025-01-06 15:40:00,Machine_B,65.7504206457469,2.690303462211379
2025-01-06 15:50:00,Machine_B,65.84775860293819,2.6387806198647743
2025-01-06 16:00:00,Machine_B,65.46026324891324,3.0800084477760308
2025-01-06 16:10:00,Machine_B,65.42759742591045,2.6782744039581416
2025-01-06 16:20:00,Machine_B,64.67538293397608,2.9510501338112447
2025-01-06 16:30:00,Machine_B,65.60279206300528,2.846316797831795
2025-01-06 16:40:00,Machine_B,65.6408017795349,3.041275308534833
2025-01-06 16:50:00,Machine_B,63.98795817518815,2.877108909790607
2025-01-06 17:00:00,Machine_B,64.42874673307497,2.760964434462102
2025-01-06 17:10:00,Machine_B,64.78154972287665,3.11842201059505
2025-01-06 17:20:00,Machine_B,64.12885011127479,2.876326230258372
2025-01-06 17:30:00,Machine_B,64.2785843814208,
2025-01-06 17:40:00,Machine_B,65.59792649200882,2.5663509912371953
2025-01-06 17:50:00,Machine_B,63.3381376274114,2.463232969254292
2025-01-06 18:00:00,Machine_B,62.150250397649366,2.6032957420021776
2025-01-06 18:10:00,Machine_B,63.368340294376274,2.3605828154823767
2025-01-06 18:20:00,Machine_B,63.43242715239944,2.5528240575502017
2025-01-06 18:30:00,Machine_B,63.15116636812479,2.735434855975184
2025-01-06 18:40:00,Machine_B,63.60728033591138,2.7485804906323135
2025-01-06 18:50:00,Machine_B,62.4199959433421,2.4910414054382235
2025-01-06 19:00:00,Machine_B,62.153909248864174,3.0620069071387253
2025-01-06 19:10:00,Machine_B,62.40793996223042,2.743883689592372
2025-01-06 19:20:00,Machine_B,62.27985050917684,2.490696439170937
2025-01-06 19:30:00,Machine_B,64.35728074508148,2.6832486718814144
2025-01-06 19:40:00,Machine_B,63.762794122250206,2.3555130300124785
2025-01-06 19:50:00,Machine_B,61.04825829424157,2.4879179535244993
2025-01-06 20:00:00,Machine_B,60.706152869687145,2.360097988277826
2025-01-06 20:10:00,Machine_B,62.050849012689746,2.1900953307870323
2025-01-06 20:20:00,Machine_B,63.52175848237483,2.4877642078299007
2025-01-06 20:30:00,Machine_B,62.402206791930666,2.3749949533283767
2025-01-06 20:40:00,Machine_B,61.723934806734874,2.373036565310012
2025-01-06 20:50:00,Machine_B,61.27057485517589,2.3411000647015077
2025-01-06 21:00:00,Machine_B,62.38685624699973,2.1701437316021
2025-01-06 21:10:00,Machine_B,61.56192082484721,2.604126030736367
2025-01-06 21:20:00,Machine_B,,2.350052881947598
2025-01-06 21:30:00,Machine_B,59.873099419040024,2.2449371265559033
2025-01-06 21:40:00,Machine_B,61.47188447581508,2.0457237166138014
2025-01-06 21:50:00,Machine_B,60.59749180561819,2.5230823452780595
2025-01-06 22:00:00,Machine_B,61.30033126076535,2.4254058493148074
2025-01-06 22:10:00,Machine_B,61.09614708515334,2.2511168169218787
2025-01-06 22:20:00,Machine_B,61.23565571257174,2.011018179968776
2025-01-06 22:30:00,Machine_B,61.548487353631444,2.53286183626623
2025-01-06 22:40:00,Machine_B,61.82290989105878,2.1614760159559103
2025-01-06 22:50:00,Machine_B,62.2233692087041,2.0999554201097923
2025-01-06 23:00:00,Machine_B,60.63189504883416,2.206491288097853
2025-01-06 23:10:00,Machine_B,60.14908399619198,2.2781912897876313
2025-01-06 23:20:00,Machine_B,59.5725154495119,2.1764825873999625
2025-01-06 23:30:00,Machine_B,60.877852057482535,1.5941475872812672
2025-01-06 23:40:00,Machine_B,61.18125243462029,2.2466450704675656
2025-01-06 23:50:00,Machine_B,59.42457302523861,2.366493053711173
2025-01-07 00:00:00,Machine_B,61.41573198739899,2.0396109069026265
2025-01-07 00:10:00,Machine_B,60.42225097615645,2.4813278330732156
2025-01-07 00:20:00,Machine_B,59.50866512928503,2.3591891434143735
2025-01-07 00:30:00,Machine_B,59.851313229595945,2.288229349482217
2025-01-07 00:40:00,Machine_B,59.79857865434225,2.0243006111716366
2025-01-07 00:50:00,Machine_B,59.842599776600984,
2025-01-07 01:00:00,Machine_B,61.075180725142374,2.279220764380596
2025-01-07 01:10:00,Machine_B,61.353052855332045,2.2060812186909176
2025-01-07 01:20:00,Machine_B,62.07039229246788,2.3875794570784046
2025-01-07 01:30:00,Machine_B,60.2078438503397,2.169322709885928
2025-01-07 01:40:00,Machine_B,61.102287759335965,2.193268459479593
2025-01-07 01:50:00,Machine_B,60.3778414436373,2.130898271682954
2025-01-07 02:00:00,Machine_B,60.985010209151035,2.1790659540949586
2025-01-07 02:10:00,Machine_B,59.86382562979437,2.243475568243843
2025-01-07 02:20:00,Machine_B,60.234410132716704,2.2478818674138803
2025-01-07 02:30:00,Machine_B,61.8657116999077,2.251404348449892
2025-01-07 02:40:00,Machine_B,60.13207168739898,2.471617629970381
2025-01-07 02:50:00,Machine_B,61.91139409530672,2.5887108143773996
2025-01-07 03:00:00,Machine_B,60.98420702420571,2.1010685601377306
2025-01-07 03:10:00,Machine_B,60.095005165579956,2.6122874645975105
2025-01-07 03:20:00,Machine_B,59.719387894551936,2.4821493520494546
2025-01-07 03:30:00,Machine_B,63.04010407571215,
2025-01-07 03:40:00,Machine_B,60.46814929835863,2.3325115043131963
2025-01-07 03:50:00,Machine_B,62.067953277974866,2.459332983792187
2025-01-07 04:00:00,Machine_B,62.53316063550159,2.127096959066994
2025-01-07 04:10:00,Machine_B,61.33331807044021,2.426599123540075
2025-01-07 04:20:00,Machine_B,62.07801578922471,2.5544200046509005
2025-01-07 04:30:00,Machine_B,63.043667114728436,2.343805646670885
2025-01-07 04:40:00,Machine_B,63.03758244621654,2.229716973759989
2025-01-07 04:50:00,Machine_B,62.57906924855564,2.5504382294728094
2025-01-07 05:00:00,Machine_B,63.283657045881434,2.9310165069232967
2025-01-07 05:10:00,Machine_B,,2.424220411815434
2025-01-07 05:20:00,Machine_B,62.61589811451572,2.448190208177926
2025-01-07 05:30:00,Machine_B,64.5035506926488,2.555174335736811
2025-01-07 05:40:00,Machine_B,63.86089136835234,2.893330872826948
2025-01-07 05:50:00,Machine_B,62.37370720243007,2.3329384503149
2025-01-07 06:00:00,Machine_B,64.41733971933739,2.788568343628709
2025-01-07 06:10:00,Machine_B,63.66025517578377,2.58486074870566
2025-01-07 06:20:00,Machine_B,64.07349614709833,2.619974082642087
2025-01-07 06:30:00,Machine_B,64.46339754012757,2.5269067769681
2025-01-07 06:40:00,Machine_B,63.973410619445374,2.683326871428909
2025-01-07 06:50:00,Machine_B,66.19996893909885,2.570764048886201
2025-01-07 07:00:00,Machine_B,63.71121247764409,2.6688511348728583
2025-01-07 07:10:00,Machine_B,65.0978202801037,2.3415286909805806
2025-01-07 07:20:00,Machine_B,65.50215176656377,2.491804833040695
2025-01-07 07:30:00,Machine_B,65.37236223330022,2.88281768125166
2025-01-07 07:40:00,Machine_B,,3.0673790334898765
2025-01-07 07:50:00,Machine_B,65.31450951993318,3.4391561187814803
2025-01-07 08:00:00,Machine_B,65.10745604336162,3.0414196583631945
2025-01-07 08:10:00,Machine_B,65.22381810267561,2.799139289719148
2025-01-07 08:20:00,Machine_B,66.93435228824288,2.5510557312366218
2025-01-07 08:30:00,Machine_B,65.77726762273298,3.021100600512272
2025-01-07 08:40:00,Machine_B,67.955505167348,2.677799844022732
2025-01-07 08:50:00,Machine_B,66.89971798169144,2.8087236522087964
2025-01-07 09:00:00,Machine_B,64.34076996246779,3.1276829811959956
2025-01-07 09:10:00,Machine_B,67.28707789181749,3.034731705151885
2025-01-07 09:20:00,Machine_B,66.63862770633837,2.8274883100426877
2025-01-07 09:30:00,Machine_B,65.66477529311227,2.699857109246195
2025-01-07 09:40:00,Machine_B,67.91043631487224,3.0568222477603526
2025-01-07 09:50:00,Machine_B,66.60313651358229,3.089951535403652
2025-01-07 10:00:00,Machine_B,66.61434302502012,3.310406535202348
2025-01-07 10:10:00,Machine_B,67.40468992967762,2.6005731486780497
2025-01-07 10:20:00,Machine_B,68.08634152627326,3.0791177210002685
2025-01-07 10:30:00,Machine_B,67.32431052234803,3.230764078360466
2025-01-07 10:40:00,Machine_B,,2.9972174126968363
2025-01-07 10:50:00,Machine_B,,2.791773863562416
2025-01-07 11:00:00,Machine_B,68.28134587123742,2.9182045387210964
2025-01-07 11:10:00,Machine_B,67.51547665416679,
2025-01-07 11:20:00,Machine_B,67.26647263360913,3.0055033887951548
2025-01-07 11:30:00,Machine_B,67.19045151324131,3.150849984289663
2025-01-07 11:40:00,Machine_B,68.30814191979074,3.3285710958871815
2025-01-07 11:50:00,Machine_B,67.2868098984972,3.027692950703489
2025-01-07 12:00:00,Machine_B,68.32351809450826,3.3195506571257676
2025-01-07 12:10:00,Machine_B,67.11940901285128,3.078754081774464
2025-01-07 12:20:00,Machine_B,68.06452583034729,3.1592949034052276
2025-01-07 12:30:00,Machine_B,67.63573395908222,3.0750714575221534
2025-01-07 12:40:00,Machine_B,66.68622314467557,3.1588326708650833
2025-01-07 12:50:00,Machine_B,,3.186306569825641
2025-01-07 13:00:00,Machine_B,65.62825805889084,3.2001925579101225
2025-01-07 13:10:00,Machine_B,66.74277745479331,3.079756609770778
2025-01-07 13:20:00,Machine_B,66.02667904854296,2.4733201967626246
2025-01-07 13:30:00,Machine_B,68.83157843833324,3.172942687626067
2025-01-07 13:40:00,Machine_B,65.91925276181499,2.703186553277103
2025-01-07 13:50:00,Machine_B,69.17317041789816,2.9399155278211198
2025-01-07 14:00:00,Machine_B,67.44251253938033,2.6092878954771566
2025-01-07 14:10:00,Machine_B,66.53677632598269,3.3352657277078985
2025-01-07 14:20:00,Machine_B,67.51212023550814,3.0937330430006975
2025-01-07 14:30:00,Machine_B,66.26112491569168,2.948362882282904
2025-01-07 14:40:00,Machine_B,65.55351644659034,3.250122731909073
2025-01-07 14:50:00,Machine_B,66.6437268934025,3.0775399920656796
2025-01-07 15:00:00,Machine_B,67.03493189121392,2.990624387963518
2025-01-07 15:10:00,Machine_B,67.38729444286433,3.0251415733952904
2025-01-07 15:20:00,Machine_B,66.64794072155009,2.8704833566350936
2025-01-07 15:30:00,Machine_B,65.70718858259505,2.700799444597682
2025-01-07 15:40:00,Machine_B,67.11653839289332,3.081069897860754
2025-01-07 15:50:00,Machine_B,66.81092929020271,2.8790103191837826
2025-01-07 16:00:00,Machine_B,65.96521402221724,2.5583580048794765
2025-01-07 16:10:00,Machine_B,66.58474234378141,2.949114714853181
2025-01-07 16:20:00,Machine_B,,2.847532427619802
2025-01-07 16:30:00,Machine_B,64.90452486120283,3.1281750793957155
2025-01-07 16:40:00,Machine_B,64.47732835581344,2.85224488190372
2025-01-07 16:50:00,Machine_B,64.5943189459226,2.5727274801635653
2025-01-07 17:00:00,Machine_B,63.82614663388615,2.4442411443807313
2025-01-07 17:10:00,Machine_B,65.23051047647671,2.9749708519529077
2025-01-07 17:20:00,Machine_B,63.3198460607593,2.716689347916695
2025-01-07 17:30:00,Machine_B,65.46885306002754,2.5528920192324844
2025-01-07 17:40:00,Machine_B,63.76729979067802,2.559680353784843
2025-01-07 17:50:00,Machine_B,65.239634094854,2.903330661613365
2025-01-07 18:00:00,Machine_B,61.954369361343645,2.734925637865672
2025-01-07 18:10:00,Machine_B,63.539182042058265,2.8278632347544117
2025-01-07 18:20:00,Machine_B,62.66054656777819,2.654918562610341
2025-01-07 18:30:00,Machine_B,64.62584226530038,2.4406711905618383
2025-01-07 18:40:00,Machine_B,64.73545121696881,2.893442202366053
2025-01-07 18:50:00,Machine_B,61.36719823333714,2.4822132230516174
2025-01-07 19:00:00,Machine_B,63.78682258880821,2.678325404470109
2025-01-07 19:10:00,Machine_B,63.802479584662166,2.709841126968522
2025-01-07 19:20:00,Machine_B,63.06347711852882,2.4972188586881625
2025-01-07 19:30:00,Machine_B,63.1311386342518,2.2774123052698387
2025-01-07 19:40:00,Machine_B,62.93368009572801,2.3377531544682215
2025-01-07 19:50:00,Machine_B,63.079486639277484,2.5641060898051915
2025-01-07 20:00:00,Machine_B,61.37602636761893,2.521087612645342
2025-01-07 20:10:00,Machine_B,63.07984684633813,2.6423345822617375
2025-01-07 20:20:00,Machine_B,62.15995954148769,2.5969635640472317
2025-01-07 20:30:00,Machine_B,61.98880207028532,2.2045225724571984
2025-01-07 20:40:00,Machine_B,62.20354332548997,2.620601041173384
2025-01-07 20:50:00,Machine_B,60.61881924228156,2.16127267113953
2025-01-07 21:00:00,Machine_B,,2.438864995649843
2025-01-07 21:10:00,Machine_B,61.32270359132227,2.7540889223685694
2025-01-07 21:20:00,Machine_B,62.55367559418821,2.3615273002719745
2025-01-07 21:30:00,Machine_B,60.27495720602029,1.9728102854842113
2025-01-07 21:40:00,Machine_B,61.2730913975217,2.222720008850496
2025-01-07 21:50:00,Machine_B,60.474782813306035,2.661944636655574
2025-01-07 22:00:00,Machine_B,60.288128343352106,2.223011142220408
2025-01-07 22:10:00,Machine_B,61.2960607766577,2.4897040510976236
2025-01-07 22:20:00,Machine_B,61.43542314488329,2.069969242054122
2025-01-07 22:30:00,Machine_B,60.13638046103992,2.170232287865273
2025-01-07 22:40:00,Machine_B,61.820876032022746,2.1883116046551914
2025-01-07 22:50:00,Machine_B,,2.5719919229925865
2025-01-07 23:00:00,Machine_B,60.42591723637764,2.1602642044879263
2025-01-07 23:10:00,Machine_B,60.860978403804445,1.8712872056877006
2025-01-07 23:20:00,Machine_B,62.182250876182245,2.6355933376380514
2025-01-07 23:30:00,Machine_B,61.13276758607221,2.244793920600311
2025-01-07 23:40:00,Machine_B,59.95436100847184,2.3195518991503867
2025-01-07 23:50:00,Machine_B,60.488365228241875,1.9111938699428521
2025-01-08 00:00:00,Machine_B,60.6050150969372,2.246397619613539
2025-01-08 00:10:00,Machine_B,61.03561665457946,2.20386570850434
2025-01-08 00:20:00,Machine_B,60.704956733374274,2.0277858760799092
2025-01-08 00:30:00,Machine_B,62.046202112353406,2.3240819004675832
2025-01-08 00:40:00,Machine_B,60.37182372149634,1.899688981228233
2025-01-08 00:50:00,Machine_B,59.1990394171388,2.03547209629133
2025-01-08 01:00:00,Machine_B,60.790882463586065,2.4334851076495863
2025-01-08 01:10:00,Machine_B,60.30909051302432,2.0901771974185555
2025-01-08 01:20:00,Machine_B,59.507851035130244,2.1383338862158086
2025-01-08 01:30:00,Machine_B,60.2036024508768,2.250454261305839
2025-01-08 01:40:00,Machine_B,60.54121237082987,2.1752109881884847
2025-01-08 01:50:00,Machine_B,61.80730545687661,2.3752048082470294
2025-01-08 02:00:00,Machine_B,59.782312432436164,2.291964624318013
2025-01-08 02:10:00,Machine_B,61.32795815371512,1.9992779073785254
2025-01-08 02:20:00,Machine_B,62.90935234220548,2.14910424807469
2025-01-08 02:30:00,Machine_B,61.083374000439335,2.1412440621100903
2025-01-08 02:40:00,Machine_B,61.15545205735144,2.221866500386729
2025-01-08 02:50:00,Machine_B,61.99535053674673,2.338381016329979
2025-01-08 03:00:00,Machine_B,61.94287154257797,2.3869337255824052
2025-01-08 03:10:00,Machine_B,62.76948405246841,1.9197553387949
2025-01-08 03:20:00,Machine_B,61.616554463778165,2.5452562663135985
2025-01-08 03:30:00,Machine_B,62.43108932778918,2.359701174391744
2025-01-08 03:40:00,Machine_B,62.56696310387055,2.190218943499884
2025-01-08 03:50:00,Machine_B,61.85100665626507,2.5796328486634765
2025-01-08 04:00:00,Machine_B,62.15881584801438,2.0459954503831126
2025-01-08 04:10:00,Machine_B,62.37492051650957,2.158582756704556
2025-01-08 04:20:00,Machine_B,61.53067623219522,2.843069837450472
2025-01-08 04:30:00,Machine_B,62.349665271959275,2.504127530852948
2025-01-08 04:40:00,Machine_B,63.99986111977366,2.3633865348357648
2025-01-08 04:50:00,Machine_B,63.777702994271934,2.5342120912904345
2025-01-08 05:00:00,Machine_B,,2.500848927949105
2025-01-08 05:10:00,Machine_B,63.22986763239054,2.559041761081095
2025-01-08 05:20:00,Machine_B,64.16934328970778,2.659902527723298
2025-01-08 05:30:00,Machine_B,63.8978828772636,2.5556187316884103
2025-01-08 05:40:00,Machine_B,64.33488366237584,2.674624293250638
2025-01-08 05:50:00,Machine_B,64.27463463925706,2.601926869270068
2025-01-08 06:00:00,Machine_B,64.1723291221841,2.502243891866237
2025-01-08 06:10:00,Machine_B,64.01995370950156,2.4705364027812933
2025-01-08 06:20:00,Machine_B,63.34895825140864,2.9266537986827355
2025-01-08 06:30:00,Machine_B,65.01062958114478,2.825270141286982
2025-01-08 06:40:00,Machine_B,64.43036700742833,2.914812892107715
2025-01-08 06:50:00,Machine_B,63.43922913369789,2.748075778903632
2025-01-08 07:00:00,Machine_B,64.46933946328967,2.8070893441695084
2025-01-08 07:10:00,Machine_B,65.7343020498272,2.753212018278496
2025-01-08 07:20:00,Machine_B,63.66413899662709,3.0122573961130006
2025-01-08 07:30:00,Machine_B,64.51577240112118,2.76013525851853
2025-01-08 07:40:00,Machine_B,65.58887063714782,2.6630525626782346
2025-01-08 07:50:00,Machine_B,66.74069506103802,2.9516168029546836
2025-01-08 08:00:00,Machine_B,66.54998085514706,2.8476155403771566
2025-01-08 08:10:00,Machine_B,67.08185632411785,2.9367702426804523
2025-01-08 08:20:00,Machine_B,66.17374300620963,3.0361120331775266
2025-01-08 08:30:00,Machine_B,65.96332065395688,2.8197003154695253
2025-01-08 08:40:00,Machine_B,66.92440197344925,2.8998484151447803
2025-01-08 08:50:00,Machine_B,65.645071902785,2.898141606540251
2025-01-08 09:00:00,Machine_B,65.69296713396521,3.1998204319754877
2025-01-08 09:10:00,Machine_B,65.65639885870102,2.984352312968057
2025-01-08 09:20:00,Machine_B,67.55226324768847,3.022867893962211
2025-01-08 09:30:00,Machine_B,66.1090722290376,2.798849753877401
2025-01-08 09:40:00,Machine_B,67.66751488182449,3.150161446186512
2025-01-08 09:50:00,Machine_B,67.07063028726594,3.106585481437093
2025-01-08 10:00:00,Machine_B,67.91248063288121,2.8893685259804887
2025-01-08 10:10:00,Machine_B,66.22023217103172,3.395293696799328
2025-01-08 10:20:00,Machine_B,66.67166472928267,3.1185335002180334
2025-01-08 10:30:00,Machine_B,67.59676961529314,2.9534959193210635
2025-01-08 10:40:00,Machine_B,66.94415624739057,3.072348270632492
2025-01-08 10:50:00,Machine_B,65.34332928883265,3.012829504161507
2025-01-08 11:00:00,Machine_B,66.28293283008391,3.362564510820161
2025-01-08 11:10:00,Machine_B,66.52643066970298,3.257305742229168
2025-01-08 11:20:00,Machine_B,66.6155102312544,3.1748898061131072
2025-01-08 11:30:00,Machine_B,68.01548356027604,3.4051824551176098
2025-01-08 11:40:00,Machine_B,67.7563203959969,2.9114060826527397
2025-01-08 11:50:00,Machine_B,67.62644846623904,3.2392332585303
2025-01-08 12:00:00,Machine_B,69.10693520659133,3.1985050797521297
2025-01-08 12:10:00,Machine_B,68.43684833999077,3.0580901774019096
2025-01-08 12:20:00,Machine_B,68.12813687548194,3.0576098912292533
2025-01-08 12:30:00,Machine_B,66.2738441668072,3.2623222826303397
2025-01-08 12:40:00,Machine_B,67.49445908452753,3.246143445175254
2025-01-08 12:50:00,Machine_B,67.65599335477678,2.8333263704061395
2025-01-08 13:00:00,Machine_B,67.04855860860309,3.4116223246751405
2025-01-08 13:10:00,Machine_B,68.70311315224473,3.284869193551608
2025-01-08 13:20:00,Machine_B,67.32988730120985,3.02218472952533
2025-01-08 13:30:00,Machine_B,66.25089935159919,2.9233208742719166
2025-01-08 13:40:00,Machine_B,66.374175358029,3.257718774120566
2025-01-08 13:50:00,Machine_B,68.93041178670502,3.138507054386365
2025-01-08 14:00:00,Machine_B,66.69499053142802,3.168664762136825
2025-01-08 14:10:00,Machine_B,65.2890469057846,3.132279972156517
2025-01-08 14:20:00,Machine_B,66.38755657055827,3.237236959490939
2025-01-08 14:30:00,Machine_B,65.31544109623226,3.1610775656970693
2025-01-08 14:40:00,Machine_B,67.41500418969306,2.8986221005823056
2025-01-08 14:50:00,Machine_B,65.01658901553053,2.8751322039235396
2025-01-08 15:00:00,Machine_B,65.35310966188348,3.0322692702059246
2025-01-08 15:10:00,Machine_B,66.36775657506371,3.3661699426322476
2025-01-08 15:20:00,Machine_B,67.13726076751604,2.912292905277324
2025-01-08 15:30:00,Machine_B,66.07511774674705,2.9893046059673045
2025-01-08 15:40:00,Machine_B,65.00140117698942,3.069136472411042
2025-01-08 15:50:00,Machine_B,66.02659902177015,2.816326962612647
2025-01-08 16:00:00,Machine_B,65.3757620288191,3.01854714072379
2025-01-08 16:10:00,Machine_B,66.5222818848955,2.8603030282073085
2025-01-08 16:20:00,Machine_B,,3.0651595882415923
2025-01-08 16:30:00,Machine_B,64.90966444329328,2.6521817602259925
2025-01-08 16:40:00,Machine_B,65.82088874996235,3.220408773713236
2025-01-08 16:50:00,Machine_B,65.26945078962429,2.729069167165789
2025-01-08 17:00:00,Machine_B,65.99931423123505,2.86033233576247
2025-01-08 17:10:00,Machine_B,65.3472836941422,2.748276449583493
2025-01-08 17:20:00,Machine_B,65.04536520173636,2.5339843213089237
2025-01-08 17:30:00,Machine_B,65.51920925570695,2.858722800366799
2025-01-08 17:40:00,Machine_B,64.31736884486288,2.641643871734721
2025-01-08 17:50:00,Machine_B,63.53418749102742,2.7642582893740717
2025-01-08 18:00:00,Machine_B,64.16067179095528,2.505076242090534
2025-01-08 18:10:00,Machine_B,63.56300070091849,2.583604299584876
2025-01-08 18:20:00,Machine_B,64.17831213970295,2.5577790152990714
2025-01-08 18:30:00,Machine_B,63.59271355521237,2.690373906980615
2025-01-08 18:40:00,Machine_B,63.71458087610217,2.627270209974975
2025-01-08 18:50:00,Machine_B,62.27916956490023,2.520815308844327
2025-01-08 19:00:00,Machine_B,63.50076257042568,2.4669414775623952
2025-01-08 19:10:00,Machine_B,61.91935147225168,2.571366213952819
2025-01-08 19:20:00,Machine_B,63.57233764358845,2.5316797029418745
2025-01-08 19:30:00,Machine_B,63.431211487993416,2.5009986516947054
2025-01-08 19:40:00,Machine_B,62.799199389992985,2.8143030428442115
2025-01-08 19:50:00,Machine_B,62.63194938035941,2.541561665223188
2025-01-08 20:00:00,Machine_B,62.07107514350967,2.7713260299640883
2025-01-08 20:10:00,Machine_B,61.636868433481816,2.395704105247705
2025-01-08 20:20:00,Machine_B,61.98049910842784,2.3831762169838573
2025-01-08 20:30:00,Machine_B,63.45548293575681,2.285081750636186
2025-01-08 20:40:00,Machine_B,61.93369849952753,2.4150889025170943
2025-01-08 20:50:00,Machine_B,60.55883499010553,2.2873650267360732
2025-01-08 21:00:00,Machine_B,60.15843909285577,2.2475335669934897
2025-01-08 21:10:00,Machine_B,60.2690698399724,1.9761710482403179
2025-01-08 21:20:00,Machine_B,61.01676718486881,2.569132129213505
2025-01-08 21:30:00,Machine_B,62.235902576473755,2.224003352968502
2025-01-08 21:40:00,Machine_B,60.31418081589357,2.5468764377545607
2025-01-08 21:50:00,Machine_B,62.18552712733129,2.253149291114095
2025-01-08 22:00:00,Machine_B,61.11246980014373,2.3763138490498394
2025-01-08 22:10:00,Machine_B,61.28221701849888,2.2642189383692486
2025-01-08 22:20:00,Machine_B,61.19275441607868,2.3168075883506174
2025-01-08 22:30:00,Machine_B,61.238953873574,2.0526277009095915
2025-01-08 22:40:00,Machine_B,60.38198343683159,2.4399613444043498
2025-01-08 22:50:00,Machine_B,58.79445820100909,2.1547961149700128
2025-01-08 23:00:00,Machine_B,60.14857399001575,2.3819551725798562
2025-01-08 23:10:00,Machine_B,59.87266062665129,1.9477461279427914
2025-01-08 23:20:00,Machine_B,60.801622851420696,2.0710248647180127
2025-01-08 23:30:00,Machine_B,60.70533411918394,2.270770590395875
2025-01-08 23:40:00,Machine_B,60.29541485821071,2.172258446641726
2025-01-08 23:50:00,Machine_B,61.907751208519564,2.282663686434487
2025-01-09 00:00:00,Machine_B,59.987417109898686,2.237365050177168
2025-01-09 00:10:00,Machine_B,58.722744554552385,2.529458125151838
2025-01-09 00:20:00,Machine_B,60.60888389540352,2.2989744704752697
2025-01-09 00:30:00,Machine_B,61.48129896286682,2.125967322651313
2025-01-09 00:40:00,Machine_B,60.78290156653949,2.1360539664044165
2025-01-09 00:50:00,Machine_B,60.297653179769,2.4274097900794516
2025-01-09 01:00:00,Machine_B,60.81161761210027,1.9402318933806006
2025-01-09 01:10:00,Machine_B,62.13311592382881,2.321482470490858
2025-01-09 01:20:00,Machine_B,60.01097340488077,2.0262978564176657
2025-01-09 01:30:00,Machine_B,60.791120183573895,2.4339151668380783
2025-01-09 01:40:00,Machine_B,61.36387696630022,2.16435958241368
2025-01-09 01:50:00,Machine_B,61.0985718364087,2.3455676054031604
2025-01-09 02:00:00,Machine_B,60.770617439358254,2.266983358448723
2025-01-09 02:10:00,Machine_B,60.707069246501455,2.02086861001604
2025-01-09 02:20:00,Machine_B,60.9048122652351,2.3966391720589635
2025-01-09 02:30:00,Machine_B,61.64888916931881,2.1632350718989812
2025-01-09 02:40:00,Machine_B,61.69786233857066,
2025-01-09 02:50:00,Machine_B,,2.137865231163776
2025-01-09 03:00:00,Machine_B,60.295694654658035,2.37537376030983
2025-01-09 03:10:00,Machine_B,63.04175962522887,2.353016018505077
2025-01-09 03:20:00,Machine_B,61.58666230255751,2.25228048926853
2025-01-09 03:30:00,Machine_B,61.796865381358984,2.624412368444059
2025-01-09 03:40:00,Machine_B,62.679468980898804,2.397928180530494
2025-01-09 03:50:00,Machine_B,62.80137809891409,2.3323173181490895
2025-01-09 04:00:00,Machine_B,63.17529442713201,2.478775950323361
2025-01-09 04:10:00,Machine_B,63.48370168481415,2.180190413257402
2025-01-09 04:20:00,Machine_B,62.48897128768037,2.9011275438788813
2025-01-09 04:30:00,Machine_B,63.770712691349416,2.282367223676314
2025-01-09 04:40:00,Machine_B,,2.5954133369333587
2025-01-09 04:50:00,Machine_B,62.70329212115752,2.525683504708648
2025-01-09 05:00:00,Machine_B,62.94852128695491,2.7460085340084937
2025-01-09 05:10:00,Machine_B,62.821157660899416,2.584627955542102
2025-01-09 05:20:00,Machine_B,63.440116437642445,2.4569655935298447
2025-01-09 05:30:00,Machine_B,64.26029810475575,2.256827529020284
2025-01-09 05:40:00,Machine_B,,2.2903613330814285
2025-01-09 05:50:00,Machine_B,63.35678467765471,2.587527744064546
2025-01-09 06:00:00,Machine_B,63.443583427914845,2.896661705711937
2025-01-09 06:10:00,Machine_B,63.46839025918726,2.3686418979201083
2025-01-09 06:20:00,Machine_B,64.37607855747105,3.022106466718445
2025-01-09 06:30:00,Machine_B,63.19216690673625,2.904385608504909
2025-01-09 06:40:00,Machine_B,63.89528830275255,2.4853724900306466
2025-01-09 06:50:00,Machine_B,64.39048179064328,2.552065596888365
2025-01-09 07:00:00,Machine_B,65.75016342414871,2.5892715446011745
2025-01-09 07:10:00,Machine_B,64.94673408132827,2.8391892964063996
2025-01-09 07:20:00,Machine_B,66.00175768921252,2.7937900383134258
2025-01-09 07:30:00,Machine_B,65.4894518478306,2.8053545430899405
2025-01-09 07:40:00,Machine_B,65.09972458343678,2.7493444597302688
2025-01-09 07:50:00,Machine_B,65.26960662677331,2.889860944919692
2025-01-09 08:00:00,Machine_B,64.81715350513733,3.025683954385343
2025-01-09 08:10:00,Machine_B,67.80309416977161,2.868709140402683
2025-01-09 08:20:00,Machine_B,66.89592756843861,2.7888280670097587
2025-01-09 08:30:00,Machine_B,66.61364546189654,3.102521978861196
2025-01-09 08:40:00,Machine_B,65.20710888701647,2.8994117540489808
2025-01-09 08:50:00,Machine_B,66.00326485568992,3.053370078836329
2025-01-09 09:00:00,Machine_B,65.69460679200074,2.950216487265979
2025-01-09 09:10:00,Machine_B,66.68252526527857,3.1770823287997065
2025-01-09 09:20:00,Machine_B,65.93930974777192,3.2167037362509756
2025-01-09 09:30:00,Machine_B,66.24050422665977,3.2227030821992853
2025-01-09 09:40:00,Machine_B,66.14610819394031,2.919280730716603
2025-01-09 09:50:00,Machine_B,66.76006740053379,2.9283449840421296
2025-01-09 10:00:00,Machine_B,67.08822889759499,3.196984418959437
2025-01-09 10:10:00,Machine_B,66.93392836091338,3.0375308567727037
2025-01-09 10:20:00,Machine_B,68.39840242695757,3.0516820377088707
2025-01-09 10:30:00,Machine_B,67.88246388735202,2.940661489669978
2025-01-09 10:40:00,Machine_B,66.66249793387156,3.32655847267509
2025-01-09 10:50:00,Machine_B,67.59849387277353,3.2664613026280698
2025-01-09 11:00:00,Machine_B,66.8202115103611,3.0632500073690894
2025-01-09 11:10:00,Machine_B,67.10093688229522,2.9731624461781103
2025-01-09 11:20:00,Machine_B,67.83018489816357,2.969024379711161
2025-01-09 11:30:00,Machine_B,68.00257700727546,3.1201330792037743
2025-01-09 11:40:00,Machine_B,67.0167358318899,3.1679061966868285
2025-01-09 11:50:00,Machine_B,66.6127731061081,2.944335790159456
2025-01-09 12:00:00,Machine_B,67.57016279817947,2.875923120739812
2025-01-09 12:10:00,Machine_B,67.84436670240206,3.1139094599224917
2025-01-09 12:20:00,Machine_B,66.97605037882772,3.253926912356205
2025-01-09 12:30:00,Machine_B,68.12330062886082,3.109440051981814
2025-01-09 12:40:00,Machine_B,67.95826153815509,3.0482772779528378
2025-01-09 12:50:00,Machine_B,66.89473919619688,2.8859331355073277
2025-01-09 13:00:00,Machine_B,,2.9705487908360326
2025-01-09 13:10:00,Machine_B,68.26659115507279,3.2372869641480797
2025-01-09 13:20:00,Machine_B,68.94305865724958,2.847284231930122
2025-01-09 13:30:00,Machine_B,68.60298613817652,3.3848359479461383
2025-01-09 13:40:00,Machine_B,66.4499866766089,3.073151309222246
2025-01-09 13:50:00,Machine_B,67.84452393281641,2.7636145614064596
2025-01-09 14:00:00,Machine_B,67.734792350517,3.1302941644008975
2025-01-09 14:10:00,Machine_B,,3.1105660445958936
2025-01-09 14:20:00,Machine_B,67.2309719374643,2.939847175558469
2025-01-09 14:30:00,Machine_B,65.27463777084027,3.1760836121722766
2025-01-09 14:40:00,Machine_B,65.15684701660206,2.8831465262992464
2025-01-09 14:50:00,Machine_B,65.20875712646156,3.0955324855358657
2025-01-09 15:00:00,Machine_B,66.7862792712943,2.9619376389575365
2025-01-09 15:10:00,Machine_B,66.71377303219087,2.902969904587558
2025-01-09 15:20:00,Machine_B,66.03064934336335,3.1809935383521966
2025-01-09 15:30:00,Machine_B,67.50760030453793,3.1009808856872856
2025-01-09 15:40:00,Machine_B,66.79717784955608,2.708766455895012
2025-01-09 15:50:00,Machine_B,64.60189808138202,2.96023914819614
2025-01-09 16:00:00,Machine_B,65.61242063529166,3.2158214181084133
2025-01-09 16:10:00,Machine_B,64.86437189337757,3.1041861013115533
2025-01-09 16:20:00,Machine_B,65.81036061106965,2.6764916767087947
2025-01-09 16:30:00,Machine_B,65.31492887346552,
2025-01-09 16:40:00,Machine_B,64.49068780251469,2.9713157599967412
2025-01-09 16:50:00,Machine_B,66.4080483226873,2.5965745654922383
2025-01-09 17:00:00,Machine_B,64.95178418422582,2.803850030783299
2025-01-09 17:10:00,Machine_B,64.42470701720715,2.833377011129336
2025-01-09 17:20:00,Machine_B,64.40525666226601,2.5342939656238697
2025-01-09 17:30:00,Machine_B,65.75177610973708,2.8358337306319616
2025-01-09 17:40:00,Machine_B,65.03406481148404,3.126576168881102
2025-01-09 17:50:00,Machine_B,64.02278696924658,2.9153694164968313
2025-01-09 18:00:00,Machine_B,63.206328255920305,2.6791579018581175
2025-01-09 18:10:00,Machine_B,63.17837603369366,2.5797245792906947
2025-01-09 18:20:00,Machine_B,63.309240811579436,2.6698898532430944
2025-01-09 18:30:00,Machine_B,63.94889093460226,2.4157240106497366
2025-01-09 18:40:00,Machine_B,63.997456898955114,2.485900257429576
2025-01-09 18:50:00,Machine_B,62.662028424036606,2.1994834269962795
2025-01-09 19:00:00,Machine_B,63.73474148883838,2.611752148148277
2025-01-09 19:10:00,Machine_B,62.220636991360564,2.4539322309250715
2025-01-09 19:20:00,Machine_B,62.31351057518775,2.6073401988143203
2025-01-09 19:30:00,Machine_B,61.500989170157816,2.4993510521130444
2025-01-09 19:40:00,Machine_B,61.33738988696084,2.277876779524561
2025-01-09 19:50:00,Machine_B,61.648337965040156,2.478301144947258
2025-01-09 20:00:00,Machine_B,62.22941459528852,2.2965753911279316
2025-01-09 20:10:00,Machine_B,61.324266266297485,2.7061931308064904
2025-01-09 20:20:00,Machine_B,63.19094996213591,2.2400632143121553
2025-01-09 20:30:00,Machine_B,61.12333740940631,2.2914440873806434
2025-01-09 20:40:00,Machine_B,61.89740048809824,2.178298016549125
2025-01-09 20:50:00,Machine_B,62.691628647147326,2.1479440182303984
2025-01-09 21:00:00,Machine_B,61.59913634926609,2.337213281839038
2025-01-09 21:10:00,Machine_B,61.12839666182935,2.0940369615140333
2025-01-09 21:20:00,Machine_B,61.43645131832642,2.2714590404045047
2025-01-09 21:30:00,Machine_B,60.77387557773216,2.3703949702159752
2025-01-09 21:40:00,Machine_B,60.33232048975437,2.205125658339607
2025-01-09 21:50:00,Machine_B,61.538294968482475,1.8739462853398172
2025-01-09 22:00:00,Machine_B,60.50242190508531,2.5004016189090823
2025-01-09 22:10:00,Machine_B,61.644864694700566,2.2988301254469152
2025-01-09 22:20:00,Machine_B,61.464932984993254,2.2923048205923755
2025-01-09 22:30:00,Machine_B,60.89947484371059,2.1924829264222807
2025-01-09 22:40:00,Machine_B,61.48778453851985,2.373099065282152
2025-01-09 22:50:00,Machine_B,60.226743297966145,2.389666534279713
2025-01-09 23:00:00,Machine_B,61.24628113251227,2.402168139396706
2025-01-09 23:10:00,Machine_B,61.20582229290251,
2025-01-09 23:20:00,Machine_B,60.31203567306134,1.9591609777876626
2025-01-09 23:30:00,Machine_B,60.186167473912334,2.2767808704093166
2025-01-09 23:40:00,Machine_B,60.776541393340864,2.249850332149789
2025-01-09 23:50:00,Machine_B,62.07792678859291,2.1016713791028736
2025-01-10 00:00:00,Machine_B,60.314211630941195,2.0556659029821787
2025-01-10 00:10:00,Machine_B,60.142713325828794,2.2981752052228415
2025-01-10 00:20:00,Machine_B,61.456034397940314,2.188061776214575
2025-01-10 00:30:00,Machine_B,60.58444902975115,2.1336280882859344
2025-01-10 00:40:00,Machine_B,61.24598971644495,2.5078695969261346
2025-01-10 00:50:00,Machine_B,61.76266887709233,2.3315443448172974
2025-01-10 01:00:00,Machine_B,59.093640499132405,2.293549919284146
2025-01-10 01:10:00,Machine_B,60.63192699922207,2.4401451828111393
2025-01-10 01:20:00,Machine_B,60.5272328645967,2.286606507843444
2025-01-10 01:30:00,Machine_B,59.99655702225443,2.1075151760607245
2025-01-10 01:40:00,Machine_B,59.29301547268313,2.172034509137451
2025-01-10 01:50:00,Machine_B,59.62226356065435,2.382594813492156
2025-01-10 02:00:00,Machine_B,61.052406112250004,2.3727595526861696
2025-01-10 02:10:00,Machine_B,60.62090111619983,2.350810267049967
2025-01-10 02:20:00,Machine_B,60.49150097545271,2.076595219722645
2025-01-10 02:30:00,Machine_B,61.298805212752484,2.4393950682676357
2025-01-10 02:40:00,Machine_B,60.76512680878272,2.2935775124964097
2025-01-10 02:50:00,Machine_B,62.45167383218745,2.426214688044797
2025-01-10 03:00:00,Machine_B,61.02841887449728,2.1823724064546948
2025-01-10 03:10:00,Machine_B,62.83969148932324,2.699870577416582
2025-01-10 03:20:00,Machine_B,61.726230780458785,2.405294838346302
2025-01-10 03:30:00,Machine_B,61.34781532336944,2.3008988416381984
2025-01-10 03:40:00,Machine_B,61.41283066673839,2.508204085826604
2025-01-10 03:50:00,Machine_B,63.33048677489095,2.5626656568422024
2025-01-10 04:00:00,Machine_B,62.80666670396452,2.539133798987062
2025-01-10 04:10:00,Machine_B,61.77634530734665,2.263148360591889
2025-01-10 04:20:00,Machine_B,62.61609733848724,2.665501932004742
2025-01-10 04:30:00,Machine_B,60.77366493977791,2.415717609879009
2025-01-10 04:40:00,Machine_B,61.73764604347056,2.493193936815358
2025-01-10 04:50:00,Machine_B,,2.117106780111716
2025-01-10 05:00:00,Machine_B,62.47427953126076,2.4500023169764678
2025-01-10 05:10:00,Machine_B,64.21287312728064,2.467939586304138
2025-01-10 05:20:00,Machine_B,61.860882039973106,2.652967730424711
2025-01-10 05:30:00,Machine_B,62.40091310396232,
2025-01-10 05:40:00,Machine_B,64.05687048701549,2.3188916596407454
2025-01-10 05:50:00,Machine_B,64.03154999482538,2.67426313673443
2025-01-10 06:00:00,Machine_B,63.72018333153491,2.604922720202142
2025-01-10 06:10:00,Machine_B,65.79465899881619,2.538489691134846
2025-01-10 06:20:00,Machine_B,64.79897077311121,2.7049748272085496
2025-01-10 06:30:00,Machine_B,65.43510143729506,2.3883834944897084
2025-01-10 06:40:00,Machine_B,64.56712852708776,2.839824444393339
2025-01-10 06:50:00,Machine_B,64.32267293394592,2.7144933669602667
2025-01-10 07:00:00,Machine_B,64.48016315594062,2.7183543769059266
2025-01-10 07:10:00,Machine_B,65.79460222736299,2.956821629145894
2025-01-10 07:20:00,Machine_B,65.8152691718036,2.7074613464670874
2025-01-10 07:30:00,Machine_B,65.16450550729051,2.8687656299612576
2025-01-10 07:40:00,Machine_B,65.85643115979566,2.816865171631975
2025-01-10 07:50:00,Machine_B,66.3862145895364,3.436657379715865
2025-01-10 08:00:00,Machine_B,65.29885641617417,2.96291192122524
2025-01-10 08:10:00,Machine_B,65.60583224943444,2.6863225998986957
2025-01-10 08:20:00,Machine_B,84.36482992855296,8.22350740465498
2025-01-10 08:30:00,Machine_B,64.69973679542437,3.111681495492552
2025-01-10 08:40:00,Machine_B,66.62223037421904,2.947347541475446
2025-01-10 08:50:00,Machine_B,65.46452647901697,2.875296610154541
2025-01-10 09:00:00,Machine_B,67.22819644690533,2.7294502552222175
2025-01-10 09:10:00,Machine_B,68.29869854062785,3.059271622340219
2025-01-10 09:20:00,Machine_B,66.12342089906345,2.8731918518585213
2025-01-10 09:30:00,Machine_B,65.69702170312932,2.8486146987618843
2025-01-10 09:40:00,Machine_B,66.72310525037025,3.1581921361227616
2025-01-10 09:50:00,Machine_B,66.73966223384929,3.3076089963834447
2025-01-10 10:00:00,Machine_B,67.55966797281273,2.9539822876048696
2025-01-10 10:10:00,Machine_B,67.29178696483922,3.194215697789982
2025-01-10 10:20:00,Machine_B,66.93501302850933,3.0960379472741772
2025-01-10 10:30:00,Machine_B,67.30606924516933,3.1303349255062276
2025-01-10 10:40:00,Machine_B,66.39120224066386,2.925509883664106
2025-01-10 10:50:00,Machine_B,68.00138136232941,
2025-01-10 11:00:00,Machine_B,68.67510930637566,2.887271870275093
2025-01-10 11:10:00,Machine_B,66.45895831469628,2.8692656805660235
2025-01-10 11:20:00,Machine_B,66.18342475359674,3.186453029902037
2025-01-10 11:30:00,Machine_B,67.14838627341005,3.0017781836325828
2025-01-10 11:40:00,Machine_B,66.50950506162245,2.9335726754278624
2025-01-10 11:50:00,Machine_B,66.47569462905558,2.8818601083648216
2025-01-10 12:00:00,Machine_B,66.3783852034817,2.8275272352085117
2025-01-10 12:10:00,Machine_B,67.34178685873059,2.7474183584995737
2025-01-10 12:20:00,Machine_B,67.15754346759627,3.118257677825446
2025-01-10 12:30:00,Machine_B,67.76866255411647,2.6232137212724
2025-01-10 12:40:00,Machine_B,,3.1780009395424185
2025-01-10 12:50:00,Machine_B,66.44372154848723,3.1729026396324636
2025-01-10 13:00:00,Machine_B,67.36723400807965,3.0668241593802668
2025-01-10 13:10:00,Machine_B,66.49116449374336,3.092516755046
2025-01-10 13:20:00,Machine_B,67.69866106818044,3.021496853113598
2025-01-10 13:30:00,Machine_B,65.90060012311861,3.1062804085784466
2025-01-10 13:40:00,Machine_B,65.44016860749863,3.096280552159144
2025-01-10 13:50:00,Machine_B,65.81671975585546,3.28342692035658
2025-01-10 14:00:00,Machine_B,66.69643337729237,3.3156206692822545
2025-01-10 14:10:00,Machine_B,66.72216617536121,3.299921109702473
2025-01-10 14:20:00,Machine_B,66.97658558178595,2.87502632264606
2025-01-10 14:30:00,Machine_B,66.32497480782096,3.1433995348840558
2025-01-10 14:40:00,Machine_B,66.00394918470026,3.0858115442242893
2025-01-10 14:50:00,Machine_B,67.72709033533694,2.864962940149899
2025-01-10 15:00:00,Machine_B,67.40998206900657,2.8086544256180135
2025-01-10 15:10:00,Machine_B,67.15352767134404,2.886209505880046
2025-01-10 15:20:00,Machine_B,66.49687366851833,2.7482954084777313
2025-01-10 15:30:00,Machine_B,66.44147006061806,2.6738720147017356
2025-01-10 15:40:00,Machine_B,65.36335921865097,2.9976381719625347
2025-01-10 15:50:00,Machine_B,65.99603525979423,2.8976766697343366
2025-01-10 16:00:00,Machine_B,64.99810622398282,2.8799655432922395
2025-01-10 16:10:00,Machine_B,64.77350150582647,3.0245922881448246
2025-01-10 16:20:00,Machine_B,64.18517209269919,2.804920828212745
2025-01-10 16:30:00,Machine_B,65.66424927884586,2.9716735964719985
2025-01-10 16:40:00,Machine_B,65.32800791142361,2.6708932612696716
2025-01-10 16:50:00,Machine_B,64.81016239596082,2.6511784987059546
2025-01-10 17:00:00,Machine_B,64.55882138818856,2.768986431155923
2025-01-10 17:10:00,Machine_B,63.29345345780928,
2025-01-10 17:20:00,Machine_B,64.81288826922932,2.959514101178852
2025-01-10 17:30:00,Machine_B,64.2044096224531,
2025-01-10 17:40:00,Machine_B,65.02184286794771,2.4422706411377058
2025-01-10 17:50:00,Machine_B,64.26963694049674,2.6957474072134544
2025-01-10 18:00:00,Machine_B,64.56462710816322,2.79779921571341
2025-01-10 18:10:00,Machine_B,63.84153982534601,3.00573027981476
2025-01-10 18:20:00,Machine_B,,2.3077089309675136
2025-01-10 18:30:00,Machine_B,64.28805934938009,2.722835899437414
2025-01-10 18:40:00,Machine_B,63.238319966695016,2.763445564791344
2025-01-10 18:50:00,Machine_B,63.619945261777836,2.633915772564487
2025-01-10 19:00:00,Machine_B,62.73931381030086,2.2904742239341904
2025-01-10 19:10:00,Machine_B,62.84264417403544,2.5602689422311893
2025-01-10 19:20:00,Machine_B,64.07774869724776,2.5732789953362496
2025-01-10 19:30:00,Machine_B,63.17301333228786,2.50979367558852
2025-01-10 19:40:00,Machine_B,62.08766895702464,2.3365278176432627
2025-01-10 19:50:00,Machine_B,62.722215181859184,2.296620996889269
2025-01-10 20:00:00,Machine_B,61.22601498109936,2.5071099028624393
2025-01-10 20:10:00,Machine_B,61.94249759909073,
2025-01-10 20:20:00,Machine_B,61.22974303211334,2.274251519112983
2025-01-10 20:30:00,Machine_B,62.23085995657615,2.350921501522591
2025-01-10 20:40:00,Machine_B,61.599098108762554,2.3895042001411957
2025-01-10 20:50:00,Machine_B,61.8622170538064,2.5329566605189755
2025-01-10 21:00:00,Machine_B,62.14446988068167,2.1165114423203786
2025-01-10 21:10:00,Machine_B,61.051357913902926,2.0851493811427284
2025-01-10 21:20:00,Machine_B,60.97925699585625,2.236502973706236
2025-01-10 21:30:00,Machine_B,61.19363356450137,1.9689579032022162
2025-01-10 21:40:00,Machine_B,60.444570825472155,2.386962256481206
2025-01-10 21:50:00,Machine_B,61.039159549109065,1.9116297405469593
2025-01-10 22:00:00,Machine_B,61.00216132086131,2.3876158013776565
2025-01-10 22:10:00,Machine_B,61.07861425600786,2.450466463649665
2025-01-10 22:20:00,Machine_B,61.163563098902856,2.288908967441469
2025-01-10 22:30:00,Machine_B,59.483928631466334,1.8999367992763623
2025-01-10 22:40:00,Machine_B,59.68297862839762,
2025-01-10 22:50:00,Machine_B,59.72824326930308,2.0774141319678363
2025-01-10 23:00:00,Machine_B,60.693346008969456,1.9989727771128947
2025-01-10 23:10:00,Machine_B,60.3554632878157,2.314964753529831
2025-01-10 23:20:00,Machine_B,58.738993209949236,2.344871467275916
2025-01-10 23:30:00,Machine_B,62.08757883196929,2.4352744527480272
2025-01-10 23:40:00,Machine_B,58.92214330248222,2.1504501040878163
2025-01-10 23:50:00,Machine_B,60.52767016849747,2.2313777528594843
2025-01-11 00:00:00,Machine_B,60.95069843341191,2.499764586237493
2025-01-11 00:10:00,Machine_B,59.932015533873006,2.5784135656228298
2025-01-11 00:20:00,Machine_B,61.03431408698589,2.397845775497451
2025-01-11 00:30:00,Machine_B,59.73694266835048,2.1433573222993014
2025-01-11 00:40:00,Machine_B,60.70810954155897,2.21147577573232
2025-01-11 00:50:00,Machine_B,58.86109596153148,2.182758287554771
2025-01-11 01:00:00,Machine_B,61.58492621435639,2.3473470002548424
2025-01-11 01:10:00,Machine_B,60.69428836359593,2.079122488402606
2025-01-11 01:20:00,Machine_B,59.47141701472617,2.291644959949546
2025-01-11 01:30:00,Machine_B,61.31005008783277,2.3005023084414393
2025-01-11 01:40:00,Machine_B,62.178783429336846,2.319569923774515
2025-01-11 01:50:00,Machine_B,60.20398648997895,2.0759806393796896
2025-01-11 02:00:00,Machine_B,60.85490819990394,2.314785180229796
2025-01-11 02:10:00,Machine_B,60.69495137812187,2.5997807770449057
2025-01-11 02:20:00,Machine_B,60.57998875764791,2.210796786450778
2025-01-11 02:30:00,Machine_B,60.590521961967404,2.3522437912672873
2025-01-11 02:40:00,Machine_B,60.87390010368955,1.9870472596883846
2025-01-11 02:50:00,Machine_B,61.022361063885775,2.3779128601337067
2025-01-11 03:00:00,Machine_B,61.32120553480465,2.3857844235768133
2025-01-11 03:10:00,Machine_B,61.37793684145774,2.382783073818844
2025-01-11 03:20:00,Machine_B,62.44945795433382,2.50887785757311
2025-01-11 03:30:00,Machine_B,62.50162771833022,2.343330744815775
2025-01-11 03:40:00,Machine_B,60.86498753967731,2.6219762135298263
2025-01-11 03:50:00,Machine_B,61.74839852771811,2.2684182533240143
2025-01-11 04:00:00,Machine_B,63.358779130541656,2.704791035840751
2025-01-11 04:10:00,Machine_B,62.73194704358834,2.501324372087148
2025-01-11 04:20:00,Machine_B,62.905773759065454,2.468593174562985
2025-01-11 04:30:00,Machine_B,62.9736657211732,2.242568346348588
2025-01-11 04:40:00,Machine_B,62.71998951841508,2.3196784541743165
2025-01-11 04:50:00,Machine_B,63.045594247001006,2.602000162286179
2025-01-11 05:00:00,Machine_B,62.90643088011631,2.429505972050327
2025-01-11 05:10:00,Machine_B,64.06698010835315,2.757545001459455
2025-01-11 05:20:00,Machine_B,63.22085321720725,2.6502634220218435
2025-01-11 05:30:00,Machine_B,63.60175148837986,2.3622606330994773
2025-01-11 05:40:00,Machine_B,64.43669708520743,2.7761088381064587
2025-01-11 05:50:00,Machine_B,63.7430846521907,2.6303039468689846
2025-01-11 06:00:00,Machine_B,64.10592396087982,2.6717632055508567
2025-01-11 06:10:00,Machine_B,64.03312335163734,2.8884874664651985
2025-01-11 06:20:00,Machine_B,64.40510493862946,2.4699127917628063
2025-01-11 06:30:00,Machine_B,64.37342570670869,2.5388025873660545
2025-01-11 06:40:00,Machine_B,64.35963879613429,2.820079328840908
2025-01-11 06:50:00,Machine_B,64.3762457487191,2.4757860177763167
2025-01-11 07:00:00,Machine_B,64.95748938156952,2.6921819885032185
2025-01-11 07:10:00,Machine_B,66.06115808936609,2.997273707107544
2025-01-11 07:20:00,Machine_B,65.89463926679733,2.821004490738816
2025-01-11 07:30:00,Machine_B,64.27917167234095,2.6123101253318373
2025-01-11 07:40:00,Machine_B,65.34348321004806,2.912549124615139
2025-01-11 07:50:00,Machine_B,65.31760206901248,2.8240744928117594
2025-01-11 08:00:00,Machine_B,64.71680813738665,2.788587637093202
2025-01-11 08:10:00,Machine_B,66.32195200805008,3.5727806104772313
2025-01-11 08:20:00,Machine_B,66.1563389963381,3.0532450822132784
2025-01-11 08:30:00,Machine_B,67.97922699590912,2.915419474895274
2025-01-11 08:40:00,Machine_B,66.21726258873503,3.1442827501865174
2025-01-11 08:50:00,Machine_B,65.98286138584761,2.9458046466956893
2025-01-11 09:00:00,Machine_B,66.02027309842713,2.9199336130680407
2025-01-11 09:10:00,Machine_B,66.46746204512667,3.081508415627746
2025-01-11 09:20:00,Machine_B,67.40619462824755,3.1329508805044446
2025-01-11 09:30:00,Machine_B,67.59792282312364,3.2211430312575184
2025-01-11 09:40:00,Machine_B,69.46976358138166,3.32321155770701
2025-01-11 09:50:00,Machine_B,66.25292428182357,3.2924438109747434
2025-01-11 10:00:00,Machine_B,67.37091014681663,3.2438940521805257
2025-01-11 10:10:00,Machine_B,66.83245990920543,3.272656350824616
2025-01-11 10:20:00,Machine_B,67.73233818317252,3.3227511723215803
2025-01-11 10:30:00,Machine_B,68.62447909909628,3.2460144675649865
2025-01-11 10:40:00,Machine_B,68.26750216486656,2.8408228980379646
2025-01-11 10:50:00,Machine_B,66.66532849934339,3.2229153606387793
2025-01-11 11:00:00,Machine_B,68.22638309148086,3.3875225044288695
2025-01-11 11:10:00,Machine_B,66.0287859458847,3.0006590854122446
2025-01-11 11:20:00,Machine_B,65.84983609024235,3.0792602266768934
2025-01-11 11:30:00,Machine_B,67.58227489918191,3.14283165809125
2025-01-11 11:40:00,Machine_B,68.2911978449133,3.190839678535716
2025-01-11 11:50:00,Machine_B,68.095712369062,3.0588201369470522
2025-01-11 12:00:00,Machine_B,69.34963058749014,3.170307180581262
2025-01-11 12:10:00,Machine_B,67.91364425079534,
2025-01-11 12:20:00,Machine_B,67.7352222604676,2.7981049126402557
2025-01-11 12:30:00,Machine_B,68.7327529537,3.172110020010094
2025-01-11 12:40:00,Machine_B,67.49057654590545,3.0876328804605455
2025-01-11 12:50:00,Machine_B,68.07560411223659,
2025-01-11 13:00:00,Machine_B,68.09200464088242,3.251222565680688
2025-01-11 13:10:00,Machine_B,66.9171921036491,3.2010384582179934
2025-01-11 13:20:00,Machine_B,67.96000871807253,3.1692156108018747
2025-01-11 13:30:00,Machine_B,69.34722490670504,3.243133143902007
2025-01-11 13:40:00,Machine_B,68.4515359086176,3.183996823764174
2025-01-11 13:50:00,Machine_B,66.80775906453478,
2025-01-11 14:00:00,Machine_B,69.28117633235586,3.2398483377508915
2025-01-11 14:10:00,Machine_B,67.8869663512009,3.2613222363272323
2025-01-11 14:20:00,Machine_B,67.59462624183593,2.8948397521655367
2025-01-11 14:30:00,Machine_B,67.09166777736219,3.2380016264864215
2025-01-11 14:40:00,Machine_B,67.62454229133617,3.017016154683388
2025-01-11 14:50:00,Machine_B,67.07163449501043,3.166249256230947
2025-01-11 15:00:00,Machine_B,66.8968392989216,3.0705493895638005
2025-01-11 15:10:00,Machine_B,66.66884252472983,2.9988845982977272
2025-01-11 15:20:00,Machine_B,67.44404796043194,3.1129789151428406
2025-01-11 15:30:00,Machine_B,67.24080843719096,2.9414784636254985
2025-01-11 15:40:00,Machine_B,66.31230771190226,3.1808954261531635
2025-01-11 15:50:00,Machine_B,65.09418040681399,3.1950031005602137
2025-01-11 16:00:00,Machine_B,66.2121861816392,2.8565267058261123
2025-01-11 16:10:00,Machine_B,65.47966628088153,2.9085191748062917
2025-01-11 16:20:00,Machine_B,65.54266157134916,2.8544988490685577
2025-01-11 16:30:00,Machine_B,65.68638507853649,2.9722534907782023
2025-01-11 16:40:00,Machine_B,64.80020659850389,
2025-01-11 16:50:00,Machine_B,64.22013455163382,2.5693218607729014
2025-01-11 17:00:00,Machine_B,65.59986188457891,2.5961740468248404
2025-01-11 17:10:00,Machine_B,65.24393282907876,2.8181965378920544
2025-01-11 17:20:00,Machine_B,65.06808580319456,2.8482757997270753
2025-01-11 17:30:00,Machine_B,65.33941327697865,2.6268040219944386
2025-01-11 17:40:00,Machine_B,64.25588702402854,2.8100866563288807
2025-01-11 17:50:00,Machine_B,64.90163271175548,2.6254231909109587
2025-01-11 18:00:00,Machine_B,,2.6595800626654946
2025-01-11 18:10:00,Machine_B,64.13558128041281,2.9497378687239446
2025-01-11 18:20:00,Machine_B,65.71098968693532,2.6406826220794746
2025-01-11 18:30:00,Machine_B,64.08419553559273,2.618832745908426
2025-01-11 18:40:00,Machine_B,,2.6889087910632843
2025-01-11 18:50:00,Machine_B,64.43227801560379,2.843381166758973
2025-01-11 19:00:00,Machine_B,63.51866825215757,2.6207874115702987
2025-01-11 19:10:00,Machine_B,64.30866731963594,2.5100323333983994
2025-01-11 19:20:00,Machine_B,63.657217640421834,2.697000171855767
2025-01-11 19:30:00,Machine_B,62.926469811430984,2.721584875082053
2025-01-11 19:40:00,Machine_B,64.27028692587035,2.764194178277949
2025-01-11 19:50:00,Machine_B,62.52153566799984,2.5349605130589707
2025-01-11 20:00:00,Machine_B,61.05917147158842,2.6105315282409354
2025-01-11 20:10:00,Machine_B,63.370095663025154,2.6513189994107433
2025-01-11 20:20:00,Machine_B,62.82312251301134,2.5262925946946
2025-01-11 20:30:00,Machine_B,63.451518681989384,2.7160567973668837
2025-01-11 20:40:00,Machine_B,61.60462650163278,2.581328057865457
2025-01-11 20:50:00,Machine_B,62.00194905852687,2.789066908174886
2025-01-11 21:00:00,Machine_B,61.805842846781125,2.601989842886899
2025-01-11 21:10:00,Machine_B,62.73980287025339,2.077250804384208
2025-01-11 21:20:00,Machine_B,62.41730237087117,2.3402396825891336
2025-01-11 21:30:00,Machine_B,61.97739527622106,2.1092788699127047
2025-01-11 21:40:00,Machine_B,61.8967691637351,2.2747271991352704
2025-01-11 21:50:00,Machine_B,60.71867245436035,2.3127953327711284
2025-01-11 22:00:00,Machine_B,62.17969012959718,2.526659252804889
2025-01-11 22:10:00,Machine_B,62.12710612489061,2.282540404479106
2025-01-11 22:20:00,Machine_B,63.26566959617783,2.6047856483308545
2025-01-11 22:30:00,Machine_B,61.75242461572669,2.226418598613357
2025-01-11 22:40:00,Machine_B,61.830931665056745,2.2885455774605723
2025-01-11 22:50:00,Machine_B,61.66247435228882,2.1118462028353018
2025-01-11 23:00:00,Machine_B,60.684812460815905,2.590352031756215
2025-01-11 23:10:00,Machine_B,62.20991567448447,2.6106007352903293
2025-01-11 23:20:00,Machine_B,61.140520366402626,2.2997207002906235
2025-01-11 23:30:00,Machine_B,61.012034236471635,
2025-01-11 23:40:00,Machine_B,61.046439958345594,2.2825720333114288
2025-01-11 23:50:00,Machine_B,61.09606244890824,2.3613828252242666
2025-01-12 00:00:00,Machine_B,60.76087272906636,2.2057247722045146
2025-01-12 00:10:00,Machine_B,61.33003600390254,2.7444149983437294
2025-01-12 00:20:00,Machine_B,61.09505954657117,2.651940516338891
2025-01-12 00:30:00,Machine_B,61.04811713823689,2.0115619892756107
2025-01-12 00:40:00,Machine_B,61.61308838389002,2.1224851796953765
2025-01-12 00:50:00,Machine_B,61.316164369807765,2.417403575599068
2025-01-12 01:00:00,Machine_B,60.85303418435334,2.147395273356828
2025-01-12 01:10:00,Machine_B,60.73275542494274,2.379583634199117
2025-01-12 01:20:00,Machine_B,61.47590827181232,2.355731766121932
2025-01-12 01:30:00,Machine_B,60.85974116498095,2.35463200172629
2025-01-12 01:40:00,Machine_B,60.86817223262033,2.5538788255943836
2025-01-12 01:50:00,Machine_B,60.951533471196726,2.705347280032531
2025-01-12 02:00:00,Machine_B,61.877065539403326,2.4615825233313475
2025-01-12 02:10:00,Machine_B,62.7116444720144,2.1831329095978127
2025-01-12 02:20:00,Machine_B,62.12437080801449,2.438947659533934
2025-01-12 02:30:00,Machine_B,62.65042901225592,2.320343806104747
2025-01-12 02:40:00,Machine_B,61.98530513601154,2.7972225588432824
2025-01-12 02:50:00,Machine_B,62.26004559283278,2.5771609383066396
2025-01-12 03:00:00,Machine_B,63.57877280092601,2.5392554482500156
2025-01-12 03:10:00,Machine_B,63.03416215231969,2.598746804336343
2025-01-12 03:20:00,Machine_B,63.240142529001965,2.4905068470646525
2025-01-12 03:30:00,Machine_B,62.4027629608696,2.73892727342653
2025-01-12 03:40:00,Machine_B,62.73757380700491,2.427463916935897
2025-01-12 03:50:00,Machine_B,63.197802380990474,2.7201886119315097
2025-01-12 04:00:00,Machine_B,62.52321192353578,2.8515604926569114
2025-01-12 04:10:00,Machine_B,61.25618382706662,2.436535705444556
2025-01-12 04:20:00,Machine_B,63.60537077232175,2.6622666724682653
2025-01-12 04:30:00,Machine_B,64.20157617716212,2.695272132528938
2025-01-12 04:40:00,Machine_B,63.623479790285195,2.446011613548179
2025-01-12 04:50:00,Machine_B,63.25170652686238,2.4124323894619657
2025-01-12 05:00:00,Machine_B,63.61499309245363,2.5136518131837584
2025-01-12 05:10:00,Machine_B,62.40977347430916,2.6890619775514506
2025-01-12 05:20:00,Machine_B,63.92009503272027,2.793921033561576
2025-01-12 05:30:00,Machine_B,63.45004881490291,2.672231391672568
2025-01-12 05:40:00,Machine_B,63.93871382495144,3.1066288095401333
2025-01-12 05:50:00,Machine_B,63.7227716364121,2.964249616387132
2025-01-12 06:00:00,Machine_B,63.78771805244918,2.8814822517088112
2025-01-12 06:10:00,Machine_B,64.16639180486081,2.7429815366859773
2025-01-12 06:20:00,Machine_B,65.63282778628187,2.8534564403960845
2025-01-12 06:30:00,Machine_B,64.87505155626906,3.0595166235092024
2025-01-12 06:40:00,Machine_B,64.55198399643392,3.047077498281057
2025-01-12 06:50:00,Machine_B,66.1958193503434,3.065220195764094
2025-01-12 07:00:00,Machine_B,65.84862767744168,2.866808730091758
2025-01-12 07:10:00,Machine_B,64.00563508848387,2.8470299938974573
2025-01-12 07:20:00,Machine_B,66.84218108655557,2.703648237089706
2025-01-12 07:30:00,Machine_B,66.25017572698698,3.074845661446304
2025-01-12 07:40:00,Machine_B,66.95310194824059,2.725177267975356
2025-01-12 07:50:00,Machine_B,66.29809505341164,3.014161676056025
2025-01-12 08:00:00,Machine_B,67.90041917057148,2.9593526501556062
2025-01-12 08:10:00,Machine_B,66.44621827000196,3.092661832311049
2025-01-12 08:20:00,Machine_B,64.77454079606254,3.279575684113377
2025-01-12 08:30:00,Machine_B,66.29937712188396,3.3300997524724303
2025-01-12 08:40:00,Machine_B,67.53619015956599,3.229017188076105
2025-01-12 08:50:00,Machine_B,,2.980616647207082
2025-01-12 09:00:00,Machine_B,67.27061234227708,3.1291779643446813
2025-01-12 09:10:00,Machine_B,66.68962571068705,2.990330598203339
2025-01-12 09:20:00,Machine_B,67.59866867764343,3.0436284852373046
2025-01-12 09:30:00,Machine_B,67.67252786719027,3.2613442835815114
2025-01-12 09:40:00,Machine_B,67.7591184550921,3.011594029963338
2025-01-12 09:50:00,Machine_B,68.29832559935106,3.1168996450519972
2025-01-12 10:00:00,Machine_B,68.09733736288592,3.0171500053288662
2025-01-12 10:10:00,Machine_B,67.82804859764322,3.3384817088002436
2025-01-12 10:20:00,Machine_B,67.29988648574134,3.164606346122196
2025-01-12 10:30:00,Machine_B,69.25594958023946,2.8393029775454095
2025-01-12 10:40:00,Machine_B,69.81309418376064,3.5402503909596366
2025-01-12 10:50:00,Machine_B,69.67677996347022,3.4357471763995955
2025-01-12 11:00:00,Machine_B,68.88792176807375,2.896911739895465
2025-01-12 11:10:00,Machine_B,67.02940194010591,3.3974361663730397
2025-01-12 11:20:00,Machine_B,66.96590359764056,
2025-01-12 11:30:00,Machine_B,67.9927770368392,3.2400873978752998
2025-01-12 11:40:00,Machine_B,68.4088524208387,3.3034465502165418
2025-01-12 11:50:00,Machine_B,68.39049322204097,3.221369466795935
2025-01-12 12:00:00,Machine_B,68.6300014661407,3.373553064165825
2025-01-12 12:10:00,Machine_B,67.36222544322284,3.466376309978998
2025-01-12 12:20:00,Machine_B,69.75664469876396,3.065557511612025
2025-01-12 12:30:00,Machine_B,69.66278963300013,3.151540990390242
2025-01-12 12:40:00,Machine_B,67.39079957756238,3.2947932971195524
2025-01-12 12:50:00,Machine_B,66.9253706468349,3.329339204416503
2025-01-12 13:00:00,Machine_B,68.31102745653298,3.343008755141731
2025-01-12 13:10:00,Machine_B,,3.230352319577275
2025-01-12 13:20:00,Machine_B,68.27429083175858,3.100757677053218
2025-01-12 13:30:00,Machine_B,68.45716760902489,3.4305929623207736
2025-01-12 13:40:00,Machine_B,67.8404468951681,3.026275222646951
2025-01-12 13:50:00,Machine_B,68.24621392895064,3.1497117943852184
2025-01-12 14:00:00,Machine_B,68.81583728567101,3.2329177577855472
2025-01-12 14:10:00,Machine_B,68.31523798001044,3.307684503828887
2025-01-12 14:20:00,Machine_B,68.36563358166126,3.1577483927843186
2025-01-12 14:30:00,Machine_B,66.48885744096107,3.3350626049808385
2025-01-12 14:40:00,Machine_B,69.43900362630565,3.413195297902193
2025-01-12 14:50:00,Machine_B,66.31120371547453,3.0638327208116403
2025-01-12 15:00:00,Machine_B,67.65626135048946,3.2336809582332617
2025-01-12 15:10:00,Machine_B,67.30497141854252,3.1941596042256433
2025-01-12 15:20:00,Machine_B,67.22950921960808,3.0745406917595903
2025-01-12 15:30:00,Machine_B,67.89631721331399,2.7783229203671658
2025-01-12 15:40:00,Machine_B,66.51557444198687,3.170196766469996
2025-01-12 15:50:00,Machine_B,66.61320197130865,3.174483130609669
2025-01-12 16:00:00,Machine_B,65.9160491762569,3.270710642211763
2025-01-12 16:10:00,Machine_B,67.60169444887693,2.99831307834397
2025-01-12 16:20:00,Machine_B,66.7843933640572,2.9217731335946233
2025-01-12 16:30:00,Machine_B,66.94604148636206,2.8600858589656193
2025-01-12 16:40:00,Machine_B,66.94804647263595,2.4675651093016095
2025-01-12 16:50:00,Machine_B,67.75150328453381,2.9166352072307724
2025-01-12 17:00:00,Machine_B,67.46983998469018,3.4694381183384535
2025-01-12 17:10:00,Machine_B,66.13090250336882,3.1820005744493987
2025-01-12 17:20:00,Machine_B,65.85358322448106,2.756215095641746
2025-01-12 17:30:00,Machine_B,,2.8235934174825648
2025-01-12 17:40:00,Machine_B,66.02884354495474,2.8037681477400382
2025-01-12 17:50:00,Machine_B,,3.13053119502312
2025-01-12 18:00:00,Machine_B,64.55398693250386,3.260416180978818
2025-01-12 18:10:00,Machine_B,65.56517239444405,2.857367904677122
2025-01-12 18:20:00,Machine_B,65.64816627311619,2.8699070644731064
2025-01-12 18:30:00,Machine_B,63.79688269553681,2.8974338859216564
2025-01-12 18:40:00,Machine_B,64.6997181104574,2.7823377292834492
2025-01-12 18:50:00,Machine_B,64.34994764017914,2.817526004079517
2025-01-12 19:00:00,Machine_B,64.25440747018324,2.757202624379426
2025-01-12 19:10:00,Machine_B,63.354504340437686,2.8165503195242723
2025-01-12 19:20:00,Machine_B,62.515296002167894,2.352445098526389
2025-01-12 19:30:00,Machine_B,63.23439994652294,2.6089859734582443
2025-01-12 19:40:00,Machine_B,62.98710832182092,2.465144164152696
2025-01-12 19:50:00,Machine_B,63.853611085492645,2.785596854279384
2025-01-12 20:00:00,Machine_B,63.73727715971981,2.5035906893975968
2025-01-12 20:10:00,Machine_B,63.5657057104645,2.3473674241508222
2025-01-12 20:20:00,Machine_B,62.07579237863329,2.291647263411914
2025-01-12 20:30:00,Machine_B,62.178896632225566,2.6794451519705413
2025-01-12 20:40:00,Machine_B,62.466627440256744,2.4169027282304314
2025-01-12 20:50:00,Machine_B,62.868184794509055,2.5452785844398105
2025-01-12 21:00:00,Machine_B,62.47579022958466,2.8417203566243057
2025-01-12 21:10:00,Machine_B,62.891304489705284,2.6115913480099726
2025-01-12 21:20:00,Machine_B,63.32699848025136,2.4401241583776465
2025-01-12 21:30:00,Machine_B,61.65611992954628,2.308961837565925
2025-01-12 21:40:00,Machine_B,61.600757001223705,2.5880097784845284
2025-01-12 21:50:00,Machine_B,,2.476402028525598
2025-01-12 22:00:00,Machine_B,,2.594433923775262
2025-01-12 22:10:00,Machine_B,62.740500155303984,2.0526266315939994
2025-01-12 22:20:00,Machine_B,62.088845184305285,2.678569865926457
2025-01-12 22:30:00,Machine_B,63.41821362008041,2.1584488400125164
2025-01-12 22:40:00,Machine_B,60.7046649010491,2.373322763031328
2025-01-12 22:50:00,Machine_B,62.60256693813025,2.7051913466189976
2025-01-12 23:00:00,Machine_B,62.051637231539054,2.048284433890717
2025-01-12 23:10:00,Machine_B,60.737993677013755,2.4308754457572026
2025-01-12 23:20:00,Machine_B,60.18074987901951,2.3940458421147937
2025-01-12 23:30:00,Machine_B,60.91638606526049,2.436172944789944
2025-01-12 23:40:00,Machine_B,,2.5041618251638305
2025-01-12 23:50:00,Machine_B,62.675002580317305,2.442308833935739
2025-01-13 00:00:00,Machine_B,61.69707801199571,2.1987992808955754
2025-01-13 00:10:00,Machine_B,61.5180267265583,2.4587766689640245
2025-01-13 00:20:00,Machine_B,61.13746873715971,2.440083860078159
2025-01-13 00:30:00,Machine_B,61.69357319637313,2.435511314051135
2025-01-13 00:40:00,Machine_B,61.49189907161417,2.8256507778718243
2025-01-13 00:50:00,Machine_B,63.27348706032436,2.6955701891467734
2025-01-13 01:00:00,Machine_B,60.95709846120261,2.7892215945341947
2025-01-13 01:10:00,Machine_B,62.30753805786441,
2025-01-13 01:20:00,Machine_B,63.452844011585356,2.7951660319184337
2025-01-13 01:30:00,Machine_B,62.72671288886846,2.327674024020521
2025-01-13 01:40:00,Machine_B,61.27364027144129,2.4258322501042544
2025-01-13 01:50:00,Machine_B,61.01125070358252,2.395585643997666
2025-01-13 02:00:00,Machine_B,62.542598717463015,2.421026900163727
2025-01-13 02:10:00,Machine_B,62.527229059665416,2.5287414379332103
2025-01-13 02:20:00,Machine_B,63.48208956723032,2.569762054900644
2025-01-13 02:30:00,Machine_B,63.02972992126155,2.6230694163390536
2025-01-13 02:40:00,Machine_B,,2.8726512450733575
2025-01-13 02:50:00,Machine_B,62.35409364938935,2.297958227552323
2025-01-13 03:00:00,Machine_B,61.86145010546392,2.369857458856241
2025-01-13 03:10:00,Machine_B,63.12468963285788,2.162272938579818
2025-01-13 03:20:00,Machine_B,62.01696254320827,
2025-01-13 03:30:00,Machine_B,63.992118943211764,2.553607221100607
2025-01-13 03:40:00,Machine_B,63.86311219730199,2.524507898011051
2025-01-13 03:50:00,Machine_B,63.9692356156087,2.4623711657046017
2025-01-13 04:00:00,Machine_B,62.6008716439351,2.7010332785485307
2025-01-13 04:10:00,Machine_B,63.67675635501149,2.6334429194204496
2025-01-13 04:20:00,Machine_B,63.626752698415814,2.562236178138199
2025-01-13 04:30:00,Machine_B,64.16472809428973,2.7674824916808185
2025-01-13 04:40:00,Machine_B,64.65212869189381,2.6562490234923826
2025-01-13 04:50:00,Machine_B,63.96755483916455,2.9870241123661607
2025-01-13 05:00:00,Machine_B,,2.769078487968742
2025-01-13 05:10:00,Machine_B,65.22633417600045,2.755441912270128
2025-01-13 05:20:00,Machine_B,63.93307585238366,2.8856025989931946
2025-01-13 05:30:00,Machine_B,64.3947875114266,2.497718093610444
2025-01-13 05:40:00,Machine_B,65.15309658823264,3.0975527792677173
2025-01-13 05:50:00,Machine_B,66.02509455375606,3.0408198919070166
2025-01-13 06:00:00,Machine_B,64.68748020927279,2.777247689671679
2025-01-13 06:10:00,Machine_B,67.05144093634466,2.7369438857495
2025-01-13 06:20:00,Machine_B,64.69604266846208,
2025-01-13 06:30:00,Machine_B,67.17310639869969,2.7274464341589
2025-01-13 06:40:00,Machine_B,67.04799629658453,2.6960625435882637
2025-01-13 06:50:00,Machine_B,65.09852681942803,2.761931056496329
2025-01-13 07:00:00,Machine_B,65.08968732161534,2.5649883908462017
2025-01-13 07:10:00,Machine_B,67.12245885556496,2.995701118586694
2025-01-13 07:20:00,Machine_B,66.39376066470994,3.0559955546624344
2025-01-13 07:30:00,Machine_B,66.03695937359093,3.3303012951407025
2025-01-13 07:40:00,Machine_B,68.43616377216654,
2025-01-13 07:50:00,Machine_B,66.17315097194074,3.004834572424276
2025-01-13 08:00:00,Machine_B,66.68511578860904,3.110421991309271
2025-01-13 08:10:00,Machine_B,66.9150105342912,3.371174759130002
2025-01-13 08:20:00,Machine_B,65.29365290972392,3.1090456068932877
2025-01-13 08:30:00,Machine_B,67.73396754214917,3.2371484494215137
2025-01-13 08:40:00,Machine_B,67.05523201185378,3.1135178083797994
2025-01-13 08:50:00,Machine_B,68.55223072962971,3.245245109961309
2025-01-13 09:00:00,Machine_B,68.77163391252073,3.268262219129786
2025-01-13 09:10:00,Machine_B,68.31411136789568,3.204802224138507
2025-01-13 09:20:00,Machine_B,68.42837063241713,3.4732504277574994
2025-01-13 09:30:00,Machine_B,68.46489964917902,3.1389336144257514
2025-01-13 09:40:00,Machine_B,67.8685143628325,3.3277129155342706
2025-01-13 09:50:00,Machine_B,68.02632714443034,3.6397228196757974
2025-01-13 10:00:00,Machine_B,69.66050380479881,3.385745182840468
2025-01-13 10:10:00,Machine_B,69.26807829377769,3.1966143728768954
2025-01-13 10:20:00,Machine_B,68.9168079533434,3.4120580145140025
2025-01-13 10:30:00,Machine_B,69.2980056248714,3.796010645162501
2025-01-13 10:40:00,Machine_B,68.82894623861577,3.373255914152122
2025-01-13 10:50:00,Machine_B,69.07936952085744,3.5161910290944163
2025-01-13 11:00:00,Machine_B,,3.3805994690137386
2025-01-13 11:10:00,Machine_B,67.36004192421166,3.4347477342426997
2025-01-13 11:20:00,Machine_B,69.77868271446029,3.3757442167261353
2025-01-13 11:30:00,Machine_B,69.74898752506735,3.210402170885303
2025-01-13 11:40:00,Machine_B,68.47810304385736,
2025-01-13 11:50:00,Machine_B,70.11243689957298,3.178595763320242
2025-01-13 12:00:00,Machine_B,67.35114817227145,3.3437607744783797
2025-01-13 12:10:00,Machine_B,69.4085451322764,3.7445108420400652
2025-01-13 12:20:00,Machine_B,69.15265565834387,3.3870004632734267
2025-01-13 12:30:00,Machine_B,68.86102182171545,3.2324666808314486
2025-01-13 12:40:00,Machine_B,69.10537655308813,3.439856230224017
2025-01-13 12:50:00,Machine_B,69.53078991602627,3.293855107902103
2025-01-13 13:00:00,Machine_B,67.58836912215692,3.4092166662776084
2025-01-13 13:10:00,Machine_B,69.7953782220722,3.173227325860611
2025-01-13 13:20:00,Machine_B,68.62181647395714,3.5198698486072795
2025-01-13 13:30:00,Machine_B,69.71156564232925,3.3956808715406916
2025-01-13 13:40:00,Machine_B,,3.185830062378481
2025-01-13 13:50:00,Machine_B,,3.4230716681227107
2025-01-13 14:00:00,Machine_B,68.64679462281123,3.6980433820564826
2025-01-13 14:10:00,Machine_B,68.61908707422796,3.197102148499072
2025-01-13 14:20:00,Machine_B,69.84023490403726,3.466658229664271
2025-01-13 14:30:00,Machine_B,67.55708839493661,3.3947372420432873
2025-01-13 14:40:00,Machine_B,68.0279194877136,3.380647106486195
2025-01-13 14:50:00,Machine_B,67.01645634924644,
2025-01-13 15:00:00,Machine_B,68.28025033066177,
2025-01-13 15:10:00,Machine_B,67.57652240475144,3.2972692555292884
2025-01-13 15:20:00,Machine_B,67.5632972061986,3.273607713737884
2025-01-13 15:30:00,Machine_B,69.03820899027619,3.0874109570982067
2025-01-13 15:40:00,Machine_B,67.07312746469339,3.309026279560505
2025-01-13 15:50:00,Machine_B,67.48175043520541,3.145711962626431
2025-01-13 16:00:00,Machine_B,67.11645310438145,3.5244393137892973
2025-01-13 16:10:00,Machine_B,67.0373030672089,3.087205484552375
2025-01-13 16:20:00,Machine_B,69.43895671479686,2.9241894307469005
2025-01-13 16:30:00,Machine_B,65.69828645572112,3.3463824662669155
2025-01-13 16:40:00,Machine_B,67.46371422492469,2.993278106824725
2025-01-13 16:50:00,Machine_B,68.7502717835465,2.8910917243538843
2025-01-13 17:00:00,Machine_B,67.52955194160324,3.161223602779721
2025-01-13 17:10:00,Machine_B,66.56002293669872,3.3130801443966043
2025-01-13 17:20:00,Machine_B,65.43899841017863,3.1875309434272383
2025-01-13 17:30:00,Machine_B,67.27461947333825,2.9333223464037688
2025-01-13 17:40:00,Machine_B,66.83339410431559,3.040694023416269
2025-01-13 17:50:00,Machine_B,64.71190001728846,2.9470684958354645
2025-01-13 18:00:00,Machine_B,65.53127501603117,3.278953884088743
2025-01-13 18:10:00,Machine_B,64.67447087608772,2.8824894883051297
2025-01-13 18:20:00,Machine_B,63.20386664722142,2.9602662328026836
2025-01-13 18:30:00,Machine_B,64.36071400940183,2.9542279006146557
2025-01-13 18:40:00,Machine_B,65.2821383146664,2.6963525831173123
2025-01-13 18:50:00,Machine_B,65.51678613746873,2.852043749339111
2025-01-13 19:00:00,Machine_B,64.64996711296033,2.8367431203079954
2025-01-13 19:10:00,Machine_B,65.865927237959,3.0983464956638054
2025-01-13 19:20:00,Machine_B,65.45009253966643,2.8678828111267345
2025-01-13 19:30:00,Machine_B,64.38851087703212,2.7471944147973124
2025-01-13 19:40:00,Machine_B,64.15139282269952,2.772033774149514
2025-01-13 19:50:00,Machine_B,64.52722432642193,2.769327110608645
2025-01-13 20:00:00,Machine_B,64.07738953883188,2.757995525916204
2025-01-13 20:10:00,Machine_B,62.82508466108367,2.9159858680317514
2025-01-13 20:20:00,Machine_B,63.606871329464425,2.9097243736465592
2025-01-13 20:30:00,Machine_B,64.25699709010306,2.540230860338055
2025-01-13 20:40:00,Machine_B,64.66175780017637,2.8963116503905266
2025-01-13 20:50:00,Machine_B,64.26780150190078,2.8253936162466435
2025-01-13 21:00:00,Machine_B,63.66131842394729,2.667311433303757
2025-01-13 21:10:00,Machine_B,,2.39874497930108
2025-01-13 21:20:00,Machine_B,,2.6902223140819554
2025-01-13 21:30:00,Machine_B,63.03471493441293,2.5767813500140897
2025-01-13 21:40:00,Machine_B,64.20274265497086,2.72959372832051
2025-01-13 21:50:00,Machine_B,63.51565631116556,2.736029127601546
2025-01-13 22:00:00,Machine_B,63.90634689509476,2.847722181347662
2025-01-13 22:10:00,Machine_B,61.84572381207785,2.4106646728997836
2025-01-13 22:20:00,Machine_B,62.04456895333938,2.978734266056313
2025-01-13 22:30:00,Machine_B,62.021872576686576,2.747905929212028
2025-01-13 22:40:00,Machine_B,62.77038601597401,2.709036806241477
2025-01-13 22:50:00,Machine_B,64.03987307668882,2.9199476250617082
2025-01-13 23:00:00,Machine_B,61.631018777009224,2.6275441519253646
2025-01-13 23:10:00,Machine_B,63.23468653527823,
2025-01-13 23:20:00,Machine_B,61.52306247350319,2.5940620297813415
2025-01-13 23:30:00,Machine_B,64.16041683990983,2.7126972154034132
2025-01-13 23:40:00,Machine_B,61.1769694507005,2.7691349684760738
2025-01-13 23:50:00,Machine_B,63.041057598583826,2.750202018495963
2025-01-14 00:00:00,Machine_B,63.15430033844366,2.2878426476977163
2025-01-14 00:10:00,Machine_B,62.95384910447299,2.4867744591317416
2025-01-14 00:20:00,Machine_B,61.77054667847368,2.7743034432005635
2025-01-14 00:30:00,Machine_B,61.64840987417895,2.656014333177008
2025-01-14 00:40:00,Machine_B,63.53914892197208,2.5612726172404927
2025-01-14 00:50:00,Machine_B,63.39425872531265,2.666210481201827
2025-01-14 01:00:00,Machine_B,63.42415158700535,2.3816683195421473
2025-01-14 01:10:00,Machine_B,63.56836548669612,2.7282268389095745
2025-01-14 01:20:00,Machine_B,61.4683215979077,2.6606676170241905
2025-01-14 01:30:00,Machine_B,61.50426979732464,2.6170992061026337
2025-01-14 01:40:00,Machine_B,62.28600258813503,2.5782906975851936
2025-01-14 01:50:00,Machine_B,62.5114017373391,2.661602241318224
2025-01-14 02:00:00,Machine_B,62.50411597853531,2.580919403047628
2025-01-14 02:10:00,Machine_B,63.27880887315755,2.583008379358944
2025-01-14 02:20:00,Machine_B,64.0383626840584,2.975044215707752
2025-01-14 02:30:00,Machine_B,63.00577547543115,2.379916021010568
2025-01-14 02:40:00,Machine_B,62.688812881971515,2.396738950587364
2025-01-14 02:50:00,Machine_B,64.09660391298763,2.833065132590577
2025-01-14 03:00:00,Machine_B,63.33080467510372,2.487249539327311
2025-01-14 03:10:00,Machine_B,63.75705806874137,2.3611822644120974
2025-01-14 03:20:00,Machine_B,63.524542541865614,2.919980300142307
2025-01-14 03:30:00,Machine_B,64.18610295279153,2.980369848256707
2025-01-14 03:40:00,Machine_B,63.23066472193251,2.5347774970504178
2025-01-14 03:50:00,Machine_B,64.75428859593228,2.4642227627613753
2025-01-14 04:00:00,Machine_B,64.28211197176718,2.5856202780259467
2025-01-14 04:10:00,Machine_B,63.83527409171735,2.697062763259436
2025-01-14 04:20:00,Machine_B,65.01294358409817,3.18599276123061
2025-01-14 04:30:00,Machine_B,64.1202660834599,2.782937979903897
2025-01-14 04:40:00,Machine_B,,3.0291586554872296
2025-01-14 04:50:00,Machine_B,64.06741096050649,3.0287671629447517
2025-01-14 05:00:00,Machine_B,63.81668428058948,3.1565672424825566
2025-01-14 05:10:00,Machine_B,65.75982021013847,2.825758971605747
2025-01-14 05:20:00,Machine_B,66.41916914189912,2.956690043703745
2025-01-14 05:30:00,Machine_B,65.28163688081592,2.939307353761559
2025-01-14 05:40:00,Machine_B,65.15964911365533,3.095952465929277
2025-01-14 05:50:00,Machine_B,64.50548243193367,3.238397053218721
2025-01-14 06:00:00,Machine_B,64.37381913608345,3.432114917446817
2025-01-14 06:10:00,Machine_B,66.85106618123984,2.990148901949733
2025-01-14 06:20:00,Machine_B,64.84736663558206,
2025-01-14 06:30:00,Machine_B,65.66773648295883,3.257246025636743
2025-01-14 06:40:00,Machine_B,66.96506923208742,3.231593344534195
2025-01-14 06:50:00,Machine_B,66.96437390337582,3.450280368098667
2025-01-14 07:00:00,Machine_B,67.30521189803274,3.1420535850893905
2025-01-14 07:10:00,Machine_B,67.20210307927805,3.109612119511798
2025-01-14 07:20:00,Machine_B,67.06014012971507,3.448309025169521
2025-01-14 07:30:00,Machine_B,66.58222447355479,3.274256620815917
2025-01-14 07:40:00,Machine_B,67.12948804876348,3.3357548490518054
2025-01-14 07:50:00,Machine_B,67.54703462325148,3.2438706470456604
2025-01-14 08:00:00,Machine_B,66.40439322485302,3.4418775462004043
2025-01-14 08:10:00,Machine_B,67.4226603016676,3.1369043110152632
2025-01-14 08:20:00,Machine_B,67.88543716395567,3.227286758252978
2025-01-14 08:30:00,Machine_B,67.75970153018106,2.8497599522115347
2025-01-14 08:40:00,Machine_B,68.16043524112561,3.2296248552161253
2025-01-14 08:50:00,Machine_B,69.08878403848695,3.5258665922343053
2025-01-14 09:00:00,Machine_B,69.3018124759811,3.381552992056209
2025-01-14 09:10:00,Machine_B,69.98781708610636,3.221302824499301
2025-01-14 09:20:00,Machine_B,67.6776114380054,3.658690313703987
2025-01-14 09:30:00,Machine_B,68.64743223856753,3.4394409080742485
2025-01-14 09:40:00,Machine_B,70.06090131462072,3.7318268656220352
2025-01-14 09:50:00,Machine_B,67.77160077312826,3.5928966193598155
2025-01-14 10:00:00,Machine_B,68.31093884470889,3.4835878076191045
2025-01-14 10:10:00,Machine_B,68.83729660476875,3.7902891002105465
2025-01-14 10:20:00,Machine_B,71.03739740763922,3.4020660895818535
2025-01-14 10:30:00,Machine_B,68.68832720051371,3.2811655202082024
2025-01-14 10:40:00,Machine_B,70.39486957510458,3.774078169433513
2025-01-14 10:50:00,Machine_B,,3.6021547496157558
2025-01-14 11:00:00,Machine_B,68.71149384579611,
2025-01-14 11:10:00,Machine_B,71.90932589754559,3.6638121342527405
2025-01-14 11:20:00,Machine_B,69.85948998311183,3.805655884298006
2025-01-14 11:30:00,Machine_B,70.03247720242976,3.4215763773105694
2025-01-14 11:40:00,Machine_B,,3.482666707981227
2025-01-14 11:50:00,Machine_B,70.1327198323853,3.482887732167632
2025-01-14 12:00:00,Machine_B,71.49665868468965,3.486576790696844
2025-01-14 12:10:00,Machine_B,71.20493774304106,3.2383366499400883
2025-01-14 12:20:00,Machine_B,69.02543070627584,3.549372998806498
2025-01-14 12:30:00,Machine_B,71.37357861185278,3.6610437675152734
2025-01-14 12:40:00,Machine_B,69.17977632873836,3.394003569177812
2025-01-14 12:50:00,Machine_B,69.97239817407014,3.349039504330314
2025-01-14 13:00:00,Machine_B,68.52160923060238,3.485195989379699
2025-01-14 13:10:00,Machine_B,70.47389168093298,3.646224038233457
2025-01-14 13:20:00,Machine_B,69.35414629078352,3.3059040695342907
2025-01-14 13:30:00,Machine_B,68.62961325452672,3.9135957912138943
2025-01-14 13:40:00,Machine_B,70.44301695474493,3.252325567983801
2025-01-14 13:50:00,Machine_B,70.57815180982573,3.3755942001065797
2025-01-14 14:00:00,Machine_B,70.53633780528716,3.673845884995415
2025-01-14 14:10:00,Machine_B,68.06719025639248,3.6345152174178446
2025-01-14 14:20:00,Machine_B,70.46406093549568,3.6086828393507
2025-01-14 14:30:00,Machine_B,68.87903247995496,3.3161306024319424
2025-01-14 14:40:00,Machine_B,70.66958054987778,3.338834458231493
2025-01-14 14:50:00,Machine_B,69.43216974839787,3.261785945098176
2025-01-14 15:00:00,Machine_B,69.03218874251972,3.3455633079997096
2025-01-14 15:10:00,Machine_B,68.73214647373442,3.45874326345106
2025-01-14 15:20:00,Machine_B,68.60410407300873,3.220891974354888
2025-01-14 15:30:00,Machine_B,67.9568452157367,3.046768830550605
2025-01-14 15:40:00,Machine_B,67.52737200473393,3.556902258473878
2025-01-14 15:50:00,Machine_B,67.96923849657345,3.2985215755312867
2025-01-14 16:00:00,Machine_B,69.08604416249236,3.449655650503778
2025-01-14 16:10:00,Machine_B,66.88666739587528,3.242974382142289
2025-01-14 16:20:00,Machine_B,68.94405801168628,3.3795481375490017
2025-01-14 16:30:00,Machine_B,67.85097881036617,3.6834215751597412
2025-01-14 16:40:00,Machine_B,68.22363908561773,3.041450833817701
2025-01-14 16:50:00,Machine_B,68.1249014712634,3.0894581308936617
2025-01-14 17:00:00,Machine_B,,3.0493356517047663
2025-01-14 17:10:00,Machine_B,67.19039047477068,3.571983429126498
2025-01-14 17:20:00,Machine_B,67.0690875659999,
2025-01-14 17:30:00,Machine_B,67.59607734686648,3.31598274740878
2025-01-14 17:40:00,Machine_B,65.90048151269414,2.66166483873635
2025-01-14 17:50:00,Machine_B,65.63008712162963,3.1861979762769095
2025-01-14 18:00:00,Machine_B,66.06575046198068,3.0350541731479055
2025-01-14 18:10:00,Machine_B,66.51981845070009,3.3311543706596605
2025-01-14 18:20:00,Machine_B,67.67817959811279,3.1810235368385595
2025-01-14 18:30:00,Machine_B,66.03258617025378,2.968215172928564
2025-01-14 18:40:00,Machine_B,67.44790894371562,3.309559117453134
2025-01-14 18:50:00,Machine_B,66.11489695400095,3.3076619628188793
2025-01-14 19:00:00,Machine_B,65.19594655517902,3.2595554225854397
2025-01-14 19:10:00,Machine_B,66.334281842774,3.107764451595015
2025-01-14 19:20:00,Machine_B,65.08225034981363,2.902846604095345
2025-01-14 19:30:00,Machine_B,65.3397005454757,2.9770661708061823
2025-01-14 19:40:00,Machine_B,63.934377930174946,
2025-01-14 19:50:00,Machine_B,63.664101615597374,2.9412146716266814
2025-01-14 20:00:00,Machine_B,65.18459109131268,2.7779666525143893
2025-01-14 20:10:00,Machine_B,65.49861508950295,2.8385061404529766
2025-01-14 20:20:00,Machine_B,66.0497109192584,3.2393960473556502
2025-01-14 20:30:00,Machine_B,63.72704537872776,2.8945266371840717
2025-01-14 20:40:00,Machine_B,65.430960888312,2.7467018168162136
2025-01-14 20:50:00,Machine_B,65.2012279044379,2.6121057631354465
2025-01-14 21:00:00,Machine_B,63.65094597861768,2.778836740458346
2025-01-14 21:10:00,Machine_B,65.05326272161855,2.918223147231026
2025-01-14 21:20:00,Machine_B,64.60199532788951,2.796553625359434
2025-01-14 21:30:00,Machine_B,64.66930143847901,2.750777718057292
2025-01-14 21:40:00,Machine_B,65.40366170353865,2.8263168016621516
2025-01-14 21:50:00,Machine_B,64.46997886213934,2.810612634323875
2025-01-14 22:00:00,Machine_B,61.80522591659809,2.857239596492801
2025-01-14 22:10:00,Machine_B,63.70385770289649,2.8534251825725567
2025-01-14 22:20:00,Machine_B,62.12934265562724,2.697885516182782
2025-01-14 22:30:00,Machine_B,63.44695669243222,2.681807245513366
2025-01-14 22:40:00,Machine_B,63.34986700530245,2.70061936708142
2025-01-14 22:50:00,Machine_B,,2.7958427247113096
2025-01-14 23:00:00,Machine_B,62.37009376011622,2.892141354343245
2025-01-14 23:10:00,Machine_B,62.736129010038006,2.6258629086421776
2025-01-14 23:20:00,Machine_B,62.86538886775925,2.654032146303992
2025-01-14 23:30:00,Machine_B,63.01103744177731,2.5349279621105687
2025-01-14 23:40:00,Machine_B,63.1886379038106,2.4108999059514717
2025-01-14 23:50:00,Machine_B,63.567017996008424,2.456784942328669
2025-01-15 00:00:00,Machine_B,62.849958152782435,2.4993305805380834
2025-01-15 00:10:00,Machine_B,64.13156386108999,2.561423311576077
2025-01-15 00:20:00,Machine_B,63.09175552831419,
2025-01-15 00:30:00,Machine_B,63.883077306717034,2.493508837353334
2025-01-15 00:40:00,Machine_B,62.92764376610059,2.693352833085605
2025-01-15 00:50:00,Machine_B,,2.8456448622521577
2025-01-15 01:00:00,Machine_B,63.62015428134868,2.5509591599051675
2025-01-15 01:10:00,Machine_B,64.60182677565672,2.618122356656102
2025-01-15 01:20:00,Machine_B,62.792033347310195,2.476194445449605
2025-01-15 01:30:00,Machine_B,63.04932641356559,2.5503007793401973
2025-01-15 01:40:00,Machine_B,63.27135151214108,2.977083438743129
2025-01-15 01:50:00,Machine_B,65.52351480306847,2.8309103454202
2025-01-15 02:00:00,Machine_B,63.452885738968654,3.1372084843580437
2025-01-15 02:10:00,Machine_B,63.048063219245066,2.6286468794530395
2025-01-15 02:20:00,Machine_B,,3.044564409889104
2025-01-15 02:30:00,Machine_B,63.938015118903024,2.6543028585786157
2025-01-15 02:40:00,Machine_B,63.81657110278515,2.708402097953644
2025-01-15 02:50:00,Machine_B,63.608039583093394,3.302407832966803
2025-01-15 03:00:00,Machine_B,64.5974391124087,2.676491827934971
2025-01-15 03:10:00,Machine_B,65.17132266912184,3.127418048523364
2025-01-15 03:20:00,Machine_B,65.07098949648939,2.851653844931172
2025-01-15 03:30:00,Machine_B,,2.6797082914663513
2025-01-15 03:40:00,Machine_B,63.901625878202424,2.632698050085232
2025-01-15 03:50:00,Machine_B,61.607973889819455,2.926314901632102
2025-01-15 04:00:00,Machine_B,64.20195836679234,2.7227681378309794
2025-01-15 04:10:00,Machine_B,64.79901944282652,2.8898483931509458
2025-01-15 04:20:00,Machine_B,65.19096532974612,2.6186740353609954
2025-01-15 04:30:00,Machine_B,65.16583396847997,3.044086662543665
2025-01-15 04:40:00,Machine_B,67.77001994533656,2.7217841538039518
2025-01-15 04:50:00,Machine_B,66.07152458929892,3.008033654761383
2025-01-15 05:00:00,Machine_B,64.83943582790542,2.7894485941438285
2025-01-15 05:10:00,Machine_B,66.50684582550967,3.2790937357415437
2025-01-15 05:20:00,Machine_B,66.44985719922711,2.698741576188044
2025-01-15 05:30:00,Machine_B,65.4521881709481,3.047833117935392
2025-01-15 05:40:00,Machine_B,66.6794715652713,3.2198067312538616
2025-01-15 05:50:00,Machine_B,67.02943926587932,3.2041373530830604
2025-01-15 06:00:00,Machine_B,67.58210353955818,2.9355705063742086
2025-01-15 06:10:00,Machine_B,,2.867307897801212
2025-01-15 06:20:00,Machine_B,67.59503528636539,3.3415372211159347
2025-01-15 06:30:00,Machine_B,68.36080706365199,3.198975800215768
2025-01-15 06:40:00,Machine_B,68.89847344059623,3.048565759000771
2025-01-15 06:50:00,Machine_B,66.56175407207066,3.4087679976752425
2025-01-15 07:00:00,Machine_B,67.57868817308534,3.1801821804581634
2025-01-15 07:10:00,Machine_B,67.8073150977133,3.1828222446939343
2025-01-15 07:20:00,Machine_B,68.53609660201678,3.1645735793196264
2025-01-15 07:30:00,Machine_B,68.01081373525525,3.203005226967231
2025-01-15 07:40:00,Machine_B,67.71448794799,3.215321658288622
2025-01-15 07:50:00,Machine_B,68.6020140221683,3.436048834234272
2025-01-15 08:00:00,Machine_B,68.2966650137407,3.6741145228859815
2025-01-15 08:10:00,Machine_B,,3.1612068566720293
2025-01-15 08:20:00,Machine_B,68.1855580621964,3.3683948635416714
2025-01-15 08:30:00,Machine_B,68.1430256100255,3.4169130611578318
2025-01-15 08:40:00,Machine_B,70.13683103070508,3.546209048671993
2025-01-15 08:50:00,Machine_B,71.02182392880947,3.6560804209028595
2025-01-15 09:00:00,Machine_B,70.77644071553152,3.46451287365911
2025-01-15 09:10:00,Machine_B,69.37119409336552,
2025-01-15 09:20:00,Machine_B,70.37803506595915,3.6254393736756487
2025-01-15 09:30:00,Machine_B,69.0850021319153,3.2392914311875614
2025-01-15 09:40:00,Machine_B,70.13538114180889,3.161032605987945
2025-01-15 09:50:00,Machine_B,69.35114729125355,4.024960222817643
2025-01-15 10:00:00,Machine_B,70.90712554093096,3.424293361712297
2025-01-15 10:10:00,Machine_B,70.87865691268507,3.5055176501974006
2025-01-15 10:20:00,Machine_B,71.71270165461736,3.6873920233924697
2025-01-15 10:30:00,Machine_B,69.93450929376351,3.660704756272689
2025-01-15 10:40:00,Machine_B,71.44104002251316,3.7655379077202262
2025-01-15 10:50:00,Machine_B,70.63658415493904,3.782112648995855
2025-01-15 11:00:00,Machine_B,70.33896783406588,3.360024819409162
2025-01-15 11:10:00,Machine_B,70.58906165255257,3.8536370585530264
2025-01-15 11:20:00,Machine_B,71.71218210918997,3.7217579322947745
2025-01-15 11:30:00,Machine_B,70.27596597622666,3.701693004215054
2025-01-15 11:40:00,Machine_B,,3.712674213456107
2025-01-15 11:50:00,Machine_B,68.76459320838353,3.2369262822843696
2025-01-15 12:00:00,Machine_B,70.30736154824156,3.602213861848881
2025-01-15 12:10:00,Machine_B,70.63767220679195,3.4664214615645124
2025-01-15 12:20:00,Machine_B,69.81091099889044,3.4400438460081904
2025-01-15 12:30:00,Machine_B,69.60231452252984,
2025-01-15 12:40:00,Machine_B,68.90889183017691,3.785078209329436
2025-01-15 12:50:00,Machine_B,69.89688499312163,3.685194659887739
2025-01-15 13:00:00,Machine_B,71.46976700278277,3.708412061425971
2025-01-15 13:10:00,Machine_B,69.1091247073538,3.5446660576826576
2025-01-15 13:20:00,Machine_B,70.88124908531152,3.6872619462747167
2025-01-15 13:30:00,Machine_B,70.90268060141118,3.5774168588687405
2025-01-15 13:40:00,Machine_B,72.10450544043108,3.777014083528139
2025-01-15 13:50:00,Machine_B,70.90987484182361,3.723540259570706
2025-01-15 14:00:00,Machine_B,70.77391924479716,3.6184786037938843
2025-01-15 14:10:00,Machine_B,70.22970841848056,
2025-01-15 14:20:00,Machine_B,69.85591246685269,3.619423269404994
2025-01-15 14:30:00,Machine_B,70.45120463482908,3.603150489741502
2025-01-15 14:40:00,Machine_B,70.67733879130508,3.5695334504098537
2025-01-15 14:50:00,Machine_B,,3.4502861168666614
2025-01-15 15:00:00,Machine_B,70.51463245564457,3.4053804949398914
2025-01-15 15:10:00,Machine_B,71.68189865261385,3.5678755987113453
2025-01-15 15:20:00,Machine_B,69.32172153553692,3.3415360507977447
2025-01-15 15:30:00,Machine_B,69.22965797026863,3.436123993506246
2025-01-15 15:40:00,Machine_B,68.95812961244529,3.572078958145805
2025-01-15 15:50:00,Machine_B,69.01636242668792,3.530419337489601
2025-01-15 16:00:00,Machine_B,69.76181756851442,3.226691884132634
2025-01-15 16:10:00,Machine_B,68.72361107799091,3.4723546562509418
2025-01-15 16:20:00,Machine_B,68.67286749305264,3.7675835368154114
2025-01-15 16:30:00,Machine_B,68.18654728074918,3.5063147374558676
2025-01-15 16:40:00,Machine_B,68.63970539096198,3.317816513630697
2025-01-15 16:50:00,Machine_B,67.70581596530884,3.584833311865303
2025-01-15 17:00:00,Machine_B,66.9853654329096,3.72732241711617
2025-01-15 17:10:00,Machine_B,68.1806067970085,3.468635332234327
2025-01-15 17:20:00,Machine_B,69.26072064341014,2.983128088422715
2025-01-15 17:30:00,Machine_B,67.29884475301017,3.3872631406719704
2025-01-15 17:40:00,Machine_B,66.55055321213719,3.500335189681009
2025-01-15 17:50:00,Machine_B,68.7681675834173,2.8672864736525074
2025-01-15 18:00:00,Machine_B,67.12394855817588,3.3886807914371664
2025-01-15 18:10:00,Machine_B,67.69499265910476,3.1646426964898815
2025-01-15 18:20:00,Machine_B,66.20831002056997,3.4192255055645133
2025-01-15 18:30:00,Machine_B,66.65201644777908,3.1509551277777454
2025-01-15 18:40:00,Machine_B,67.61823044292194,3.206972282752275
2025-01-15 18:50:00,Machine_B,66.45714877081645,3.1915675154902425
2025-01-15 19:00:00,Machine_B,66.32327842947161,3.2370713535449314
2025-01-15 19:10:00,Machine_B,64.87575174158734,3.1709944517867905
2025-01-15 19:20:00,Machine_B,66.55616738703115,2.9109201183001003
2025-01-15 19:30:00,Machine_B,65.16002728826221,3.0079300405828313
2025-01-15 19:40:00,Machine_B,66.54923529325534,3.0369706339536755
2025-01-15 19:50:00,Machine_B,65.68293761312661,3.2428441807840316
2025-01-15 20:00:00,Machine_B,65.62464196407645,3.092178578786487
2025-01-15 20:10:00,Machine_B,65.88366538158273,2.8706822587650977
2025-01-15 20:20:00,Machine_B,65.44339247645043,2.80801211293166
2025-01-15 20:30:00,Machine_B,66.39930606425835,3.07641185639514
2025-01-15 20:40:00,Machine_B,66.15799646740602,2.858610627816505
2025-01-15 20:50:00,Machine_B,63.825875269554594,3.065726028169839
2025-01-15 21:00:00,Machine_B,64.55730666484186,2.9067604276227894
2025-01-15 21:10:00,Machine_B,65.26202111451778,3.166877594893382
2025-01-15 21:20:00,Machine_B,63.74253985725055,2.7592838096217793
2025-01-15 21:30:00,Machine_B,63.15110636808554,3.1394683571051494
2025-01-15 21:40:00,Machine_B,63.71160973753978,3.0467406727045483
2025-01-15 21:50:00,Machine_B,64.14731705915004,2.7803691202907084
2025-01-15 22:00:00,Machine_B,60.913061905100285,2.69218866445653
2025-01-15 22:10:00,Machine_B,63.204697583726805,3.18866230857148
2025-01-15 22:20:00,Machine_B,62.60995564112719,2.671355009927055
2025-01-15 22:30:00,Machine_B,64.89313445071328,2.8819031145035634
2025-01-15 22:40:00,Machine_B,64.6701477774606,2.8826358889118855
2025-01-15 22:50:00,Machine_B,64.10324440164729,2.8167948390645825
2025-01-15 23:00:00,Machine_B,63.92218577395204,2.9509751972564198
2025-01-15 23:10:00,Machine_B,64.24624000365134,2.6389974027331635
2025-01-15 23:20:00,Machine_B,62.98644915730478,3.151454918439115
2025-01-15 23:30:00,Machine_B,64.76871251485593,2.6529364727577125
2025-01-15 23:40:00,Machine_B,63.82870780947826,2.7741377100691555
2025-01-15 23:50:00,Machine_B,64.4828967517823,2.5407231243436166
2025-01-16 00:00:00,Machine_B,64.45113229317171,2.9883003590525634
2025-01-16 00:10:00,Machine_B,64.1851366879902,3.1411215918077504
2025-01-16 00:20:00,Machine_B,64.0226807255776,3.1648446010301194
2025-01-16 00:30:00,Machine_B,63.984236527369006,3.010599598769241
2025-01-16 00:40:00,Machine_B,63.77084688416124,2.743364270625962
2025-01-16 00:50:00,Machine_B,64.24189880655194,2.815142961772902
2025-01-16 01:00:00,Machine_B,64.06131030796787,2.7622105778959236
2025-01-16 01:10:00,Machine_B,63.55397120417583,2.608293581782588
2025-01-16 01:20:00,Machine_B,64.48495872128323,2.780618455098218
2025-01-16 01:30:00,Machine_B,64.28144665454636,3.0053312767905185
2025-01-16 01:40:00,Machine_B,65.09089218453566,2.6944377054610897
2025-01-16 01:50:00,Machine_B,62.74678143496781,2.44943414415597
2025-01-16 02:00:00,Machine_B,64.30205420979334,2.6447479708142336
2025-01-16 02:10:00,Machine_B,63.776888154202474,3.028586407695751
2025-01-16 02:20:00,Machine_B,64.03206409389631,2.583771545538318
2025-01-16 02:30:00,Machine_B,,2.8205324057967434
2025-01-16 02:40:00,Machine_B,63.492218275436734,2.8495613861691607
2025-01-16 02:50:00,Machine_B,64.8527739492756,2.97883204468262
2025-01-16 03:00:00,Machine_B,64.8807279157629,2.9890308198573177
2025-01-16 03:10:00,Machine_B,64.13123849988958,3.033857050257247
2025-01-16 03:20:00,Machine_B,65.21697946154788,2.9506500063108665
2025-01-16 03:30:00,Machine_B,64.60488412479518,2.8235420545602015
2025-01-16 03:40:00,Machine_B,67.09977500517056,3.172476313204412
2025-01-16 03:50:00,Machine_B,66.43484412284519,2.709911545142937
2025-01-16 04:00:00,Machine_B,65.66214130095325,3.1856262943793263
2025-01-16 04:10:00,Machine_B,65.40132825558692,3.268983142395001
2025-01-16 04:20:00,Machine_B,66.29143746520687,3.502102810607851
2025-01-16 04:30:00,Machine_B,66.64646372097353,2.9645378740525836
2025-01-16 04:40:00,Machine_B,66.38294445907916,3.0185898563154074
2025-01-16 04:50:00,Machine_B,65.51631445041328,3.1484480907426424
2025-01-16 05:00:00,Machine_B,66.31187979584551,3.154703900341679
2025-01-16 05:10:00,Machine_B,66.69480236633666,3.3286676798657964
2025-01-16 05:20:00,Machine_B,67.01889583657756,3.2925685278467656
2025-01-16 05:30:00,Machine_B,67.19280718147657,3.1554244221556953
2025-01-16 05:40:00,Machine_B,67.68309291076136,3.2214578748655587
2025-01-16 05:50:00,Machine_B,68.32869448630854,3.427535683589608
2025-01-16 06:00:00,Machine_B,68.22255096535682,3.05208473620654
2025-01-16 06:10:00,Machine_B,68.0419376212333,3.2583962712130226
2025-01-16 06:20:00,Machine_B,66.7204096845043,3.4207369453802783
2025-01-16 06:30:00,Machine_B,68.83195792798301,3.1492364136995663
2025-01-16 06:40:00,Machine_B,68.6933692590754,2.7241020069410706
2025-01-16 06:50:00,Machine_B,67.9879750704566,3.6419482545691344
2025-01-16 07:00:00,Machine_B,68.36924121595708,3.397783393941662
2025-01-16 07:10:00,Machine_B,68.54903229758332,3.194788895735399
2025-01-16 07:20:00,Machine_B,,3.606251205759652
2025-01-16 07:30:00,Machine_B,67.39408938356901,3.4222120763097434
2025-01-16 07:40:00,Machine_B,68.0435686903033,3.2922448711732217
2025-01-16 07:50:00,Machine_B,68.35306709570214,3.5635047160085414
2025-01-16 08:00:00,Machine_B,67.64240256819261,3.524279572798013
2025-01-16 08:10:00,Machine_B,68.4611161697355,3.422244170499672
2025-01-16 08:20:00,Machine_B,70.39617150359982,3.411245765679726
2025-01-16 08:30:00,Machine_B,69.99960800643115,3.38173751908748
2025-01-16 08:40:00,Machine_B,68.95769096395256,3.7149871420787157
2025-01-16 08:50:00,Machine_B,69.30322299150355,3.3734780941056095
2025-01-16 09:00:00,Machine_B,70.95197063490556,3.4696468670477247
2025-01-16 09:10:00,Machine_B,71.04230833432725,3.6458159079438106
2025-01-16 09:20:00,Machine_B,70.23984372538973,3.9039856577871324
2025-01-16 09:30:00,Machine_B,71.22386651239128,3.678431000705632
2025-01-16 09:40:00,Machine_B,69.7661145018102,3.7728229377135305
2025-01-16 09:50:00,Machine_B,70.65007744088621,3.6970904372359006
2025-01-16 10:00:00,Machine_B,69.37244156175912,3.8528700679307666
2025-01-16 10:10:00,Machine_B,70.33842900806683,4.048749497933896
2025-01-16 10:20:00,Machine_B,70.72439959333504,3.630714567263526
2025-01-16 10:30:00,Machine_B,69.41990624585546,3.72077313687149
2025-01-16 10:40:00,Machine_B,71.30230595795983,3.7574300573912014
2025-01-16 10:50:00,Machine_B,71.48957341149699,3.8287051063264235
2025-01-16 11:00:00,Machine_B,71.7375523158339,3.7635013176097347
2025-01-16 11:10:00,Machine_B,72.83686409832568,3.6472931366714367
2025-01-16 11:20:00,Machine_B,71.33714305939431,3.748552900799094
2025-01-16 11:30:00,Machine_B,70.9802490468866,4.19135120927387
2025-01-16 11:40:00,Machine_B,69.77098725794377,3.813120026456934
2025-01-16 11:50:00,Machine_B,71.3807168319283,3.4147996879575175
2025-01-16 12:00:00,Machine_B,71.52254627632647,3.688919083709123
2025-01-16 12:10:00,Machine_B,69.99137284714585,3.7628161563948908
2025-01-16 12:20:00,Machine_B,70.87863936512512,3.73465088138658
2025-01-16 12:30:00,Machine_B,71.06750475564888,3.746331281229746
2025-01-16 12:40:00,Machine_B,71.46350304656073,3.8080248849210365
2025-01-16 12:50:00,Machine_B,71.69959859920145,3.8450499523763924
2025-01-16 13:00:00,Machine_B,70.55357789829613,3.7962571749223972
2025-01-16 13:10:00,Machine_B,71.1056952127886,3.9161183793006655
2025-01-16 13:20:00,Machine_B,71.3590236696457,3.4703654133048554
2025-01-16 13:30:00,Machine_B,70.70377997756542,3.687767490802323
2025-01-16 13:40:00,Machine_B,70.4550463056274,3.8043399459457015
2025-01-16 13:50:00,Machine_B,71.29925425118961,3.7644308851343755
2025-01-16 14:00:00,Machine_B,70.51808288689608,3.592297538893976
2025-01-16 14:10:00,Machine_B,69.62788207066042,3.6046184302337405
2025-01-16 14:20:00,Machine_B,71.60366046296375,3.538775078357327
2025-01-16 14:30:00,Machine_B,69.55041169875432,3.8553089722718474
2025-01-16 14:40:00,Machine_B,70.25277253932339,3.3346747469224596
2025-01-16 14:50:00,Machine_B,70.48961763751767,3.425265447685989
2025-01-16 15:00:00,Machine_B,70.49529033263424,3.718553668671401
2025-01-16 15:10:00,Machine_B,70.16102306091783,3.7276204609182693
2025-01-16 15:20:00,Machine_B,67.56133376313618,3.33072528795373
2025-01-16 15:30:00,Machine_B,69.23844571633852,3.7142017981356332
2025-01-16 15:40:00,Machine_B,69.91885536157096,3.6189335637913396
2025-01-16 15:50:00,Machine_B,69.47209350703731,3.6637707953114975
2025-01-16 16:00:00,Machine_B,69.84266637346606,3.568041563365969
2025-01-16 16:10:00,Machine_B,70.12116335767078,3.615205059773515
2025-01-16 16:20:00,Machine_B,69.5768749308189,3.6046499397709675
2025-01-16 16:30:00,Machine_B,68.45305443529298,3.589651419295636
2025-01-16 16:40:00,Machine_B,68.4676572687506,3.5311742257186487
2025-01-16 16:50:00,Machine_B,70.06352539748136,3.4540831449314955
2025-01-16 17:00:00,Machine_B,68.47299600384244,3.4371330142190932
2025-01-16 17:10:00,Machine_B,68.39614265892558,3.4746610762497703
2025-01-16 17:20:00,Machine_B,68.73511385260412,3.563382887901558
2025-01-16 17:30:00,Machine_B,69.17057732041101,3.7498901667958924
2025-01-16 17:40:00,Machine_B,67.31250594137512,3.4726777124642974
2025-01-16 17:50:00,Machine_B,67.48876054434457,3.4267287560812565
2025-01-16 18:00:00,Machine_B,66.45433059885872,3.55877736646349
2025-01-16 18:10:00,Machine_B,67.35224851810761,3.392567357366301
2025-01-16 18:20:00,Machine_B,67.89555736984813,3.1115908213459393
2025-01-16 18:30:00,Machine_B,67.00280760825547,
2025-01-16 18:40:00,Machine_B,68.55563727226024,3.594397194920389
2025-01-16 18:50:00,Machine_B,67.09549217093773,
2025-01-16 19:00:00,Machine_B,66.77690407948731,3.3311579481403184
2025-01-16 19:10:00,Machine_B,66.43491795130043,3.032548622753081
2025-01-16 19:20:00,Machine_B,65.48865578989376,3.4239304759209688
2025-01-16 19:30:00,Machine_B,66.36646714231405,3.0924618610979833
2025-01-16 19:40:00,Machine_B,66.59018426329898,3.17305543214911
2025-01-16 19:50:00,Machine_B,66.07657682671744,3.1002964201215586
2025-01-16 20:00:00,Machine_B,84.22655728350628,8.21587599381315
2025-01-16 20:10:00,Machine_B,65.3790909372176,3.13992661867866
2025-01-16 20:20:00,Machine_B,64.79739867968077,3.257350815042729
2025-01-16 20:30:00,Machine_B,65.58957637842761,3.196505396939592
2025-01-16 20:40:00,Machine_B,65.73645112668643,3.114808579256362
2025-01-16 20:50:00,Machine_B,65.3147175564706,3.1674006814332505
2025-01-16 21:00:00,Machine_B,65.50668874882192,3.1628684530026367
2025-01-16 21:10:00,Machine_B,65.8641072015237,2.9525158812075434
2025-01-16 21:20:00,Machine_B,65.76488946627448,2.9266790223988965
2025-01-16 21:30:00,Machine_B,65.74145206778785,3.279868098249914
2025-01-16 21:40:00,Machine_B,65.77403422107713,3.1168458791691616
2025-01-16 21:50:00,Machine_B,65.2871149369019,3.0524324298179373
2025-01-16 22:00:00,Machine_B,65.09980508374625,2.8259863416968014
2025-01-16 22:10:00,Machine_B,66.30017845397403,2.6397939109439736
2025-01-16 22:20:00,Machine_B,65.3096797209155,2.9011478122662284
2025-01-16 22:30:00,Machine_B,63.949663037938464,2.8652755693823115
2025-01-16 22:40:00,Machine_B,63.08452723068022,2.884613071660522
2025-01-16 22:50:00,Machine_B,64.33747145634966,3.088508197922282
2025-01-16 23:00:00,Machine_B,64.99196989584013,3.2052670357475024
2025-01-16 23:10:00,Machine_B,65.22755461659598,3.1262040428811995
2025-01-16 23:20:00,Machine_B,63.434737994018924,2.814474132814426
2025-01-16 23:30:00,Machine_B,,3.018221122756737
2025-01-16 23:40:00,Machine_B,65.31203959484316,2.832328022692465
2025-01-16 23:50:00,Machine_B,64.8858068524481,2.5881948551192187
2025-01-17 00:00:00,Machine_B,64.73258040798383,2.9062372808488943
2025-01-17 00:10:00,Machine_B,64.3015966263104,3.1481921964514523
2025-01-17 00:20:00,Machine_B,64.05434468316722,2.863133958193893
2025-01-17 00:30:00,Machine_B,65.07192170777675,3.0763302274478788
2025-01-17 00:40:00,Machine_B,64.93790597980605,2.8103608404541975
2025-01-17 00:50:00,Machine_B,64.24382378221406,3.0587631872669383
2025-01-17 01:00:00,Machine_B,66.5800280202575,2.8964854667743682
2025-01-17 01:10:00,Machine_B,63.38574876781661,3.220867045059994
2025-01-17 01:20:00,Machine_B,64.46148193611857,2.897406920752264
2025-01-17 01:30:00,Machine_B,64.08992886385577,2.864124682907108
2025-01-17 01:40:00,Machine_B,65.08040233933075,3.235362608898079
2025-01-17 01:50:00,Machine_B,63.28594395107914,2.876180907875955
2025-01-17 02:00:00,Machine_B,65.93849077176108,3.0285984375795647
2025-01-17 02:10:00,Machine_B,65.81117076327291,2.8987732780798865
2025-01-17 02:20:00,Machine_B,65.31004583937397,3.1793856551562314
2025-01-17 02:30:00,Machine_B,64.94271250966969,3.258929337713923
2025-01-17 02:40:00,Machine_B,65.86411455175862,2.9171982799050546
2025-01-17 02:50:00,Machine_B,65.65923055117575,3.1507328591021517
2025-01-17 03:00:00,Machine_B,66.26798950211052,3.1818502007331166
2025-01-17 03:10:00,Machine_B,65.52323591140387,3.1045338309101993
2025-01-17 03:20:00,Machine_B,65.59534178199003,3.372018649809747
2025-01-17 03:30:00,Machine_B,66.72631659928992,3.38680208942876
2025-01-17 03:40:00,Machine_B,66.49871764536081,2.9767478532409455
2025-01-17 03:50:00,Machine_B,65.98406032296963,3.3649403024183537
2025-01-17 04:00:00,Machine_B,66.55260388805246,3.256190818786158
2025-01-17 04:10:00,Machine_B,66.54457840998941,3.2269678307144813
2025-01-17 04:20:00,Machine_B,66.91196014928087,3.1596938898016522
2025-01-17 04:30:00,Machine_B,67.69804356546105,2.9534799272373773
2025-01-17 04:40:00,Machine_B,66.54942206459069,3.290368160337492
2025-01-17 04:50:00,Machine_B,66.46279013400003,3.3142652226356475
2025-01-17 05:00:00,Machine_B,67.3485835490368,3.6375835411913457
2025-01-17 05:10:00,Machine_B,66.85314890346257,3.1770940908387955
2025-01-17 05:20:00,Machine_B,66.70794137177256,3.029216170031518
2025-01-17 05:30:00,Machine_B,68.38695748241328,3.126512034128441
2025-01-17 05:40:00,Machine_B,,3.64553342505517
2025-01-17 05:50:00,Machine_B,66.41086798228633,3.298935811046835
2025-01-17 06:00:00,Machine_B,68.74043257052008,3.6454885312480676
2025-01-17 06:10:00,Machine_B,67.86916054017094,3.4215882350224676
2025-01-17 06:20:00,Machine_B,68.83883870830653,3.2654432135339486
2025-01-17 06:30:00,Machine_B,69.39963638211516,3.821474018734932
2025-01-17 06:40:00,Machine_B,68.8400420949994,3.7186748188741183
2025-01-17 06:50:00,Machine_B,67.21422455038687,3.4692514714171363
2025-01-17 07:00:00,Machine_B,67.4245138921033,3.7008921681991
2025-01-17 07:10:00,Machine_B,68.60864097185176,3.5633021690849875
2025-01-17 07:20:00,Machine_B,69.25019633285915,3.6393415017887563
2025-01-17 07:30:00,Machine_B,70.40263028329896,
2025-01-17 07:40:00,Machine_B,69.81986971963637,3.3249773975434755
2025-01-17 07:50:00,Machine_B,71.82209159527797,3.5523985422805686
2025-01-17 08:00:00,Machine_B,68.67352527654184,3.640257982827933
2025-01-17 08:10:00,Machine_B,70.0987626494895,3.7128269345915657
2025-01-17 08:20:00,Machine_B,69.77683526225961,3.445012512796348
2025-01-17 08:30:00,Machine_B,70.4485837316169,3.8514899447508553
2025-01-17 08:40:00,Machine_B,71.78581841914743,3.4948738433320994
2025-01-17 08:50:00,Machine_B,71.95573298589902,3.493217556784188
2025-01-17 09:00:00,Machine_B,70.66219202959007,3.688056739647384
2025-01-17 09:10:00,Machine_B,71.41794567825936,4.08879857038854
2025-01-17 09:20:00,Machine_B,71.00637332921043,4.2188820568414345
2025-01-17 09:30:00,Machine_B,70.07379323502165,3.862442995428144
2025-01-17 09:40:00,Machine_B,71.04029403233092,3.7440761060152092
2025-01-17 09:50:00,Machine_B,70.71410197246033,3.826829102889333
2025-01-17 10:00:00,Machine_B,71.15170670698414,3.869995220265787
2025-01-17 10:10:00,Machine_B,70.59821563104977,4.083939978691714
2025-01-17 10:20:00,Machine_B,71.47605598068536,3.6102384566606895
2025-01-17 10:30:00,Machine_B,71.66247356617102,4.053249454589059
2025-01-17 10:40:00,Machine_B,72.0412155376563,3.589382251158999
2025-01-17 10:50:00,Machine_B,71.77930006089072,3.766778066916917
2025-01-17 11:00:00,Machine_B,72.88634413774183,3.859203866366713
2025-01-17 11:10:00,Machine_B,,3.939172762092632
2025-01-17 11:20:00,Machine_B,71.3301461877859,3.8691813422617396
2025-01-17 11:30:00,Machine_B,72.45756957908769,3.905161896041024
2025-01-17 11:40:00,Machine_B,73.39433380787,3.8839001185865984
2025-01-17 11:50:00,Machine_B,72.51405301484947,3.6050038119129026
2025-01-17 12:00:00,Machine_B,72.29885879514143,3.983524318657203
2025-01-17 12:10:00,Machine_B,70.2686971430091,4.026440024070766
2025-01-17 12:20:00,Machine_B,71.27424847527017,
2025-01-17 12:30:00,Machine_B,71.37891552149641,4.211122286838129
2025-01-17 12:40:00,Machine_B,72.79963526164737,3.9504469075894035
2025-01-17 12:50:00,Machine_B,71.08011783625906,4.127571991807794
2025-01-17 13:00:00,Machine_B,71.56452398136692,3.872924615408382
2025-01-17 13:10:00,Machine_B,72.26682691304883,3.6039306777482567
2025-01-17 13:20:00,Machine_B,70.9294758042216,4.032523820303881
2025-01-17 13:30:00,Machine_B,71.72247511183538,3.9863600167599618
2025-01-17 13:40:00,Machine_B,71.56123486711805,3.846284667230381
2025-01-17 13:50:00,Machine_B,72.08087879410313,3.82711081329385
2025-01-17 14:00:00,Machine_B,71.837334892814,3.9157513214434463
2025-01-17 14:10:00,Machine_B,71.73738422640074,3.7595974979946165
2025-01-17 14:20:00,Machine_B,71.31585473576924,3.8898914077417306
2025-01-17 14:30:00,Machine_B,69.72868024765998,3.633513909770486
2025-01-17 14:40:00,Machine_B,71.09010747528784,3.6422846604743784
2025-01-17 14:50:00,Machine_B,70.92645013819073,3.538235394319454
2025-01-17 15:00:00,Machine_B,71.39435953556986,4.16712858368256
2025-01-17 15:10:00,Machine_B,70.33698693954152,3.7630037103273213
2025-01-17 15:20:00,Machine_B,70.59847367946426,3.95340730290319
2025-01-17 15:30:00,Machine_B,70.50914545873228,3.524021733759318
2025-01-17 15:40:00,Machine_B,69.76177935959632,3.67373916361072
2025-01-17 15:50:00,Machine_B,69.2867459509292,3.7902212258219743
2025-01-17 16:00:00,Machine_B,70.38936598972938,3.9398271825370466
2025-01-17 16:10:00,Machine_B,70.7601778290661,3.550171312884752
2025-01-17 16:20:00,Machine_B,69.3215970572651,3.569390024700775
2025-01-17 16:30:00,Machine_B,69.51205299364264,3.482156047761926
2025-01-17 16:40:00,Machine_B,70.21209876670886,3.5855320272952445
2025-01-17 16:50:00,Machine_B,70.1497398544505,3.405911548696556
2025-01-17 17:00:00,Machine_B,69.45142369917534,3.3128549674096384
2025-01-17 17:10:00,Machine_B,69.45383048388295,3.599793394992462
2025-01-17 17:20:00,Machine_B,69.40285293706737,3.655515739316778
2025-01-17 17:30:00,Machine_B,69.3996271903129,3.3112090665549676
2025-01-17 17:40:00,Machine_B,67.82638180846936,3.3761448162672734
2025-01-17 17:50:00,Machine_B,70.06942227812283,3.460804858643672
2025-01-17 18:00:00,Machine_B,68.60670312195421,3.7672154238503466
2025-01-17 18:10:00,Machine_B,68.82321172338273,2.9313417406779774
2025-01-17 18:20:00,Machine_B,67.48203927917287,3.5025414151917094
2025-01-17 18:30:00,Machine_B,67.79547943775596,3.5260287869270144
2025-01-17 18:40:00,Machine_B,68.09937389446257,3.2570069912751816
2025-01-17 18:50:00,Machine_B,66.20900461766342,3.3039075348197544
2025-01-17 19:00:00,Machine_B,66.78780463451302,3.4084696440639264
2025-01-17 19:10:00,Machine_B,66.7863985409356,3.3251815428813662
2025-01-17 19:20:00,Machine_B,66.20363124582504,3.6185885376015703
2025-01-17 19:30:00,Machine_B,67.17359915492885,3.3137685739709886
2025-01-17 19:40:00,Machine_B,66.89420884314349,3.43317533026799
2025-01-17 19:50:00,Machine_B,67.95999847947178,3.342426175125055
2025-01-17 20:00:00,Machine_B,65.79512621262987,3.3699413936931992
2025-01-17 20:10:00,Machine_B,66.75343062906822,3.0891185312583938
2025-01-17 20:20:00,Machine_B,65.73910492735888,3.249771301000776
2025-01-17 20:30:00,Machine_B,64.95083124934878,3.186755850260721
2025-01-17 20:40:00,Machine_B,66.68020867152691,3.0551584072782476
2025-01-17 20:50:00,Machine_B,66.63614953592413,3.336654217501664
2025-01-17 21:00:00,Machine_B,66.43557121404308,2.7940296952308588
2025-01-17 21:10:00,Machine_B,64.8395962986105,3.386510291231626
2025-01-17 21:20:00,Machine_B,65.86349211916894,2.732570721427682
2025-01-17 21:30:00,Machine_B,66.18344335943374,3.092820197943428
2025-01-17 21:40:00,Machine_B,66.38150157936337,3.279124049237702
2025-01-17 21:50:00,Machine_B,66.04208515936944,2.8857317790627786
2025-01-17 22:00:00,Machine_B,66.23685171957936,3.1665617101284442
2025-01-17 22:10:00,Machine_B,66.24971317930348,3.1384904779522422
2025-01-17 22:20:00,Machine_B,65.41667588294573,3.132621915706397
2025-01-17 22:30:00,Machine_B,65.67462078993503,3.0039879159906984
2025-01-17 22:40:00,Machine_B,66.02470639366383,2.976717804552494
2025-01-17 22:50:00,Machine_B,65.49249388077307,2.7723714881337482
2025-01-17 23:00:00,Machine_B,66.10137425997932,3.0316163844062416
2025-01-17 23:10:00,Machine_B,65.80999159335437,3.211652079004147
2025-01-17 23:20:00,Machine_B,64.57915619374103,2.9614049964051246
2025-01-17 23:30:00,Machine_B,64.02160139393682,2.968229433094557
2025-01-17 23:40:00,Machine_B,65.06973680228201,3.326184801043858
2025-01-17 23:50:00,Machine_B,64.10391296498369,3.010165154383631
2025-01-18 00:00:00,Machine_B,,3.103388757382522
2025-01-18 00:10:00,Machine_B,65.05192319655185,3.137691008322958
2025-01-18 00:20:00,Machine_B,66.11307532438991,3.0138317672599015
2025-01-18 00:30:00,Machine_B,65.49753478488518,3.168975934073537
2025-01-18 00:40:00,Machine_B,65.90357658664252,3.2282620359383873
2025-01-18 00:50:00,Machine_B,64.76385751356565,3.217476314029105
2025-01-18 01:00:00,Machine_B,66.4200775607517,3.2431020521990512
2025-01-18 01:10:00,Machine_B,65.95850637150139,2.691771778572515
2025-01-18 01:20:00,Machine_B,65.63913752082713,
2025-01-18 01:30:00,Machine_B,63.91179911122286,2.989148152834742
2025-01-18 01:40:00,Machine_B,66.36605345506482,2.947222968730399
2025-01-18 01:50:00,Machine_B,66.91378290725747,2.970393428896267
2025-01-18 02:00:00,Machine_B,65.5821067319494,3.270410029807291
2025-01-18 02:10:00,Machine_B,65.68220950130949,3.1405517410161234
2025-01-18 02:20:00,Machine_B,65.3328206038058,3.1084148996012453
2025-01-18 02:30:00,Machine_B,64.53558332249185,3.1048897507603703
2025-01-18 02:40:00,Machine_B,65.49139162318725,3.086588559116253
2025-01-18 02:50:00,Machine_B,67.37380103136225,3.128843811828021
2025-01-18 03:00:00,Machine_B,67.0195853557779,3.43656809090098
2025-01-18 03:10:00,Machine_B,65.65303123412929,2.88425767935204
2025-01-18 03:20:00,Machine_B,65.92781144649614,3.446812891767661
2025-01-18 03:30:00,Machine_B,68.22219227228025,3.6464192306948564
2025-01-18 03:40:00,Machine_B,65.82566385030538,
2025-01-18 03:50:00,Machine_B,66.20093039876917,3.08919385312689
2025-01-18 04:00:00,Machine_B,66.56466801685997,3.197424371239342
2025-01-18 04:10:00,Machine_B,65.9603190286664,3.489040277387364
2025-01-18 04:20:00,Machine_B,66.75818897834263,3.2767304258416026
2025-01-18 04:30:00,Machine_B,66.91463632474375,3.249210603379067
2025-01-18 04:40:00,Machine_B,66.75751848687763,3.3412478065281017
2025-01-18 04:50:00,Machine_B,68.69080941495915,3.176915908389658
2025-01-18 05:00:00,Machine_B,66.84608658087096,3.3750849703652506
2025-01-18 05:10:00,Machine_B,67.81885116788669,3.2013166840898637
2025-01-18 05:20:00,Machine_B,67.38507489242467,3.568570290680196
2025-01-18 05:30:00,Machine_B,68.07413749146433,3.3067835893864563
2025-01-18 05:40:00,Machine_B,67.65965512535905,3.4883837386920846
2025-01-18 05:50:00,Machine_B,68.61603396080451,3.4195385012718575
2025-01-18 06:00:00,Machine_B,68.9696704698424,3.5887691219595994
2025-01-18 06:10:00,Machine_B,69.99142724370867,3.6884821901707827
2025-01-18 06:20:00,Machine_B,68.55569688974477,3.612456500575193
2025-01-18 06:30:00,Machine_B,70.47714471829123,3.4551801045420856
2025-01-18 06:40:00,Machine_B,68.69274156407786,3.500105813411845
2025-01-18 06:50:00,Machine_B,69.3021928288687,4.046346531334764
2025-01-18 07:00:00,Machine_B,71.0572417931456,3.8122011047597564
2025-01-18 07:10:00,Machine_B,72.11892082329145,3.625536511775282
2025-01-18 07:20:00,Machine_B,71.29443085591683,3.5772267864795544
2025-01-18 07:30:00,Machine_B,69.91364358935472,3.440697829143301
2025-01-18 07:40:00,Machine_B,70.64870299404491,3.921593567825066
2025-01-18 07:50:00,Machine_B,70.9243824290707,3.6089909508248317
2025-01-18 08:00:00,Machine_B,70.79300572189905,3.944672357176808
2025-01-18 08:10:00,Machine_B,69.84545194551572,3.9215618213143166
2025-01-18 08:20:00,Machine_B,70.97087794533337,4.033280449967129
2025-01-18 08:30:00,Machine_B,70.50619679946149,3.943033673198693
2025-01-18 08:40:00,Machine_B,70.25974868515712,3.784816177890647
2025-01-18 08:50:00,Machine_B,70.90470644474912,3.8410456316620145
2025-01-18 09:00:00,Machine_B,71.52088891066846,3.857614457149083
2025-01-18 09:10:00,Machine_B,72.17984108425284,3.819233856607217
2025-01-18 09:20:00,Machine_B,71.28079068068547,3.589207480979243
2025-01-18 09:30:00,Machine_B,71.5211405162834,3.5066077580891095
2025-01-18 09:40:00,Machine_B,72.32198113423492,4.043541021553028
2025-01-18 09:50:00,Machine_B,71.82488700116984,3.8861268523036885
2025-01-18 10:00:00,Machine_B,72.15716350729029,4.1025184842641735
2025-01-18 10:10:00,Machine_B,71.99225991610115,3.8716712067275862
2025-01-18 10:20:00,Machine_B,72.16412371633115,3.949298249168319
2025-01-18 10:30:00,Machine_B,71.20473379637518,4.125560992772983
2025-01-18 10:40:00,Machine_B,72.22567441057146,4.246155895792506
2025-01-18 10:50:00,Machine_B,73.32370201106481,3.9164270290397574
2025-01-18 11:00:00,Machine_B,72.36385020380987,
2025-01-18 11:10:00,Machine_B,71.60246582700515,
2025-01-18 11:20:00,Machine_B,73.48499560994935,3.938154699584179
2025-01-18 11:30:00,Machine_B,72.90861269037268,3.906307145111349
2025-01-18 11:40:00,Machine_B,72.96675587535721,3.9246581436668557
2025-01-18 11:50:00,Machine_B,72.95957271782555,3.8693842589689966
2025-01-18 12:00:00,Machine_B,,4.13927417508677
2025-01-18 12:10:00,Machine_B,72.89442664198606,3.7595237463591706
2025-01-18 12:20:00,Machine_B,73.4784135876401,4.018323489124265
2025-01-18 12:30:00,Machine_B,71.97443730119898,4.043597772771551
2025-01-18 12:40:00,Machine_B,70.79699170678887,3.8887586651583406
2025-01-18 12:50:00,Machine_B,72.60706271307473,4.279183711132426
2025-01-18 13:00:00,Machine_B,72.3090218433686,4.15136678622
2025-01-18 13:10:00,Machine_B,71.00651413915337,3.903190746139702
2025-01-18 13:20:00,Machine_B,72.68433812851261,3.960421994952126
2025-01-18 13:30:00,Machine_B,72.57343725104226,4.134218084678446
2025-01-18 13:40:00,Machine_B,70.91930483688385,3.980576713402384
2025-01-18 13:50:00,Machine_B,73.54063647180448,4.210605606616767
2025-01-18 14:00:00,Machine_B,72.56115253253658,4.051629177549853
2025-01-18 14:10:00,Machine_B,70.37334245855092,3.9858784738325466
2025-01-18 14:20:00,Machine_B,72.460317851924,3.974254879811408
2025-01-18 14:30:00,Machine_B,72.3513058806868,4.486310399239493
2025-01-18 14:40:00,Machine_B,72.76038422456735,3.724729987350387
2025-01-18 14:50:00,Machine_B,71.03310609245997,3.6989429793989097
2025-01-18 15:00:00,Machine_B,90.09776617682516,8.839738300659004
2025-01-18 15:10:00,Machine_B,71.13600809125306,4.122692826399295
2025-01-18 15:20:00,Machine_B,70.76984659556965,3.412421485982433
2025-01-18 15:30:00,Machine_B,70.40845146805847,3.498742526911388
2025-01-18 15:40:00,Machine_B,69.45930851800527,3.754491692856618
2025-01-18 15:50:00,Machine_B,71.29170727568265,4.192580237839999
2025-01-18 16:00:00,Machine_B,70.51489406732121,3.7995793227735057
2025-01-18 16:10:00,Machine_B,68.41987311672838,3.5693847957818687
2025-01-18 16:20:00,Machine_B,70.53180918708809,3.9098136037169553
2025-01-18 16:30:00,Machine_B,71.26254449444548,4.0438549032268
2025-01-18 16:40:00,Machine_B,69.15287102321999,3.6122782265139994
2025-01-18 16:50:00,Machine_B,69.48829381051331,3.7912772771214454
2025-01-18 17:00:00,Machine_B,70.2690206920582,3.7196848996284677
2025-01-18 17:10:00,Machine_B,67.72536822018904,3.776238926727777
2025-01-18 17:20:00,Machine_B,69.20026802638615,3.572196026533815
2025-01-18 17:30:00,Machine_B,69.75808507848153,3.7493903668192115
2025-01-18 17:40:00,Machine_B,68.8846228840335,3.768477666946262
2025-01-18 17:50:00,Machine_B,,3.7273692801192064
2025-01-18 18:00:00,Machine_B,68.03742905992486,3.287978684650872
2025-01-18 18:10:00,Machine_B,67.59965520788987,3.303109151548207
2025-01-18 18:20:00,Machine_B,,3.4183847194458608
2025-01-18 18:30:00,Machine_B,69.4395295533053,3.5719109470730683
2025-01-18 18:40:00,Machine_B,70.33729949625747,3.605847582002572
2025-01-18 18:50:00,Machine_B,68.33147697921555,3.2970332020252644
2025-01-18 19:00:00,Machine_B,68.77331553719655,3.5268941439318073
2025-01-18 19:10:00,Machine_B,67.26396926460365,3.6207469638334517
2025-01-18 19:20:00,Machine_B,66.20321908677977,3.5529977594795716
2025-01-18 19:30:00,Machine_B,69.22002024835375,3.3325227742640764
2025-01-18 19:40:00,Machine_B,67.12739597995818,3.331839372834862
2025-01-18 19:50:00,Machine_B,68.04599926551606,3.1478175273936064
2025-01-18 20:00:00,Machine_B,67.46843561476176,3.6782583132350832
2025-01-18 20:10:00,Machine_B,68.01130466941025,3.4343738246459377
2025-01-18 20:20:00,Machine_B,67.85645504551657,3.043355186468907
2025-01-18 20:30:00,Machine_B,67.19672385687042,3.5393536606555167
2025-01-18 20:40:00,Machine_B,67.17019055580924,3.4226176486458706
2025-01-18 20:50:00,Machine_B,67.71973805003515,3.505124095879231
2025-01-18 21:00:00,Machine_B,66.31612196481241,3.1762529532751684
2025-01-18 21:10:00,Machine_B,67.78728517922363,3.1886339264975243
2025-01-18 21:20:00,Machine_B,65.8803372289374,3.1056701972030973
2025-01-18 21:30:00,Machine_B,66.41681892061011,3.6215836740671032
2025-01-18 21:40:00,Machine_B,66.77311728684373,3.1395366059774967
2025-01-18 21:50:00,Machine_B,64.88617475319482,3.0477023903049236
2025-01-18 22:00:00,Machine_B,67.22022284872226,3.0938370185557584
2025-01-18 22:10:00,Machine_B,66.42652997371843,3.1431497962874757
2025-01-18 22:20:00,Machine_B,68.62356137192405,3.4738998328321995
2025-01-18 22:30:00,Machine_B,67.59035064455473,3.236585257033364
2025-01-18 22:40:00,Machine_B,65.86624381133524,3.4025107795061067
2025-01-18 22:50:00,Machine_B,67.25886281213984,3.2263487598178613
2025-01-18 23:00:00,Machine_B,66.47004533493832,3.13789095126695
2025-01-18 23:10:00,Machine_B,65.94528026544656,2.978847873445677
2025-01-18 23:20:00,Machine_B,64.4076273415179,3.4504283029632803
2025-01-18 23:30:00,Machine_B,64.5775732057488,3.339722902612463
2025-01-18 23:40:00,Machine_B,65.70778698016748,3.3547963911804324
2025-01-18 23:50:00,Machine_B,65.30252563414265,3.326124539674061
2025-01-19 00:00:00,Machine_B,65.88015137983761,3.032179389156754
2025-01-19 00:10:00,Machine_B,66.80574097810143,3.2089629420838075
2025-01-19 00:20:00,Machine_B,,3.359014422418806
2025-01-19 00:30:00,Machine_B,65.18645578552879,3.336330446245193
2025-01-19 00:40:00,Machine_B,66.51119473561744,3.198356315447402
2025-01-19 00:50:00,Machine_B,65.07429556285226,3.530331091700062
2025-01-19 01:00:00,Machine_B,64.93255073973404,3.2762693040316444
2025-01-19 01:10:00,Machine_B,66.19889754876506,3.424619266073124
2025-01-19 01:20:00,Machine_B,65.29558486453449,3.2298310932602945
2025-01-19 01:30:00,Machine_B,,3.1348552243067447
2025-01-19 01:40:00,Machine_B,66.86823928552099,3.384947766892049
2025-01-19 01:50:00,Machine_B,66.67122181446015,3.3520451149812858
2025-01-19 02:00:00,Machine_B,65.92563320879447,3.2926521293155853
2025-01-19 02:10:00,Machine_B,65.00673132023616,3.0890032591786967
2025-01-19 02:20:00,Machine_B,65.8080324413794,3.435021260191628
2025-01-19 02:30:00,Machine_B,68.04463405044618,3.122667932335335
2025-01-19 02:40:00,Machine_B,67.36429900330533,3.418537491255114
2025-01-19 02:50:00,Machine_B,67.8351381930919,3.094934440526145
2025-01-19 03:00:00,Machine_B,67.01119606176859,3.1543335210157033
2025-01-19 03:10:00,Machine_B,66.6403595562563,3.3743940151435607
2025-01-19 03:20:00,Machine_B,67.76467519777239,3.441626049062891
2025-01-19 03:30:00,Machine_B,68.18959788801237,3.3925611216110343
2025-01-19 03:40:00,Machine_B,66.90799451209044,3.27533509462201
2025-01-19 03:50:00,Machine_B,66.85270697284814,3.5877597014185545
2025-01-19 04:00:00,Machine_B,,3.429988456285441
2025-01-19 04:10:00,Machine_B,67.10598707114451,3.457853995279784
2025-01-19 04:20:00,Machine_B,68.37333229609365,3.413135931081136
2025-01-19 04:30:00,Machine_B,67.50547427908623,3.3302041391262684
2025-01-19 04:40:00,Machine_B,68.87470242802573,3.6822260711342056
2025-01-19 04:50:00,Machine_B,69.85217244975534,3.383160298909896
2025-01-19 05:00:00,Machine_B,68.44940645250767,3.8240656304628105
2025-01-19 05:10:00,Machine_B,68.56937609804447,3.3899387215602927
2025-01-19 05:20:00,Machine_B,69.17556504430713,3.6166527853874495
2025-01-19 05:30:00,Machine_B,68.43259468407915,3.5912818241074884
2025-01-19 05:40:00,Machine_B,68.53057064140418,3.5788416399656438
2025-01-19 05:50:00,Machine_B,68.71131210314819,3.7422840829313957
2025-01-19 06:00:00,Machine_B,68.4460379716522,3.7821614342552614
2025-01-19 06:10:00,Machine_B,70.23951122527798,3.7569356513113843
2025-01-19 06:20:00,Machine_B,69.27930891440265,3.48938746680073
2025-01-19 06:30:00,Machine_B,70.72199287978185,3.490401959300933
2025-01-19 06:40:00,Machine_B,70.41175057101474,3.499810742606288
2025-01-19 06:50:00,Machine_B,70.12438358887174,3.6976290779982732
2025-01-19 07:00:00,Machine_B,70.94315261364189,4.1422303497453274
2025-01-19 07:10:00,Machine_B,69.6917982575317,3.772299661941557
2025-01-19 07:20:00,Machine_B,69.97135819058255,4.178740636225502
2025-01-19 07:30:00,Machine_B,71.31339500412366,3.8136947919837723
2025-01-19 07:40:00,Machine_B,69.13026485192073,3.867309448337185
2025-01-19 07:50:00,Machine_B,71.0399618683407,3.964192502012358
2025-01-19 08:00:00,Machine_B,71.6390685217029,3.8226165228962508
2025-01-19 08:10:00,Machine_B,72.35043536612038,3.933530156001588
2025-01-19 08:20:00,Machine_B,72.6455957042232,3.603262962052569
2025-01-19 08:30:00,Machine_B,71.45664433543672,3.7664027141618637
2025-01-19 08:40:00,Machine_B,72.3006920789116,3.6398611559963316
2025-01-19 08:50:00,Machine_B,71.16032171150025,4.0887254331830425
2025-01-19 09:00:00,Machine_B,71.56383458293831,3.7277962022009876
2025-01-19 09:10:00,Machine_B,73.12286297864526,
2025-01-19 09:20:00,Machine_B,72.10200987942297,4.065470716715737
2025-01-19 09:30:00,Machine_B,72.36177056715064,4.1872028025653325
2025-01-19 09:40:00,Machine_B,71.50232871850417,3.910553739216407
2025-01-19 09:50:00,Machine_B,72.75624323652895,3.8364679078587898
2025-01-19 10:00:00,Machine_B,73.10516567445544,3.9871211906274224
2025-01-19 10:10:00,Machine_B,73.15830346133014,4.251541319790684
2025-01-19 10:20:00,Machine_B,71.68284945857975,4.450214473618756
2025-01-19 10:30:00,Machine_B,73.51790883843833,4.169751497574109
2025-01-19 10:40:00,Machine_B,71.97933253345116,3.8493749539612305
2025-01-19 10:50:00,Machine_B,72.81028010612692,3.9183975986240767
2025-01-19 11:00:00,Machine_B,71.58416172236359,3.8317680473967437
2025-01-19 11:10:00,Machine_B,72.77589189433453,4.081915979167697
2025-01-19 11:20:00,Machine_B,72.15090240545803,4.05992754978374
2025-01-19 11:30:00,Machine_B,72.6224296204019,4.089060269994046
2025-01-19 11:40:00,Machine_B,73.0505820172909,3.9234051778644137
2025-01-19 11:50:00,Machine_B,73.67893473214662,3.9074896284385905
2025-01-19 12:00:00,Machine_B,73.65932277335384,4.136940774429862
2025-01-19 12:10:00,Machine_B,71.15634563462956,4.207598991661568
2025-01-19 12:20:00,Machine_B,73.56336383960621,3.9066830699224484
2025-01-19 12:30:00,Machine_B,73.17361980615091,4.203918892395221
2025-01-19 12:40:00,Machine_B,72.5417205372261,4.286915340470075
2025-01-19 12:50:00,Machine_B,72.26027962729509,3.693960769106007
2025-01-19 13:00:00,Machine_B,72.88288121536497,4.393289363330633
2025-01-19 13:10:00,Machine_B,73.07908496495614,4.231402737676105
2025-01-19 13:20:00,Machine_B,73.15234110968679,4.271631573453112
2025-01-19 13:30:00,Machine_B,72.64137129249345,3.909487083271607
2025-01-19 13:40:00,Machine_B,70.72283879926027,4.227858666481202
2025-01-19 13:50:00,Machine_B,72.28294809981881,4.240695265594584
2025-01-19 14:00:00,Machine_B,71.6633017062833,3.9524330478472782
2025-01-19 14:10:00,Machine_B,74.17972739071374,4.2007368990666745
2025-01-19 14:20:00,Machine_B,72.50267681179142,4.025416354481198
2025-01-19 14:30:00,Machine_B,72.96234103465926,3.928357600048491
2025-01-19 14:40:00,Machine_B,72.78647944813927,3.9926927843486455
2025-01-19 14:50:00,Machine_B,,4.046230604868677
2025-01-19 15:00:00,Machine_B,71.74814963823347,3.94872950731674
2025-01-19 15:10:00,Machine_B,71.54026637240139,3.84732742228654
2025-01-19 15:20:00,Machine_B,70.24855961141479,
2025-01-19 15:30:00,Machine_B,71.86421117631023,4.062202772115517
2025-01-19 15:40:00,Machine_B,71.87212783235051,3.972726530759303
2025-01-19 15:50:00,Machine_B,71.4711041967,3.639791674855278
2025-01-19 16:00:00,Machine_B,71.4980708283054,3.809773539782096
2025-01-19 16:10:00,Machine_B,,3.746683998309976
2025-01-19 16:20:00,Machine_B,70.88628717603058,4.193442589269066
2025-01-19 16:30:00,Machine_B,70.46638397825238,3.885928477661692
2025-01-19 16:40:00,Machine_B,71.38046412303675,3.7968013250521073
2025-01-19 16:50:00,Machine_B,70.74116053863095,3.728914990749872
2025-01-19 17:00:00,Machine_B,70.05443321317199,3.7889945070167834
2025-01-19 17:10:00,Machine_B,70.29450849668427,3.9285071754130785
2025-01-19 17:20:00,Machine_B,69.4455933257019,3.4454256516073745
2025-01-19 17:30:00,Machine_B,69.86825990463059,3.797666544460319
2025-01-19 17:40:00,Machine_B,70.44966689118432,3.646726216994951
2025-01-19 17:50:00,Machine_B,68.76981806807251,3.796316012464194
2025-01-19 18:00:00,Machine_B,69.63857471772354,3.8438382635239394
2025-01-19 18:10:00,Machine_B,68.93939810208761,3.556010981982319
2025-01-19 18:20:00,Machine_B,68.32621734907484,3.4159902224150116
2025-01-19 18:30:00,Machine_B,70.73643487332767,3.5889710442796465
2025-01-19 18:40:00,Machine_B,70.10080614811977,3.856863925491825
2025-01-19 18:50:00,Machine_B,,3.75718714560733
2025-01-19 19:00:00,Machine_B,68.57690139809134,3.520559321816351
2025-01-19 19:10:00,Machine_B,67.04883027659454,3.4562446811844034
2025-01-19 19:20:00,Machine_B,67.25255084495534,3.4520746958053388
2025-01-19 19:30:00,Machine_B,67.486310261097,3.3017198587431613
2025-01-19 19:40:00,Machine_B,68.22660699265245,3.659414441044862
2025-01-19 19:50:00,Machine_B,68.02925542202003,3.6755147339259455
2025-01-19 20:00:00,Machine_B,68.2570442239653,3.415315236202895
2025-01-19 20:10:00,Machine_B,68.40851805359783,3.378925857611665
2025-01-19 20:20:00,Machine_B,67.96558434512498,3.327867986987049
2025-01-19 20:30:00,Machine_B,66.7594170534338,3.357491582352197
2025-01-19 20:40:00,Machine_B,67.76918433569698,3.291747667837182
2025-01-19 20:50:00,Machine_B,67.90795183349562,3.382214368923603
2025-01-19 21:00:00,Machine_B,66.95205820043465,3.538353292014898
2025-01-19 21:10:00,Machine_B,65.71565588281146,3.507063119998244
2025-01-19 21:20:00,Machine_B,68.04387747361645,3.2209823332452947
2025-01-19 21:30:00,Machine_B,67.07620661521953,3.3878167453557366
2025-01-19 21:40:00,Machine_B,64.70150240606691,3.4660221094873895
2025-01-19 21:50:00,Machine_B,68.4956518519931,3.1704786205505853
2025-01-19 22:00:00,Machine_B,66.38173440481992,3.355743623359783
2025-01-19 22:10:00,Machine_B,68.6470278558403,3.540134712158499
2025-01-19 22:20:00,Machine_B,66.93467534939103,3.2697479507912752
2025-01-19 22:30:00,Machine_B,66.41365289615355,2.9435318006067535
2025-01-19 22:40:00,Machine_B,66.67184049558405,2.8473701861862137
2025-01-19 22:50:00,Machine_B,65.91297607644391,3.3509403313189563
2025-01-19 23:00:00,Machine_B,66.49122459269977,3.3095063619082223
2025-01-19 23:10:00,Machine_B,68.01889103720234,3.3202923968780595
2025-01-19 23:20:00,Machine_B,65.6662193647011,3.3715749231041388
2025-01-19 23:30:00,Machine_B,66.79309308567315,3.015048212425632
2025-01-19 23:40:00,Machine_B,65.7784837031196,3.1348195675293535
2025-01-19 23:50:00,Machine_B,66.21435254805075,3.3557463863572674
2025-01-20 00:00:00,Machine_B,67.93128826710448,3.412455473877148
2025-01-20 00:10:00,Machine_B,66.77901456408188,3.235022292382819
2025-01-20 00:20:00,Machine_B,66.96888515323553,3.025569105093618
2025-01-20 00:30:00,Machine_B,66.45016176870016,3.34754329471803
2025-01-20 00:40:00,Machine_B,68.5776193875881,3.299373994469959
2025-01-20 00:50:00,Machine_B,65.69582242345207,3.1043487106876713
2025-01-20 01:00:00,Machine_B,65.23284541529156,2.9432792414863718
2025-01-20 01:10:00,Machine_B,67.89239796169225,3.4094860112530228
2025-01-20 01:20:00,Machine_B,66.2919200994417,3.202663553331999
2025-01-20 01:30:00,Machine_B,66.98525389139512,3.3553598439968817
2025-01-20 01:40:00,Machine_B,68.09614843330017,3.357415556741532
2025-01-20 01:50:00,Machine_B,67.13396193126738,3.1335646595160895
2025-01-20 02:00:00,Machine_B,68.65773237087005,3.4255040930129015
2025-01-20 02:10:00,Machine_B,67.06576718545486,3.206545407162665
2025-01-20 02:20:00,Machine_B,66.47966079822622,3.10387945389585
2025-01-20 02:30:00,Machine_B,65.25818508740913,3.0932648714128295
2025-01-20 02:40:00,Machine_B,67.48150463002659,3.3980306971977363
2025-01-20 02:50:00,Machine_B,65.55712446947155,3.6993302827037873
2025-01-20 03:00:00,Machine_B,67.71608805876441,3.4341858645898773
2025-01-20 03:10:00,Machine_B,68.73882870213643,3.762786261191339
2025-01-20 03:20:00,Machine_B,67.67687259416252,3.7182001695094296
2025-01-20 03:30:00,Machine_B,67.96621169941557,3.566488818479403
2025-01-20 03:40:00,Machine_B,68.67431978551414,3.7736323710590978
2025-01-20 03:50:00,Machine_B,68.60889821007537,3.770428800661966
2025-01-20 04:00:00,Machine_B,69.13673212486135,3.737165277249467
2025-01-20 04:10:00,Machine_B,68.33138417576589,3.2038670539660554
2025-01-20 04:20:00,Machine_B,66.68728901581059,3.518874556306005
2025-01-20 04:30:00,Machine_B,69.57329714014944,3.455427046359743
2025-01-20 04:40:00,Machine_B,68.58827687736859,3.8102277491914327
2025-01-20 04:50:00,Machine_B,68.22551033500953,3.563543968965615
2025-01-20 05:00:00,Machine_B,,3.953947224251827
2025-01-20 05:10:00,Machine_B,69.3816253637343,3.6767167268556395
2025-01-20 05:20:00,Machine_B,68.78710585190363,3.673493603271803
2025-01-20 05:30:00,Machine_B,68.51364911239239,3.6306066334589704
2025-01-20 05:40:00,Machine_B,70.07315940915645,3.685882584825853
2025-01-20 05:50:00,Machine_B,69.17542091820722,3.7879119918500264
2025-01-20 06:00:00,Machine_B,70.10400678010875,3.7481058820437445
2025-01-20 06:10:00,Machine_B,70.4684380290231,3.696785463124501
2025-01-20 06:20:00,Machine_B,71.10111379969493,3.727874077273996
2025-01-20 06:30:00,Machine_B,72.1781662213245,4.149020345684957
2025-01-20 06:40:00,Machine_B,70.82809153841033,4.201027119912048
2025-01-20 06:50:00,Machine_B,70.45231891701539,3.776820944791396
2025-01-20 07:00:00,Machine_B,72.27219871679975,4.034283223600485
2025-01-20 07:10:00,Machine_B,71.93504170356572,3.752145344807798
2025-01-20 07:20:00,Machine_B,71.38038803497743,
2025-01-20 07:30:00,Machine_B,71.58170657019508,3.7439550221131075
2025-01-20 07:40:00,Machine_B,71.55833218429443,4.142081637345904
2025-01-20 07:50:00,Machine_B,71.80804212789438,4.064167686752645
2025-01-20 08:00:00,Machine_B,71.73517438535256,4.116580513358226
2025-01-20 08:10:00,Machine_B,71.17186479889106,4.172504488916148
2025-01-20 08:20:00,Machine_B,72.09031073875502,3.8732462024107197
2025-01-20 08:30:00,Machine_B,73.61669270852157,3.988047420665845
2025-01-20 08:40:00,Machine_B,71.68164525533419,4.142729583014006
2025-01-20 08:50:00,Machine_B,72.23678478220036,4.015980178608797
2025-01-20 09:00:00,Machine_B,71.85508832122919,4.10569457567009
2025-01-20 09:10:00,Machine_B,73.60460040426318,3.9636581289239157
2025-01-20 09:20:00,Machine_B,73.44769663219317,4.360738208525882
2025-01-20 09:30:00,Machine_B,71.86137810140293,4.303444535464871
2025-01-20 09:40:00,Machine_B,71.36406776778941,4.369625783633169
2025-01-20 09:50:00,Machine_B,73.76075044785723,4.277334502632858
2025-01-20 10:00:00,Machine_B,72.0805085489884,3.9728137723525547
2025-01-20 10:10:00,Machine_B,73.8924982237772,4.093673341066534
2025-01-20 10:20:00,Machine_B,72.79147993752596,4.063193323746001
2025-01-20 10:30:00,Machine_B,73.92395309889972,4.151936309404347
2025-01-20 10:40:00,Machine_B,73.7831062025743,4.3965924779076975
2025-01-20 10:50:00,Machine_B,73.05224881337823,3.948242344581792
2025-01-20 11:00:00,Machine_B,72.82546344812151,4.11461152507355
2025-01-20 11:10:00,Machine_B,74.03010395078806,
2025-01-20 11:20:00,Machine_B,73.04970300405878,3.993307156077722
2025-01-20 11:30:00,Machine_B,74.51869953896335,4.270506673486418
2025-01-20 11:40:00,Machine_B,72.98677373387285,4.175064669997476
2025-01-20 11:50:00,Machine_B,73.94743514329203,4.438865394980212
2025-01-20 12:00:00,Machine_B,73.3628363952318,4.190477787939067
2025-01-20 12:10:00,Machine_B,73.68075395286763,4.3230146215396275
2025-01-20 12:20:00,Machine_B,73.11028762861005,4.260651647115862
2025-01-20 12:30:00,Machine_B,73.51571353314709,
2025-01-20 12:40:00,Machine_B,71.59048144145189,3.978170615472223
2025-01-20 12:50:00,Machine_B,72.9642674834766,4.302537154283021
2025-01-20 13:00:00,Machine_B,73.11273437861695,4.290499748820489
2025-01-20 13:10:00,Machine_B,73.48710532617248,4.212645387359866
2025-01-20 13:20:00,Machine_B,74.53458869882353,4.458952341449137
2025-01-20 13:30:00,Machine_B,72.8910189509924,4.30504124295759
2025-01-20 13:40:00,Machine_B,74.5234042691154,4.488825029897721
2025-01-20 13:50:00,Machine_B,72.6400557834235,3.755581455123968
2025-01-20 14:00:00,Machine_B,72.37375800862488,4.501858076056196
2025-01-20 14:10:00,Machine_B,71.67817760108308,4.071071950014704
2025-01-20 14:20:00,Machine_B,73.59065431701939,4.174760540492297
2025-01-20 14:30:00,Machine_B,73.08826296438538,4.373127945848417
2025-01-20 14:40:00,Machine_B,73.36640674856424,3.76739565137548
2025-01-20 14:50:00,Machine_B,72.9375033411377,4.090341394763608
2025-01-20 15:00:00,Machine_B,72.72376600291217,4.304784815441847
2025-01-20 15:10:00,Machine_B,72.85286860790528,3.9987799648915354
2025-01-20 15:20:00,Machine_B,74.23702331791853,
2025-01-20 15:30:00,Machine_B,72.02130611137864,4.203191352600607
2025-01-20 15:40:00,Machine_B,73.9252808472344,4.09689276716044
2025-01-20 15:50:00,Machine_B,72.84125858149861,4.158753420172475
2025-01-20 16:00:00,Machine_B,72.32549166006247,4.268033994673223
2025-01-20 16:10:00,Machine_B,72.34759022456228,4.1270703838546945
2025-01-20 16:20:00,Machine_B,69.21502575641152,4.169088079705661
2025-01-20 16:30:00,Machine_B,71.4269361458932,3.8260746725000887
2025-01-20 16:40:00,Machine_B,,4.072001282624975
2025-01-20 16:50:00,Machine_B,73.04828773869428,4.037569973793168
2025-01-20 17:00:00,Machine_B,70.94316440201861,4.133769362526959
2025-01-20 17:10:00,Machine_B,71.04862922338305,3.704791945000519
2025-01-20 17:20:00,Machine_B,70.89037807878132,4.0880581997610035
2025-01-20 17:30:00,Machine_B,69.73557389277376,3.7179872763204522
2025-01-20 17:40:00,Machine_B,70.18534001962713,4.278869209982734
2025-01-20 17:50:00,Machine_B,71.13917229593504,3.678870436980482
2025-01-20 18:00:00,Machine_B,68.63205457259828,3.6099807172773426
2025-01-20 18:10:00,Machine_B,70.43842793952145,3.7489136801219534
2025-01-20 18:20:00,Machine_B,69.32029884707423,3.9711522618445967
2025-01-20 18:30:00,Machine_B,70.93413517634593,3.8276717943628933
2025-01-20 18:40:00,Machine_B,70.06372434748772,4.047501985042069
2025-01-20 18:50:00,Machine_B,68.38671648941305,3.672679458581995
2025-01-20 19:00:00,Machine_B,,3.6203373782588084
2025-01-20 19:10:00,Machine_B,69.67947494816893,3.5583137352115406
2025-01-20 19:20:00,Machine_B,68.93337735901484,3.578022299748632
2025-01-20 19:30:00,Machine_B,69.15482925306426,3.4037938911692835
2025-01-20 19:40:00,Machine_B,68.8880855639452,3.5213672701106953
2025-01-20 19:50:00,Machine_B,69.46448950018849,3.403492924521357
2025-01-20 20:00:00,Machine_B,68.99331928639943,3.7344146070779782
2025-01-20 20:10:00,Machine_B,68.47706521782763,3.855483523040319
2025-01-20 20:20:00,Machine_B,68.40751110779333,3.6134524081887736
2025-01-20 20:30:00,Machine_B,67.40827608173637,3.4372554382324125
2025-01-20 20:40:00,Machine_B,69.33387119674772,3.678048557764682
2025-01-20 20:50:00,Machine_B,70.41944147599273,3.523084330142075
2025-01-20 21:00:00,Machine_B,67.67959686860591,3.6994745395325284
2025-01-20 21:10:00,Machine_B,67.88095278675236,3.333881516222796
2025-01-20 21:20:00,Machine_B,,3.33426614702646
2025-01-20 21:30:00,Machine_B,68.46313071364105,3.6111996387525456
2025-01-20 21:40:00,Machine_B,67.71242136559664,3.4660668744385132
2025-01-20 21:50:00,Machine_B,66.70851416932452,3.6264783219538312
2025-01-20 22:00:00,Machine_B,68.86927148942843,3.2957542314805988
2025-01-20 22:10:00,Machine_B,67.89079676209445,3.519735937951797
2025-01-20 22:20:00,Machine_B,67.459222981999,3.5321958727341665
2025-01-20 22:30:00,Machine_B,66.64753453209964,3.1500723902849526
2025-01-20 22:40:00,Machine_B,67.22132885105114,3.4198558467753775
2025-01-20 22:50:00,Machine_B,65.67883555634894,3.0520795106859087
2025-01-20 23:00:00,Machine_B,67.68489998109582,3.674906988112083
2025-01-20 23:10:00,Machine_B,67.84818227923675,3.169331871201626
2025-01-20 23:20:00,Machine_B,67.21892450245592,3.3695025500826787
2025-01-20 23:30:00,Machine_B,66.24819897898983,3.4004675465342995
2025-01-20 23:40:00,Machine_B,67.36580884779428,3.2268614091511316
2025-01-20 23:50:00,Machine_B,67.62870377293007,3.7324518097992727
2025-01-21 00:00:00,Machine_B,66.40541090657752,3.2754949318102646
2025-01-21 00:10:00,Machine_B,67.75503889187542,3.3526988611841873
2025-01-21 00:20:00,Machine_B,67.441960282132,3.279269356688129
2025-01-21 00:30:00,Machine_B,66.82427160080306,3.280711320684897
2025-01-21 00:40:00,Machine_B,66.62510395673391,3.3905532228319792
2025-01-21 00:50:00,Machine_B,66.96243373564623,3.5413833997489075
2025-01-21 01:00:00,Machine_B,66.36980872741537,3.4491569856668276
2025-01-21 01:10:00,Machine_B,67.40179807853221,3.2901255397280043
2025-01-21 01:20:00,Machine_B,67.69397455498381,3.432672464203996
2025-01-21 01:30:00,Machine_B,68.24192391044689,3.1956932602588424
2025-01-21 01:40:00,Machine_B,67.61102051843977,3.6634818666631466
2025-01-21 01:50:00,Machine_B,67.75816907462243,3.368938255360283
2025-01-21 02:00:00,Machine_B,67.30867155941685,3.3888454422387015
2025-01-21 02:10:00,Machine_B,66.90752764492032,3.131000387752919
2025-01-21 02:20:00,Machine_B,67.3522167126936,3.4018427693055324
2025-01-21 02:30:00,Machine_B,68.933428291836,3.8083089952003046
2025-01-21 02:40:00,Machine_B,68.39833142070817,3.6286871307965356
2025-01-21 02:50:00,Machine_B,68.32218317439117,3.732011346544372
2025-01-21 03:00:00,Machine_B,66.65407963408968,3.5677918916798625
2025-01-21 03:10:00,Machine_B,68.47144881562903,3.0901894460937336
2025-01-21 03:20:00,Machine_B,67.27677505796078,3.5899406155626012
2025-01-21 03:30:00,Machine_B,67.45743178969224,3.629775691700842
2025-01-21 03:40:00,Machine_B,67.67470594125082,3.771438982384714
2025-01-21 03:50:00,Machine_B,68.10500404720152,3.620768587908731
2025-01-21 04:00:00,Machine_B,69.52504492530247,3.5060776183795612
2025-01-21 04:10:00,Machine_B,69.17800077684201,3.6451903675270643
2025-01-21 04:20:00,Machine_B,68.38368017263666,3.6198816012001958
2025-01-21 04:30:00,Machine_B,68.81789009209541,3.7945484780421674
2025-01-21 04:40:00,Machine_B,69.82796992361163,3.7019695756564266
2025-01-21 04:50:00,Machine_B,70.13667818809975,3.560624056375782
2025-01-21 05:00:00,Machine_B,69.83645656335884,3.8605733970408487
2025-01-21 05:10:00,Machine_B,68.96439957471317,3.645441156825532
2025-01-21 05:20:00,Machine_B,69.70665496458037,3.741645590637552
2025-01-21 05:30:00,Machine_B,72.09690985203463,3.735257966243042
2025-01-21 05:40:00,Machine_B,69.37972789611128,3.8818133826230294
2025-01-21 05:50:00,Machine_B,70.80526455009058,3.612707022105776
2025-01-21 06:00:00,Machine_B,72.35916639626723,3.885779484249629
2025-01-21 06:10:00,Machine_B,70.6008943580236,4.094941089318115
2025-01-21 06:20:00,Machine_B,72.44361596488561,3.9381256057210923
2025-01-21 06:30:00,Machine_B,70.58273564282622,3.821099454777807
2025-01-21 06:40:00,Machine_B,69.70840815253429,3.895657748890665
2025-01-21 06:50:00,Machine_B,70.97918571487085,4.034799094503434
2025-01-21 07:00:00,Machine_B,70.98928599009407,4.102322120571866
2025-01-21 07:10:00,Machine_B,70.41042496655419,4.291859557420183
2025-01-21 07:20:00,Machine_B,71.56172243750669,
2025-01-21 07:30:00,Machine_B,72.83531395705778,4.10712634292142
2025-01-21 07:40:00,Machine_B,71.71150665414542,4.1118822264096275
2025-01-21 07:50:00,Machine_B,72.02747039845,4.084936890550512
2025-01-21 08:00:00,Machine_B,73.56307358915326,4.178979123024883
2025-01-21 08:10:00,Machine_B,72.00311238639017,4.091301688463562
2025-01-21 08:20:00,Machine_B,73.22835406254929,3.9699895950474042
2025-01-21 08:30:00,Machine_B,71.49492700650475,4.2048773097210494
2025-01-21 08:40:00,Machine_B,72.21156523309324,4.299453567651103
2025-01-21 08:50:00,Machine_B,72.93305698560734,4.189665759533837
2025-01-21 09:00:00,Machine_B,74.1859195821134,4.403879709338881
2025-01-21 09:10:00,Machine_B,72.59870255378787,4.1848766520800735
2025-01-21 09:20:00,Machine_B,72.69428546613088,4.324288524218485
2025-01-21 09:30:00,Machine_B,73.75191034775955,3.969795224820838
2025-01-21 09:40:00,Machine_B,73.97514690627939,4.670589361606348
2025-01-21 09:50:00,Machine_B,72.88971112496561,4.237728539799134
2025-01-21 10:00:00,Machine_B,73.38440565649228,4.201837883650473
2025-01-21 10:10:00,Machine_B,74.74921380062678,4.252152984903721
2025-01-21 10:20:00,Machine_B,73.00793109586151,4.138724035429307
2025-01-21 10:30:00,Machine_B,74.29113475502716,4.107912810128727
2025-01-21 10:40:00,Machine_B,73.66378627050902,4.333582991745681
2025-01-21 10:50:00,Machine_B,75.25347723903101,4.353880129527371
2025-01-21 11:00:00,Machine_B,74.6429928638523,4.3799642439544835
2025-01-21 11:10:00,Machine_B,74.92391689592147,4.3390569328169395
2025-01-21 11:20:00,Machine_B,73.82370433583681,4.3348743149552496
2025-01-21 11:30:00,Machine_B,74.94112747295654,4.1370965056820515
2025-01-21 11:40:00,Machine_B,74.94143527389953,4.268894537432212
2025-01-21 11:50:00,Machine_B,74.73274598596602,4.387767793263061
2025-01-21 12:00:00,Machine_B,74.09891258600702,4.263026591586157
2025-01-21 12:10:00,Machine_B,74.45626694046543,4.41299539037767
2025-01-21 12:20:00,Machine_B,72.83854159320666,4.335616568444524
2025-01-21 12:30:00,Machine_B,75.71580237588532,4.332924545811887
2025-01-21 12:40:00,Machine_B,73.80674461610332,4.393805197752266
2025-01-21 12:50:00,Machine_B,73.99672488567526,4.440825627087319
2025-01-21 13:00:00,Machine_B,73.17858489940957,4.4771104370862735
2025-01-21 13:10:00,Machine_B,74.73292244288032,4.7019536216731295
2025-01-21 13:20:00,Machine_B,74.57340331899063,4.4950090885903595
2025-01-21 13:30:00,Machine_B,73.86279032918509,4.066765883125989
2025-01-21 13:40:00,Machine_B,72.1744781848646,4.131076652649676
2025-01-21 13:50:00,Machine_B,73.40994629867797,4.268885119120936
2025-01-21 14:00:00,Machine_B,74.27827373894766,4.172386367388235
2025-01-21 14:10:00,Machine_B,74.03668790182438,4.370648918835828
2025-01-21 14:20:00,Machine_B,73.71826542256875,4.379671709810967
2025-01-21 14:30:00,Machine_B,73.33028689469282,4.19247673719447
2025-01-21 14:40:00,Machine_B,72.31548165439537,4.482194868410177
2025-01-21 14:50:00,Machine_B,74.25330320514607,4.51769747044087
2025-01-21 15:00:00,Machine_B,72.2290268308894,3.9170690218919386
2025-01-21 15:10:00,Machine_B,73.11193016588027,3.9726508949451884
2025-01-21 15:20:00,Machine_B,72.33712159672938,4.413424318306319
2025-01-21 15:30:00,Machine_B,73.84540840923769,4.35801186042593
2025-01-21 15:40:00,Machine_B,73.39744496567803,4.276920056859902
2025-01-21 15:50:00,Machine_B,72.52360624064977,4.172920644086403
2025-01-21 16:00:00,Machine_B,73.23628066003513,4.136438973722063
2025-01-21 16:10:00,Machine_B,71.36057592251174,4.235208107306021
2025-01-21 16:20:00,Machine_B,72.35792667050868,4.15361068009629
2025-01-21 16:30:00,Machine_B,71.44237626941894,4.3400976318200035
2025-01-21 16:40:00,Machine_B,72.96851002736962,3.964618487100942
2025-01-21 16:50:00,Machine_B,72.30780468414743,4.072723459577465
2025-01-21 17:00:00,Machine_B,72.38623773877539,4.211728926992907
2025-01-21 17:10:00,Machine_B,71.27987545697697,4.062826433287993
2025-01-21 17:20:00,Machine_B,72.1730619056361,4.135977026969762
2025-01-21 17:30:00,Machine_B,70.53721575923109,4.114788712073798
2025-01-21 17:40:00,Machine_B,70.50469667492106,3.901082040672363
2025-01-21 17:50:00,Machine_B,70.99552880340214,3.775075199598744
2025-01-21 18:00:00,Machine_B,70.2397214553532,3.8053990528506336
2025-01-21 18:10:00,Machine_B,71.40702994364045,3.726126650388184
2025-01-21 18:20:00,Machine_B,,3.5683693278508524
2025-01-21 18:30:00,Machine_B,69.67967245023709,4.080280259039238
2025-01-21 18:40:00,Machine_B,69.42964140964348,3.525707512146915
2025-01-21 18:50:00,Machine_B,70.8104454566173,4.181831680836789
2025-01-21 19:00:00,Machine_B,68.07345626048726,3.7335297100139684
2025-01-21 19:10:00,Machine_B,69.15779583376991,3.7604117666369548
2025-01-21 19:20:00,Machine_B,70.94886443664103,3.520076772336382
2025-01-21 19:30:00,Machine_B,69.4132423221807,3.844514489145282
2025-01-21 19:40:00,Machine_B,70.12663752723854,3.7111945070423946
2025-01-21 19:50:00,Machine_B,69.76303208816879,3.752377365062939
2025-01-21 20:00:00,Machine_B,69.13896722478364,3.583317760942352
2025-01-21 20:10:00,Machine_B,67.83850346003504,3.7955953487513048
2025-01-21 20:20:00,Machine_B,67.9824808462362,3.545252136997558
2025-01-21 20:30:00,Machine_B,67.85036759993258,3.6927352782807974
2025-01-21 20:40:00,Machine_B,69.19560617095958,3.7472356169355776
2025-01-21 20:50:00,Machine_B,69.23533484324055,3.9113867015736736
2025-01-21 21:00:00,Machine_B,67.89082460261659,3.781864118225995
2025-01-21 21:10:00,Machine_B,68.42977574651994,3.6402367734411643
2025-01-21 21:20:00,Machine_B,68.40311398563912,3.6105124227881076
2025-01-21 21:30:00,Machine_B,68.36811108100208,3.6569051663484373
2025-01-21 21:40:00,Machine_B,67.61018408364741,3.7277230943070863
2025-01-21 21:50:00,Machine_B,69.4498938627961,3.445664394254589
2025-01-21 22:00:00,Machine_B,68.60704376918807,3.732866248440624
2025-01-21 22:10:00,Machine_B,68.05427631793111,3.3930194971975256
2025-01-21 22:20:00,Machine_B,67.51771971174692,3.6359645129327385
2025-01-21 22:30:00,Machine_B,67.20894187500846,3.6442110938734578
2025-01-21 22:40:00,Machine_B,68.14328079091096,3.4195899381395702
2025-01-21 22:50:00,Machine_B,67.4013758119436,3.257365529309637
2025-01-21 23:00:00,Machine_B,67.84916181593121,3.482710952301142
2025-01-21 23:10:00,Machine_B,66.19094559395961,3.0531233797827255
2025-01-21 23:20:00,Machine_B,67.26128225265477,3.4913976019137793
2025-01-21 23:30:00,Machine_B,67.57913100083167,3.2966665073602672
2025-01-21 23:40:00,Machine_B,68.42854054754474,
2025-01-21 23:50:00,Machine_B,66.91095809056041,3.7101601077112836
2025-01-22 00:00:00,Machine_B,66.46133340836225,3.532995915084948
2025-01-22 00:10:00,Machine_B,68.01362292301172,3.7610954441372257
2025-01-22 00:20:00,Machine_B,67.62110118674008,3.6502853718456145
2025-01-22 00:30:00,Machine_B,66.31586578720663,3.3169126410816663
2025-01-22 00:40:00,Machine_B,66.38350080909723,3.4175914001179075
2025-01-22 00:50:00,Machine_B,67.23803269786846,3.720137524943376
2025-01-22 01:00:00,Machine_B,67.72934503120022,3.367436640123471
2025-01-22 01:10:00,Machine_B,68.9550159978783,
2025-01-22 01:20:00,Machine_B,67.0322754722218,
2025-01-22 01:30:00,Machine_B,68.38806833774565,3.5148384098799985
2025-01-22 01:40:00,Machine_B,66.4543809959943,3.597914209267623
2025-01-22 01:50:00,Machine_B,68.38388357183405,3.7297346982896986
2025-01-22 02:00:00,Machine_B,69.378345630328,3.731424702131248
2025-01-22 02:10:00,Machine_B,68.3701742685336,3.6819791016101036
2025-01-22 02:20:00,Machine_B,67.81163061681416,3.610716464045698
2025-01-22 02:30:00,Machine_B,69.42700056631446,3.7312150357845253
2025-01-22 02:40:00,Machine_B,68.82017213634875,3.274736802683213
2025-01-22 02:50:00,Machine_B,68.76914111766409,3.917996198445957
2025-01-22 03:00:00,Machine_B,67.94218991377552,3.6429416309308382
2025-01-22 03:10:00,Machine_B,69.16221408761633,3.5495236171444766
2025-01-22 03:20:00,Machine_B,68.44274822039644,3.805315747660255
2025-01-22 03:30:00,Machine_B,69.36328033283934,3.8164146882304424
2025-01-22 03:40:00,Machine_B,69.280619340185,3.5544671504708854
2025-01-22 03:50:00,Machine_B,70.24056405195448,3.7595390031431863
2025-01-22 04:00:00,Machine_B,69.04752859693714,3.7717203138799285
2025-01-22 04:10:00,Machine_B,69.52724969296938,3.7780214110634214
2025-01-22 04:20:00,Machine_B,70.42684778453958,4.093812012788428
2025-01-22 04:30:00,Machine_B,69.74365292947935,3.8166644948931903
2025-01-22 04:40:00,Machine_B,70.06209747069799,3.8160414171670576
2025-01-22 04:50:00,Machine_B,69.90304737430068,3.7363828589215693
2025-01-22 05:00:00,Machine_B,70.24863333775582,3.7300603159732333
2025-01-22 05:10:00,Machine_B,71.06915796444885,3.969003171806523
2025-01-22 05:20:00,Machine_B,72.15540574277085,
2025-01-22 05:30:00,Machine_B,69.49931570972457,3.9049359256768437
2025-01-22 05:40:00,Machine_B,69.98641197995465,3.9947835760696933
2025-01-22 05:50:00,Machine_B,71.04213729255996,3.99100204382159
2025-01-22 06:00:00,Machine_B,71.35221501085401,4.024292990244777
2025-01-22 06:10:00,Machine_B,71.2955602320395,4.044099087616544
2025-01-22 06:20:00,Machine_B,71.18395001910012,4.153314844183443
2025-01-22 06:30:00,Machine_B,70.79699733597977,4.536622326658269
2025-01-22 06:40:00,Machine_B,71.44971225168396,4.302750937826887
2025-01-22 06:50:00,Machine_B,72.74639738842612,4.036352274222781
2025-01-22 07:00:00,Machine_B,72.31990341221741,4.340259795200289
2025-01-22 07:10:00,Machine_B,72.93701703881109,3.951468599588598
2025-01-22 07:20:00,Machine_B,71.58295035677405,4.058649368756525
2025-01-22 07:30:00,Machine_B,73.84783166984812,4.306946470392288
2025-01-22 07:40:00,Machine_B,72.38729508397134,4.320167504545391
2025-01-22 07:50:00,Machine_B,73.35843422645807,4.32523002595488
2025-01-22 08:00:00,Machine_B,73.01660224109065,4.128746380669112
2025-01-22 08:10:00,Machine_B,72.81971771391338,4.147598277326409
2025-01-22 08:20:00,Machine_B,73.72946680468536,4.293383322719716
2025-01-22 08:30:00,Machine_B,73.9912811726456,4.241030491947214
2025-01-22 08:40:00,Machine_B,75.78489028851796,4.462459392154704
2025-01-22 08:50:00,Machine_B,74.26521779574817,4.268262136457594
2025-01-22 09:00:00,Machine_B,74.36803905762558,4.277971748237684
2025-01-22 09:10:00,Machine_B,74.89463986668284,4.054956706552842
2025-01-22 09:20:00,Machine_B,74.50941654507324,4.518946108210832
2025-01-22 09:30:00,Machine_B,74.15305654252877,4.432536930144069
2025-01-22 09:40:00,Machine_B,74.53941773796194,3.975471297504527
2025-01-22 09:50:00,Machine_B,75.05203513331062,4.4787961760659964
2025-01-22 10:00:00,Machine_B,75.56453278420565,4.3374995887247785
2025-01-22 10:10:00,Machine_B,73.32133737561476,4.559657962436164
2025-01-22 10:20:00,Machine_B,73.08974583442979,4.410585393672802
2025-01-22 10:30:00,Machine_B,75.74665372245994,4.293458398385749
2025-01-22 10:40:00,Machine_B,74.08984464339443,4.757423518801666
2025-01-22 10:50:00,Machine_B,73.4550657104198,4.73629353187314
2025-01-22 11:00:00,Machine_B,73.42708623091396,4.426244295236909
2025-01-22 11:10:00,Machine_B,76.31094500098403,4.53224149151468
2025-01-22 11:20:00,Machine_B,75.60586183160957,4.387169455625818
2025-01-22 11:30:00,Machine_B,74.29544109643099,4.166482144635815
2025-01-22 11:40:00,Machine_B,74.34965019308943,4.713806530229648
2025-01-22 11:50:00,Machine_B,75.01104551637253,4.3351448966563355
2025-01-22 12:00:00,Machine_B,75.66251239825587,4.709237331498455
2025-01-22 12:10:00,Machine_B,74.74097645551949,4.605906105336419
2025-01-22 12:20:00,Machine_B,74.3418866015763,4.531642992517264
2025-01-22 12:30:00,Machine_B,75.86663593097074,4.471285197754377
2025-01-22 12:40:00,Machine_B,74.91921217532538,4.602756271275919
2025-01-22 12:50:00,Machine_B,74.76130473683827,4.306026252761398
2025-01-22 13:00:00,Machine_B,75.35652342514136,4.709861663748287
2025-01-22 13:10:00,Machine_B,73.13554118053223,4.490783348569175
2025-01-22 13:20:00,Machine_B,75.17934312480827,4.728632759554833
2025-01-22 13:30:00,Machine_B,75.07793627066393,4.431229921937609
2025-01-22 13:40:00,Machine_B,73.5890829045433,
2025-01-22 13:50:00,Machine_B,73.07609219071541,4.485822194926252
2025-01-22 14:00:00,Machine_B,74.10876633706329,4.533392052705309
2025-01-22 14:10:00,Machine_B,74.63192930414488,4.74631666599614
2025-01-22 14:20:00,Machine_B,74.6331234133846,4.331432681216135
2025-01-22 14:30:00,Machine_B,75.6826822082102,4.376486659601325
2025-01-22 14:40:00,Machine_B,74.37511334035561,4.384591016695467
2025-01-22 14:50:00,Machine_B,73.0131454618173,3.9591613075054113
2025-01-22 15:00:00,Machine_B,73.83034657892892,4.2633148149359865
2025-01-22 15:10:00,Machine_B,72.88641489955259,4.26167639059665
2025-01-22 15:20:00,Machine_B,73.67175156877455,4.810779572707138
2025-01-22 15:30:00,Machine_B,74.82758527418352,4.367967366420924
2025-01-22 15:40:00,Machine_B,,4.395269547106244
2025-01-22 15:50:00,Machine_B,72.88274023621034,4.026591695624085
2025-01-22 16:00:00,Machine_B,73.80720594919045,4.263708981783655
2025-01-22 16:10:00,Machine_B,72.58174163758132,4.427117965313063
2025-01-22 16:20:00,Machine_B,70.86076969631652,4.694841264492878
2025-01-22 16:30:00,Machine_B,71.94947988534172,4.101533908271594
2025-01-22 16:40:00,Machine_B,73.16521171201137,3.8804381256677716
2025-01-22 16:50:00,Machine_B,73.27624190827818,4.049918111218006
2025-01-22 17:00:00,Machine_B,73.89040147387013,4.032629864815809
2025-01-22 17:10:00,Machine_B,72.6454129075416,4.016075257898283
2025-01-22 17:20:00,Machine_B,73.30494050100558,4.298159617951498
2025-01-22 17:30:00,Machine_B,72.58487453260872,4.177937914387336
2025-01-22 17:40:00,Machine_B,72.68343949021666,3.89443804119223
2025-01-22 17:50:00,Machine_B,72.66703035616105,4.333711988956182
2025-01-22 18:00:00,Machine_B,72.02711372513623,4.400746506172633
2025-01-22 18:10:00,Machine_B,72.34922501045472,3.734303029926009
2025-01-22 18:20:00,Machine_B,70.7826402386548,4.234423219638959
2025-01-22 18:30:00,Machine_B,69.25290562571152,3.9731419599593556
2025-01-22 18:40:00,Machine_B,71.56837869699582,3.8156292539618724
2025-01-22 18:50:00,Machine_B,71.20235362034802,3.7048337411516865
2025-01-22 19:00:00,Machine_B,70.05849899661452,3.867030138409208
2025-01-22 19:10:00,Machine_B,69.60666500262553,3.836581741134922
2025-01-22 19:20:00,Machine_B,70.58108052938537,3.939306455122156
2025-01-22 19:30:00,Machine_B,70.91227054863059,4.281580137956961
2025-01-22 19:40:00,Machine_B,70.61940303066571,3.786729276788467
2025-01-22 19:50:00,Machine_B,69.25531636285913,3.608198226920549
2025-01-22 20:00:00,Machine_B,69.3053597231701,3.7855678565413657
2025-01-22 20:10:00,Machine_B,70.35122021048144,4.016609768562111
2025-01-22 20:20:00,Machine_B,69.75132581726675,3.7689746078513258
2025-01-22 20:30:00,Machine_B,70.42266646359941,3.9158232613534274
2025-01-22 20:40:00,Machine_B,69.20134803654712,3.814678196439382
2025-01-22 20:50:00,Machine_B,69.94129022509973,3.7811607522078177
2025-01-22 21:00:00,Machine_B,69.21215640502348,4.042502584154654
2025-01-22 21:10:00,Machine_B,68.56455222037508,3.5697949501033515
2025-01-22 21:20:00,Machine_B,69.78915249366945,3.5446279429680336
2025-01-22 21:30:00,Machine_B,68.16150624333306,3.556908172773741
2025-01-22 21:40:00,Machine_B,68.92909491728898,3.771872919747945
2025-01-22 21:50:00,Machine_B,,3.7092582315288465
2025-01-22 22:00:00,Machine_B,68.61851345088476,3.8181119735959284
2025-01-22 22:10:00,Machine_B,69.43844890619874,3.6679899643860283
2025-01-22 22:20:00,Machine_B,69.04087617012829,3.6386196652631773
2025-01-22 22:30:00,Machine_B,68.88853942758838,
2025-01-22 22:40:00,Machine_B,68.5297351676356,3.965834133623672
2025-01-22 22:50:00,Machine_B,69.91545562084897,3.445781542153819
2025-01-22 23:00:00,Machine_B,69.56391008176037,3.4847052416322395
2025-01-22 23:10:00,Machine_B,69.09593782330656,3.653897653473244
2025-01-22 23:20:00,Machine_B,68.93919949353644,4.009348436815892
2025-01-22 23:30:00,Machine_B,67.83459477669936,3.448452964721475
2025-01-22 23:40:00,Machine_B,68.26502741551965,3.638246562964037
2025-01-22 23:50:00,Machine_B,68.80747405809271,3.4816626040773473
2025-01-23 00:00:00,Machine_B,69.1412648363412,3.7116721818427556
2025-01-23 00:10:00,Machine_B,69.0214833560942,3.2696944245813215
2025-01-23 00:20:00,Machine_B,68.78711617023555,3.45686814263958
2025-01-23 00:30:00,Machine_B,69.9439853976298,3.8764517686798525
2025-01-23 00:40:00,Machine_B,68.26275790558977,3.6518476852811315
2025-01-23 00:50:00,Machine_B,69.21608526313298,3.5206714903537346
2025-01-23 01:00:00,Machine_B,69.15949497870892,3.6520873901926647
2025-01-23 01:10:00,Machine_B,68.84884067694212,3.6552675589007873
2025-01-23 01:20:00,Machine_B,68.93158712486895,3.774750439041986
2025-01-23 01:30:00,Machine_B,68.97532248007101,3.308112952661534
2025-01-23 01:40:00,Machine_B,68.10647257892886,3.503894712259383
2025-01-23 01:50:00,Machine_B,69.06580367082746,3.528134430147366
2025-01-23 02:00:00,Machine_B,69.42170227114,3.8235843927720197
2025-01-23 02:10:00,Machine_B,69.16435965056216,3.7201713172578827
2025-01-23 02:20:00,Machine_B,67.52249608334594,3.9923562273109097
2025-01-23 02:30:00,Machine_B,67.82203654876132,3.894736463369453
2025-01-23 02:40:00,Machine_B,68.53648108450393,3.6963504839330725
2025-01-23 02:50:00,Machine_B,69.20672363195165,3.763473581898917
2025-01-23 03:00:00,Machine_B,68.79473874176108,4.0197011839241155
2025-01-23 03:10:00,Machine_B,70.03792777456944,4.059796412986795
2025-01-23 03:20:00,Machine_B,70.59412027630071,3.800189933071573
2025-01-23 03:30:00,Machine_B,70.8310624580545,3.6562506725269563
2025-01-23 03:40:00,Machine_B,70.16123704623686,3.4720684997652427
2025-01-23 03:50:00,Machine_B,70.89059962879446,3.4891833316650684
2025-01-23 04:00:00,Machine_B,69.70829191443835,3.9699748671493573
2025-01-23 04:10:00,Machine_B,70.17540413827224,3.984404675547581
2025-01-23 04:20:00,Machine_B,69.50460664930613,3.799917081228056
2025-01-23 04:30:00,Machine_B,71.54800246589957,4.174560105401788
2025-01-23 04:40:00,Machine_B,72.3020750688543,3.9221745901222627
2025-01-23 04:50:00,Machine_B,70.59955430628496,3.87293753438731
2025-01-23 05:00:00,Machine_B,69.29342125795972,4.209340562365791
2025-01-23 05:10:00,Machine_B,70.41807041468695,
2025-01-23 05:20:00,Machine_B,70.81653800494126,4.029237727111311
2025-01-23 05:30:00,Machine_B,70.4311544290722,4.151918786791415
2025-01-23 05:40:00,Machine_B,70.82418100214674,4.19498172043976
2025-01-23 05:50:00,Machine_B,71.9690128358048,4.491085980550644
2025-01-23 06:00:00,Machine_B,72.49027797551022,4.09641632367235
2025-01-23 06:10:00,Machine_B,70.46816897344449,3.9280851551491955
2025-01-23 06:20:00,Machine_B,71.85084366660942,4.273472860775021
2025-01-23 06:30:00,Machine_B,72.46302430320371,4.192435499896159
2025-01-23 06:40:00,Machine_B,71.73491013364209,4.221692318076549
2025-01-23 06:50:00,Machine_B,72.93155541746613,4.215944360350516
2025-01-23 07:00:00,Machine_B,72.80118621711755,3.9550301410861977
2025-01-23 07:10:00,Machine_B,72.68769502332712,4.3081991749965205
2025-01-23 07:20:00,Machine_B,72.50408832334566,4.215927617384181
2025-01-23 07:30:00,Machine_B,73.56124324507813,4.244075300561745
2025-01-23 07:40:00,Machine_B,72.87601270521044,4.246839669104319
2025-01-23 07:50:00,Machine_B,72.24186189330732,4.329897327936836
2025-01-23 08:00:00,Machine_B,73.78434612550741,4.401880986530513
2025-01-23 08:10:00,Machine_B,72.91051057652155,4.367343164088556
2025-01-23 08:20:00,Machine_B,72.71625493137013,4.597642784537085
2025-01-23 08:30:00,Machine_B,74.26449099747975,4.542552846980092
2025-01-23 08:40:00,Machine_B,74.15415153109633,4.409429751272725
2025-01-23 08:50:00,Machine_B,73.71073254401564,4.2518145995496255
2025-01-23 09:00:00,Machine_B,74.70177592926994,4.557693118339158
2025-01-23 09:10:00,Machine_B,74.96788041701517,4.410925131952611
2025-01-23 09:20:00,Machine_B,74.92579615903307,4.450652550169967
2025-01-23 09:30:00,Machine_B,74.9968481618579,4.257145692164341
2025-01-23 09:40:00,Machine_B,73.64453128891918,4.581394500198929
2025-01-23 09:50:00,Machine_B,76.05277914666924,4.985502251463348
2025-01-23 10:00:00,Machine_B,75.54789866905236,4.438579837981504
2025-01-23 10:10:00,Machine_B,74.41925240351978,4.65205662913464
2025-01-23 10:20:00,Machine_B,75.24253191902429,4.773759805447061
2025-01-23 10:30:00,Machine_B,75.46058611669002,4.464109911546712
2025-01-23 10:40:00,Machine_B,75.34634109689769,4.1296609650250815
2025-01-23 10:50:00,Machine_B,76.86586089884496,4.698531363290768
2025-01-23 11:00:00,Machine_B,73.92245570110941,4.593942687582586
2025-01-23 11:10:00,Machine_B,74.3385086279106,4.6412066893424315
2025-01-23 11:20:00,Machine_B,,4.599711363254809
2025-01-23 11:30:00,Machine_B,75.64541619155784,4.802414792897179
2025-01-23 11:40:00,Machine_B,76.03786561618845,4.579066766851867
2025-01-23 11:50:00,Machine_B,75.90643411396401,4.98949755925302
2025-01-23 12:00:00,Machine_B,75.3937005625724,4.725648866496668
2025-01-23 12:10:00,Machine_B,75.95141489942698,4.782472386067157
2025-01-23 12:20:00,Machine_B,75.38354960942043,4.601136797123673
2025-01-23 12:30:00,Machine_B,76.20117922786112,4.6546023786109645
2025-01-23 12:40:00,Machine_B,76.47571809700679,4.292362440388361
2025-01-23 12:50:00,Machine_B,74.81965504340138,4.489642521712159
2025-01-23 13:00:00,Machine_B,75.30271375651547,4.78364433515305
2025-01-23 13:10:00,Machine_B,75.39407424162299,4.572968586441963
2025-01-23 13:20:00,Machine_B,76.5903819074855,4.3770502510499005
2025-01-23 13:30:00,Machine_B,74.74844971898514,4.450088246161743
2025-01-23 13:40:00,Machine_B,76.22034639279444,4.4415609930103965
2025-01-23 13:50:00,Machine_B,74.10634295758294,4.551315409844451
2025-01-23 14:00:00,Machine_B,76.20509206079046,4.399554537685393
2025-01-23 14:10:00,Machine_B,,4.796510573570707
2025-01-23 14:20:00,Machine_B,74.930700568824,4.567762006157103
2025-01-23 14:30:00,Machine_B,75.7027839938304,4.268316359583937
2025-01-23 14:40:00,Machine_B,74.47762534338139,4.784558659077753
2025-01-23 14:50:00,Machine_B,74.04395642996062,4.487700507358371
2025-01-23 15:00:00,Machine_B,76.04629369875036,4.574276803516184
2025-01-23 15:10:00,Machine_B,74.14238469191694,4.525062362448078
2025-01-23 15:20:00,Machine_B,75.00663632953164,4.531057056650539
2025-01-23 15:30:00,Machine_B,75.23752980345455,4.379611017815915
2025-01-23 15:40:00,Machine_B,74.87688869803137,4.485980050477819
2025-01-23 15:50:00,Machine_B,74.58878541035652,4.384088899753028
2025-01-23 16:00:00,Machine_B,74.52747419738395,4.460178859798312
2025-01-23 16:10:00,Machine_B,74.6999298800922,4.345189325688011
2025-01-23 16:20:00,Machine_B,73.9757024152139,4.3096373806694785
2025-01-23 16:30:00,Machine_B,,4.081541638928078
2025-01-23 16:40:00,Machine_B,72.35330694516617,4.326305599673583
2025-01-23 16:50:00,Machine_B,73.5628745659417,4.349914736423788
2025-01-23 17:00:00,Machine_B,73.9889540260918,4.624265900282939
2025-01-23 17:10:00,Machine_B,72.14189144460812,4.3595170408003785
2025-01-23 17:20:00,Machine_B,72.69396768856535,4.124365542982999
2025-01-23 17:30:00,Machine_B,73.0710984915427,4.053594813946872
2025-01-23 17:40:00,Machine_B,73.79340995973604,4.265692235970702
2025-01-23 17:50:00,Machine_B,71.50879864085272,4.064704812296908
2025-01-23 18:00:00,Machine_B,72.92226199106754,4.0776741705747135
2025-01-23 18:10:00,Machine_B,71.85311650632556,4.026541908148069
2025-01-23 18:20:00,Machine_B,71.45257661701656,4.083300961976486
2025-01-23 18:30:00,Machine_B,71.10979338180472,4.256265233328769
2025-01-23 18:40:00,Machine_B,71.17335290507255,3.7470208506205003
2025-01-23 18:50:00,Machine_B,71.95181594924503,4.319805826772246
2025-01-23 19:00:00,Machine_B,71.22649965447934,4.031786917755708
2025-01-23 19:10:00,Machine_B,71.83801689814263,3.9363809009369293
2025-01-23 19:20:00,Machine_B,70.22906153399276,4.192554448191551
2025-01-23 19:30:00,Machine_B,71.5463306690607,3.978167435735294
2025-01-23 19:40:00,Machine_B,71.20050969681165,3.8097210031578657
2025-01-23 19:50:00,Machine_B,69.51479547578381,3.7074497476697776
2025-01-23 20:00:00,Machine_B,71.79665325498418,4.090180052550659
2025-01-23 20:10:00,Machine_B,70.73755587007425,4.085801252567741
2025-01-23 20:20:00,Machine_B,70.95552150060387,3.8592085423184272
2025-01-23 20:30:00,Machine_B,71.14945193071932,
2025-01-23 20:40:00,Machine_B,70.88466572140211,3.9105284789689696
2025-01-23 20:50:00,Machine_B,69.89878845120978,4.129191952678487
2025-01-23 21:00:00,Machine_B,70.47400437256981,3.704475774757145
2025-01-23 21:10:00,Machine_B,68.34475871203104,3.6696952255098543
2025-01-23 21:20:00,Machine_B,70.01163522070459,3.7594897926005455
2025-01-23 21:30:00,Machine_B,70.99154298180385,3.7685694104381375
2025-01-23 21:40:00,Machine_B,68.96347142815708,4.036910548259449
2025-01-23 21:50:00,Machine_B,70.17181220096124,3.8724422722590717
2025-01-23 22:00:00,Machine_B,70.78313150176541,3.673624885550228
2025-01-23 22:10:00,Machine_B,69.84717480181772,3.803687062495376
2025-01-23 22:20:00,Machine_B,70.05310923659643,3.7167788413534293
2025-01-23 22:30:00,Machine_B,67.92021867376904,3.642077749790518
2025-01-23 22:40:00,Machine_B,68.37702545098713,3.766118136298095
2025-01-23 22:50:00,Machine_B,70.22418166311104,3.740639938941392
2025-01-23 23:00:00,Machine_B,69.8104563965405,3.6325112269327553
2025-01-23 23:10:00,Machine_B,69.40721138145278,3.626754606266103
2025-01-23 23:20:00,Machine_B,68.77342802711398,3.910130561597335
2025-01-23 23:30:00,Machine_B,69.19409815655466,3.8375646663583174
2025-01-23 23:40:00,Machine_B,70.34480818556203,3.9299060905213015
2025-01-23 23:50:00,Machine_B,68.86729543815426,3.7085196496469224
2025-01-24 00:00:00,Machine_B,69.50940087106301,3.5642075703778096
2025-01-24 00:10:00,Machine_B,69.49622908172813,3.657959248953545
2025-01-24 00:20:00,Machine_B,68.43966559630974,3.9482955735999816
2025-01-24 00:30:00,Machine_B,68.52253693705495,3.4782770206463924
2025-01-24 00:40:00,Machine_B,70.24283902899363,4.0302178036920475
2025-01-24 00:50:00,Machine_B,69.51163737593895,3.5750047276065358
2025-01-24 01:00:00,Machine_B,68.55206884604169,3.920675151039639
2025-01-24 01:10:00,Machine_B,68.8945644674998,
2025-01-24 01:20:00,Machine_B,68.40871668182318,3.6866747383297405
2025-01-24 01:30:00,Machine_B,70.11024796355532,3.4314083445191375
2025-01-24 01:40:00,Machine_B,69.12164817260432,4.144178570151304
2025-01-24 01:50:00,Machine_B,69.20435832793436,3.9234813267452218
2025-01-24 02:00:00,Machine_B,70.14581266264548,3.944354301062254
2025-01-24 02:10:00,Machine_B,68.21326919970268,3.7525909746365915
2025-01-24 02:20:00,Machine_B,69.61664001684996,3.6855124636916416
2025-01-24 02:30:00,Machine_B,69.73225068463451,4.005266506171745
2025-01-24 02:40:00,Machine_B,69.61257985739456,3.6620509074150114
2025-01-24 02:50:00,Machine_B,69.50663519341332,3.8623090302590537
2025-01-24 03:00:00,Machine_B,69.48832902055068,3.681670527503484
2025-01-24 03:10:00,Machine_B,70.39715855364628,3.9441284602916458
2025-01-24 03:20:00,Machine_B,69.48245197678725,3.5923679447028927
2025-01-24 03:30:00,Machine_B,70.54307460293762,
2025-01-24 03:40:00,Machine_B,70.09946407763024,3.815456435195534
2025-01-24 03:50:00,Machine_B,70.28414639937023,
2025-01-24 04:00:00,Machine_B,70.96592625822677,3.9093628119728523
2025-01-24 04:10:00,Machine_B,70.54865448018425,4.200094155538214
2025-01-24 04:20:00,Machine_B,72.10183292504209,4.311614138862055
2025-01-24 04:30:00,Machine_B,71.12043016570007,4.004736692091816
2025-01-24 04:40:00,Machine_B,72.21663707592246,3.8133037331880324
2025-01-24 04:50:00,Machine_B,70.91889020426939,4.272671449019432
2025-01-24 05:00:00,Machine_B,71.05226891000656,3.841049518769989
2025-01-24 05:10:00,Machine_B,70.50194749486778,3.9758480401421994
2025-01-24 05:20:00,Machine_B,71.59294976277656,3.852333417949798
2025-01-24 05:30:00,Machine_B,71.95603193817175,
2025-01-24 05:40:00,Machine_B,72.36004953928212,4.3020886719566835
2025-01-24 05:50:00,Machine_B,73.0131988510429,4.510829372844635
2025-01-24 06:00:00,Machine_B,73.1123363115756,4.160573990288187
2025-01-24 06:10:00,Machine_B,73.67819475880741,4.112146529133794
2025-01-24 06:20:00,Machine_B,72.21673178376562,4.186420836722459
2025-01-24 06:30:00,Machine_B,73.1075427029789,4.061338047011664
2025-01-24 06:40:00,Machine_B,72.43819013623082,4.578632333796653
2025-01-24 06:50:00,Machine_B,73.72399562866903,4.949358596491724
2025-01-24 07:00:00,Machine_B,74.98885410085447,4.231182446678267
2025-01-24 07:10:00,Machine_B,72.73942495640621,4.487836597673738
2025-01-24 07:20:00,Machine_B,74.39571978444793,4.372587688578187
2025-01-24 07:30:00,Machine_B,74.83142958057434,4.499220821634618
2025-01-24 07:40:00,Machine_B,73.4226204281515,4.629257314561393
2025-01-24 07:50:00,Machine_B,74.62733548002296,4.251197096232246
2025-01-24 08:00:00,Machine_B,,4.388853700706493
2025-01-24 08:10:00,Machine_B,74.45479647052703,4.709186157878007
2025-01-24 08:20:00,Machine_B,,4.601366344041982
2025-01-24 08:30:00,Machine_B,74.6309730325018,4.585360196744944
2025-01-24 08:40:00,Machine_B,75.85890267721108,4.634330849026595
2025-01-24 08:50:00,Machine_B,74.99048892636927,4.66760273175269
2025-01-24 09:00:00,Machine_B,74.68728839246697,4.781595466906627
2025-01-24 09:10:00,Machine_B,75.33393261665431,4.723287389797148
2025-01-24 09:20:00,Machine_B,73.68622659855464,4.592255864300732
2025-01-24 09:30:00,Machine_B,74.83051148714347,4.678055552172768
2025-01-24 09:40:00,Machine_B,76.57771061956652,4.614814533921685
2025-01-24 09:50:00,Machine_B,75.55191325319936,4.504386950645559
2025-01-24 10:00:00,Machine_B,75.36949503647347,4.640418490339098
2025-01-24 10:10:00,Machine_B,75.96826098471067,4.639502308846042
2025-01-24 10:20:00,Machine_B,76.49123431205985,4.363848618429695
2025-01-24 10:30:00,Machine_B,77.0309465078689,4.817734082326048
2025-01-24 10:40:00,Machine_B,75.66699216674725,4.856198432900144
2025-01-24 10:50:00,Machine_B,75.7389967008296,4.791224897666753
2025-01-24 11:00:00,Machine_B,75.95011926590011,4.858913669380194
2025-01-24 11:10:00,Machine_B,76.99279524245102,4.673502892138025
2025-01-24 11:20:00,Machine_B,76.24940492773034,4.617296815488064
2025-01-24 11:30:00,Machine_B,77.96421914125462,4.884453154289624
2025-01-24 11:40:00,Machine_B,76.12384713258756,4.526039928108081
2025-01-24 11:50:00,Machine_B,77.67794337258181,4.521919089749162
2025-01-24 12:00:00,Machine_B,75.56057559847319,4.800664970933207
2025-01-24 12:10:00,Machine_B,75.16430501157959,4.796142408629678
2025-01-24 12:20:00,Machine_B,76.18956610655476,4.887367323482354
2025-01-24 12:30:00,Machine_B,77.17010822588793,4.410770564595145
2025-01-24 12:40:00,Machine_B,75.8582991796401,
2025-01-24 12:50:00,Machine_B,75.72137592766161,4.51003386011486
2025-01-24 13:00:00,Machine_B,77.00283548223703,4.863619580206497
2025-01-24 13:10:00,Machine_B,,4.945080789922988
2025-01-24 13:20:00,Machine_B,75.4661031625019,4.790337567854281
2025-01-24 13:30:00,Machine_B,75.36849432376727,4.59283317568446
2025-01-24 13:40:00,Machine_B,76.65564983259067,4.551426510018633
2025-01-24 13:50:00,Machine_B,74.62369422739516,4.60419239407842
2025-01-24 14:00:00,Machine_B,76.72387439275234,4.518309041111985
2025-01-24 14:10:00,Machine_B,,4.631696077126979
2025-01-24 14:20:00,Machine_B,73.88049691288964,4.515129311514564
2025-01-24 14:30:00,Machine_B,75.63189964420275,4.3908121633683095
2025-01-24 14:40:00,Machine_B,73.94528324502659,4.696569689767003
2025-01-24 14:50:00,Machine_B,74.46813545685555,4.698349792056342
2025-01-24 15:00:00,Machine_B,74.92874692542762,4.90909365016625
2025-01-24 15:10:00,Machine_B,74.21109876413438,4.5118740518802145
2025-01-24 15:20:00,Machine_B,76.88956313603605,4.235684252828802
2025-01-24 15:30:00,Machine_B,75.69170311108853,4.708196899132761
2025-01-24 15:40:00,Machine_B,75.97577431731466,4.71343885556386
2025-01-24 15:50:00,Machine_B,74.64713886697977,4.7365117852775604
2025-01-24 16:00:00,Machine_B,74.65770725877653,4.779838380608873
2025-01-24 16:10:00,Machine_B,75.76854900246364,4.766015740512309
2025-01-24 16:20:00,Machine_B,74.71851094242598,4.306025123840001
2025-01-24 16:30:00,Machine_B,74.72606045443604,4.743361504433845
2025-01-24 16:40:00,Machine_B,73.36951572241385,4.388196042962487
2025-01-24 16:50:00,Machine_B,73.22572363270233,4.573202905462647
2025-01-24 17:00:00,Machine_B,74.02511531059501,4.458177260081687
2025-01-24 17:10:00,Machine_B,73.97084467410657,4.218136320823058
2025-01-24 17:20:00,Machine_B,72.72954016686643,4.583672849158955
2025-01-24 17:30:00,Machine_B,73.6675655790858,4.274138513670063
2025-01-24 17:40:00,Machine_B,72.25618164004446,4.672132814712857
2025-01-24 17:50:00,Machine_B,73.09671812666873,4.181411615222127
2025-01-24 18:00:00,Machine_B,71.78751016359426,4.119198794550796
2025-01-24 18:10:00,Machine_B,73.85173850365739,4.1618878992857
2025-01-24 18:20:00,Machine_B,,4.531582811827404
2025-01-24 18:30:00,Machine_B,71.93934518628205,3.961667224944086
2025-01-24 18:40:00,Machine_B,71.43119630727966,4.389543617881705
2025-01-24 18:50:00,Machine_B,71.20894250770256,4.536593732080211
2025-01-24 19:00:00,Machine_B,72.40784486642441,
2025-01-24 19:10:00,Machine_B,72.7196684356657,4.099760174473728
2025-01-24 19:20:00,Machine_B,72.49952683691001,4.167138873703464
2025-01-24 19:30:00,Machine_B,,3.9332588063114375
2025-01-24 19:40:00,Machine_B,72.90201933925185,4.594842677472425
2025-01-24 19:50:00,Machine_B,72.13737412372416,4.221945668051527
2025-01-24 20:00:00,Machine_B,70.83935237965599,3.8653071286240817
2025-01-24 20:10:00,Machine_B,71.25121676427817,3.9237547470967513
2025-01-24 20:20:00,Machine_B,69.18760460963443,4.085801352552434
2025-01-24 20:30:00,Machine_B,71.38460744202825,3.8055611258843807
2025-01-24 20:40:00,Machine_B,,3.7533011122186
2025-01-24 20:50:00,Machine_B,71.92585282117906,4.0630293278159195
2025-01-24 21:00:00,Machine_B,69.9491888565466,4.177881649599937
2025-01-24 21:10:00,Machine_B,70.85520571726553,4.148798485019573
2025-01-24 21:20:00,Machine_B,69.54394697586449,3.9611939046967892
2025-01-24 21:30:00,Machine_B,70.16752823623958,3.911079303496846
2025-01-24 21:40:00,Machine_B,68.86156069175219,3.9590155474053645
2025-01-24 21:50:00,Machine_B,71.17428646140449,4.118223383027139
2025-01-24 22:00:00,Machine_B,70.856863931006,3.704070325694291
2025-01-24 22:10:00,Machine_B,69.56766179534885,3.7817432828072786
2025-01-24 22:20:00,Machine_B,70.09225211294006,3.8458302872895436
2025-01-24 22:30:00,Machine_B,69.85658505888324,3.863151128147689
2025-01-24 22:40:00,Machine_B,69.28504968836116,3.8906668889020857
2025-01-24 22:50:00,Machine_B,69.82894837925082,3.8905115552846565
2025-01-24 23:00:00,Machine_B,69.33795902930598,4.0116578261192855
2025-01-24 23:10:00,Machine_B,70.44466546681,3.5691932101376445
2025-01-24 23:20:00,Machine_B,69.46647064929675,3.595243968365157
2025-01-24 23:30:00,Machine_B,71.52882970024169,3.7616148260581665
2025-01-24 23:40:00,Machine_B,69.54201255366566,4.035491803257665
2025-01-24 23:50:00,Machine_B,69.68903393164265,3.7622440067608323
2025-01-25 00:00:00,Machine_B,70.02252681736934,3.8726051969306283
2025-01-25 00:10:00,Machine_B,70.2774859167408,3.9043269097636593
2025-01-25 00:20:00,Machine_B,69.68472590391166,3.9402764685082934
2025-01-25 00:30:00,Machine_B,70.04858825081406,4.167973332577725
2025-01-25 00:40:00,Machine_B,69.81747159134893,4.015205796578664
2025-01-25 00:50:00,Machine_B,69.08266730292775,4.074376829092217
2025-01-25 01:00:00,Machine_B,68.9078227014975,3.8775100308281916
2025-01-25 01:10:00,Machine_B,70.35298599232507,4.171891399402017
2025-01-25 01:20:00,Machine_B,71.06097175836862,3.9266943665211076
2025-01-25 01:30:00,Machine_B,68.60228406557665,
2025-01-25 01:40:00,Machine_B,68.8254117314863,4.373004428475821
2025-01-25 01:50:00,Machine_B,68.8897378054486,3.9483246601307167
2025-01-25 02:00:00,Machine_B,70.74319339391027,4.045647618587734
2025-01-25 02:10:00,Machine_B,70.89369286051004,3.7689574794882343
2025-01-25 02:20:00,Machine_B,69.51509083402915,4.368529747575604
2025-01-25 02:30:00,Machine_B,72.15560072445592,3.8427052922264444
2025-01-25 02:40:00,Machine_B,70.18309344825904,3.9292689081130554
2025-01-25 02:50:00,Machine_B,71.74478120835505,3.7371548430578905
2025-01-25 03:00:00,Machine_B,71.35320887250484,4.09242593375105
2025-01-25 03:10:00,Machine_B,70.05471751130432,3.991144971637607
2025-01-25 03:20:00,Machine_B,70.60609498812677,3.779565288388157
2025-01-25 03:30:00,Machine_B,70.36619294304063,4.061394589944119
2025-01-25 03:40:00,Machine_B,,4.107287029717056
2025-01-25 03:50:00,Machine_B,71.12069379393729,4.062836161463218
2025-01-25 04:00:00,Machine_B,70.49945321176298,3.7972401644177145
2025-01-25 04:10:00,Machine_B,71.45676918710289,4.1953897026789235
2025-01-25 04:20:00,Machine_B,73.2845625476208,3.933313195486927
2025-01-25 04:30:00,Machine_B,72.43983351308529,4.340351518324326
2025-01-25 04:40:00,Machine_B,71.58361447637031,4.0994502911738415
2025-01-25 04:50:00,Machine_B,71.66745382309169,4.385820457200495
2025-01-25 05:00:00,Machine_B,72.00865376387112,4.2410663444681855
2025-01-25 05:10:00,Machine_B,74.13929798178081,4.270206574739479
2025-01-25 05:20:00,Machine_B,,4.508258516832417
2025-01-25 05:30:00,Machine_B,72.79070144227576,4.152015401116252
2025-01-25 05:40:00,Machine_B,73.32071746159089,4.121873941137096
2025-01-25 05:50:00,Machine_B,74.07770923263226,4.43956425546939
2025-01-25 06:00:00,Machine_B,72.99636336118976,4.123471208231902
2025-01-25 06:10:00,Machine_B,72.64954118939598,4.236681887562049
2025-01-25 06:20:00,Machine_B,73.80817345536829,4.116637660487072
2025-01-25 06:30:00,Machine_B,74.78461432421716,4.628564847698511
2025-01-25 06:40:00,Machine_B,73.6700175351821,4.260993499660918
2025-01-25 06:50:00,Machine_B,73.37107384470004,4.343794205265429
2025-01-25 07:00:00,Machine_B,74.28361549457946,4.249259121655286
2025-01-25 07:10:00,Machine_B,73.04769785197931,4.431775108001129
2025-01-25 07:20:00,Machine_B,,4.494845745546228
2025-01-25 07:30:00,Machine_B,75.58493755983164,4.688383414722951
2025-01-25 07:40:00,Machine_B,75.48668026667706,4.320559413169189
2025-01-25 07:50:00,Machine_B,74.81318150498726,4.468787594696775
2025-01-25 08:00:00,Machine_B,76.39413018115832,4.851092924159597
2025-01-25 08:10:00,Machine_B,76.72962907909663,4.800008921979199
2025-01-25 08:20:00,Machine_B,75.86448095468927,4.507771113390128
2025-01-25 08:30:00,Machine_B,74.28665626233965,4.637537478695669
2025-01-25 08:40:00,Machine_B,74.08054949182751,5.016834100767749
2025-01-25 08:50:00,Machine_B,76.81059396931595,4.463265451486064
2025-01-25 09:00:00,Machine_B,76.01440606868094,4.347371070138922
2025-01-25 09:10:00,Machine_B,77.23717791040345,4.6111111532626134
2025-01-25 09:20:00,Machine_B,74.9629871354578,4.7063786459440236
2025-01-25 09:30:00,Machine_B,76.00508016711053,4.590113821158496
2025-01-25 09:40:00,Machine_B,77.0521901827299,4.922795541278351
2025-01-25 09:50:00,Machine_B,75.73435951479873,4.796610841488137
2025-01-25 10:00:00,Machine_B,77.21375029430489,4.660914433469388
2025-01-25 10:10:00,Machine_B,76.38166151652253,4.682970550356013
2025-01-25 10:20:00,Machine_B,76.57438701084652,4.65516255002172
2025-01-25 10:30:00,Machine_B,75.67104704649792,4.947597888207805
2025-01-25 10:40:00,Machine_B,,4.721138895336227
2025-01-25 10:50:00,Machine_B,78.48564385120807,4.598615408235384
2025-01-25 11:00:00,Machine_B,77.08907450291733,4.992808870322601
2025-01-25 11:10:00,Machine_B,76.18608716136404,4.775414089554463
2025-01-25 11:20:00,Machine_B,77.97020484404962,4.585048181959805
2025-01-25 11:30:00,Machine_B,76.27225812646732,5.141958097194111
2025-01-25 11:40:00,Machine_B,78.27953625685429,4.946519396068142
2025-01-25 11:50:00,Machine_B,75.8971875839419,4.847063197550293
2025-01-25 12:00:00,Machine_B,77.14316672583303,4.801867710003022
2025-01-25 12:10:00,Machine_B,78.14723266097431,4.789943885723505
2025-01-25 12:20:00,Machine_B,76.22725391822355,4.785821322091946
2025-01-25 12:30:00,Machine_B,76.97512674819444,4.789406949786231
2025-01-25 12:40:00,Machine_B,,4.7303498691768056
2025-01-25 12:50:00,Machine_B,,4.814896909995602
2025-01-25 13:00:00,Machine_B,77.57433072578907,4.719960547178387
2025-01-25 13:10:00,Machine_B,76.72426535710731,4.865227732675058
2025-01-25 13:20:00,Machine_B,,4.815302472126345
2025-01-25 13:30:00,Machine_B,76.03720553535243,4.687160390477828
2025-01-25 13:40:00,Machine_B,75.5327954533639,4.7905441098279935
2025-01-25 13:50:00,Machine_B,76.14476149795783,4.896050608757746
2025-01-25 14:00:00,Machine_B,76.05912240422084,4.383556929999995
2025-01-25 14:10:00,Machine_B,76.27036183472781,4.884435179350808
2025-01-25 14:20:00,Machine_B,75.98036283181567,4.549536637680545
2025-01-25 14:30:00,Machine_B,74.6631261653414,4.676909977468017
2025-01-25 14:40:00,Machine_B,76.10241267753615,4.23871051803353
2025-01-25 14:50:00,Machine_B,76.26764415756625,4.837760576132954
2025-01-25 15:00:00,Machine_B,75.82652978018575,4.589955569644853
2025-01-25 15:10:00,Machine_B,76.1047922115452,4.619883065196348
2025-01-25 15:20:00,Machine_B,75.83299287437397,4.712239914986161
2025-01-25 15:30:00,Machine_B,74.54486182725738,4.326698496157147
2025-01-25 15:40:00,Machine_B,75.29114088361418,4.677613217338275
2025-01-25 15:50:00,Machine_B,75.50048800878088,4.76763586822887
2025-01-25 16:00:00,Machine_B,75.09359682843258,4.666356241624633
2025-01-25 16:10:00,Machine_B,73.95973527204195,4.547727112786936
2025-01-25 16:20:00,Machine_B,76.0000153832582,4.609252447202551
2025-01-25 16:30:00,Machine_B,74.10854249056194,4.5711189177039495
2025-01-25 16:40:00,Machine_B,73.75470211483122,4.703778831048802
2025-01-25 16:50:00,Machine_B,74.64102792915429,4.775386115479019
2025-01-25 17:00:00,Machine_B,74.21367785475015,4.457518553513145
2025-01-25 17:10:00,Machine_B,74.80362247922739,4.5549061690595645
2025-01-25 17:20:00,Machine_B,74.87533621478234,4.374643425146175
2025-01-25 17:30:00,Machine_B,74.60725188753396,4.551244194034398
2025-01-25 17:40:00,Machine_B,73.88209091363709,4.54037579006465
2025-01-25 17:50:00,Machine_B,74.17829190641085,4.40877247955275
2025-01-25 18:00:00,Machine_B,72.33948952376153,4.513423056515322
2025-01-25 18:10:00,Machine_B,74.31483471893483,4.4017793217296814
2025-01-25 18:20:00,Machine_B,72.9676189652983,4.373794910550934
2025-01-25 18:30:00,Machine_B,74.72015032354841,4.205297565094989
2025-01-25 18:40:00,Machine_B,73.89762691530362,4.376144961497733
2025-01-25 18:50:00,Machine_B,72.69470232925353,4.222744045719484
2025-01-25 19:00:00,Machine_B,72.72584517819794,4.46507414729954
2025-01-25 19:10:00,Machine_B,73.51387621548406,4.13873967598445
2025-01-25 19:20:00,Machine_B,70.61844554557574,4.321148752410636
2025-01-25 19:30:00,Machine_B,72.16054835994977,4.208380291830827
2025-01-25 19:40:00,Machine_B,73.51461396514874,4.286092999104264
2025-01-25 19:50:00,Machine_B,72.6969155034752,4.210885707503548
2025-01-25 20:00:00,Machine_B,71.22149556676902,4.057759594942433
2025-01-25 20:10:00,Machine_B,72.01721161523827,4.3859298570122025
2025-01-25 20:20:00,Machine_B,70.86182236083755,4.013866877505795
2025-01-25 20:30:00,Machine_B,71.2513698335135,4.274220728993915
2025-01-25 20:40:00,Machine_B,71.67703568358122,3.838370534238279
2025-01-25 20:50:00,Machine_B,71.70753052974216,4.078145110978324
2025-01-25 21:00:00,Machine_B,71.77741124521631,4.39205545069078
2025-01-25 21:10:00,Machine_B,72.07982303162113,4.054477808003112
2025-01-25 21:20:00,Machine_B,70.04164123144075,4.109311775067284
2025-01-25 21:30:00,Machine_B,70.92477179784721,4.368960935807192
2025-01-25 21:40:00,Machine_B,70.1394957221647,4.044006764770592
2025-01-25 21:50:00,Machine_B,70.42036426641063,4.106261624717066
2025-01-25 22:00:00,Machine_B,70.06119433224478,4.159123567515922
2025-01-25 22:10:00,Machine_B,70.99533209539261,3.7933337817752113
2025-01-25 22:20:00,Machine_B,71.3751992244348,3.946436029266276
2025-01-25 22:30:00,Machine_B,71.36140801539642,4.050130930477647
2025-01-25 22:40:00,Machine_B,,3.7332172175856995
2025-01-25 22:50:00,Machine_B,70.28175501302378,4.261558856964631
2025-01-25 23:00:00,Machine_B,69.43585476046147,4.146487996819359
2025-01-25 23:10:00,Machine_B,69.3774119482395,4.115847170932388
2025-01-25 23:20:00,Machine_B,69.75573220948405,4.241102538544714
2025-01-25 23:30:00,Machine_B,70.54103947126433,4.131534088856881
2025-01-25 23:40:00,Machine_B,70.66942281317763,3.9586654467153966
2025-01-25 23:50:00,Machine_B,70.772200940772,3.705791120863664
2025-01-26 00:00:00,Machine_B,70.72388672624358,3.877381857699208
2025-01-26 00:10:00,Machine_B,69.57956433439978,3.88385891366845
2025-01-26 00:20:00,Machine_B,71.21855354983228,4.1147609483498835
2025-01-26 00:30:00,Machine_B,70.93610868063573,4.020910808878494
2025-01-26 00:40:00,Machine_B,69.99107629226813,3.728384675261291
2025-01-26 00:50:00,Machine_B,70.05559768188422,4.170557239871494
2025-01-26 01:00:00,Machine_B,69.87030967423098,4.2596188965885124
2025-01-26 01:10:00,Machine_B,69.41011328059479,4.292257717246981
2025-01-26 01:20:00,Machine_B,71.03000682279638,3.830418004657395
2025-01-26 01:30:00,Machine_B,71.21469606365531,4.099636852247404
2025-01-26 01:40:00,Machine_B,69.8822196647572,3.8693481818243196
2025-01-26 01:50:00,Machine_B,69.70962789279642,4.409065037864745
2025-01-26 02:00:00,Machine_B,70.02384832380008,4.075792526939446
2025-01-26 02:10:00,Machine_B,70.9450062009058,4.014673621226985
2025-01-26 02:20:00,Machine_B,69.84058038969485,3.9932895552529883
2025-01-26 02:30:00,Machine_B,71.94321962627981,4.165617320081113
2025-01-26 02:40:00,Machine_B,71.99543286671243,4.21142390807117
2025-01-26 02:50:00,Machine_B,71.5857413873648,3.835741604490342
2025-01-26 03:00:00,Machine_B,72.00416486568292,4.398237449215468
2025-01-26 03:10:00,Machine_B,71.51820247258534,4.246582091346717
2025-01-26 03:20:00,Machine_B,71.96264433973641,4.427400636853822
2025-01-26 03:30:00,Machine_B,70.67398087048838,4.501484554456136
2025-01-26 03:40:00,Machine_B,72.95417161009061,4.1923293648985185
2025-01-26 03:50:00,Machine_B,71.5833884638625,4.381625113383775
2025-01-26 04:00:00,Machine_B,72.00529267030193,4.141358982718258
2025-01-26 04:10:00,Machine_B,74.23648768981349,4.1788572995984286
2025-01-26 04:20:00,Machine_B,72.21219123573397,4.564516602831387
2025-01-26 04:30:00,Machine_B,73.12400443874074,4.167253780453253
2025-01-26 04:40:00,Machine_B,73.0909443603225,4.354788644022049
2025-01-26 04:50:00,Machine_B,71.76217757524131,4.175452853144358
2025-01-26 05:00:00,Machine_B,72.17975556749168,4.240522474471563
2025-01-26 05:10:00,Machine_B,74.76110282157279,4.28751376569286
2025-01-26 05:20:00,Machine_B,73.75000617661934,4.659011235733196
2025-01-26 05:30:00,Machine_B,73.42861665598366,4.511241513693295
2025-01-26 05:40:00,Machine_B,73.16990866458323,4.590647837184424
2025-01-26 05:50:00,Machine_B,74.0113803050741,4.134309838741032
2025-01-26 06:00:00,Machine_B,74.24461818634386,4.486236718616743
2025-01-26 06:10:00,Machine_B,74.2508989768609,4.431613018836389
2025-01-26 06:20:00,Machine_B,75.08174134218233,4.609504902407334
2025-01-26 06:30:00,Machine_B,73.68939647370242,4.97441144284382
2025-01-26 06:40:00,Machine_B,73.73776302796617,4.131174608379808
2025-01-26 06:50:00,Machine_B,75.52706448680411,4.653465338534112
2025-01-26 07:00:00,Machine_B,76.53559990090729,4.9983299799379415
2025-01-26 07:10:00,Machine_B,75.67064147463823,4.529389130673569
2025-01-26 07:20:00,Machine_B,76.18388458218074,4.667546760849861
2025-01-26 07:30:00,Machine_B,75.23264450437654,4.781490131674415
2025-01-26 07:40:00,Machine_B,75.64969482487106,4.2904512180559005
2025-01-26 07:50:00,Machine_B,75.78039800065953,4.744866722227177
2025-01-26 08:00:00,Machine_B,75.67232534846309,4.572068348538237
2025-01-26 08:10:00,Machine_B,,5.1012165393950255
2025-01-26 08:20:00,Machine_B,76.87588979162241,4.712449245776115
2025-01-26 08:30:00,Machine_B,75.79148595942617,4.6385814004534875
2025-01-26 08:40:00,Machine_B,74.91801720897891,
2025-01-26 08:50:00,Machine_B,76.30294241600171,4.886024548866049
2025-01-26 09:00:00,Machine_B,75.54490198623006,4.974466280500244
2025-01-26 09:10:00,Machine_B,76.59767461278854,5.171484426165195
2025-01-26 09:20:00,Machine_B,75.82324058830304,4.736049346411186
2025-01-26 09:30:00,Machine_B,77.78924166649054,5.163935453185517
2025-01-26 09:40:00,Machine_B,77.426375886602,5.2048923997360825
2025-01-26 09:50:00,Machine_B,77.49629476835023,4.740362645688512
2025-01-26 10:00:00,Machine_B,77.90967091652308,
2025-01-26 10:10:00,Machine_B,77.44277093373871,4.908488262136544
2025-01-26 10:20:00,Machine_B,77.63937979641027,4.873563256498995
2025-01-26 10:30:00,Machine_B,78.41571235015861,5.225875722628324
2025-01-26 10:40:00,Machine_B,77.22020095938095,4.770688565998415
2025-01-26 10:50:00,Machine_B,77.86550437302772,4.977377883842962
2025-01-26 11:00:00,Machine_B,76.58614625075874,4.801879060085588
2025-01-26 11:10:00,Machine_B,77.53288811282475,4.96469080260828
2025-01-26 11:20:00,Machine_B,79.31119855620575,5.335335795047648
2025-01-26 11:30:00,Machine_B,78.18337565197216,5.281797612727278
2025-01-26 11:40:00,Machine_B,77.48385821302708,5.0247554229187585
2025-01-26 11:50:00,Machine_B,77.77878737923655,5.072096908893199
2025-01-26 12:00:00,Machine_B,77.55820139493258,5.044868232120814
2025-01-26 12:10:00,Machine_B,77.76154316024807,4.905684087663203
2025-01-26 12:20:00,Machine_B,77.25150374091596,5.304932981408141
2025-01-26 12:30:00,Machine_B,77.9544956416363,5.196169300199461
2025-01-26 12:40:00,Machine_B,77.96413064009666,4.998683919589739
2025-01-26 12:50:00,Machine_B,77.51991587766909,4.914467600928838
2025-01-26 13:00:00,Machine_B,77.59487117023806,4.922314200629671
2025-01-26 13:10:00,Machine_B,77.71722069042296,5.005985429471965
2025-01-26 13:20:00,Machine_B,76.97824086167331,4.933219775802363
2025-01-26 13:30:00,Machine_B,77.73741963126807,5.1383574249667685
2025-01-26 13:40:00,Machine_B,77.9163423173225,5.012396674339158
2025-01-26 13:50:00,Machine_B,78.40108357910542,4.746647480564882
2025-01-26 14:00:00,Machine_B,77.4149535399591,
2025-01-26 14:10:00,Machine_B,76.64104190535984,5.07870337333627
2025-01-26 14:20:00,Machine_B,,4.682144444681899
2025-01-26 14:30:00,Machine_B,76.0050737812178,4.816759188939322
2025-01-26 14:40:00,Machine_B,77.41025983895375,4.788920874760685
2025-01-26 14:50:00,Machine_B,75.08442660844372,4.633012544808647
2025-01-26 15:00:00,Machine_B,77.45084788638047,4.899035516058076
2025-01-26 15:10:00,Machine_B,77.44158902810283,4.807562165093172
2025-01-26 15:20:00,Machine_B,74.07053419369868,4.701114253066619
2025-01-26 15:30:00,Machine_B,77.32068146277169,5.176776297365489
2025-01-26 15:40:00,Machine_B,77.00365201857596,4.348874853228515
2025-01-26 15:50:00,Machine_B,75.82732664703094,4.615545833304385
2025-01-26 16:00:00,Machine_B,74.97988078054429,4.651185391415602
2025-01-26 16:10:00,Machine_B,75.13376008865508,4.4941123009583706
2025-01-26 16:20:00,Machine_B,,5.128268270234338
2025-01-26 16:30:00,Machine_B,76.58911178144552,5.109231788157217
2025-01-26 16:40:00,Machine_B,75.03922723634274,4.564039689735274
2025-01-26 16:50:00,Machine_B,75.98263155290297,4.897856838726949
2025-01-26 17:00:00,Machine_B,75.01703478217647,4.75884606985294
2025-01-26 17:10:00,Machine_B,75.01652971499068,4.931331840323944
2025-01-26 17:20:00,Machine_B,73.57009659069232,4.5955114984391185
2025-01-26 17:30:00,Machine_B,73.7631438895505,4.673926320616811
2025-01-26 17:40:00,Machine_B,75.5679953388319,4.830011701569484
2025-01-26 17:50:00,Machine_B,74.26107594971592,4.78372247896375
2025-01-26 18:00:00,Machine_B,74.47802755910877,4.567294260293471
2025-01-26 18:10:00,Machine_B,75.53443176060826,4.3515410312605525
2025-01-26 18:20:00,Machine_B,73.83938173524058,4.365042338003267
2025-01-26 18:30:00,Machine_B,73.64680321081325,4.150910016773077
2025-01-26 18:40:00,Machine_B,74.61265564364112,4.606899833268554
2025-01-26 18:50:00,Machine_B,73.51241054764965,4.484958350726723
2025-01-26 19:00:00,Machine_B,73.61472229701688,4.480598906542847
2025-01-26 19:10:00,Machine_B,74.01407995558833,4.405985809823332
2025-01-26 19:20:00,Machine_B,73.07663232448756,4.186954650453419
2025-01-26 19:30:00,Machine_B,73.56880376541108,4.4315635376599065
2025-01-26 19:40:00,Machine_B,72.71079795491784,4.467100306114387
2025-01-26 19:50:00,Machine_B,73.45594395431252,4.185108287241822
2025-01-26 20:00:00,Machine_B,72.87872832227914,4.319897284029272
2025-01-26 20:10:00,Machine_B,72.23530873135057,4.192345747355686
2025-01-26 20:20:00,Machine_B,72.35257658301647,4.254759732184056
2025-01-26 20:30:00,Machine_B,70.219077347369,4.074185485612441
2025-01-26 20:40:00,Machine_B,73.0149845149302,4.215803335467936
2025-01-26 20:50:00,Machine_B,70.9459627964692,4.543080537866044
2025-01-26 21:00:00,Machine_B,70.98858213728802,4.146457517901094
2025-01-26 21:10:00,Machine_B,71.39237836061898,4.101493326450932
2025-01-26 21:20:00,Machine_B,70.212261765034,4.100685513814613
2025-01-26 21:30:00,Machine_B,71.92964799960274,4.16625222102574
2025-01-26 21:40:00,Machine_B,71.75858460428908,4.512332752981927
2025-01-26 21:50:00,Machine_B,71.0002181564543,4.4326663382066895
2025-01-26 22:00:00,Machine_B,70.77231252956734,4.144472964054673
2025-01-26 22:10:00,Machine_B,70.69109207655097,4.045970960837687
2025-01-26 22:20:00,Machine_B,71.67462258477087,3.8368517229285466
2025-01-26 22:30:00,Machine_B,69.8508159514464,3.982717102586748
2025-01-26 22:40:00,Machine_B,70.74776537275693,3.785054132857626
2025-01-26 22:50:00,Machine_B,69.80685127413284,4.268215156732566
2025-01-26 23:00:00,Machine_B,71.60717183834423,4.370733490263542
2025-01-26 23:10:00,Machine_B,70.69141659926817,4.058958522897531
2025-01-26 23:20:00,Machine_B,71.37251679207301,4.192604223783166
2025-01-26 23:30:00,Machine_B,71.91603143000715,3.9253320422447904
2025-01-26 23:40:00,Machine_B,71.91743240900263,3.7708662430069753
2025-01-26 23:50:00,Machine_B,70.0811363004033,4.1296163421242404
2025-01-27 00:00:00,Machine_B,71.14756799680276,4.189001585146922
2025-01-27 00:10:00,Machine_B,71.80496032932862,4.427976912533263
2025-01-27 00:20:00,Machine_B,71.47952750579105,4.494752068002185
2025-01-27 00:30:00,Machine_B,71.57974886928918,4.0762075546295575
2025-01-27 00:40:00,Machine_B,69.54456963186198,4.294350504356858
2025-01-27 00:50:00,Machine_B,71.55045099117707,4.19154970548722
2025-01-27 01:00:00,Machine_B,70.41199790422652,4.1407422068357125
2025-01-27 01:10:00,Machine_B,71.62533673481317,4.139914768451779
2025-01-27 01:20:00,Machine_B,71.66143332943481,4.127714086236944
2025-01-27 01:30:00,Machine_B,71.67898042248542,4.143407822514892
2025-01-27 01:40:00,Machine_B,71.18454231551594,4.468685297814147
2025-01-27 01:50:00,Machine_B,72.39798794984819,4.218635895404666
2025-01-27 02:00:00,Machine_B,71.83132415843188,4.5038236601472095
2025-01-27 02:10:00,Machine_B,71.7640232521925,4.039611484911328
2025-01-27 02:20:00,Machine_B,70.84863360860234,3.703156403162678
2025-01-27 02:30:00,Machine_B,72.00784444620183,4.14216999607486
2025-01-27 02:40:00,Machine_B,73.37403521869622,
2025-01-27 02:50:00,Machine_B,70.78411944396265,
2025-01-27 03:00:00,Machine_B,72.59046114424669,4.500918985252517
2025-01-27 03:10:00,Machine_B,72.80618961791323,4.041267228808071
2025-01-27 03:20:00,Machine_B,73.62093666752648,
2025-01-27 03:30:00,Machine_B,72.94471872535237,4.676112334969888
2025-01-27 03:40:00,Machine_B,72.5003311189149,4.1232393423652125
2025-01-27 03:50:00,Machine_B,72.96136007388186,4.305813122169729
2025-01-27 04:00:00,Machine_B,72.54388871859169,4.6084874696454765
2025-01-27 04:10:00,Machine_B,73.87213346717692,4.308274595467268
2025-01-27 04:20:00,Machine_B,71.7990134656833,4.4613185569133345
2025-01-27 04:30:00,Machine_B,72.79218604686925,4.535365391225687
2025-01-27 04:40:00,Machine_B,73.68624297761886,4.470671335796833
2025-01-27 04:50:00,Machine_B,,4.3781526673818725
2025-01-27 05:00:00,Machine_B,73.61852327921846,4.3379729557410265
2025-01-27 05:10:00,Machine_B,73.15652192991905,4.301375072857776
2025-01-27 05:20:00,Machine_B,73.76797762005864,4.625897473375497
2025-01-27 05:30:00,Machine_B,73.79854738494062,4.42034376037725
2025-01-27 05:40:00,Machine_B,73.99164698708607,4.774388969301864
2025-01-27 05:50:00,Machine_B,74.05717523717341,4.86558804613576
2025-01-27 06:00:00,Machine_B,74.21470554944614,4.391773822782463
2025-01-27 06:10:00,Machine_B,73.34693048662578,4.753336710506244
2025-01-27 06:20:00,Machine_B,75.11669587061616,5.011504176146094
2025-01-27 06:30:00,Machine_B,75.57267018368387,4.507276773997539
2025-01-27 06:40:00,Machine_B,76.3870401433249,4.897590564146518
2025-01-27 06:50:00,Machine_B,76.03092885863225,4.802712017729847
2025-01-27 07:00:00,Machine_B,76.14293804880056,4.89435576450907
2025-01-27 07:10:00,Machine_B,75.88337716299768,4.604998224682066
2025-01-27 07:20:00,Machine_B,74.38563986391765,5.103509015003464
2025-01-27 07:30:00,Machine_B,76.16662991066093,4.659166861811618
2025-01-27 07:40:00,Machine_B,76.17670415028364,4.913827502753956
2025-01-27 07:50:00,Machine_B,77.05217159651046,4.8055711394342895
2025-01-27 08:00:00,Machine_B,76.82064957397648,4.93159757712992
2025-01-27 08:10:00,Machine_B,76.39783107027552,4.675602594468028
2025-01-27 08:20:00,Machine_B,78.19973375320328,4.648850576499552
2025-01-27 08:30:00,Machine_B,77.43963850003989,4.938108197678686
2025-01-27 08:40:00,Machine_B,77.15637056275288,4.8364822993641
2025-01-27 08:50:00,Machine_B,77.3680528680302,4.845949981618874
2025-01-27 09:00:00,Machine_B,77.16756949986832,5.031265353173092
2025-01-27 09:10:00,Machine_B,77.24193813197323,4.67856622252372
2025-01-27 09:20:00,Machine_B,75.59775812845251,5.178625586437041
2025-01-27 09:30:00,Machine_B,76.70196135719729,4.996021322504262
2025-01-27 09:40:00,Machine_B,77.09609592769114,5.124260999468844
2025-01-27 09:50:00,Machine_B,77.97869697673099,5.093615499633059
2025-01-27 10:00:00,Machine_B,76.38057545578607,5.114561004730172
2025-01-27 10:10:00,Machine_B,77.36295124473949,4.804265895415748
2025-01-27 10:20:00,Machine_B,77.33248396164625,5.239149027930646
2025-01-27 10:30:00,Machine_B,78.0113572180603,5.087370330372065
2025-01-27 10:40:00,Machine_B,78.34031154860796,4.960696148998642
2025-01-27 10:50:00,Machine_B,77.51476214319017,5.030787117667909
2025-01-27 11:00:00,Machine_B,77.6195087285322,5.1248511220889235
2025-01-27 11:10:00,Machine_B,77.57522991242789,5.09760772488694
2025-01-27 11:20:00,Machine_B,77.84166902720843,5.177333731857498
2025-01-27 11:30:00,Machine_B,78.14059884268437,5.371260408581134
2025-01-27 11:40:00,Machine_B,79.2547539337234,4.8900263862265465
2025-01-27 11:50:00,Machine_B,77.40715971048473,5.213787777907328
2025-01-27 12:00:00,Machine_B,79.62567285732001,5.060686179225318
2025-01-27 12:10:00,Machine_B,77.23912842300618,5.286063083769499
2025-01-27 12:20:00,Machine_B,78.98442291878402,5.372570909400826
2025-01-27 12:30:00,Machine_B,77.82796192570811,5.113952238588098
2025-01-27 12:40:00,Machine_B,77.46111615074366,5.1882422011401
2025-01-27 12:50:00,Machine_B,79.218109340139,5.29239154042915
2025-01-27 13:00:00,Machine_B,78.19822592251667,5.249349660879542
2025-01-27 13:10:00,Machine_B,78.12939609272406,5.291224668715236
2025-01-27 13:20:00,Machine_B,77.82837457341702,5.005873207423056
2025-01-27 13:30:00,Machine_B,77.53403331638117,4.960206915134937
2025-01-27 13:40:00,Machine_B,77.80073945208383,4.841660474925233
2025-01-27 13:50:00,Machine_B,75.29767099407708,5.00316016223432
2025-01-27 14:00:00,Machine_B,76.32730259449646,5.014561264304358
2025-01-27 14:10:00,Machine_B,78.04940519110428,4.994511193368445
2025-01-27 14:20:00,Machine_B,78.60144849583358,5.098886208505347
2025-01-27 14:30:00,Machine_B,78.66029025977325,5.092795550849052
2025-01-27 14:40:00,Machine_B,76.71277898486643,4.9762762420441575
2025-01-27 14:50:00,Machine_B,77.5364640302361,5.038360230753384
2025-01-27 15:00:00,Machine_B,75.52634364984493,5.112012026093079
2025-01-27 15:10:00,Machine_B,76.89421804121187,4.806067381029619
2025-01-27 15:20:00,Machine_B,77.72398820275488,5.10390078383006
2025-01-27 15:30:00,Machine_B,76.93645879167309,4.811396826528345
2025-01-27 15:40:00,Machine_B,76.56642484910427,5.165477194693986
2025-01-27 15:50:00,Machine_B,76.69873691536021,4.92087537351901
2025-01-27 16:00:00,Machine_B,77.60961137577014,4.886538318968723
2025-01-27 16:10:00,Machine_B,76.25820604316198,4.536473980229623
2025-01-27 16:20:00,Machine_B,76.37964039763821,4.960264928635116
2025-01-27 16:30:00,Machine_B,77.40178269083088,4.841817818602584
2025-01-27 16:40:00,Machine_B,75.86580187744518,4.838588994270927
2025-01-27 16:50:00,Machine_B,74.59915453492293,4.772730054760315
2025-01-27 17:00:00,Machine_B,76.86100973937243,4.8840037890978945
2025-01-27 17:10:00,Machine_B,76.4349450521398,4.901816037164604
2025-01-27 17:20:00,Machine_B,73.70388065346789,4.821932572492083
2025-01-27 17:30:00,Machine_B,75.22665185531778,4.953309010852879
2025-01-27 17:40:00,Machine_B,75.16578717413435,4.568079771845781
2025-01-27 17:50:00,Machine_B,76.13057459640972,4.572082485443703
2025-01-27 18:00:00,Machine_B,74.87599465479232,4.733206663110692
2025-01-27 18:10:00,Machine_B,74.87208056998705,4.760324735343204
2025-01-27 18:20:00,Machine_B,74.7490715181525,4.715451778572952
2025-01-27 18:30:00,Machine_B,74.0713276705084,4.3720079621703185
2025-01-27 18:40:00,Machine_B,75.33557121653072,4.368739486008456
2025-01-27 18:50:00,Machine_B,73.5187164068901,4.53350723281987
2025-01-27 19:00:00,Machine_B,73.62035816829037,4.226462478965074
2025-01-27 19:10:00,Machine_B,73.86187778278222,
2025-01-27 19:20:00,Machine_B,72.65609828904334,4.499287164348922
2025-01-27 19:30:00,Machine_B,75.00106035750072,4.330689296970889
2025-01-27 19:40:00,Machine_B,73.45279049314041,4.3788414393147415
2025-01-27 19:50:00,Machine_B,73.98071846499279,4.481130702605677
2025-01-27 20:00:00,Machine_B,72.42567718007099,4.1761657222848925
2025-01-27 20:10:00,Machine_B,73.63501942074151,4.320436503666228
2025-01-27 20:20:00,Machine_B,73.58045235939414,4.366147126502511
2025-01-27 20:30:00,Machine_B,73.57723872242146,4.344593141369198
2025-01-27 20:40:00,Machine_B,74.23396546064752,4.335287927515919
2025-01-27 20:50:00,Machine_B,72.15308083758897,4.614780821364241
2025-01-27 21:00:00,Machine_B,72.34455791565381,4.527541722403817
2025-01-27 21:10:00,Machine_B,71.71659400712781,4.22829408920367
2025-01-27 21:20:00,Machine_B,72.2196396440748,4.145251621665094
2025-01-27 21:30:00,Machine_B,72.73684845864291,4.246087943452062
2025-01-27 21:40:00,Machine_B,72.60796220534782,4.530603745129503
2025-01-27 21:50:00,Machine_B,73.35205119071755,3.9167247986394322
2025-01-27 22:00:00,Machine_B,72.35690213356483,4.305334181970277
2025-01-27 22:10:00,Machine_B,71.89625879047381,4.22622879725041
2025-01-27 22:20:00,Machine_B,70.95938431310336,4.489534584373409
2025-01-27 22:30:00,Machine_B,72.46885292806951,4.443360819078775
2025-01-27 22:40:00,Machine_B,71.59976760368086,3.9962067911887473
2025-01-27 22:50:00,Machine_B,72.39162686754648,4.47039149511907
2025-01-27 23:00:00,Machine_B,71.30235896736147,3.8302558748641724
2025-01-27 23:10:00,Machine_B,72.57096073158274,4.356709988114577
2025-01-27 23:20:00,Machine_B,71.89417088326852,4.369872264905975
2025-01-27 23:30:00,Machine_B,72.36020301912924,4.544679896150392
2025-01-27 23:40:00,Machine_B,71.86294094146803,4.280967794840133
2025-01-27 23:50:00,Machine_B,70.80854823842378,4.11999735184865
2025-01-28 00:00:00,Machine_B,71.25769805131468,4.058494630921057
2025-01-28 00:10:00,Machine_B,70.53351247061912,4.5041027059745105
2025-01-28 00:20:00,Machine_B,71.72006302005127,4.548859119010545
2025-01-28 00:30:00,Machine_B,70.42337748953912,4.1656242708037805
2025-01-28 00:40:00,Machine_B,71.85632938949294,4.254164033427044
2025-01-28 00:50:00,Machine_B,68.75990368354995,
2025-01-28 01:00:00,Machine_B,72.34428935341501,4.398765689691022
2025-01-28 01:10:00,Machine_B,70.86065247782967,4.233040520762483
2025-01-28 01:20:00,Machine_B,71.03405402476369,4.137066346037969
2025-01-28 01:30:00,Machine_B,72.95454470540706,4.130321336877563
2025-01-28 01:40:00,Machine_B,72.17888846670834,4.462098704492866
2025-01-28 01:50:00,Machine_B,72.67218303605071,4.233951287964013
2025-01-28 02:00:00,Machine_B,71.26880982873334,4.237097158185386
2025-01-28 02:10:00,Machine_B,72.92632721416264,4.431449842628176
2025-01-28 02:20:00,Machine_B,72.13619127364176,4.347556570559466
2025-01-28 02:30:00,Machine_B,72.43507082957387,
2025-01-28 02:40:00,Machine_B,73.63330418464123,4.300287319977663
2025-01-28 02:50:00,Machine_B,71.61594917927744,4.306581827683178
2025-01-28 03:00:00,Machine_B,73.38680505356409,4.254602748450624
2025-01-28 03:10:00,Machine_B,73.07952630377972,4.529432023058945
2025-01-28 03:20:00,Machine_B,72.72004882232795,4.432721822055951
2025-01-28 03:30:00,Machine_B,72.13881834577317,4.48632535702602
2025-01-28 03:40:00,Machine_B,72.96233325641445,4.266671358453863
2025-01-28 03:50:00,Machine_B,72.6185888455625,4.592609177779768
2025-01-28 04:00:00,Machine_B,74.35781636573724,4.541174319681163
2025-01-28 04:10:00,Machine_B,73.62013373730402,4.63450113177262
2025-01-28 04:20:00,Machine_B,73.14662096216962,4.583613524621082
2025-01-28 04:30:00,Machine_B,72.68240095783294,4.591775363407177
2025-01-28 04:40:00,Machine_B,73.608881379229,4.231797410128568
2025-01-28 04:50:00,Machine_B,75.11742057865405,4.783644604502124
2025-01-28 05:00:00,Machine_B,74.3686958749873,4.36084903108873
2025-01-28 05:10:00,Machine_B,74.28823895504107,4.8051090598419695
2025-01-28 05:20:00,Machine_B,75.94562634563707,4.625419756790927
2025-01-28 05:30:00,Machine_B,,4.369553913341137
2025-01-28 05:40:00,Machine_B,74.2517714917274,4.663609385685868
2025-01-28 05:50:00,Machine_B,75.37858994670597,4.429495814521679
2025-01-28 06:00:00,Machine_B,75.54815225279064,4.919436851989656
2025-01-28 06:10:00,Machine_B,74.9002506986907,4.647629312550321
2025-01-28 06:20:00,Machine_B,74.88844058215663,4.5734734895717395
2025-01-28 06:30:00,Machine_B,76.84053958082461,4.900189450597141
2025-01-28 06:40:00,Machine_B,75.49193545033926,4.793851985197607
2025-01-28 06:50:00,Machine_B,74.83110919972928,4.9151945689100955
2025-01-28 07:00:00,Machine_B,76.29974573239066,4.820967135726317
2025-01-28 07:10:00,Machine_B,77.01224070654256,5.069348520829218
2025-01-28 07:20:00,Machine_B,76.29319478414358,4.808303367240694
2025-01-28 07:30:00,Machine_B,77.02221878026765,
2025-01-28 07:40:00,Machine_B,75.89893408951207,4.721536852609834
2025-01-28 07:50:00,Machine_B,77.38088049841032,5.015287396110024
2025-01-28 08:00:00,Machine_B,76.25249429026965,4.836596581472682
2025-01-28 08:10:00,Machine_B,77.39586773127259,5.203627632812846
2025-01-28 08:20:00,Machine_B,77.89734756268459,4.779053791993972
2025-01-28 08:30:00,Machine_B,77.48983650959612,5.189722320316127
2025-01-28 08:40:00,Machine_B,76.54612059042684,4.944638881039369
2025-01-28 08:50:00,Machine_B,76.70013922610528,5.273538358550871
2025-01-28 09:00:00,Machine_B,79.04312057936095,5.144211640759506
2025-01-28 09:10:00,Machine_B,77.26422145292977,5.10225902356125
2025-01-28 09:20:00,Machine_B,,5.200978710895436
2025-01-28 09:30:00,Machine_B,78.1787290659519,5.315306698845891
2025-01-28 09:40:00,Machine_B,77.37560502175084,5.097807105644547
2025-01-28 09:50:00,Machine_B,77.84198347322057,4.780833262511106
2025-01-28 10:00:00,Machine_B,79.71178865758989,5.345719631273707
2025-01-28 10:10:00,Machine_B,81.22160322587389,5.091164155510517
2025-01-28 10:20:00,Machine_B,78.2480884994306,5.610287037591496
2025-01-28 10:30:00,Machine_B,78.25885077143974,5.049761285971806
2025-01-28 10:40:00,Machine_B,77.31717633027766,5.0976517589965775
2025-01-28 10:50:00,Machine_B,,5.307339479685334
2025-01-28 11:00:00,Machine_B,78.04285553831765,5.316751535213008
2025-01-28 11:10:00,Machine_B,78.41346379444514,5.261238805699394
2025-01-28 11:20:00,Machine_B,78.78341812760408,5.089043504769776
2025-01-28 11:30:00,Machine_B,79.38362236951961,4.984815291213431
2025-01-28 11:40:00,Machine_B,79.02935464641256,5.074745571253319
2025-01-28 11:50:00,Machine_B,79.43252166280946,4.925739939209397
2025-01-28 12:00:00,Machine_B,78.38384091247981,5.571420196801974
2025-01-28 12:10:00,Machine_B,78.81954872427762,5.015972810508192
2025-01-28 12:20:00,Machine_B,78.57942929297111,5.147024531302437
2025-01-28 12:30:00,Machine_B,77.84522211976974,5.323291114366173
2025-01-28 12:40:00,Machine_B,77.2606731270615,5.197436676950435
2025-01-28 12:50:00,Machine_B,78.27929126883035,5.08705938684621
2025-01-28 13:00:00,Machine_B,76.7980440715038,5.1629205100377416
2025-01-28 13:10:00,Machine_B,77.83830505556308,5.075459857299007
2025-01-28 13:20:00,Machine_B,79.13617085283958,5.133726111278836
2025-01-28 13:30:00,Machine_B,78.7933330810427,5.243544172306876
2025-01-28 13:40:00,Machine_B,78.6093393798378,4.979568121015856
2025-01-28 13:50:00,Machine_B,79.47361172688693,5.352800866897187
2025-01-28 14:00:00,Machine_B,77.8774763672044,5.1627950426137685
2025-01-28 14:10:00,Machine_B,78.93111372094852,5.035331650711487
2025-01-28 14:20:00,Machine_B,77.65953592620626,5.073470992839104
2025-01-28 14:30:00,Machine_B,78.44140763047739,5.3296500783488545
2025-01-28 14:40:00,Machine_B,78.25121661654678,5.255366915554546
2025-01-28 14:50:00,Machine_B,78.19822250011946,5.139136354530704
2025-01-28 15:00:00,Machine_B,77.62176010113257,4.97511348458137
2025-01-28 15:10:00,Machine_B,,5.172132794765362
2025-01-28 15:20:00,Machine_B,78.03303916775344,5.05846979733894
2025-01-28 15:30:00,Machine_B,76.4559346572202,5.355663068215062
2025-01-28 15:40:00,Machine_B,78.16061993790427,5.0196846372649855
2025-01-28 15:50:00,Machine_B,76.37063497346904,5.314038687822354
2025-01-28 16:00:00,Machine_B,76.53145253028592,5.030069572280922
2025-01-28 16:10:00,Machine_B,77.29754270298916,4.791988091982708
2025-01-28 16:20:00,Machine_B,77.44985583312271,5.555254041189926
2025-01-28 16:30:00,Machine_B,77.01229181653333,
2025-01-28 16:40:00,Machine_B,76.95890771621619,4.571432064027383
2025-01-28 16:50:00,Machine_B,75.64902298288582,4.536031828461531
2025-01-28 17:00:00,Machine_B,75.99734357408109,5.384611354672007
2025-01-28 17:10:00,Machine_B,74.63217151125033,
2025-01-28 17:20:00,Machine_B,75.39218481917648,4.880730453817282
2025-01-28 17:30:00,Machine_B,74.9075048255072,4.9143823508207
2025-01-28 17:40:00,Machine_B,75.84417413745764,4.862719287168487
2025-01-28 17:50:00,Machine_B,77.57055713703171,4.480077280081604
2025-01-28 18:00:00,Machine_B,76.14559664724435,5.0425889584021295
2025-01-28 18:10:00,Machine_B,73.59345781983882,5.000219395970411
2025-01-28 18:20:00,Machine_B,74.02737275433185,4.520849831762382
2025-01-28 18:30:00,Machine_B,74.05513693941744,4.782386170391767
2025-01-28 18:40:00,Machine_B,73.54365422972931,4.69197709245257
2025-01-28 18:50:00,Machine_B,74.5765486270345,4.648760223980995
2025-01-28 19:00:00,Machine_B,74.84172113964826,4.546293904261363
2025-01-28 19:10:00,Machine_B,73.48224184216912,4.630297562460127
2025-01-28 19:20:00,Machine_B,74.1981053188325,4.537925352067822
2025-01-28 19:30:00,Machine_B,74.41490353483803,4.806855888566944
2025-01-28 19:40:00,Machine_B,74.66265562747226,4.593179681981379
2025-01-28 19:50:00,Machine_B,74.09591691344093,4.456721698596892
2025-01-28 20:00:00,Machine_B,74.10598755547129,4.560461651540454
2025-01-28 20:10:00,Machine_B,73.68570340780258,4.52361470833226
2025-01-28 20:20:00,Machine_B,72.78181846107175,4.500547973229572
2025-01-28 20:30:00,Machine_B,72.83813317684692,4.640433333807345
2025-01-28 20:40:00,Machine_B,72.30172818652798,4.454283545299415
2025-01-28 20:50:00,Machine_B,74.44862423831891,4.387356798741298
2025-01-28 21:00:00,Machine_B,71.96848380125479,4.231981120049758
2025-01-28 21:10:00,Machine_B,73.80446342670808,4.462511446997809
2025-01-28 21:20:00,Machine_B,71.77902631004028,4.676110263433146
2025-01-28 21:30:00,Machine_B,73.46950627724829,4.418205282399928
2025-01-28 21:40:00,Machine_B,73.54747590606416,4.339391088645206
2025-01-28 21:50:00,Machine_B,73.61103783677731,4.283338063250985
2025-01-28 22:00:00,Machine_B,71.7815712641345,4.099998367116565
2025-01-28 22:10:00,Machine_B,72.67723231756588,4.6134398546019995
2025-01-28 22:20:00,Machine_B,72.00226918684871,4.481074477540545
2025-01-28 22:30:00,Machine_B,71.71650688619013,4.525287662631924
2025-01-28 22:40:00,Machine_B,90.41004879429799,
2025-01-28 22:50:00,Machine_B,72.98150770099018,4.23002967143295
2025-01-28 23:00:00,Machine_B,71.81605645204178,4.313301598729838
2025-01-28 23:10:00,Machine_B,72.5237313484478,4.276403018584375
2025-01-28 23:20:00,Machine_B,71.50891734845683,4.288468347083057
2025-01-28 23:30:00,Machine_B,71.3818065911855,4.287418612185841
2025-01-28 23:40:00,Machine_B,71.94476844294262,4.558905465442095
2025-01-28 23:50:00,Machine_B,71.98723830829708,4.723503664462598
2025-01-29 00:00:00,Machine_B,72.73422524847695,4.202990662875628
2025-01-29 00:10:00,Machine_B,71.20662530998011,4.330803880722884
2025-01-29 00:20:00,Machine_B,73.94925426712473,4.402399825433831
2025-01-29 00:30:00,Machine_B,70.80967168723124,4.1898682911074365
2025-01-29 00:40:00,Machine_B,72.45368191413539,4.379676040926807
2025-01-29 00:50:00,Machine_B,72.07747282520008,4.438128225582611
2025-01-29 01:00:00,Machine_B,71.8276699940064,4.366291346289184
2025-01-29 01:10:00,Machine_B,72.25348249009195,4.49952586536209
2025-01-29 01:20:00,Machine_B,72.9849210041623,4.393864157573271
2025-01-29 01:30:00,Machine_B,73.16905800799546,3.885904822209135
2025-01-29 01:40:00,Machine_B,72.39901068525592,4.237604192873164
2025-01-29 01:50:00,Machine_B,72.91054528702169,4.677845098111263
2025-01-29 02:00:00,Machine_B,71.65884386836935,4.523939339421127
2025-01-29 02:10:00,Machine_B,72.65939491677356,3.928096977413139
2025-01-29 02:20:00,Machine_B,73.21166136574692,4.181219414684186
2025-01-29 02:30:00,Machine_B,71.16456334437412,4.595418638489994
2025-01-29 02:40:00,Machine_B,73.1557988517275,4.374905514685866
2025-01-29 02:50:00,Machine_B,73.06170119976998,4.005988258597026
2025-01-29 03:00:00,Machine_B,74.32222741289488,4.697492250560199
2025-01-29 03:10:00,Machine_B,73.55489144161406,4.65211449738967
2025-01-29 03:20:00,Machine_B,73.92438384109047,4.388136003187684
2025-01-29 03:30:00,Machine_B,73.44691771865304,4.777661971376272
2025-01-29 03:40:00,Machine_B,74.29742681002374,4.427770015587398
2025-01-29 03:50:00,Machine_B,74.37310194955089,4.475258974804186
2025-01-29 04:00:00,Machine_B,73.01304691201082,4.517574826853192
2025-01-29 04:10:00,Machine_B,74.44550815191099,4.281861393584715
2025-01-29 04:20:00,Machine_B,75.28398950690541,4.715775846983571
2025-01-29 04:30:00,Machine_B,,4.7539113702817755
2025-01-29 04:40:00,Machine_B,74.65121637020361,4.596889293201915
2025-01-29 04:50:00,Machine_B,75.03578397557706,4.825974664136817
2025-01-29 05:00:00,Machine_B,75.66147657165325,4.432128754740576
2025-01-29 05:10:00,Machine_B,74.1713079329266,4.861929986009182
2025-01-29 05:20:00,Machine_B,75.61618225379554,4.817096655694808
2025-01-29 05:30:00,Machine_B,73.8153877896354,4.654439399449194
2025-01-29 05:40:00,Machine_B,76.23831205418143,4.873654033209403
2025-01-29 05:50:00,Machine_B,75.39751345276387,4.660852208009793
2025-01-29 06:00:00,Machine_B,75.7933340635416,5.038919962684755
2025-01-29 06:10:00,Machine_B,75.57538713920925,4.955331361715005
2025-01-29 06:20:00,Machine_B,76.14373459603308,4.946342434117183
2025-01-29 06:30:00,Machine_B,76.53719003174511,4.818009796024506
2025-01-29 06:40:00,Machine_B,77.09177535241906,5.061007742524993
2025-01-29 06:50:00,Machine_B,77.68220870683308,5.158232389309931
2025-01-29 07:00:00,Machine_B,76.83428882693698,5.250709256382932
2025-01-29 07:10:00,Machine_B,75.61729532981383,4.882999270418562
2025-01-29 07:20:00,Machine_B,78.14019870724391,5.147912400601545
2025-01-29 07:30:00,Machine_B,76.06493359165428,5.270886832870049
2025-01-29 07:40:00,Machine_B,77.0489974276042,4.994763619840594
2025-01-29 07:50:00,Machine_B,77.13598764688065,5.3099307052989
2025-01-29 08:00:00,Machine_B,77.67591300488381,
2025-01-29 08:10:00,Machine_B,76.79094150072055,4.909260476454925
2025-01-29 08:20:00,Machine_B,76.88357287001413,4.981982313698566
2025-01-29 08:30:00,Machine_B,78.04365653919771,4.866628044527385
2025-01-29 08:40:00,Machine_B,77.5462464126684,5.135584839616579
2025-01-29 08:50:00,Machine_B,79.38067667972055,5.129349218171412
2025-01-29 09:00:00,Machine_B,77.97791969958892,5.207108308217125
2025-01-29 09:10:00,Machine_B,77.7060771420922,5.432714516485708
2025-01-29 09:20:00,Machine_B,79.97140201568972,5.198428670414071
2025-01-29 09:30:00,Machine_B,79.1099773441495,5.166425727215392
2025-01-29 09:40:00,Machine_B,81.0024001380381,5.191040816296907
2025-01-29 09:50:00,Machine_B,77.38033815481128,4.9050899051099766
2025-01-29 10:00:00,Machine_B,79.1681349497724,5.372735181776013
2025-01-29 10:10:00,Machine_B,79.46837520246562,5.232845562770656
2025-01-29 10:20:00,Machine_B,79.1741966742416,5.2839648879066194
2025-01-29 10:30:00,Machine_B,78.92835293259711,5.24210810069522
2025-01-29 10:40:00,Machine_B,80.27430771141415,5.309124330655852
2025-01-29 10:50:00,Machine_B,79.70453030479466,5.057222756497811
2025-01-29 11:00:00,Machine_B,78.02726432029225,
2025-01-29 11:10:00,Machine_B,78.72397198029032,5.196440724257131
2025-01-29 11:20:00,Machine_B,,5.316117399598021
2025-01-29 11:30:00,Machine_B,79.3845889087891,5.130956953237051
2025-01-29 11:40:00,Machine_B,80.26174586190079,5.402762564746688
2025-01-29 11:50:00,Machine_B,79.21375816043061,5.322591324255338
2025-01-29 12:00:00,Machine_B,79.32250273897135,5.086813732223707
2025-01-29 12:10:00,Machine_B,78.74296496076475,5.490745434360818
2025-01-29 12:20:00,Machine_B,80.1297831065337,5.227372853905242
2025-01-29 12:30:00,Machine_B,80.49471668498049,5.254098596732865
2025-01-29 12:40:00,Machine_B,79.46392856158342,5.460175873831545
2025-01-29 12:50:00,Machine_B,80.72862047922331,5.50670829059559
2025-01-29 13:00:00,Machine_B,78.99755867653101,5.225808609769726
2025-01-29 13:10:00,Machine_B,78.2770204743655,5.32507322825723
2025-01-29 13:20:00,Machine_B,79.99353010781215,
2025-01-29 13:30:00,Machine_B,79.22250631877948,5.520632845649686
2025-01-29 13:40:00,Machine_B,78.77722478589625,5.302133754510354
2025-01-29 13:50:00,Machine_B,79.24052765839332,5.363234096202443
2025-01-29 14:00:00,Machine_B,77.84274883857887,5.105201628287556
2025-01-29 14:10:00,Machine_B,77.63709663836963,4.988144902508895
2025-01-29 14:20:00,Machine_B,79.02927744235373,5.350166713458128
2025-01-29 14:30:00,Machine_B,79.21693501622431,5.094262265622804
2025-01-29 14:40:00,Machine_B,79.89346455151414,5.061669049002347
2025-01-29 14:50:00,Machine_B,79.39151776683754,5.331397026627231
2025-01-29 15:00:00,Machine_B,79.08941530309005,5.176657248133452
2025-01-29 15:10:00,Machine_B,79.49167630007553,5.230811577667097
2025-01-29 15:20:00,Machine_B,78.75695049680839,4.944937428939334
2025-01-29 15:30:00,Machine_B,77.97509539006518,4.997449847523599
2025-01-29 15:40:00,Machine_B,78.86173234169803,5.43995414611225
2025-01-29 15:50:00,Machine_B,78.70985201831586,5.012510437238753
2025-01-29 16:00:00,Machine_B,77.87708059966087,5.07840734908544
2025-01-29 16:10:00,Machine_B,76.79412242930572,5.141345550273933
2025-01-29 16:20:00,Machine_B,76.19346945988639,4.889251930036067
2025-01-29 16:30:00,Machine_B,78.16018517416377,5.30821151678952
2025-01-29 16:40:00,Machine_B,77.73139888459795,5.048592933236588
2025-01-29 16:50:00,Machine_B,77.70365214085227,4.986929642993435
2025-01-29 17:00:00,Machine_B,77.77007426390139,5.203728962226654
2025-01-29 17:10:00,Machine_B,76.2032507133591,5.157355149959413
2025-01-29 17:20:00,Machine_B,75.27585697950994,5.328866705443506
2025-01-29 17:30:00,Machine_B,,4.8775709738797195
2025-01-29 17:40:00,Machine_B,77.44171087114077,5.332343368120689
2025-01-29 17:50:00,Machine_B,76.61714151044704,5.035100637889444
2025-01-29 18:00:00,Machine_B,74.99841735847474,5.204272619742595
2025-01-29 18:10:00,Machine_B,76.23189789094532,5.058649312880906
2025-01-29 18:20:00,Machine_B,74.99168545346947,4.746890007192034
2025-01-29 18:30:00,Machine_B,74.51026703078554,4.693695565428422
2025-01-29 18:40:00,Machine_B,75.59165269208285,
2025-01-29 18:50:00,Machine_B,75.58252960386035,4.44486477728938
2025-01-29 19:00:00,Machine_B,75.22981899200718,4.678323591947816
2025-01-29 19:10:00,Machine_B,75.51713618167042,4.998576623308381
2025-01-29 19:20:00,Machine_B,74.39406123256626,
2025-01-29 19:30:00,Machine_B,74.95727787603467,4.613535435941447
2025-01-29 19:40:00,Machine_B,74.36519392416798,4.84408964540133
2025-01-29 19:50:00,Machine_B,,4.546303820437975
2025-01-29 20:00:00,Machine_B,74.70639673054899,5.016301721259101
2025-01-29 20:10:00,Machine_B,,4.621948361693047
2025-01-29 20:20:00,Machine_B,74.47701372730698,4.821081224412863
2025-01-29 20:30:00,Machine_B,74.62375063749306,4.602545223937388
2025-01-29 20:40:00,Machine_B,74.01814596772152,4.6285027945835555
2025-01-29 20:50:00,Machine_B,74.28976267827863,4.8130265218390225
2025-01-29 21:00:00,Machine_B,74.62091401905835,4.638085025391346
2025-01-29 21:10:00,Machine_B,75.19614351811197,4.85294151438504
2025-01-29 21:20:00,Machine_B,74.5652426444092,4.430955587079071
2025-01-29 21:30:00,Machine_B,73.46148717195368,4.326665689919562
2025-01-29 21:40:00,Machine_B,74.33550632636462,4.234836182493947
2025-01-29 21:50:00,Machine_B,73.77868283317753,4.765534347203964
2025-01-29 22:00:00,Machine_B,72.77897606569117,4.692574489157002
2025-01-29 22:10:00,Machine_B,,4.473863631126924
2025-01-29 22:20:00,Machine_B,72.22982678959734,4.567604118658048
2025-01-29 22:30:00,Machine_B,73.52723771712402,4.699253999970005
2025-01-29 22:40:00,Machine_B,74.42640168979469,4.466229874676572
2025-01-29 22:50:00,Machine_B,73.6384857461379,4.178184538402458
2025-01-29 23:00:00,Machine_B,73.89947046345878,4.175818411816091
2025-01-29 23:10:00,Machine_B,72.60783958254996,4.289460153077078
2025-01-29 23:20:00,Machine_B,73.26982343204878,4.501899989506855
2025-01-29 23:30:00,Machine_B,73.4249328559257,4.311857347869326
2025-01-29 23:40:00,Machine_B,72.61016093894673,4.666073431890352
2025-01-29 23:50:00,Machine_B,73.3957846558966,4.25034714676839
2025-01-30 00:00:00,Machine_B,73.21375116156291,4.355176654897642
2025-01-30 00:10:00,Machine_B,73.41369802769086,4.153418595975912
2025-01-30 00:20:00,Machine_B,,4.403244544338919
2025-01-30 00:30:00,Machine_B,73.91436371491258,4.487631658768524
2025-01-30 00:40:00,Machine_B,73.281742769392,4.684166389619138
2025-01-30 00:50:00,Machine_B,72.86102430757346,4.51643065255356
2025-01-30 01:00:00,Machine_B,72.92113314604086,4.633695436826198
2025-01-30 01:10:00,Machine_B,73.01252686367856,4.687581085893147
2025-01-30 01:20:00,Machine_B,72.43404563514493,4.584414443190578
2025-01-30 01:30:00,Machine_B,74.1083746464863,4.36036410015103
2025-01-30 01:40:00,Machine_B,73.99354884389538,4.6033235554745815
2025-01-30 01:50:00,Machine_B,74.11937784745413,4.80781657443416
2025-01-30 02:00:00,Machine_B,74.5836311008773,4.493599159536115
2025-01-30 02:10:00,Machine_B,73.60863258635156,4.661144351775903
2025-01-30 02:20:00,Machine_B,72.22157468103461,4.6682383368115765
2025-01-30 02:30:00,Machine_B,74.14406864587602,4.5190751995965375
2025-01-30 02:40:00,Machine_B,74.21436644993352,4.767332566967928
2025-01-30 02:50:00,Machine_B,,4.5431473726368115
2025-01-30 03:00:00,Machine_B,74.82204362356951,4.7083512303932
2025-01-30 03:10:00,Machine_B,74.17838554138874,4.598730430265514
2025-01-30 03:20:00,Machine_B,74.07507159794147,4.6652652771056085
2025-01-30 03:30:00,Machine_B,75.11703616783143,4.841600557326769
2025-01-30 03:40:00,Machine_B,72.31783007583348,
2025-01-30 03:50:00,Machine_B,74.76639078824489,4.818441263483229
2025-01-30 04:00:00,Machine_B,75.4648618635898,4.852290296683577
2025-01-30 04:10:00,Machine_B,74.7499213133053,4.639564303828489
2025-01-30 04:20:00,Machine_B,74.6824709053768,4.7558444971556675
2025-01-30 04:30:00,Machine_B,75.36835783724433,4.6045753929664865
2025-01-30 04:40:00,Machine_B,76.35887573327946,4.655601549502355
2025-01-30 04:50:00,Machine_B,75.78926738650954,4.867621244753076
2025-01-30 05:00:00,Machine_B,75.03793138074326,5.311056524691615
2025-01-30 05:10:00,Machine_B,,4.97794906133764
2025-01-30 05:20:00,Machine_B,77.01599302574583,4.725828397038115
2025-01-30 05:30:00,Machine_B,75.39625313822603,
2025-01-30 05:40:00,Machine_B,78.43727985223015,5.02367318480142
2025-01-30 05:50:00,Machine_B,76.35479579620001,4.628702117363936
2025-01-30 06:00:00,Machine_B,77.27124061657454,4.903141419127111
2025-01-30 06:10:00,Machine_B,77.25165150029324,4.954803554832681
2025-01-30 06:20:00,Machine_B,76.26817155314623,5.022141348884895
2025-01-30 06:30:00,Machine_B,76.62166252589951,5.015564075846538
2025-01-30 06:40:00,Machine_B,77.19249042540257,5.068073064187417
2025-01-30 06:50:00,Machine_B,75.79655921427951,4.893238393228852
2025-01-30 07:00:00,Machine_B,78.1022320406521,5.022945170596297
2025-01-30 07:10:00,Machine_B,76.07997060575711,5.053309222468287
2025-01-30 07:20:00,Machine_B,77.75741551089943,5.329368928502608
2025-01-30 07:30:00,Machine_B,77.35514608777588,5.014157690289255
2025-01-30 07:40:00,Machine_B,78.49985009280898,5.1145040224090135
2025-01-30 07:50:00,Machine_B,76.41493421577037,5.112873288151407
2025-01-30 08:00:00,Machine_B,76.98690707008785,5.4807276200504
2025-01-30 08:10:00,Machine_B,77.974322530354,
2025-01-30 08:20:00,Machine_B,78.99828711002519,5.06171047862095
2025-01-30 08:30:00,Machine_B,78.88815174937324,5.317983041413421
2025-01-30 08:40:00,Machine_B,79.67470445084332,5.080496007947924
2025-01-30 08:50:00,Machine_B,79.04012159637988,5.325085437179201
2025-01-30 09:00:00,Machine_B,79.05443026654142,5.539083420443983
2025-01-30 09:10:00,Machine_B,78.32147141531017,4.955470567104468
2025-01-30 09:20:00,Machine_B,79.10523705846471,5.139908199785511
2025-01-30 09:30:00,Machine_B,79.36841600616275,5.3625607459320435
2025-01-30 09:40:00,Machine_B,77.83503395662072,5.275670685023082
2025-01-30 09:50:00,Machine_B,,5.397202431476682
2025-01-30 10:00:00,Machine_B,80.02260717219352,5.354711766225424
2025-01-30 10:10:00,Machine_B,79.873479828579,5.077446386704115
2025-01-30 10:20:00,Machine_B,79.59953248765851,5.501461749756964
2025-01-30 10:30:00,Machine_B,79.38200064756293,5.157976644675982
2025-01-30 10:40:00,Machine_B,78.53350268258592,5.44318844580606
2025-01-30 10:50:00,Machine_B,78.24110695976523,5.331528988351522
2025-01-30 11:00:00,Machine_B,79.783306949577,5.851859280912782
2025-01-30 11:10:00,Machine_B,81.26062262856838,5.403406899629005
2025-01-30 11:20:00,Machine_B,80.1332958508296,5.49301008204071
2025-01-30 11:30:00,Machine_B,80.94863516324713,5.533364594240964
2025-01-30 11:40:00,Machine_B,79.21130372829928,5.497392822965313
2025-01-30 11:50:00,Machine_B,80.39367448306236,5.433935762287589
2025-01-30 12:00:00,Machine_B,79.6120505876064,
2025-01-30 12:10:00,Machine_B,79.5823589160184,5.42027936222473
2025-01-30 12:20:00,Machine_B,80.7663809035846,5.104094846171806
2025-01-30 12:30:00,Machine_B,80.06224108518607,5.52641062854798
2025-01-30 12:40:00,Machine_B,79.03145533286697,5.962185094984537
2025-01-30 12:50:00,Machine_B,80.19302913531914,5.465304166032068
2025-01-30 13:00:00,Machine_B,79.50988891216637,5.490778064257742
2025-01-30 13:10:00,Machine_B,78.88914236310285,5.145662622306197
2025-01-30 13:20:00,Machine_B,79.20375561638487,5.272655588898691
2025-01-30 13:30:00,Machine_B,81.58591800020794,5.574316393496101
2025-01-30 13:40:00,Machine_B,80.86212370582896,5.145661550324146
2025-01-30 13:50:00,Machine_B,78.217560620713,5.2672849330765965
2025-01-30 14:00:00,Machine_B,79.60956290261649,5.491928096923754
2025-01-30 14:10:00,Machine_B,79.59316429878734,5.5260000638810425
2025-01-30 14:20:00,Machine_B,79.39239679854091,
2025-01-30 14:30:00,Machine_B,78.98833341986213,5.381594655505131
2025-01-30 14:40:00,Machine_B,80.02603162831771,5.369719890666701
2025-01-30 14:50:00,Machine_B,80.08636332394597,
2025-01-30 15:00:00,Machine_B,80.07032429500524,5.309997931133914
2025-01-30 15:10:00,Machine_B,79.38941602363583,5.353389809795294
2025-01-30 15:20:00,Machine_B,79.50195948258798,5.280008177662742
2025-01-30 15:30:00,Machine_B,78.62486725623391,4.9348414798552875
2025-01-30 15:40:00,Machine_B,77.52067172796734,5.542859015995061
2025-01-30 15:50:00,Machine_B,77.3771673636592,5.0541444068802575
2025-01-30 16:00:00,Machine_B,77.85197907379633,5.2479830865256405
2025-01-30 16:10:00,Machine_B,78.24350910223146,5.2765425393277
2025-01-30 16:20:00,Machine_B,77.2450057908702,5.1199770053504094
2025-01-30 16:30:00,Machine_B,77.23237020005168,5.228719126594219
2025-01-30 16:40:00,Machine_B,77.6957452363737,5.027693894674319
2025-01-30 16:50:00,Machine_B,78.54966458968272,5.53596200114134
2025-01-30 17:00:00,Machine_B,77.98374592735232,5.084577174705439
2025-01-30 17:10:00,Machine_B,76.88164835390316,5.275052888769704
2025-01-30 17:20:00,Machine_B,77.46431991261193,4.898135217619744
2025-01-30 17:30:00,Machine_B,76.21788514672171,5.206066810636413
2025-01-30 17:40:00,Machine_B,76.44269961542726,4.9284562720855165
2025-01-30 17:50:00,Machine_B,75.65991287864853,4.788029095852648
2025-01-30 18:00:00,Machine_B,77.18057063824423,4.828284991123011
2025-01-30 18:10:00,Machine_B,76.46310022102051,4.848580752731332
2025-01-30 18:20:00,Machine_B,76.41530472210505,5.00250815792897
2025-01-30 18:30:00,Machine_B,77.03894969348596,5.481405392638015
2025-01-30 18:40:00,Machine_B,75.44998594615564,5.43761328027217
2025-01-30 18:50:00,Machine_B,,4.868835455570595
2025-01-30 19:00:00,Machine_B,77.54665347079757,5.08122695531581
2025-01-30 19:10:00,Machine_B,75.03093582322578,4.6648358505637315
2025-01-30 19:20:00,Machine_B,74.42612548843412,4.494026381400229
2025-01-30 19:30:00,Machine_B,74.53246054191793,4.860797808752205
2025-01-30 19:40:00,Machine_B,75.71434320402253,4.9364872645936355
2025-01-30 19:50:00,Machine_B,76.66806639198323,4.962365903839075
2025-01-30 20:00:00,Machine_B,76.50592989298475,4.99934567302578
2025-01-30 20:10:00,Machine_B,75.69155666443903,4.729568325949311
2025-01-30 20:20:00,Machine_B,75.59661413775933,4.786524728786199
2025-01-30 20:30:00,Machine_B,75.14618885299252,4.906380335488546
2025-01-30 20:40:00,Machine_B,75.24004537127887,
2025-01-30 20:50:00,Machine_B,74.79267674373705,4.566867016282396
2025-01-30 21:00:00,Machine_B,73.80406496361677,4.754723882408637
2025-01-30 21:10:00,Machine_B,75.71354361729391,4.820978051869828
2025-01-30 21:20:00,Machine_B,75.31496761003703,4.718506132726465
2025-01-30 21:30:00,Machine_B,73.53396310824688,4.568523171469375
2025-01-30 21:40:00,Machine_B,74.58855686190188,4.6702715997048205
2025-01-30 21:50:00,Machine_B,75.1584431658963,4.7549918987751205
2025-01-30 22:00:00,Machine_B,74.24968852317924,4.513371239074061
2025-01-30 22:10:00,Machine_B,73.68152352699539,4.4261754673292
2025-01-30 22:20:00,Machine_B,74.92656843743671,5.0045458704360435
2025-01-30 22:30:00,Machine_B,73.93006871628324,4.660509567224448
2025-01-30 22:40:00,Machine_B,73.17266268492179,4.789374710324054
2025-01-30 22:50:00,Machine_B,72.71025837802556,4.652703363421055
2025-01-30 23:00:00,Machine_B,71.2472988636849,4.799390511256576
2025-01-30 23:10:00,Machine_B,75.13889426326502,4.6207522534648575
2025-01-30 23:20:00,Machine_B,72.8656360581118,4.709183598569188
2025-01-30 23:30:00,Machine_B,74.28755719778873,4.40163434811172
2025-01-30 23:40:00,Machine_B,72.7679784366326,4.282323923852586
2025-01-30 23:50:00,Machine_B,73.63238502709123,
2025-01-01 00:00:00,Machine_C,,2.433618669280332
2025-01-01 00:10:00,Machine_C,63.45065640792136,2.1794034032977896
2025-01-01 00:20:00,Machine_C,62.613944531110604,2.755815707498488
2025-01-01 00:30:00,Machine_C,61.698229594231535,2.222770410255527
2025-01-01 00:40:00,Machine_C,63.05428169093751,2.532764702655871
2025-01-01 00:50:00,Machine_C,62.15611681687936,2.0533097794899966
2025-01-01 01:00:00,Machine_C,64.6493068965131,2.833479930682917
2025-01-01 01:10:00,Machine_C,63.141215696585284,2.6957260826975906
2025-01-01 01:20:00,Machine_C,61.972986358875865,2.1902551504122525
2025-01-01 01:30:00,Machine_C,63.47123778345502,2.5391624339157195
2025-01-01 01:40:00,Machine_C,64.11973739884672,2.448681757751863
2025-01-01 01:50:00,Machine_C,62.89069858181635,2.528749061155046
2025-01-01 02:00:00,Machine_C,62.35456456947683,2.6246455510899405
2025-01-01 02:10:00,Machine_C,63.08358715458833,2.3763698009506915
2025-01-01 02:20:00,Machine_C,62.6427302158196,2.5217309852822276
2025-01-01 02:30:00,Machine_C,63.01661135972181,2.2172796962331534
2025-01-01 02:40:00,Machine_C,62.207769754500006,2.57025336404102
2025-01-01 02:50:00,Machine_C,64.11970130129528,2.1975974088008225
2025-01-01 03:00:00,Machine_C,62.605703017284824,
2025-01-01 03:10:00,Machine_C,64.12196381689098,2.332316111634144
2025-01-01 03:20:00,Machine_C,63.50696327504179,2.663723040467423
2025-01-01 03:30:00,Machine_C,64.0476561614738,2.775210508750711
2025-01-01 03:40:00,Machine_C,63.61271886556749,2.977437623570187
2025-01-01 03:50:00,Machine_C,64.27642505985507,2.977417541342665
2025-01-01 04:00:00,Machine_C,64.59611842770319,2.9259024543171
2025-01-01 04:10:00,Machine_C,64.10318867546502,2.6893260209914867
2025-01-01 04:20:00,Machine_C,63.13720104601414,2.910639659116714
2025-01-01 04:30:00,Machine_C,64.93022028960328,2.777463852971883
2025-01-01 04:40:00,Machine_C,65.11559287291965,2.8111054869773158
2025-01-01 04:50:00,Machine_C,63.80133769579036,2.6530432464867704
2025-01-01 05:00:00,Machine_C,64.30927031622684,3.0970005697894436
2025-01-01 05:10:00,Machine_C,64.96422346293313,2.6580855689140486
2025-01-01 05:20:00,Machine_C,63.55634122174129,2.629185421347869
2025-01-01 05:30:00,Machine_C,66.10948322135793,2.914639431501575
2025-01-01 05:40:00,Machine_C,65.30391063109752,2.5382094263026356
2025-01-01 05:50:00,Machine_C,66.07818852439893,2.901532020686552
2025-01-01 06:00:00,Machine_C,65.150182984524,3.1942337302837256
2025-01-01 06:10:00,Machine_C,67.7666586706565,2.9943443227282
2025-01-01 06:20:00,Machine_C,65.16857354682499,2.9449115483912145
2025-01-01 06:30:00,Machine_C,66.05806282718287,2.807538417870786
2025-01-01 06:40:00,Machine_C,67.56703561359842,2.7077325107783095
2025-01-01 06:50:00,Machine_C,65.8380062698276,3.152838310502557
2025-01-01 07:00:00,Machine_C,66.97868142863612,3.0215068235414075
2025-01-01 07:10:00,Machine_C,67.5539447472106,
2025-01-01 07:20:00,Machine_C,65.99189437393404,2.659319558176436
2025-01-01 07:30:00,Machine_C,66.80446772436314,3.203966182254012
2025-01-01 07:40:00,Machine_C,67.63129447167286,3.447618536670467
2025-01-01 07:50:00,Machine_C,67.97877654612384,3.3492219334273767
2025-01-01 08:00:00,Machine_C,67.09216151020851,3.1783986787728895
2025-01-01 08:10:00,Machine_C,69.35300252932437,2.953779766847871
2025-01-01 08:20:00,Machine_C,,3.1800327916333675
2025-01-01 08:30:00,Machine_C,68.75198679608447,3.2016784889949172
2025-01-01 08:40:00,Machine_C,68.82414794694952,3.100044336678034
2025-01-01 08:50:00,Machine_C,67.1139198033129,3.12855000600732
2025-01-01 09:00:00,Machine_C,68.38305768043732,3.59593991435461
2025-01-01 09:10:00,Machine_C,68.56748083726526,3.05794473524629
2025-01-01 09:20:00,Machine_C,68.47766814757858,3.167522348516068
2025-01-01 09:30:00,Machine_C,68.94270310189805,3.3580083979032294
2025-01-01 09:40:00,Machine_C,67.18119351922182,3.6611820074163717
2025-01-01 09:50:00,Machine_C,69.05433877091308,3.225338141436085
2025-01-01 10:00:00,Machine_C,68.78843653378543,2.9659167417249614
2025-01-01 10:10:00,Machine_C,67.4117050230581,2.9145699556294464
2025-01-01 10:20:00,Machine_C,69.51001551237039,3.7614579277544826
2025-01-01 10:30:00,Machine_C,68.2886213441844,2.9720640583686646
2025-01-01 10:40:00,Machine_C,68.98450717628069,3.336537576952212
2025-01-01 10:50:00,Machine_C,69.13448967200986,3.0569061638609383
2025-01-01 11:00:00,Machine_C,67.90378889244609,
2025-01-01 11:10:00,Machine_C,68.02955655772871,3.222647219287166
2025-01-01 11:20:00,Machine_C,69.88312760496568,2.9912121376614413
2025-01-01 11:30:00,Machine_C,68.98700248823171,3.5655758885479307
2025-01-01 11:40:00,Machine_C,69.17235614915617,3.4258240550669408
2025-01-01 11:50:00,Machine_C,69.55494205924504,3.2727031982521035
2025-01-01 12:00:00,Machine_C,68.09342719743637,3.246527135886856
2025-01-01 12:10:00,Machine_C,69.17050442655233,3.5455004312957743
2025-01-01 12:20:00,Machine_C,69.39818618048206,3.364485173292132
2025-01-01 12:30:00,Machine_C,70.88168511407086,3.7215709591626034
2025-01-01 12:40:00,Machine_C,68.71059381501142,3.262591265060762
2025-01-01 12:50:00,Machine_C,70.04813968981914,3.415937444008183
2025-01-01 13:00:00,Machine_C,69.37930471386488,3.1130130409190064
2025-01-01 13:10:00,Machine_C,68.4295372638415,3.2511879698838593
2025-01-01 13:20:00,Machine_C,68.78257121535157,3.5096133087924226
2025-01-01 13:30:00,Machine_C,69.92658985309168,3.5279332048028493
2025-01-01 13:40:00,Machine_C,69.79367364390649,3.639274849155616
2025-01-01 13:50:00,Machine_C,68.68831418791828,3.379265708398097
2025-01-01 14:00:00,Machine_C,69.30606868435574,3.5121483904520274
2025-01-01 14:10:00,Machine_C,68.12225830291841,3.391825870241802
2025-01-01 14:20:00,Machine_C,68.72578571243847,3.194273530099968
2025-01-01 14:30:00,Machine_C,68.43306219121268,2.9844742378685596
2025-01-01 14:40:00,Machine_C,69.42657736333653,3.203056509550129
2025-01-01 14:50:00,Machine_C,68.95074474209126,3.0256224179267672
2025-01-01 15:00:00,Machine_C,67.93401994745723,3.4080249831057534
2025-01-01 15:10:00,Machine_C,67.90337105711203,3.404058929485843
2025-01-01 15:20:00,Machine_C,68.22651667189116,
2025-01-01 15:30:00,Machine_C,68.00163553459116,3.374128866432502
2025-01-01 15:40:00,Machine_C,67.7838987298655,2.94565454016327
2025-01-01 15:50:00,Machine_C,67.5989848458093,3.401817944149559
2025-01-01 16:00:00,Machine_C,68.85334958350784,3.09590058178661
2025-01-01 16:10:00,Machine_C,67.25458391984381,3.1903646697663524
2025-01-01 16:20:00,Machine_C,67.7191488783025,3.35106283268634
2025-01-01 16:30:00,Machine_C,69.27752711370903,3.179648411194579
2025-01-01 16:40:00,Machine_C,66.51987935761994,3.029862924454485
2025-01-01 16:50:00,Machine_C,,3.1927577592868017
2025-01-01 17:00:00,Machine_C,67.10143845253982,
2025-01-01 17:10:00,Machine_C,66.7486610070984,2.6501788967292965
2025-01-01 17:20:00,Machine_C,66.64065380909835,3.1844266685257825
2025-01-01 17:30:00,Machine_C,65.75365404818835,2.7224599205467856
2025-01-01 17:40:00,Machine_C,66.59212060569185,3.1051531509136354
2025-01-01 17:50:00,Machine_C,64.68287968394691,2.945050621559157
2025-01-01 18:00:00,Machine_C,67.4382698142568,2.897390498193556
2025-01-01 18:10:00,Machine_C,67.2177635706883,
2025-01-01 18:20:00,Machine_C,65.43156943385762,2.7797282832853427
2025-01-01 18:30:00,Machine_C,66.38455968719732,2.8437119466987304
2025-01-01 18:40:00,Machine_C,65.15753608592816,2.8576014621512456
2025-01-01 18:50:00,Machine_C,65.25030937383382,2.6400534659153903
2025-01-01 19:00:00,Machine_C,64.54938503098165,2.9173834044231426
2025-01-01 19:10:00,Machine_C,65.60334732953628,2.909973833039344
2025-01-01 19:20:00,Machine_C,64.33789833314063,2.833190469260236
2025-01-01 19:30:00,Machine_C,65.28873187308197,2.6488300358854096
2025-01-01 19:40:00,Machine_C,64.48720106953611,2.86452537696196
2025-01-01 19:50:00,Machine_C,64.37008282302858,2.8040038178995594
2025-01-01 20:00:00,Machine_C,63.056942172377276,2.323256136627246
2025-01-01 20:10:00,Machine_C,64.16733299526159,2.696252241540527
2025-01-01 20:20:00,Machine_C,63.07580956102909,2.989858772563304
2025-01-01 20:30:00,Machine_C,63.91861055173643,2.8010038738055165
2025-01-01 20:40:00,Machine_C,65.30205797668646,2.8183674109993513
2025-01-01 20:50:00,Machine_C,62.523791410051544,2.469782408461718
2025-01-01 21:00:00,Machine_C,63.407601925816145,2.604417370972607
2025-01-01 21:10:00,Machine_C,62.91113112852445,2.53526070052234
2025-01-01 21:20:00,Machine_C,62.48658981088732,2.554877673576396
2025-01-01 21:30:00,Machine_C,62.59027012706277,2.4504171214569777
2025-01-01 21:40:00,Machine_C,64.30962614314689,2.309029438859603
2025-01-01 21:50:00,Machine_C,64.43731874272846,2.532053976731104
2025-01-01 22:00:00,Machine_C,62.1318351389495,2.3697737962582957
2025-01-01 22:10:00,Machine_C,63.216189455573755,2.6063293989997245
2025-01-01 22:20:00,Machine_C,,2.4866377243443694
2025-01-01 22:30:00,Machine_C,62.223762660697915,
2025-01-01 22:40:00,Machine_C,61.07169045162169,2.7258676059940514
2025-01-01 22:50:00,Machine_C,64.36745344662043,2.549185040626839
2025-01-01 23:00:00,Machine_C,63.49791446155122,
2025-01-01 23:10:00,Machine_C,62.06161603602037,2.4001172346436253
2025-01-01 23:20:00,Machine_C,62.78104430540647,2.235774849931152
2025-01-01 23:30:00,Machine_C,62.20995765718504,2.442614599533278
2025-01-01 23:40:00,Machine_C,63.270080269507595,2.574324809862246
2025-01-01 23:50:00,Machine_C,62.23032640820646,2.764513443587612
2025-01-02 00:00:00,Machine_C,62.34418028704007,2.4340387189406867
2025-01-02 00:10:00,Machine_C,61.97368864671091,2.459243489463808
2025-01-02 00:20:00,Machine_C,62.99643296656818,2.6663659822659
2025-01-02 00:30:00,Machine_C,64.29740566876292,2.2452631978660493
2025-01-02 00:40:00,Machine_C,62.3257656208009,2.483047416122238
2025-01-02 00:50:00,Machine_C,62.34638007838359,2.32454117019317
2025-01-02 01:00:00,Machine_C,62.59914712995157,2.488942574387573
2025-01-02 01:10:00,Machine_C,,2.6394418752626185
2025-01-02 01:20:00,Machine_C,62.471894143188536,2.1797482330301863
2025-01-02 01:30:00,Machine_C,62.452612550591056,2.6842634557325122
2025-01-02 01:40:00,Machine_C,62.89394205843502,2.5569042007677925
2025-01-02 01:50:00,Machine_C,61.494607215426406,2.5260287055737436
2025-01-02 02:00:00,Machine_C,62.53099033254464,2.7525685079473265
2025-01-02 02:10:00,Machine_C,61.44733540752256,2.37815378932667
2025-01-02 02:20:00,Machine_C,62.73883037407759,2.290216238951092
2025-01-02 02:30:00,Machine_C,62.46465518209424,2.358594383913584
2025-01-02 02:40:00,Machine_C,63.820429780921046,
2025-01-02 02:50:00,Machine_C,62.83135781844254,2.479131874902153
2025-01-02 03:00:00,Machine_C,63.23271615682247,2.4245655958616235
2025-01-02 03:10:00,Machine_C,61.9171541482846,2.4200609144832486
2025-01-02 03:20:00,Machine_C,64.56815976887725,2.642201918599806
2025-01-02 03:30:00,Machine_C,,2.6211003013191596
2025-01-02 03:40:00,Machine_C,63.606345775217754,2.3865080444900784
2025-01-02 03:50:00,Machine_C,64.74192894290468,2.408839660195712
2025-01-02 04:00:00,Machine_C,64.87547465059485,2.580162039927287
2025-01-02 04:10:00,Machine_C,63.49523295467295,2.857469849503425
2025-01-02 04:20:00,Machine_C,64.94239305913501,2.633160998636002
2025-01-02 04:30:00,Machine_C,63.74162508415474,2.462025640590386
2025-01-02 04:40:00,Machine_C,64.98877753425002,2.730499451039167
2025-01-02 04:50:00,Machine_C,64.32012395295857,2.771531301342481
2025-01-02 05:00:00,Machine_C,64.28204331311613,2.516221408349871
2025-01-02 05:10:00,Machine_C,65.2706603571354,2.5833996244586945
2025-01-02 05:20:00,Machine_C,64.81341962002031,2.9557672290841364
2025-01-02 05:30:00,Machine_C,67.15802258691903,2.619786210716479
2025-01-02 05:40:00,Machine_C,65.20073360749218,3.0022748062078892
2025-01-02 05:50:00,Machine_C,64.89376695490526,2.601959427865946
2025-01-02 06:00:00,Machine_C,65.2809134623139,2.6283059125081865
2025-01-02 06:10:00,Machine_C,66.13876326944136,2.9237951033088616
2025-01-02 06:20:00,Machine_C,66.3946325581673,2.803385212539582
2025-01-02 06:30:00,Machine_C,66.7044590724225,2.8624754785976028
2025-01-02 06:40:00,Machine_C,67.33697581134241,3.005439628892403
2025-01-02 06:50:00,Machine_C,65.42081510143586,2.895851814685053
2025-01-02 07:00:00,Machine_C,67.67159661003674,2.8458029784203083
2025-01-02 07:10:00,Machine_C,66.32134752706813,3.1236082808908328
2025-01-02 07:20:00,Machine_C,,3.086437072566789
2025-01-02 07:30:00,Machine_C,68.71627529056038,3.079993487798802
2025-01-02 07:40:00,Machine_C,66.84055414950114,3.086912346319611
2025-01-02 07:50:00,Machine_C,66.94437834938167,2.9634385896763824
2025-01-02 08:00:00,Machine_C,66.93057390712328,2.943123610443748
2025-01-02 08:10:00,Machine_C,67.61015828898518,3.0797332483242275
2025-01-02 08:20:00,Machine_C,69.01982044001745,3.016745317940833
2025-01-02 08:30:00,Machine_C,67.2392221338253,3.171696953943828
2025-01-02 08:40:00,Machine_C,67.85475392041364,3.1187590280772626
2025-01-02 08:50:00,Machine_C,69.14515688247516,3.207257181965578
2025-01-02 09:00:00,Machine_C,68.9740347884542,3.2014770390288536
2025-01-02 09:10:00,Machine_C,68.18069814150287,3.5495233420556462
2025-01-02 09:20:00,Machine_C,68.51242002267844,2.9952046428334396
2025-01-02 09:30:00,Machine_C,69.50941913767059,3.223286493946438
2025-01-02 09:40:00,Machine_C,70.13244311738066,3.069231358150172
2025-01-02 09:50:00,Machine_C,70.31267998877448,3.1925733879898606
2025-01-02 10:00:00,Machine_C,70.13493015579587,3.142650350359493
2025-01-02 10:10:00,Machine_C,68.5684901674315,3.4141702654501715
2025-01-02 10:20:00,Machine_C,70.62697947225674,3.042534344827424
2025-01-02 10:30:00,Machine_C,68.64247716670502,3.4562911504457245
2025-01-02 10:40:00,Machine_C,67.96801979384581,3.4182057188206856
2025-01-02 10:50:00,Machine_C,69.42789855621388,3.6991474611528257
2025-01-02 11:00:00,Machine_C,70.56171360643553,3.6592088617081258
2025-01-02 11:10:00,Machine_C,69.94793579957675,3.1957073172372823
2025-01-02 11:20:00,Machine_C,69.38785872423863,3.565798164043029
2025-01-02 11:30:00,Machine_C,69.70314750759535,3.2877652916052087
2025-01-02 11:40:00,Machine_C,69.9123870495899,3.4030898132244958
2025-01-02 11:50:00,Machine_C,69.61472261118043,3.659188130141901
2025-01-02 12:00:00,Machine_C,69.26371411784945,3.2135211671494557
2025-01-02 12:10:00,Machine_C,68.90407308042526,3.3596409389513107
2025-01-02 12:20:00,Machine_C,69.57653893822999,2.997753614043347
2025-01-02 12:30:00,Machine_C,69.37201667007317,3.5059780456819287
2025-01-02 12:40:00,Machine_C,69.44971301850883,
2025-01-02 12:50:00,Machine_C,70.25383159048698,3.442519350088139
2025-01-02 13:00:00,Machine_C,69.18263018815229,3.5809273970790287
2025-01-02 13:10:00,Machine_C,69.17150446158318,3.534723737674522
2025-01-02 13:20:00,Machine_C,69.440852892302,3.1956733793438485
2025-01-02 13:30:00,Machine_C,71.3342650800439,3.3741020407955506
2025-01-02 13:40:00,Machine_C,68.29856014899453,3.3967412068565093
2025-01-02 13:50:00,Machine_C,69.97803872112178,3.089200867571067
2025-01-02 14:00:00,Machine_C,68.79189423470733,3.5497505739978146
2025-01-02 14:10:00,Machine_C,68.903079511208,3.188681091435796
2025-01-02 14:20:00,Machine_C,67.81730085112716,3.2295903263531596
2025-01-02 14:30:00,Machine_C,,3.2095530327770616
2025-01-02 14:40:00,Machine_C,68.85918422382802,3.251467016883013
2025-01-02 14:50:00,Machine_C,69.10753247467,3.7591167850914076
2025-01-02 15:00:00,Machine_C,67.27581380303663,3.109021661414614
2025-01-02 15:10:00,Machine_C,67.85075093360612,2.925760978865571
2025-01-02 15:20:00,Machine_C,68.57973770522142,3.2187034880901444
2025-01-02 15:30:00,Machine_C,68.0018828360387,3.0186015904840313
2025-01-02 15:40:00,Machine_C,68.36486067640458,3.084557813328817
2025-01-02 15:50:00,Machine_C,69.56282864612643,3.2533549507541277
2025-01-02 16:00:00,Machine_C,68.15369056185573,2.929240591326049
2025-01-02 16:10:00,Machine_C,67.25712406882667,3.0422481183558387
2025-01-02 16:20:00,Machine_C,66.95807525073808,3.1429133365797046
2025-01-02 16:30:00,Machine_C,66.72711523888837,2.932105010828888
2025-01-02 16:40:00,Machine_C,66.85495833909297,3.0467864935046673
2025-01-02 16:50:00,Machine_C,66.74408561040083,3.0879529483152437
2025-01-02 17:00:00,Machine_C,67.00099871095847,2.995531021440414
2025-01-02 17:10:00,Machine_C,67.1801974140002,3.025644596497856
2025-01-02 17:20:00,Machine_C,66.95613178807648,3.0423717365155736
2025-01-02 17:30:00,Machine_C,66.56253105925668,2.837553604835094
2025-01-02 17:40:00,Machine_C,66.46597757026602,2.67494723584079
2025-01-02 17:50:00,Machine_C,68.18120676880145,2.7332273210365847
2025-01-02 18:00:00,Machine_C,65.42205496004586,2.684329407017526
2025-01-02 18:10:00,Machine_C,65.81784967422324,3.1022129791216058
2025-01-02 18:20:00,Machine_C,64.26673428455709,2.548297652069726
2025-01-02 18:30:00,Machine_C,65.23682745877464,2.9543209009395164
2025-01-02 18:40:00,Machine_C,64.67319068158713,2.6986373562540713
2025-01-02 18:50:00,Machine_C,64.65857656566595,2.988970566801483
2025-01-02 19:00:00,Machine_C,64.14552186334963,2.7075593784322107
2025-01-02 19:10:00,Machine_C,63.86583264527397,2.770257985005502
2025-01-02 19:20:00,Machine_C,64.9007768511505,2.839218593755761
2025-01-02 19:30:00,Machine_C,65.22887445606257,2.953558676678136
2025-01-02 19:40:00,Machine_C,63.90361152298382,2.6072033114692723
2025-01-02 19:50:00,Machine_C,62.761665515145395,2.581253154438483
2025-01-02 20:00:00,Machine_C,64.33886913415756,2.7670462276452463
2025-01-02 20:10:00,Machine_C,64.49501843387816,2.372554637738261
2025-01-02 20:20:00,Machine_C,64.53146686339176,2.3327338198918697
2025-01-02 20:30:00,Machine_C,63.05232054440244,2.6921118711442644
2025-01-02 20:40:00,Machine_C,63.2655121887976,2.7312047232890917
2025-01-02 20:50:00,Machine_C,62.74753589055413,2.656072079367343
2025-01-02 21:00:00,Machine_C,62.9337095693483,2.5642211797196413
2025-01-02 21:10:00,Machine_C,62.78771375859231,2.471304631291033
2025-01-02 21:20:00,Machine_C,62.911017635746745,2.8410406011125318
2025-01-02 21:30:00,Machine_C,63.02211390700188,2.852174803259352
2025-01-02 21:40:00,Machine_C,63.22471277239374,2.5507522737493904
2025-01-02 21:50:00,Machine_C,62.371711226386594,2.397402234095794
2025-01-02 22:00:00,Machine_C,62.85712158101545,2.3286489804512085
2025-01-02 22:10:00,Machine_C,62.170001819794685,2.578458500676181
2025-01-02 22:20:00,Machine_C,61.42374676585096,2.2710337570563124
2025-01-02 22:30:00,Machine_C,63.198910599380056,2.267293659572355
2025-01-02 22:40:00,Machine_C,62.18083264993789,2.389973280967454
2025-01-02 22:50:00,Machine_C,61.275517380256524,2.5621207780710087
2025-01-02 23:00:00,Machine_C,63.067664592101515,2.7297049938676814
2025-01-02 23:10:00,Machine_C,62.382309760994865,2.5058109436123193
2025-01-02 23:20:00,Machine_C,62.91542197910133,2.5462287072990066
2025-01-02 23:30:00,Machine_C,,2.6307268568620144
2025-01-02 23:40:00,Machine_C,61.63783735417138,2.6118068267332313
2025-01-02 23:50:00,Machine_C,63.24771718520231,2.351078872331856
2025-01-03 00:00:00,Machine_C,61.03383502963474,2.606812675146288
2025-01-03 00:10:00,Machine_C,62.185598285378504,2.636151699355468
2025-01-03 00:20:00,Machine_C,62.14261239024071,
2025-01-03 00:30:00,Machine_C,61.90865332067854,2.478415601805946
2025-01-03 00:40:00,Machine_C,63.534022491373236,2.5647365256133474
2025-01-03 00:50:00,Machine_C,62.82396228949508,2.549767831031777
2025-01-03 01:00:00,Machine_C,61.49275695370782,2.1299926676143675
2025-01-03 01:10:00,Machine_C,61.65123185258294,2.5480193908775526
2025-01-03 01:20:00,Machine_C,,2.689377017270458
2025-01-03 01:30:00,Machine_C,62.38492819403172,2.662215674293389
2025-01-03 01:40:00,Machine_C,62.19108366534434,2.5600484667860592
2025-01-03 01:50:00,Machine_C,63.820627274090036,2.527494509835172
2025-01-03 02:00:00,Machine_C,61.54722466964442,2.4388509399869633
2025-01-03 02:10:00,Machine_C,64.15773825566353,2.499862205539956
2025-01-03 02:20:00,Machine_C,62.49467938989915,2.662304959794656
2025-01-03 02:30:00,Machine_C,63.635178595433416,2.612211995123958
2025-01-03 02:40:00,Machine_C,62.93572746534099,
2025-01-03 02:50:00,Machine_C,62.16003863530571,2.4747520938877567
2025-01-03 03:00:00,Machine_C,63.66790031981274,2.77685081232322
2025-01-03 03:10:00,Machine_C,64.39367129641151,2.4846641377831205
2025-01-03 03:20:00,Machine_C,61.87151886305237,2.6472463119495955
2025-01-03 03:30:00,Machine_C,62.944741979588684,2.524915747509074
2025-01-03 03:40:00,Machine_C,64.98279783376522,2.624170718189449
2025-01-03 03:50:00,Machine_C,64.43755064548402,3.0242991851664263
2025-01-03 04:00:00,Machine_C,64.62119930323988,2.7666840674962145
2025-01-03 04:10:00,Machine_C,65.1285877510255,2.7327469456065474
2025-01-03 04:20:00,Machine_C,64.89511701936357,2.963974943287624
2025-01-03 04:30:00,Machine_C,64.77858321518852,2.266145050508729
2025-01-03 04:40:00,Machine_C,65.69584230870491,2.717505293117028
2025-01-03 04:50:00,Machine_C,64.6354437146873,2.67473515749559
2025-01-03 05:00:00,Machine_C,65.08087156174442,2.6291733586653825
2025-01-03 05:10:00,Machine_C,65.90314581491273,2.527445359992809
2025-01-03 05:20:00,Machine_C,64.78033559017399,2.7824226603717714
2025-01-03 05:30:00,Machine_C,66.68307326854088,2.96609432904001
2025-01-03 05:40:00,Machine_C,65.92803046927452,2.8343416649664057
2025-01-03 05:50:00,Machine_C,64.92821768977318,3.024174688468297
2025-01-03 06:00:00,Machine_C,65.8451319386372,2.9128691616423548
2025-01-03 06:10:00,Machine_C,65.04403853065452,3.1295393431841885
2025-01-03 06:20:00,Machine_C,66.3737618561364,2.8487166616154465
2025-01-03 06:30:00,Machine_C,66.15379809350294,2.621655926215122
2025-01-03 06:40:00,Machine_C,65.91600467898628,2.6936784193217145
2025-01-03 06:50:00,Machine_C,65.3334292504667,2.907801554928978
2025-01-03 07:00:00,Machine_C,66.27244443664442,2.858041745498524
2025-01-03 07:10:00,Machine_C,66.90799054245605,2.9290274332034274
2025-01-03 07:20:00,Machine_C,66.89946974922776,3.2588740039042117
2025-01-03 07:30:00,Machine_C,66.20326897160295,2.802010053957624
2025-01-03 07:40:00,Machine_C,67.49629516768834,3.3616426525623027
2025-01-03 07:50:00,Machine_C,66.82769307304326,2.9627465740632704
2025-01-03 08:00:00,Machine_C,68.4875120438525,2.9010781972394994
2025-01-03 08:10:00,Machine_C,68.73585217807332,3.1168781625197877
2025-01-03 08:20:00,Machine_C,,3.4279325732305588
2025-01-03 08:30:00,Machine_C,69.39156576745904,3.045729885540818
2025-01-03 08:40:00,Machine_C,68.13698580565288,3.0810797078221714
2025-01-03 08:50:00,Machine_C,67.32417340353464,3.1078682590980047
2025-01-03 09:00:00,Machine_C,69.42305588942165,3.425203658271147
2025-01-03 09:10:00,Machine_C,69.87176229171087,3.151463690342862
2025-01-03 09:20:00,Machine_C,69.47685348633642,3.3250401668676326
2025-01-03 09:30:00,Machine_C,68.16565776083216,3.278714889961337
2025-01-03 09:40:00,Machine_C,67.87874153471284,3.2488189403383654
2025-01-03 09:50:00,Machine_C,,3.189766543610585
2025-01-03 10:00:00,Machine_C,71.01221389835375,3.6441281396468472
2025-01-03 10:10:00,Machine_C,68.16303285977853,3.8017256523913776
2025-01-03 10:20:00,Machine_C,69.8286813433192,3.14881539905163
2025-01-03 10:30:00,Machine_C,69.15955060870002,3.1228907512370037
2025-01-03 10:40:00,Machine_C,70.04424592588914,3.3302018391949666
2025-01-03 10:50:00,Machine_C,68.33001870025642,2.920031022796074
2025-01-03 11:00:00,Machine_C,69.18113927210808,3.3433604767384493
2025-01-03 11:10:00,Machine_C,68.69859628483556,3.7006267222614393
2025-01-03 11:20:00,Machine_C,68.77390643225131,3.2353611404394984
2025-01-03 11:30:00,Machine_C,70.0593714467811,3.5406340964310368
2025-01-03 11:40:00,Machine_C,68.59144434072203,3.6127696670677807
2025-01-03 11:50:00,Machine_C,69.72856421037056,3.1944861032314598
2025-01-03 12:00:00,Machine_C,69.54462041208807,3.3820913765528497
2025-01-03 12:10:00,Machine_C,68.73362457828958,3.4133055243924826
2025-01-03 12:20:00,Machine_C,68.89650459716798,3.4794868116843496
2025-01-03 12:30:00,Machine_C,69.73720300443273,3.490471088391281
2025-01-03 12:40:00,Machine_C,69.4267179780104,3.545213452290191
2025-01-03 12:50:00,Machine_C,69.4476716147214,3.1985508689860547
2025-01-03 13:00:00,Machine_C,69.1946587666325,3.365990720722464
2025-01-03 13:10:00,Machine_C,69.10015075821512,3.5960070850060313
2025-01-03 13:20:00,Machine_C,69.27167447843972,3.609150912729226
2025-01-03 13:30:00,Machine_C,70.38494017524505,3.3562620488808275
2025-01-03 13:40:00,Machine_C,69.59534364001209,3.2121465271405016
2025-01-03 13:50:00,Machine_C,68.99982631108128,3.485496770777018
2025-01-03 14:00:00,Machine_C,68.16561561054678,3.3862308382359703
2025-01-03 14:10:00,Machine_C,68.61664587302134,3.372160688947803
2025-01-03 14:20:00,Machine_C,,3.4082574518582143
2025-01-03 14:30:00,Machine_C,68.13946766095059,3.0858805838096446
2025-01-03 14:40:00,Machine_C,67.18479749253537,3.397203607037706
2025-01-03 14:50:00,Machine_C,68.57143690062264,3.25958962168586
2025-01-03 15:00:00,Machine_C,70.12905544559372,3.423667661858059
2025-01-03 15:10:00,Machine_C,68.52150092542779,3.207699865828614
2025-01-03 15:20:00,Machine_C,68.83168234189824,3.294269301587606
2025-01-03 15:30:00,Machine_C,68.89850377118925,3.2562644936132465
2025-01-03 15:40:00,Machine_C,67.77815877000788,3.059839258006377
2025-01-03 15:50:00,Machine_C,67.70474728052778,2.9794725178069523
2025-01-03 16:00:00,Machine_C,66.63266661145038,3.270200628342781
2025-01-03 16:10:00,Machine_C,67.77365198824825,2.953550884403892
2025-01-03 16:20:00,Machine_C,67.52387533972444,
2025-01-03 16:30:00,Machine_C,66.65444445004186,3.0062734608836172
2025-01-03 16:40:00,Machine_C,68.11590491365841,3.1199901324925774
2025-01-03 16:50:00,Machine_C,66.43116217031137,3.1569521869291286
2025-01-03 17:00:00,Machine_C,69.18376574013483,2.7362814423401502
2025-01-03 17:10:00,Machine_C,67.08029568079318,2.8668719187853244
2025-01-03 17:20:00,Machine_C,66.5902701117985,2.8391441206159524
2025-01-03 17:30:00,Machine_C,68.00799537727875,2.917691077566751
2025-01-03 17:40:00,Machine_C,64.47861660178063,2.5806178217602147
2025-01-03 17:50:00,Machine_C,65.9236903774909,3.12371270985958
2025-01-03 18:00:00,Machine_C,65.65316226233969,2.910871522263975
2025-01-03 18:10:00,Machine_C,65.70242273382718,2.8561989079292274
2025-01-03 18:20:00,Machine_C,65.8758533312218,2.996675114168297
2025-01-03 18:30:00,Machine_C,65.37469595800026,2.9344192337382276
2025-01-03 18:40:00,Machine_C,66.51303302332506,2.913071464737241
2025-01-03 18:50:00,Machine_C,65.59076012503103,2.7997879998258033
2025-01-03 19:00:00,Machine_C,,2.802379220923477
2025-01-03 19:10:00,Machine_C,65.31740635443327,2.916658000195639
2025-01-03 19:20:00,Machine_C,63.77220939152613,2.8418596445592605
2025-01-03 19:30:00,Machine_C,64.82218090081605,3.0388821053088493
2025-01-03 19:40:00,Machine_C,64.71000942465238,2.735046586866492
2025-01-03 19:50:00,Machine_C,63.484433928620305,2.8093384204046563
2025-01-03 20:00:00,Machine_C,64.95879997981987,2.6528620776432046
2025-01-03 20:10:00,Machine_C,62.4895204481032,
2025-01-03 20:20:00,Machine_C,66.0082489346724,2.7095353226035064
2025-01-03 20:30:00,Machine_C,63.83931182636896,2.5461557192319857
2025-01-03 20:40:00,Machine_C,63.06588199668199,2.4943873399415186
2025-01-03 20:50:00,Machine_C,64.12961686702599,2.7113934086927305
2025-01-03 21:00:00,Machine_C,64.02604923690564,2.6635954641297337
2025-01-03 21:10:00,Machine_C,65.05642067929931,2.8323890259551314
2025-01-03 21:20:00,Machine_C,64.74458542161817,2.5560976289568575
2025-01-03 21:30:00,Machine_C,62.15939704461555,2.3639913610300556
2025-01-03 21:40:00,Machine_C,62.9169310893437,2.5334561837682874
2025-01-03 21:50:00,Machine_C,62.32040646123838,2.6589847586172386
2025-01-03 22:00:00,Machine_C,63.56263522617701,2.128415449024834
2025-01-03 22:10:00,Machine_C,64.02746668613545,
2025-01-03 22:20:00,Machine_C,61.7746544366493,2.612110409891468
2025-01-03 22:30:00,Machine_C,,2.526512696554601
2025-01-03 22:40:00,Machine_C,62.20558414339758,
2025-01-03 22:50:00,Machine_C,63.33754263098352,2.2543432497068676
2025-01-03 23:00:00,Machine_C,62.94684797429514,2.4631881948451477
2025-01-03 23:10:00,Machine_C,63.523615353812744,2.2402927582320236
2025-01-03 23:20:00,Machine_C,62.216322664792465,2.5779933815003773
2025-01-03 23:30:00,Machine_C,62.43662358768042,2.4648749468695708
2025-01-03 23:40:00,Machine_C,62.828610536210576,
2025-01-03 23:50:00,Machine_C,62.286491088834794,
2025-01-04 00:00:00,Machine_C,62.73920122897308,2.388805669125361
2025-01-04 00:10:00,Machine_C,63.51944996203665,2.582435833833555
2025-01-04 00:20:00,Machine_C,64.22019638031153,2.657391596783548
2025-01-04 00:30:00,Machine_C,62.13927836171643,2.593146863266077
2025-01-04 00:40:00,Machine_C,64.27119937068126,2.2852825092505906
2025-01-04 00:50:00,Machine_C,62.181129839018574,2.3740503925957332
2025-01-04 01:00:00,Machine_C,63.31440085781587,2.0628965846594105
2025-01-04 01:10:00,Machine_C,62.266473817915,2.479004193816418
2025-01-04 01:20:00,Machine_C,61.88740153904415,2.686528956279845
2025-01-04 01:30:00,Machine_C,63.744602444278705,2.4855188672116557
2025-01-04 01:40:00,Machine_C,62.78860291534088,2.595965339754188
2025-01-04 01:50:00,Machine_C,63.92266075060833,2.599853519246872
2025-01-04 02:00:00,Machine_C,63.57052232360386,2.45325441393143
2025-01-04 02:10:00,Machine_C,63.37702125270608,2.0827405001914157
2025-01-04 02:20:00,Machine_C,63.57389262519511,2.772743508424354
2025-01-04 02:30:00,Machine_C,64.09417814361973,2.620751038363957
2025-01-04 02:40:00,Machine_C,64.06000296654356,
2025-01-04 02:50:00,Machine_C,63.09590551032632,2.634983221057465
2025-01-04 03:00:00,Machine_C,63.863473811323246,2.6178130784179796
2025-01-04 03:10:00,Machine_C,64.83592658305321,2.831980308520371
2025-01-04 03:20:00,Machine_C,63.786475723933,2.6957198101447966
2025-01-04 03:30:00,Machine_C,63.47406086544865,2.71167625800136
2025-01-04 03:40:00,Machine_C,63.49537571537315,2.6777697976670956
2025-01-04 03:50:00,Machine_C,64.79877481405029,2.5196651746869896
2025-01-04 04:00:00,Machine_C,64.05765989227972,2.796094134971636
2025-01-04 04:10:00,Machine_C,64.67366788532138,2.6876378328125
2025-01-04 04:20:00,Machine_C,64.29038497201142,2.538320238274659
2025-01-04 04:30:00,Machine_C,65.5997645128833,2.609165431605901
2025-01-04 04:40:00,Machine_C,64.92310262976295,2.5415826738390437
2025-01-04 04:50:00,Machine_C,66.09006511472168,2.95542513830789
2025-01-04 05:00:00,Machine_C,66.20736860881965,3.1397129263388144
2025-01-04 05:10:00,Machine_C,65.1719454160451,3.010531279408715
2025-01-04 05:20:00,Machine_C,66.45890652015517,2.8895797688745115
2025-01-04 05:30:00,Machine_C,65.272943035157,2.829481561850717
2025-01-04 05:40:00,Machine_C,65.90787248154496,2.8084116047207672
2025-01-04 05:50:00,Machine_C,65.22356619017002,2.702838002729088
2025-01-04 06:00:00,Machine_C,66.47484411107209,3.250421988678442
2025-01-04 06:10:00,Machine_C,66.39370493523127,2.733504528636058
2025-01-04 06:20:00,Machine_C,66.71640421830816,2.7863154816785567
2025-01-04 06:30:00,Machine_C,65.36873957804355,2.9235465208311746
2025-01-04 06:40:00,Machine_C,65.0162839281871,2.9578161209586775
2025-01-04 06:50:00,Machine_C,65.85143391973543,3.1057649056624137
2025-01-04 07:00:00,Machine_C,67.30516157636062,2.895251416558979
2025-01-04 07:10:00,Machine_C,67.59123278491771,2.677370850467182
2025-01-04 07:20:00,Machine_C,68.10053993537032,3.0122527740576617
2025-01-04 07:30:00,Machine_C,67.01578307942252,3.042677247086579
2025-01-04 07:40:00,Machine_C,67.64607753033096,
2025-01-04 07:50:00,Machine_C,67.05529915932503,3.0612433386830173
2025-01-04 08:00:00,Machine_C,68.84391745104789,3.0618876781006894
2025-01-04 08:10:00,Machine_C,,2.9033967443179827
2025-01-04 08:20:00,Machine_C,68.95034035603562,3.421305411486333
2025-01-04 08:30:00,Machine_C,67.92961526533813,3.426951727456244
2025-01-04 08:40:00,Machine_C,69.50995311931817,3.4404310154749544
2025-01-04 08:50:00,Machine_C,68.510931857369,2.9906156723421673
2025-01-04 09:00:00,Machine_C,68.60374362929467,3.2908835861596746
2025-01-04 09:10:00,Machine_C,67.97720658704887,3.155662575855658
2025-01-04 09:20:00,Machine_C,70.4147692089041,3.1588229154103162
2025-01-04 09:30:00,Machine_C,69.56938931301188,3.0898530551473247
2025-01-04 09:40:00,Machine_C,69.27659712265236,3.73041961956683
2025-01-04 09:50:00,Machine_C,69.14351375746219,3.234753064835203
2025-01-04 10:00:00,Machine_C,68.50250239133204,3.1237525293142068
2025-01-04 10:10:00,Machine_C,69.64315475209189,3.3240267825963703
2025-01-04 10:20:00,Machine_C,69.1187151542557,3.4452029556636234
2025-01-04 10:30:00,Machine_C,69.27959470216281,3.2903055029863846
2025-01-04 10:40:00,Machine_C,70.00170059235623,3.366828059499236
2025-01-04 10:50:00,Machine_C,69.56557145372146,3.509510377005852
2025-01-04 11:00:00,Machine_C,69.39526100494037,3.1628393102042125
2025-01-04 11:10:00,Machine_C,70.56555465325471,3.3713356321227796
2025-01-04 11:20:00,Machine_C,68.7917308798936,3.228139848956233
2025-01-04 11:30:00,Machine_C,68.14615558372509,3.2067694755198866
2025-01-04 11:40:00,Machine_C,68.84988327002561,3.663642824424972
2025-01-04 11:50:00,Machine_C,69.61830222414872,3.333481614562729
2025-01-04 12:00:00,Machine_C,70.05564008320292,3.158853830005368
2025-01-04 12:10:00,Machine_C,68.90137760345159,3.3294957015033724
2025-01-04 12:20:00,Machine_C,72.43665488451974,
2025-01-04 12:30:00,Machine_C,69.61578577836403,3.307011218654811
2025-01-04 12:40:00,Machine_C,69.56825239026809,3.2210364010794774
2025-01-04 12:50:00,Machine_C,68.38532841865154,3.4313031396245557
2025-01-04 13:00:00,Machine_C,68.2265014310925,3.683340434486869
2025-01-04 13:10:00,Machine_C,67.91153295590784,3.297686008624564
2025-01-04 13:20:00,Machine_C,70.38605937427404,3.207497168642704
2025-01-04 13:30:00,Machine_C,70.20353912454429,3.332126580827774
2025-01-04 13:40:00,Machine_C,69.170915175606,3.5762720789329627
2025-01-04 13:50:00,Machine_C,68.13260860029678,3.3920944666481043
2025-01-04 14:00:00,Machine_C,68.80906890433361,3.264322711389857
2025-01-04 14:10:00,Machine_C,70.0890206002271,2.9075751844054993
2025-01-04 14:20:00,Machine_C,68.46370824816859,3.259199749335281
2025-01-04 14:30:00,Machine_C,68.05510246597972,3.3967877415782155
2025-01-04 14:40:00,Machine_C,68.37635536846199,3.4170739825178007
2025-01-04 14:50:00,Machine_C,68.34618191914943,3.467726322060498
2025-01-04 15:00:00,Machine_C,69.06534317087642,3.0967891844542965
2025-01-04 15:10:00,Machine_C,66.598780762514,3.1314670301423866
2025-01-04 15:20:00,Machine_C,68.38521992243399,3.1676169567454493
2025-01-04 15:30:00,Machine_C,67.57321360919158,3.3016755286205584
2025-01-04 15:40:00,Machine_C,67.57908394061498,3.1107455091559832
2025-01-04 15:50:00,Machine_C,68.48411640787812,3.2362545378046534
2025-01-04 16:00:00,Machine_C,66.70855381221573,3.0558136385669075
2025-01-04 16:10:00,Machine_C,67.76006439577169,2.98073544023826
2025-01-04 16:20:00,Machine_C,67.86418347981223,3.289929343361531
2025-01-04 16:30:00,Machine_C,67.80307789338816,3.1284325016367998
2025-01-04 16:40:00,Machine_C,67.76256392863309,3.188304818449549
2025-01-04 16:50:00,Machine_C,67.50999430770356,2.998184816498747
2025-01-04 17:00:00,Machine_C,67.48127934116383,3.161211425517838
2025-01-04 17:10:00,Machine_C,66.05289678409305,2.8061172099215064
2025-01-04 17:20:00,Machine_C,67.70030756941597,2.815524082947436
2025-01-04 17:30:00,Machine_C,65.50919072309094,3.1283157711654543
2025-01-04 17:40:00,Machine_C,66.60132069117626,2.9265768750603907
2025-01-04 17:50:00,Machine_C,65.60795459720276,2.8752498224269525
2025-01-04 18:00:00,Machine_C,64.62574901433227,2.734483846792197
2025-01-04 18:10:00,Machine_C,65.39124426342093,3.0251759806218415
2025-01-04 18:20:00,Machine_C,65.60019485521083,3.1965517720682426
2025-01-04 18:30:00,Machine_C,66.65268539447756,
2025-01-04 18:40:00,Machine_C,66.84796943521017,2.741014413482079
2025-01-04 18:50:00,Machine_C,65.13874878382016,3.052225029076626
2025-01-04 19:00:00,Machine_C,63.98291028565863,2.8482222453880683
2025-01-04 19:10:00,Machine_C,63.90263309464325,2.68674441407336
2025-01-04 19:20:00,Machine_C,65.42042494855403,2.975713739607957
2025-01-04 19:30:00,Machine_C,65.22713379136844,2.69531868150174
2025-01-04 19:40:00,Machine_C,64.03494198940885,2.450138862363607
2025-01-04 19:50:00,Machine_C,63.444497509851494,2.6350420796366754
2025-01-04 20:00:00,Machine_C,65.0438197835519,2.770774830679815
2025-01-04 20:10:00,Machine_C,63.13706002416165,2.529036708242657
2025-01-04 20:20:00,Machine_C,63.63703272010181,2.304871324811848
2025-01-04 20:30:00,Machine_C,64.2481289468055,2.890625968352493
2025-01-04 20:40:00,Machine_C,62.14951900733322,3.149648487869297
2025-01-04 20:50:00,Machine_C,64.39811287753403,2.5103997487895
2025-01-04 21:00:00,Machine_C,65.42935136203002,2.4684333765507738
2025-01-04 21:10:00,Machine_C,63.51064037865643,2.325748681688301
2025-01-04 21:20:00,Machine_C,63.29112236079265,2.4074655466719346
2025-01-04 21:30:00,Machine_C,63.25872365647305,2.2679807457461822
2025-01-04 21:40:00,Machine_C,63.31284735595277,2.296486290510611
2025-01-04 21:50:00,Machine_C,62.464151223593525,2.5208781486498273
2025-01-04 22:00:00,Machine_C,62.06944495990688,2.226063007996907
2025-01-04 22:10:00,Machine_C,62.61297476192947,2.236528336817633
2025-01-04 22:20:00,Machine_C,62.950804281263984,2.5294251875238567
2025-01-04 22:30:00,Machine_C,61.96769328418117,2.373109849230378
2025-01-04 22:40:00,Machine_C,61.63378892573779,2.541339540215688
2025-01-04 22:50:00,Machine_C,62.30965457032173,2.4092663656816593
2025-01-04 23:00:00,Machine_C,61.55253049907879,2.4319328655460306
2025-01-04 23:10:00,Machine_C,63.120401531229234,2.6010859335138647
2025-01-04 23:20:00,Machine_C,59.799909466709124,2.3580722373805214
2025-01-04 23:30:00,Machine_C,61.595435845837784,2.5815959989222566
2025-01-04 23:40:00,Machine_C,63.64414240075557,2.3761397971455764
2025-01-04 23:50:00,Machine_C,62.32595642941407,2.302694764821945
2025-01-05 00:00:00,Machine_C,62.64714346101728,2.256676618702868
2025-01-05 00:10:00,Machine_C,62.40019545805854,2.1522269866324764
2025-01-05 00:20:00,Machine_C,62.01146390031646,2.228436332715149
2025-01-05 00:30:00,Machine_C,63.40609746486009,2.134621278690834
2025-01-05 00:40:00,Machine_C,62.09568357198271,2.277824780413244
2025-01-05 00:50:00,Machine_C,61.92017872725062,2.6084478515838887
2025-01-05 01:00:00,Machine_C,63.14466919068627,2.4638368199256795
2025-01-05 01:10:00,Machine_C,61.11746888459359,2.4010097212639723
2025-01-05 01:20:00,Machine_C,62.482737010485145,2.352706166832708
2025-01-05 01:30:00,Machine_C,62.351255970095714,2.469628795919905
2025-01-05 01:40:00,Machine_C,62.58459902607476,2.4975990454675645
2025-01-05 01:50:00,Machine_C,62.5047550682319,2.3001350965387846
2025-01-05 02:00:00,Machine_C,63.26898114414154,2.5937290660463237
2025-01-05 02:10:00,Machine_C,63.92787891568687,2.4618598965274523
2025-01-05 02:20:00,Machine_C,63.50043738481705,2.584808140914665
2025-01-05 02:30:00,Machine_C,62.95373241468653,2.537228553351601
2025-01-05 02:40:00,Machine_C,,2.2999672226224903
2025-01-05 02:50:00,Machine_C,64.01840235976502,2.802378115599014
2025-01-05 03:00:00,Machine_C,63.8138692442392,2.579739995056151
2025-01-05 03:10:00,Machine_C,64.47435418892402,2.529798866062463
2025-01-05 03:20:00,Machine_C,61.8723268489664,2.715605648465914
2025-01-05 03:30:00,Machine_C,63.890746516671264,2.4177382685141677
2025-01-05 03:40:00,Machine_C,64.2387652276727,2.3585189381249814
2025-01-05 03:50:00,Machine_C,62.93446280147335,2.7584010161904193
2025-01-05 04:00:00,Machine_C,64.42661697473736,2.881382030534547
2025-01-05 04:10:00,Machine_C,65.11584038050879,2.743767932847186
2025-01-05 04:20:00,Machine_C,64.34173628296246,2.8548628716571613
2025-01-05 04:30:00,Machine_C,65.185839492431,2.499881969824499
2025-01-05 04:40:00,Machine_C,65.62113216129667,2.681421595097917
2025-01-05 04:50:00,Machine_C,66.02150071946517,2.6462344839474605
2025-01-05 05:00:00,Machine_C,66.0238564468256,2.968498851174642
2025-01-05 05:10:00,Machine_C,66.33494676421718,2.8915342942941917
2025-01-05 05:20:00,Machine_C,64.99259334972638,3.0074664324790303
2025-01-05 05:30:00,Machine_C,65.23105244554047,2.7300459337449956
2025-01-05 05:40:00,Machine_C,63.71619818544865,2.657113738266043
2025-01-05 05:50:00,Machine_C,64.99519769163597,3.119605437003622
2025-01-05 06:00:00,Machine_C,66.97475924809531,2.9046998635319334
2025-01-05 06:10:00,Machine_C,65.66878264991617,3.111307300937986
2025-01-05 06:20:00,Machine_C,66.62311579789777,2.92753000072841
2025-01-05 06:30:00,Machine_C,66.6494229603356,3.3554301639792197
2025-01-05 06:40:00,Machine_C,67.60031755394893,3.190181049042825
2025-01-05 06:50:00,Machine_C,65.14123283254477,2.9685878500823937
2025-01-05 07:00:00,Machine_C,67.18797073373301,3.0201637726138832
2025-01-05 07:10:00,Machine_C,67.32156421247844,3.039635364488518
2025-01-05 07:20:00,Machine_C,66.51083252352863,2.8494183745178336
2025-01-05 07:30:00,Machine_C,68.10758943925015,2.9854574590183773
2025-01-05 07:40:00,Machine_C,66.35993567882,2.98974237768775
2025-01-05 07:50:00,Machine_C,68.46774882410693,
2025-01-05 08:00:00,Machine_C,66.0254513923077,2.9782751092454074
2025-01-05 08:10:00,Machine_C,67.15661242375909,3.1147718864021785
2025-01-05 08:20:00,Machine_C,67.89560717308626,3.0921988302850405
2025-01-05 08:30:00,Machine_C,68.30479283710218,3.187591958955366
2025-01-05 08:40:00,Machine_C,66.75528963520776,3.4535135526108585
2025-01-05 08:50:00,Machine_C,,3.4011941243092725
2025-01-05 09:00:00,Machine_C,69.07772175420232,2.982308228666104
2025-01-05 09:10:00,Machine_C,70.10312114397483,3.222443860048268
2025-01-05 09:20:00,Machine_C,69.24284483050774,3.1902037243806185
2025-01-05 09:30:00,Machine_C,68.18760868265285,3.140621070173984
2025-01-05 09:40:00,Machine_C,68.00999305879797,3.656162269944262
2025-01-05 09:50:00,Machine_C,68.61539683279307,3.184707945592664
2025-01-05 10:00:00,Machine_C,70.77574095300889,
2025-01-05 10:10:00,Machine_C,69.14262364768071,3.61494495977931
2025-01-05 10:20:00,Machine_C,69.24428036850401,3.4822649901381406
2025-01-05 10:30:00,Machine_C,70.33714709683085,3.2359520999212084
2025-01-05 10:40:00,Machine_C,68.35730111188786,3.4597704907322853
2025-01-05 10:50:00,Machine_C,69.76917755244885,3.286074309250804
2025-01-05 11:00:00,Machine_C,69.793814792447,3.3035596736760784
2025-01-05 11:10:00,Machine_C,70.18292198900919,3.194364290150442
2025-01-05 11:20:00,Machine_C,70.12866189578327,2.905213922124304
2025-01-05 11:30:00,Machine_C,69.42310409246488,3.0896729899270587
2025-01-05 11:40:00,Machine_C,68.38019116239691,3.149458605238388
2025-01-05 11:50:00,Machine_C,69.0447647381567,3.4249923790077967
2025-01-05 12:00:00,Machine_C,70.17367677431875,3.377618894786445
2025-01-05 12:10:00,Machine_C,70.98016927705396,3.545093690869095
2025-01-05 12:20:00,Machine_C,68.50833523960439,3.131686982295816
2025-01-05 12:30:00,Machine_C,68.43903940265757,3.6677724749973555
2025-01-05 12:40:00,Machine_C,68.18770439618412,3.648147189693702
2025-01-05 12:50:00,Machine_C,,3.3457118002125936
2025-01-05 13:00:00,Machine_C,70.13878934052221,3.211141553958633
2025-01-05 13:10:00,Machine_C,70.39096226387193,3.214962074462121
2025-01-05 13:20:00,Machine_C,67.62599863966409,3.3585260888277326
2025-01-05 13:30:00,Machine_C,68.26943874740253,
2025-01-05 13:40:00,Machine_C,68.05829484426694,3.2907528610689383
2025-01-05 13:50:00,Machine_C,68.41039688579431,3.014389010967932
2025-01-05 14:00:00,Machine_C,68.85321076254992,3.6308776094409625
2025-01-05 14:10:00,Machine_C,68.63393649231433,3.2074566508193647
2025-01-05 14:20:00,Machine_C,69.27808753403258,3.5303017093030515
2025-01-05 14:30:00,Machine_C,,3.369648775800567
2025-01-05 14:40:00,Machine_C,68.26473868697593,
2025-01-05 14:50:00,Machine_C,69.67359145444298,3.405643921439302
2025-01-05 15:00:00,Machine_C,69.59848318089163,3.0859437935922416
2025-01-05 15:10:00,Machine_C,,3.151643357845764
2025-01-05 15:20:00,Machine_C,68.56435961843447,3.0937220605790365
2025-01-05 15:30:00,Machine_C,67.60659764611007,3.137820039435605
2025-01-05 15:40:00,Machine_C,68.14740740122457,3.2567045024317753
2025-01-05 15:50:00,Machine_C,69.9027234124527,3.2390356132807305
2025-01-05 16:00:00,Machine_C,67.32554834309067,2.845042940037263
2025-01-05 16:10:00,Machine_C,69.08238949994588,3.0113897171873747
2025-01-05 16:20:00,Machine_C,65.52973168270691,3.024857802014008
2025-01-05 16:30:00,Machine_C,67.79698030277501,3.1777148308229104
2025-01-05 16:40:00,Machine_C,67.7148826251372,2.8018519509941315
2025-01-05 16:50:00,Machine_C,67.35133913822214,3.162481804578559
2025-01-05 17:00:00,Machine_C,67.25711811854102,2.813660957793409
2025-01-05 17:10:00,Machine_C,67.17611104232958,3.042100409392499
2025-01-05 17:20:00,Machine_C,67.06375974593976,3.1787408196501947
2025-01-05 17:30:00,Machine_C,66.1922500035805,2.7378983172761147
2025-01-05 17:40:00,Machine_C,66.08822035612224,2.982735025834935
2025-01-05 17:50:00,Machine_C,65.06401519470906,2.886242100082723
2025-01-05 18:00:00,Machine_C,66.58599123312489,2.7240594200056965
2025-01-05 18:10:00,Machine_C,66.88915283041715,2.6598779795101484
2025-01-05 18:20:00,Machine_C,67.09046259492399,2.7334238107247186
2025-01-05 18:30:00,Machine_C,64.88629431945839,2.6953732601356393
2025-01-05 18:40:00,Machine_C,64.01296761926578,2.7848511424617204
2025-01-05 18:50:00,Machine_C,65.54351001500333,2.7258097852598326
2025-01-05 19:00:00,Machine_C,64.16963244412878,2.859782347876916
2025-01-05 19:10:00,Machine_C,65.40494431211266,2.91021099962027
2025-01-05 19:20:00,Machine_C,63.03865362901563,2.4708699209159635
2025-01-05 19:30:00,Machine_C,65.5303755561393,2.6826753520370774
2025-01-05 19:40:00,Machine_C,64.64346036167603,2.538835346333359
2025-01-05 19:50:00,Machine_C,62.84680906837321,2.496883186245534
2025-01-05 20:00:00,Machine_C,64.49326611682616,2.3926157056847632
2025-01-05 20:10:00,Machine_C,64.19542056210862,2.3625310694487642
2025-01-05 20:20:00,Machine_C,64.41079704031459,2.5484479236923403
2025-01-05 20:30:00,Machine_C,64.51094588065345,2.69678076694631
2025-01-05 20:40:00,Machine_C,61.81719367835827,2.6808280397462796
2025-01-05 20:50:00,Machine_C,63.25846822676264,2.406502135470398
2025-01-05 21:00:00,Machine_C,,2.374114188870206
2025-01-05 21:10:00,Machine_C,63.1832313407343,2.611289272119468
2025-01-05 21:20:00,Machine_C,63.038021645738546,2.477566322281829
2025-01-05 21:30:00,Machine_C,64.06682349070267,2.703138829557557
2025-01-05 21:40:00,Machine_C,61.74795579061468,2.33145177402066
2025-01-05 21:50:00,Machine_C,62.814942969445525,2.1860858781264922
2025-01-05 22:00:00,Machine_C,62.799105949415576,2.6205357261506093
2025-01-05 22:10:00,Machine_C,,2.160638057620896
2025-01-05 22:20:00,Machine_C,62.046071554590704,2.231917513429166
2025-01-05 22:30:00,Machine_C,64.47981874657093,2.3637931002243624
2025-01-05 22:40:00,Machine_C,63.493946717962764,2.4258395011311835
2025-01-05 22:50:00,Machine_C,64.43121900033609,2.5790932911252926
2025-01-05 23:00:00,Machine_C,63.13147659476027,2.282774106302806
2025-01-05 23:10:00,Machine_C,63.19278871450749,2.6978549075136296
2025-01-05 23:20:00,Machine_C,62.549667309774705,2.1839387664204817
2025-01-05 23:30:00,Machine_C,63.78040948493142,2.386900803169641
2025-01-05 23:40:00,Machine_C,62.965740950130524,2.6011402785263966
2025-01-05 23:50:00,Machine_C,62.350812147412135,2.6093851571438895
2025-01-06 00:00:00,Machine_C,63.977257320235516,1.9180953292201521
2025-01-06 00:10:00,Machine_C,61.46107713306094,2.9378582458092
2025-01-06 00:20:00,Machine_C,61.92762495223211,2.3937113147580593
2025-01-06 00:30:00,Machine_C,64.77843732458865,2.5039699731172065
2025-01-06 00:40:00,Machine_C,63.08973563152816,2.396781512749564
2025-01-06 00:50:00,Machine_C,60.47644953986261,2.8449944966351755
2025-01-06 01:00:00,Machine_C,63.43440522221514,2.6974152515369516
2025-01-06 01:10:00,Machine_C,61.843507787249116,2.8501786210461955
2025-01-06 01:20:00,Machine_C,62.25162442411924,2.562320274126967
2025-01-06 01:30:00,Machine_C,64.80717366436564,2.6484406752328837
2025-01-06 01:40:00,Machine_C,64.15233572510506,2.3041301130772704
2025-01-06 01:50:00,Machine_C,64.49395131254451,2.453217779240709
2025-01-06 02:00:00,Machine_C,62.4830719869343,2.6746203999522478
2025-01-06 02:10:00,Machine_C,62.815244677578995,2.5777580642219453
2025-01-06 02:20:00,Machine_C,63.30790034306204,2.5504083610389134
2025-01-06 02:30:00,Machine_C,63.917981092730706,2.403370613024711
2025-01-06 02:40:00,Machine_C,63.04525726090968,2.7650648563349325
2025-01-06 02:50:00,Machine_C,64.92222788393985,2.7754556479483017
2025-01-06 03:00:00,Machine_C,63.91807484727497,2.7693995336423027
2025-01-06 03:10:00,Machine_C,64.82817916613882,2.6485512424329665
2025-01-06 03:20:00,Machine_C,63.12625164048738,2.6125643948311246
2025-01-06 03:30:00,Machine_C,63.534232140634415,2.828401186467851
2025-01-06 03:40:00,Machine_C,64.18902181425531,2.8105146905857907
2025-01-06 03:50:00,Machine_C,63.75215853013907,2.4975280394745516
2025-01-06 04:00:00,Machine_C,65.08817951921617,2.7319425870523713
2025-01-06 04:10:00,Machine_C,65.23799802305071,2.810662380689185
2025-01-06 04:20:00,Machine_C,64.32958562023761,2.588663213083841
2025-01-06 04:30:00,Machine_C,65.1869849313621,2.890411705547931
2025-01-06 04:40:00,Machine_C,66.43641276785064,2.875269067762786
2025-01-06 04:50:00,Machine_C,65.78320765963782,2.6897474407989375
2025-01-06 05:00:00,Machine_C,65.61573450682337,2.5393094045961355
2025-01-06 05:10:00,Machine_C,66.27871476050058,2.9081255256465095
2025-01-06 05:20:00,Machine_C,66.73688751200109,3.1754885250303584
2025-01-06 05:30:00,Machine_C,66.75748975620823,2.8872350529508637
2025-01-06 05:40:00,Machine_C,65.63737201740929,2.9762288876961303
2025-01-06 05:50:00,Machine_C,66.56916014411887,2.6706109462387952
2025-01-06 06:00:00,Machine_C,65.76155163142865,2.891397866098397
2025-01-06 06:10:00,Machine_C,66.10911258302025,2.899565742949681
2025-01-06 06:20:00,Machine_C,66.68843839550048,2.7796654073352287
2025-01-06 06:30:00,Machine_C,65.29808472691306,3.037898178863943
2025-01-06 06:40:00,Machine_C,66.90268313419405,3.0503924912510234
2025-01-06 06:50:00,Machine_C,66.2043855484702,2.9444521637485965
2025-01-06 07:00:00,Machine_C,65.95697843567632,3.0141764221986715
2025-01-06 07:10:00,Machine_C,67.68840154763235,3.4048483288797184
2025-01-06 07:20:00,Machine_C,66.98844155174193,2.9421994729127876
2025-01-06 07:30:00,Machine_C,67.51538158790302,2.8685634865869467
2025-01-06 07:40:00,Machine_C,67.29006405699151,2.8822104388745804
2025-01-06 07:50:00,Machine_C,67.12280486329381,3.15263431848091
2025-01-06 08:00:00,Machine_C,67.84405635078475,2.6669869071856795
2025-01-06 08:10:00,Machine_C,66.79075003145729,3.0499266004701955
2025-01-06 08:20:00,Machine_C,67.93052629731766,2.9837488860549826
2025-01-06 08:30:00,Machine_C,69.71525156015863,3.1636373608596107
2025-01-06 08:40:00,Machine_C,67.29017538703098,3.1796965504299757
2025-01-06 08:50:00,Machine_C,69.50549236722777,3.266069025225115
2025-01-06 09:00:00,Machine_C,70.14431197770112,3.3289914757505286
2025-01-06 09:10:00,Machine_C,67.95206412940215,
2025-01-06 09:20:00,Machine_C,68.94324271758995,3.1810627684383683
2025-01-06 09:30:00,Machine_C,67.73695319492695,3.1370707224530414
2025-01-06 09:40:00,Machine_C,67.70753580872675,3.422092220737334
2025-01-06 09:50:00,Machine_C,69.08560607069307,2.9809117381951222
2025-01-06 10:00:00,Machine_C,69.3584330442926,3.426036867320596
2025-01-06 10:10:00,Machine_C,68.65100586050605,3.32489899850464
2025-01-06 10:20:00,Machine_C,68.26728218290087,3.3886656116168603
2025-01-06 10:30:00,Machine_C,68.60643645108321,3.3814399180766
2025-01-06 10:40:00,Machine_C,70.00179880421578,3.3474190741155443
2025-01-06 10:50:00,Machine_C,70.05634872975173,3.3610621047919333
2025-01-06 11:00:00,Machine_C,69.89474764098979,3.1347607076122834
2025-01-06 11:10:00,Machine_C,69.1085526682865,3.2221067299580017
2025-01-06 11:20:00,Machine_C,68.58637777773377,3.66307851517816
2025-01-06 11:30:00,Machine_C,70.52026554201316,3.467264571401671
2025-01-06 11:40:00,Machine_C,70.79961577089905,3.5391961546052477
2025-01-06 11:50:00,Machine_C,69.07674261761142,3.287404772529592
2025-01-06 12:00:00,Machine_C,69.3728795055985,3.3642847041770514
2025-01-06 12:10:00,Machine_C,68.32302806372802,3.4443766379758407
2025-01-06 12:20:00,Machine_C,69.91383136176835,3.5653149592602857
2025-01-06 12:30:00,Machine_C,71.13068599180193,3.3186755202165688
2025-01-06 12:40:00,Machine_C,70.20173178979626,3.4290356107231847
2025-01-06 12:50:00,Machine_C,,3.4672586333219546
2025-01-06 13:00:00,Machine_C,69.06843311248352,3.5029503468840644
2025-01-06 13:10:00,Machine_C,68.29191745546838,3.292879040597356
2025-01-06 13:20:00,Machine_C,70.49237057491258,3.5535719164807342
2025-01-06 13:30:00,Machine_C,69.37102195636231,3.059703337155415
2025-01-06 13:40:00,Machine_C,68.45763141088194,3.1045306384548645
2025-01-06 13:50:00,Machine_C,70.60239458869955,3.3856737655449183
2025-01-06 14:00:00,Machine_C,68.54623356996842,3.371483641298816
2025-01-06 14:10:00,Machine_C,68.05603816007674,3.2372356310000425
2025-01-06 14:20:00,Machine_C,69.34832054108152,3.189007318656948
2025-01-06 14:30:00,Machine_C,67.7353381934902,3.1797978123870387
2025-01-06 14:40:00,Machine_C,69.49903610211358,3.0828912381121185
2025-01-06 14:50:00,Machine_C,67.658620829298,3.223685587865995
2025-01-06 15:00:00,Machine_C,68.67606576188315,2.9381094171410123
2025-01-06 15:10:00,Machine_C,68.6179094544868,3.407777937642963
2025-01-06 15:20:00,Machine_C,68.46169130368358,3.257991956251618
2025-01-06 15:30:00,Machine_C,67.1005099504382,3.406820869266149
2025-01-06 15:40:00,Machine_C,67.85189239587248,3.1870972876954307
2025-01-06 15:50:00,Machine_C,68.97941911668381,3.1350934614588004
2025-01-06 16:00:00,Machine_C,67.58838662508664,3.1475800134697263
2025-01-06 16:10:00,Machine_C,66.69541587170171,2.9818712620699577
2025-01-06 16:20:00,Machine_C,67.12310703678408,2.866357073436909
2025-01-06 16:30:00,Machine_C,66.33275479060272,2.894996160593665
2025-01-06 16:40:00,Machine_C,65.45168471739893,2.977174611224285
2025-01-06 16:50:00,Machine_C,66.91131756438259,2.8763148609384928
2025-01-06 17:00:00,Machine_C,,3.25923784689196
2025-01-06 17:10:00,Machine_C,67.31664659661105,2.8704312973820234
2025-01-06 17:20:00,Machine_C,66.98166083902237,3.0489941996035617
2025-01-06 17:30:00,Machine_C,66.94855960533793,3.0639217361907294
2025-01-06 17:40:00,Machine_C,66.27218867562986,3.1619590236980883
2025-01-06 17:50:00,Machine_C,67.85466727746073,3.0423278559207834
2025-01-06 18:00:00,Machine_C,65.32679930276855,2.8687767879378168
2025-01-06 18:10:00,Machine_C,65.59364311962048,3.1874460517755994
2025-01-06 18:20:00,Machine_C,67.02186376247646,2.6368578306123256
2025-01-06 18:30:00,Machine_C,65.23122937276582,2.6720494323525017
2025-01-06 18:40:00,Machine_C,65.30405755636126,2.861444120731145
2025-01-06 18:50:00,Machine_C,65.56580906475114,2.818060187478428
2025-01-06 19:00:00,Machine_C,66.02810229391028,2.9306141348249195
2025-01-06 19:10:00,Machine_C,65.06113218592425,2.7935817391192863
2025-01-06 19:20:00,Machine_C,64.09593429159189,2.8125171831291165
2025-01-06 19:30:00,Machine_C,64.33254651582945,2.9071023992274654
2025-01-06 19:40:00,Machine_C,64.95284096782926,2.735161030141385
2025-01-06 19:50:00,Machine_C,64.14779184481863,2.8145400417099626
2025-01-06 20:00:00,Machine_C,63.87615921849445,2.538984637446168
2025-01-06 20:10:00,Machine_C,63.37385154876206,2.534074809933079
2025-01-06 20:20:00,Machine_C,64.9472683249817,2.8004768592970106
2025-01-06 20:30:00,Machine_C,63.772072984267616,2.647841402513981
2025-01-06 20:40:00,Machine_C,63.6580536952166,2.6412185360994638
2025-01-06 20:50:00,Machine_C,64.17934601311005,2.471152998011375
2025-01-06 21:00:00,Machine_C,62.4352382387387,2.5082377098832414
2025-01-06 21:10:00,Machine_C,63.453119021325435,2.6198320467549205
2025-01-06 21:20:00,Machine_C,64.52310182989916,2.5010820867319463
2025-01-06 21:30:00,Machine_C,63.17219651799964,2.3878406833131094
2025-01-06 21:40:00,Machine_C,63.30858033791868,2.378323554402692
2025-01-06 21:50:00,Machine_C,63.20586661484247,2.4057541760453307
2025-01-06 22:00:00,Machine_C,63.817986584156735,2.449278717226258
2025-01-06 22:10:00,Machine_C,63.05644202869299,2.4510723596951274
2025-01-06 22:20:00,Machine_C,64.80279066030185,2.7744693117780876
2025-01-06 22:30:00,Machine_C,62.951442704819726,2.65060559330579
2025-01-06 22:40:00,Machine_C,62.36247360386732,2.5305838858901653
2025-01-06 22:50:00,Machine_C,63.8715481370768,2.8060579264399794
2025-01-06 23:00:00,Machine_C,62.450710697825286,2.4445356674603786
2025-01-06 23:10:00,Machine_C,62.10328281597089,
2025-01-06 23:20:00,Machine_C,61.60243109729022,2.516022968692113
2025-01-06 23:30:00,Machine_C,62.912950269931514,2.538908005541219
2025-01-06 23:40:00,Machine_C,62.14735030129312,2.316996431376258
2025-01-06 23:50:00,Machine_C,61.88144772475072,2.395629536472214
2025-01-07 00:00:00,Machine_C,,2.3039242541660725
2025-01-07 00:10:00,Machine_C,62.212674857019,2.5238066686668508
2025-01-07 00:20:00,Machine_C,63.17949033422315,2.4523113213836893
2025-01-07 00:30:00,Machine_C,,2.11505942314747
2025-01-07 00:40:00,Machine_C,62.43754068809856,2.549275906579827
2025-01-07 00:50:00,Machine_C,63.031635333550796,2.4996793585519654
2025-01-07 01:00:00,Machine_C,62.53418711354279,2.7720943271786522
2025-01-07 01:10:00,Machine_C,62.82724396238517,2.637689792236268
2025-01-07 01:20:00,Machine_C,62.17752363988652,2.677448934485243
2025-01-07 01:30:00,Machine_C,62.24025844743615,2.2810628458471904
2025-01-07 01:40:00,Machine_C,62.949000799382176,2.6934418733581036
2025-01-07 01:50:00,Machine_C,63.01833428895203,2.4657637744182725
2025-01-07 02:00:00,Machine_C,63.77785574818479,2.3857434749353663
2025-01-07 02:10:00,Machine_C,63.44758963103688,2.0982988011619734
2025-01-07 02:20:00,Machine_C,62.73941050225269,2.7677882252819925
2025-01-07 02:30:00,Machine_C,62.19920498310319,2.4917678127187277
2025-01-07 02:40:00,Machine_C,64.02491710994695,2.5332805753679493
2025-01-07 02:50:00,Machine_C,63.68486620185144,2.6260118346510817
2025-01-07 03:00:00,Machine_C,64.30050450520135,2.9170159128885413
2025-01-07 03:10:00,Machine_C,64.00244451012453,2.555333951825642
2025-01-07 03:20:00,Machine_C,65.19421338456219,2.6079676860977616
2025-01-07 03:30:00,Machine_C,63.696231127926886,2.800414178107752
2025-01-07 03:40:00,Machine_C,64.02560908674998,2.59164998803864
2025-01-07 03:50:00,Machine_C,64.75182795625406,2.508594846440418
2025-01-07 04:00:00,Machine_C,64.94041264259029,2.2810929874096777
2025-01-07 04:10:00,Machine_C,64.64555661799146,2.932744255474304
2025-01-07 04:20:00,Machine_C,63.2479606438125,2.752792881320779
2025-01-07 04:30:00,Machine_C,63.24623550207257,2.826082848197198
2025-01-07 04:40:00,Machine_C,64.49417001044287,2.658579761831947
2025-01-07 04:50:00,Machine_C,64.96498174217986,2.887036273210303
2025-01-07 05:00:00,Machine_C,63.59974532476478,2.6784480838501294
2025-01-07 05:10:00,Machine_C,65.2186139814035,2.831882882923825
2025-01-07 05:20:00,Machine_C,65.91318107328793,2.841263032405033
2025-01-07 05:30:00,Machine_C,65.49579854990617,3.0445439957545495
2025-01-07 05:40:00,Machine_C,65.93105614267543,2.977241112747589
2025-01-07 05:50:00,Machine_C,,2.7675938750916873
2025-01-07 06:00:00,Machine_C,64.71898549881155,3.0082295326033557
2025-01-07 06:10:00,Machine_C,66.67473331249009,2.853546945486747
2025-01-07 06:20:00,Machine_C,65.7182181038993,2.7930189548139808
2025-01-07 06:30:00,Machine_C,66.26635667877765,3.0579131242736555
2025-01-07 06:40:00,Machine_C,66.07889514223757,3.013060119160954
2025-01-07 06:50:00,Machine_C,67.61664778170183,2.782130433688622
2025-01-07 07:00:00,Machine_C,65.96793100772129,2.923731917011759
2025-01-07 07:10:00,Machine_C,68.15754651283392,3.1694913663421267
2025-01-07 07:20:00,Machine_C,69.11053267735346,3.123949756278564
2025-01-07 07:30:00,Machine_C,66.09849595417734,3.1497957594628514
2025-01-07 07:40:00,Machine_C,67.01032122449566,3.4223393956747503
2025-01-07 07:50:00,Machine_C,68.10607832649589,3.2870666895453304
2025-01-07 08:00:00,Machine_C,66.95524012637384,3.103978458824098
2025-01-07 08:10:00,Machine_C,67.66304876368632,3.069074364922626
2025-01-07 08:20:00,Machine_C,68.14821933676396,3.0356859936778093
2025-01-07 08:30:00,Machine_C,67.56040818965513,3.091181736936298
2025-01-07 08:40:00,Machine_C,68.31534314489264,2.9014088454396756
2025-01-07 08:50:00,Machine_C,69.123554746197,2.9851183305316913
2025-01-07 09:00:00,Machine_C,68.41222164591599,3.336595068243987
2025-01-07 09:10:00,Machine_C,67.74954714801298,3.508034769149552
2025-01-07 09:20:00,Machine_C,69.61306485374766,3.2546618491358883
2025-01-07 09:30:00,Machine_C,69.88796443145789,3.130537086616542
2025-01-07 09:40:00,Machine_C,69.161895914041,2.655810852462313
2025-01-07 09:50:00,Machine_C,68.16643618012681,3.58622142167135
2025-01-07 10:00:00,Machine_C,68.3289071022961,3.0487773777338143
2025-01-07 10:10:00,Machine_C,67.20979036755415,3.0341751277912845
2025-01-07 10:20:00,Machine_C,68.6983752744352,3.254297284988101
2025-01-07 10:30:00,Machine_C,70.08604191937796,3.3081271258943414
2025-01-07 10:40:00,Machine_C,68.74174951879384,3.324727039713437
2025-01-07 10:50:00,Machine_C,68.57326323089471,3.175283146721247
2025-01-07 11:00:00,Machine_C,70.19904792526694,3.4094950200957115
2025-01-07 11:10:00,Machine_C,70.33805977582178,3.245415332949937
2025-01-07 11:20:00,Machine_C,69.01792220433768,3.253711502172986
2025-01-07 11:30:00,Machine_C,69.8776161887369,3.2959817444000215
2025-01-07 11:40:00,Machine_C,68.79247979157115,3.2264430293140207
2025-01-07 11:50:00,Machine_C,69.22256306112835,3.123799571907909
2025-01-07 12:00:00,Machine_C,68.04391175374987,3.1359784375577604
2025-01-07 12:10:00,Machine_C,69.78475049239472,3.1506444778373495
2025-01-07 12:20:00,Machine_C,69.4043506195105,3.430381599686271
2025-01-07 12:30:00,Machine_C,68.93251515513509,3.417991550389859
2025-01-07 12:40:00,Machine_C,69.37320310867126,3.2947873415286044
2025-01-07 12:50:00,Machine_C,69.24499525898965,3.2998947560486793
2025-01-07 13:00:00,Machine_C,68.71894354497809,3.544823619082685
2025-01-07 13:10:00,Machine_C,69.65684994399236,3.421730095313475
2025-01-07 13:20:00,Machine_C,69.05056482645752,3.604541047786535
2025-01-07 13:30:00,Machine_C,69.12615415026076,3.211829726703218
2025-01-07 13:40:00,Machine_C,68.00354816218031,3.0981464852795613
2025-01-07 13:50:00,Machine_C,69.0040438525829,3.478597654581635
2025-01-07 14:00:00,Machine_C,68.88762493973941,3.2860095410901544
2025-01-07 14:10:00,Machine_C,68.29137879610397,3.1350152685457187
2025-01-07 14:20:00,Machine_C,69.2922671506149,3.3566021753825943
2025-01-07 14:30:00,Machine_C,67.09048987371335,3.130106055495574
2025-01-07 14:40:00,Machine_C,68.29539684920509,3.3687392697275222
2025-01-07 14:50:00,Machine_C,68.82843422071286,3.3192461023369906
2025-01-07 15:00:00,Machine_C,70.15368102981681,3.177524629148075
2025-01-07 15:10:00,Machine_C,67.27202737865598,2.9004157910605364
2025-01-07 15:20:00,Machine_C,68.32065860411761,3.023084944005941
2025-01-07 15:30:00,Machine_C,68.56898723593063,3.447246420212154
2025-01-07 15:40:00,Machine_C,68.05819586934474,3.4722953902275058
2025-01-07 15:50:00,Machine_C,66.89467375534926,
2025-01-07 16:00:00,Machine_C,67.3630619201171,3.1970688020132814
2025-01-07 16:10:00,Machine_C,65.66280127633017,2.9115705506610636
2025-01-07 16:20:00,Machine_C,67.48225666395813,3.3311992974091265
2025-01-07 16:30:00,Machine_C,66.20667782362466,3.0246572854382263
2025-01-07 16:40:00,Machine_C,67.56159925440846,2.9310909643542544
2025-01-07 16:50:00,Machine_C,,3.0955715346049364
2025-01-07 17:00:00,Machine_C,66.30785479905875,3.3579157983906067
2025-01-07 17:10:00,Machine_C,66.89077885486608,2.978442188392
2025-01-07 17:20:00,Machine_C,66.81597387273318,2.981201964887781
2025-01-07 17:30:00,Machine_C,67.15386911427863,2.682950140730124
2025-01-07 17:40:00,Machine_C,66.09595556618231,2.958615534839339
2025-01-07 17:50:00,Machine_C,66.06804268387616,3.039415313600885
2025-01-07 18:00:00,Machine_C,64.89094073537727,2.8842240061756246
2025-01-07 18:10:00,Machine_C,67.00605168282281,2.877942029581966
2025-01-07 18:20:00,Machine_C,64.94740253476698,2.901304673427129
2025-01-07 18:30:00,Machine_C,66.12302608616545,2.652411314292805
2025-01-07 18:40:00,Machine_C,65.97798121213681,2.4118684669814976
2025-01-07 18:50:00,Machine_C,65.56238347499902,2.7840103007102464
2025-01-07 19:00:00,Machine_C,64.90422104299999,2.742920122828709
2025-01-07 19:10:00,Machine_C,64.65734108718391,2.867282739655799
2025-01-07 19:20:00,Machine_C,64.75166844448815,3.177569583299575
2025-01-07 19:30:00,Machine_C,63.137497161240596,2.9610767338046524
2025-01-07 19:40:00,Machine_C,64.4999568548665,2.3395624771336228
2025-01-07 19:50:00,Machine_C,65.57248060540782,3.1459541311652455
2025-01-07 20:00:00,Machine_C,64.06931880890221,2.794521547872919
2025-01-07 20:10:00,Machine_C,64.09325923737049,
2025-01-07 20:20:00,Machine_C,63.173188440954846,2.9076405713683373
2025-01-07 20:30:00,Machine_C,64.01788484554329,2.1664948920962974
2025-01-07 20:40:00,Machine_C,63.12786803520138,2.5127300724399895
2025-01-07 20:50:00,Machine_C,64.31531947473545,2.63145909762974
2025-01-07 21:00:00,Machine_C,64.4381888761646,2.5939200109890312
2025-01-07 21:10:00,Machine_C,64.50720662155149,2.8407592014925456
2025-01-07 21:20:00,Machine_C,62.16401017908554,2.767768266940982
2025-01-07 21:30:00,Machine_C,63.80143170816899,2.6657732512378716
2025-01-07 21:40:00,Machine_C,63.65055980089837,2.4815280863283062
2025-01-07 21:50:00,Machine_C,62.716073453024705,2.6935136878114196
2025-01-07 22:00:00,Machine_C,63.92305310894766,2.4026369479892327
2025-01-07 22:10:00,Machine_C,63.227018444141976,2.639862793789026
2025-01-07 22:20:00,Machine_C,63.92641541886491,2.3609455280232132
2025-01-07 22:30:00,Machine_C,61.75232548444846,2.537209116540748
2025-01-07 22:40:00,Machine_C,62.13983156860349,2.2150910293192347
2025-01-07 22:50:00,Machine_C,62.736969509442595,2.657220756786275
2025-01-07 23:00:00,Machine_C,63.557332034466114,2.3853100606832456
2025-01-07 23:10:00,Machine_C,62.946803539619275,2.214239355721255
2025-01-07 23:20:00,Machine_C,61.79450247925127,2.2833784261832566
2025-01-07 23:30:00,Machine_C,63.95101683469227,2.3986873135525024
2025-01-07 23:40:00,Machine_C,62.27755281418797,2.287514603533955
2025-01-07 23:50:00,Machine_C,61.770263619456266,2.58005843916549
2025-01-08 00:00:00,Machine_C,,2.400007630004031
2025-01-08 00:10:00,Machine_C,61.43753878810764,2.6187229647326813
2025-01-08 00:20:00,Machine_C,60.7154760689795,2.40078969077031
2025-01-08 00:30:00,Machine_C,62.436668247507086,2.582924037613611
2025-01-08 00:40:00,Machine_C,61.309490074300854,2.4584537615760667
2025-01-08 00:50:00,Machine_C,62.8338981331587,2.4139790256067624
2025-01-08 01:00:00,Machine_C,63.40668572818283,2.278019738825977
2025-01-08 01:10:00,Machine_C,62.963286709858295,2.483040775689017
2025-01-08 01:20:00,Machine_C,62.74626598055647,2.609509599331502
2025-01-08 01:30:00,Machine_C,61.53373700505116,2.360501983525088
2025-01-08 01:40:00,Machine_C,63.504762224145466,2.4899168225788957
2025-01-08 01:50:00,Machine_C,64.45271322028395,2.4015611850497502
2025-01-08 02:00:00,Machine_C,64.0955263465742,2.858807679454071
2025-01-08 02:10:00,Machine_C,61.98370170553397,2.5766324865485624
2025-01-08 02:20:00,Machine_C,63.07059393141509,2.547571477254745
2025-01-08 02:30:00,Machine_C,62.997079297145554,2.455555426323674
2025-01-08 02:40:00,Machine_C,63.000415164495145,2.7143862308177056
2025-01-08 02:50:00,Machine_C,63.44119175176396,2.568103051034783
2025-01-08 03:00:00,Machine_C,65.25719203979477,2.570118565128197
2025-01-08 03:10:00,Machine_C,63.72132012741498,2.582792538072476
2025-01-08 03:20:00,Machine_C,63.39476885304088,2.4116696834723483
2025-01-08 03:30:00,Machine_C,64.10765769152863,2.895308304925207
2025-01-08 03:40:00,Machine_C,62.9418368098764,2.8074199323352764
2025-01-08 03:50:00,Machine_C,63.546590649192346,2.659820753176436
2025-01-08 04:00:00,Machine_C,65.03898565882106,2.656441520547092
2025-01-08 04:10:00,Machine_C,,2.5335261734071883
2025-01-08 04:20:00,Machine_C,66.2022201540345,2.4441385621323155
2025-01-08 04:30:00,Machine_C,64.87475234339364,2.5692214532214765
2025-01-08 04:40:00,Machine_C,63.80626984786103,2.951944108061864
2025-01-08 04:50:00,Machine_C,63.679482153787816,2.6950767343299087
2025-01-08 05:00:00,Machine_C,65.89544967786946,2.9783614602020423
2025-01-08 05:10:00,Machine_C,64.40924001723268,2.797201899908208
2025-01-08 05:20:00,Machine_C,64.48733258875735,2.665543895522736
2025-01-08 05:30:00,Machine_C,65.13117070773778,2.7091422654879747
2025-01-08 05:40:00,Machine_C,66.49196135780778,2.905167840507221
2025-01-08 05:50:00,Machine_C,65.55315299176432,2.588862652268504
2025-01-08 06:00:00,Machine_C,65.32671073768962,2.761933585581122
2025-01-08 06:10:00,Machine_C,67.12275349841187,2.8379789112588107
2025-01-08 06:20:00,Machine_C,67.13860501468976,3.086918838248504
2025-01-08 06:30:00,Machine_C,67.79049459145617,3.009666506133589
2025-01-08 06:40:00,Machine_C,67.68883305952038,3.0118734306489947
2025-01-08 06:50:00,Machine_C,67.6046714774996,3.0808062810623067
2025-01-08 07:00:00,Machine_C,66.30487328124465,3.2026095818592157
2025-01-08 07:10:00,Machine_C,67.57969319945902,3.0444198521544155
2025-01-08 07:20:00,Machine_C,68.16877872089077,2.867738338008592
2025-01-08 07:30:00,Machine_C,68.82403060733753,3.1060281086816603
2025-01-08 07:40:00,Machine_C,67.61606361614295,2.938907430238323
2025-01-08 07:50:00,Machine_C,67.22255246994274,2.7353543292672784
2025-01-08 08:00:00,Machine_C,67.04269467034332,3.159008013856568
2025-01-08 08:10:00,Machine_C,,3.2347960471987154
2025-01-08 08:20:00,Machine_C,67.47413293080717,3.2205450903039523
2025-01-08 08:30:00,Machine_C,68.21645968024735,3.2649033183362297
2025-01-08 08:40:00,Machine_C,67.54554412232126,3.3898969109758075
2025-01-08 08:50:00,Machine_C,68.23742839975667,3.029582964952463
2025-01-08 09:00:00,Machine_C,68.82606235012382,
2025-01-08 09:10:00,Machine_C,68.79587113748129,3.0000980920206892
2025-01-08 09:20:00,Machine_C,69.27151467711785,3.3256016151949
2025-01-08 09:30:00,Machine_C,67.67746269334606,3.478195363894663
2025-01-08 09:40:00,Machine_C,68.77379743024373,3.1706128380636236
2025-01-08 09:50:00,Machine_C,68.5757097024185,3.4095412657896724
2025-01-08 10:00:00,Machine_C,68.245207330166,3.1512276826033925
2025-01-08 10:10:00,Machine_C,68.5049268987157,3.4153422620314884
2025-01-08 10:20:00,Machine_C,68.45681177469562,2.905744898704525
2025-01-08 10:30:00,Machine_C,69.513523035777,3.58982097013125
2025-01-08 10:40:00,Machine_C,69.60903529252126,3.1266124197837084
2025-01-08 10:50:00,Machine_C,70.03850870344853,3.3595823992719804
2025-01-08 11:00:00,Machine_C,69.64319068860053,3.5875314411784744
2025-01-08 11:10:00,Machine_C,69.5440791699626,3.1290888486742565
2025-01-08 11:20:00,Machine_C,69.50994004575325,3.6598819977848147
2025-01-08 11:30:00,Machine_C,70.01058331167764,3.7247059787784957
2025-01-08 11:40:00,Machine_C,67.801196861162,3.4723046525439663
2025-01-08 11:50:00,Machine_C,69.44936393524884,3.352597525554777
2025-01-08 12:00:00,Machine_C,69.75376178972468,3.31673519630471
2025-01-08 12:10:00,Machine_C,70.92837333284828,3.4529349894206702
2025-01-08 12:20:00,Machine_C,68.59742111083173,
2025-01-08 12:30:00,Machine_C,68.55256927724002,2.9837971934050245
2025-01-08 12:40:00,Machine_C,67.63005491224062,3.2918937477101387
2025-01-08 12:50:00,Machine_C,68.30441154217316,3.2340851505353228
2025-01-08 13:00:00,Machine_C,69.25969673663279,3.2033690232181127
2025-01-08 13:10:00,Machine_C,68.75878284683016,3.20142453503633
2025-01-08 13:20:00,Machine_C,68.692618905422,3.0899208939038187
2025-01-08 13:30:00,Machine_C,69.25192154147156,3.5947226963787466
2025-01-08 13:40:00,Machine_C,69.63792209343057,3.2021226685538187
2025-01-08 13:50:00,Machine_C,,3.2730836959991394
2025-01-08 14:00:00,Machine_C,69.05244764047423,3.2334605769731843
2025-01-08 14:10:00,Machine_C,69.27475743044836,3.1807500490303813
2025-01-08 14:20:00,Machine_C,67.40086488694499,3.343673481266474
2025-01-08 14:30:00,Machine_C,68.87993236080708,3.2008098676955807
2025-01-08 14:40:00,Machine_C,68.62120945521787,3.353687210375183
2025-01-08 14:50:00,Machine_C,68.57479058106286,3.514383963109176
2025-01-08 15:00:00,Machine_C,68.00762594980533,3.0201669275710574
2025-01-08 15:10:00,Machine_C,68.20018751254848,3.262122624289862
2025-01-08 15:20:00,Machine_C,68.5718737686842,3.242038352815157
2025-01-08 15:30:00,Machine_C,69.41790322993253,2.9623723416744867
2025-01-08 15:40:00,Machine_C,66.65442086897244,3.2744190732978415
2025-01-08 15:50:00,Machine_C,68.33797574141302,3.0945713094066174
2025-01-08 16:00:00,Machine_C,68.72429081200178,3.409273383781514
2025-01-08 16:10:00,Machine_C,66.59967254077193,3.287607115439038
2025-01-08 16:20:00,Machine_C,,3.0900874600060426
2025-01-08 16:30:00,Machine_C,67.56001242975685,3.033256053602873
2025-01-08 16:40:00,Machine_C,68.80422771059195,3.3657750743373067
2025-01-08 16:50:00,Machine_C,68.79113243552541,2.9310421443792536
2025-01-08 17:00:00,Machine_C,65.88930403414236,3.0640709702361666
2025-01-08 17:10:00,Machine_C,66.51575275133001,
2025-01-08 17:20:00,Machine_C,66.76736142073352,
2025-01-08 17:30:00,Machine_C,66.90200527497589,3.187644423188761
2025-01-08 17:40:00,Machine_C,66.46568343079966,3.0368514334716266
2025-01-08 17:50:00,Machine_C,65.39417668101852,2.824623812719839
2025-01-08 18:00:00,Machine_C,65.20615187069122,2.871830594614139
2025-01-08 18:10:00,Machine_C,64.61433100499146,2.658932177259457
2025-01-08 18:20:00,Machine_C,64.07847927435131,2.9055798499295578
2025-01-08 18:30:00,Machine_C,,2.696077791556057
2025-01-08 18:40:00,Machine_C,66.32144894418111,3.224848241129147
2025-01-08 18:50:00,Machine_C,65.81068418255751,2.7040243453161494
2025-01-08 19:00:00,Machine_C,65.53675587024152,2.968173527074024
2025-01-08 19:10:00,Machine_C,64.76935763744994,3.0398094736020416
2025-01-08 19:20:00,Machine_C,64.76972422310408,2.895281574839816
2025-01-08 19:30:00,Machine_C,64.44565004829592,2.6365976437729506
2025-01-08 19:40:00,Machine_C,63.25128787259144,2.605765413633068
2025-01-08 19:50:00,Machine_C,64.90202922848603,3.222154005661103
2025-01-08 20:00:00,Machine_C,64.93214316506568,3.030310262256023
2025-01-08 20:10:00,Machine_C,63.19918702400878,2.7128400384509805
2025-01-08 20:20:00,Machine_C,63.07148440269328,2.580983610740858
2025-01-08 20:30:00,Machine_C,,2.4694552833788825
2025-01-08 20:40:00,Machine_C,64.02460237738423,2.4991838711727636
2025-01-08 20:50:00,Machine_C,64.22157499764238,2.7238399059628344
2025-01-08 21:00:00,Machine_C,64.65598469338703,2.998125861823011
2025-01-08 21:10:00,Machine_C,62.573200830269,2.546841377090454
2025-01-08 21:20:00,Machine_C,63.25324875257292,2.7710057770943513
2025-01-08 21:30:00,Machine_C,62.42284778870199,2.7047187358339175
2025-01-08 21:40:00,Machine_C,62.3901748364425,2.4787351197486394
2025-01-08 21:50:00,Machine_C,62.704292789256016,2.7003068728978974
2025-01-08 22:00:00,Machine_C,64.12119584288037,2.695713742391867
2025-01-08 22:10:00,Machine_C,63.779316670244185,2.6658707263288983
2025-01-08 22:20:00,Machine_C,62.76806398824199,2.4178919524508826
2025-01-08 22:30:00,Machine_C,61.04154022969182,2.613334027445965
2025-01-08 22:40:00,Machine_C,63.02529838143494,2.6911662504075253
2025-01-08 22:50:00,Machine_C,62.9577283961082,2.64286353969039
2025-01-08 23:00:00,Machine_C,61.872384723230745,2.6593403374396813
2025-01-08 23:10:00,Machine_C,63.247521090686746,2.4241227507607936
2025-01-08 23:20:00,Machine_C,61.79091369156357,2.649894883294543
2025-01-08 23:30:00,Machine_C,63.19213417621711,2.6860615188395873
2025-01-08 23:40:00,Machine_C,62.706170877666956,2.3694676078522656
2025-01-08 23:50:00,Machine_C,61.33547928787625,2.2012963836132737
2025-01-09 00:00:00,Machine_C,62.21081877476903,2.74440547981573
2025-01-09 00:10:00,Machine_C,62.619052337695855,2.367172758065538
2025-01-09 00:20:00,Machine_C,62.75344493783653,2.318046798358562
2025-01-09 00:30:00,Machine_C,63.35648469828685,2.492062250248047
2025-01-09 00:40:00,Machine_C,63.479392008602225,2.40824099930789
2025-01-09 00:50:00,Machine_C,62.39206413730563,2.1139450454859805
2025-01-09 01:00:00,Machine_C,63.066717107847204,2.625860650222604
2025-01-09 01:10:00,Machine_C,63.94833941925883,2.626849171768971
2025-01-09 01:20:00,Machine_C,61.89614438996219,2.2914921164217215
2025-01-09 01:30:00,Machine_C,62.28005347124973,2.4796712104323126
2025-01-09 01:40:00,Machine_C,61.50381477306879,2.309062764491198
2025-01-09 01:50:00,Machine_C,62.39031629956627,2.3462672752048417
2025-01-09 02:00:00,Machine_C,63.133536236972404,2.401945543494515
2025-01-09 02:10:00,Machine_C,,2.6156174406577244
2025-01-09 02:20:00,Machine_C,63.482603841091574,2.8933953630479046
2025-01-09 02:30:00,Machine_C,62.84538781581821,2.46860551195727
2025-01-09 02:40:00,Machine_C,63.26870543907641,2.7062925974042455
2025-01-09 02:50:00,Machine_C,62.484431736731636,2.7117985796324784
2025-01-09 03:00:00,Machine_C,63.443317636191544,2.1984436612100247
2025-01-09 03:10:00,Machine_C,64.97879400529486,2.3466824740922645
2025-01-09 03:20:00,Machine_C,63.43040003392138,2.9790762737730914
2025-01-09 03:30:00,Machine_C,62.09898541489799,2.534939787786373
2025-01-09 03:40:00,Machine_C,64.963500295676,2.7234445044574604
2025-01-09 03:50:00,Machine_C,,2.7188385376540487
2025-01-09 04:00:00,Machine_C,64.32523423279548,2.291948606117268
2025-01-09 04:10:00,Machine_C,64.83832157872696,2.569444668937752
2025-01-09 04:20:00,Machine_C,64.58684902210776,2.840620852598123
2025-01-09 04:30:00,Machine_C,65.97522097864992,2.5589890630517327
2025-01-09 04:40:00,Machine_C,65.40452912122603,2.67803350175018
2025-01-09 04:50:00,Machine_C,,2.5479462773716115
2025-01-09 05:00:00,Machine_C,66.28769729546575,2.632237692850942
2025-01-09 05:10:00,Machine_C,66.69844924279991,2.7077891193691097
2025-01-09 05:20:00,Machine_C,66.1205225395081,2.4872089733554743
2025-01-09 05:30:00,Machine_C,65.8687019983729,3.0521438353856176
2025-01-09 05:40:00,Machine_C,65.01167739384499,2.610833494223825
2025-01-09 05:50:00,Machine_C,,2.8493344945547685
2025-01-09 06:00:00,Machine_C,66.31042095840726,2.7659220961272686
2025-01-09 06:10:00,Machine_C,66.13122562611477,3.1134623001254416
2025-01-09 06:20:00,Machine_C,66.86445960852032,2.717391323609562
2025-01-09 06:30:00,Machine_C,66.52648771614132,2.8179653958758837
2025-01-09 06:40:00,Machine_C,67.04679505510423,
2025-01-09 06:50:00,Machine_C,67.58620167596081,2.56394004557542
2025-01-09 07:00:00,Machine_C,65.84099105878276,3.1081046498864926
2025-01-09 07:10:00,Machine_C,66.2327299814227,3.0411318619636805
2025-01-09 07:20:00,Machine_C,66.46729303396295,3.093344061261931
2025-01-09 07:30:00,Machine_C,68.89139954067056,3.218095069137559
2025-01-09 07:40:00,Machine_C,,3.1096364451458447
2025-01-09 07:50:00,Machine_C,68.1974155175652,3.0278644288095253
2025-01-09 08:00:00,Machine_C,68.65355044001498,3.1717345097573046
2025-01-09 08:10:00,Machine_C,67.04322509375368,3.050616952289975
2025-01-09 08:20:00,Machine_C,66.3768932032131,3.35833259029415
2025-01-09 08:30:00,Machine_C,68.08037527124834,3.1087687213933197
2025-01-09 08:40:00,Machine_C,68.96781420205468,3.1677920492309877
2025-01-09 08:50:00,Machine_C,68.20649135814845,3.318598387407679
2025-01-09 09:00:00,Machine_C,67.37892309053134,3.6386985974270023
2025-01-09 09:10:00,Machine_C,67.85628841408199,3.0477818469059534
2025-01-09 09:20:00,Machine_C,67.73774915068007,3.02541571143487
2025-01-09 09:30:00,Machine_C,68.28684514163702,3.2129084622026007
2025-01-09 09:40:00,Machine_C,,3.1339371385924513
2025-01-09 09:50:00,Machine_C,69.06929327052829,3.4055195025540184
2025-01-09 10:00:00,Machine_C,68.5930237879551,3.3252509874250924
2025-01-09 10:10:00,Machine_C,69.61128369765878,3.097653475583411
2025-01-09 10:20:00,Machine_C,68.39089489825497,3.4427414013108413
2025-01-09 10:30:00,Machine_C,69.43785587398561,3.6483262280114186
2025-01-09 10:40:00,Machine_C,69.25884485046112,3.17903632902666
2025-01-09 10:50:00,Machine_C,69.65483248301182,3.3877203645884135
2025-01-09 11:00:00,Machine_C,69.81011126105079,2.9396257195411812
2025-01-09 11:10:00,Machine_C,69.93195172571595,3.2730738234930437
2025-01-09 11:20:00,Machine_C,,3.398902839649298
2025-01-09 11:30:00,Machine_C,69.90388983415703,3.3207057157373434
2025-01-09 11:40:00,Machine_C,69.72497424797236,3.368553320924556
2025-01-09 11:50:00,Machine_C,68.9632898284095,3.2095229458551344
2025-01-09 12:00:00,Machine_C,70.18058963884728,3.576803193095847
2025-01-09 12:10:00,Machine_C,68.93916141329663,3.2756534932189125
2025-01-09 12:20:00,Machine_C,69.25315078577009,3.1269846728911586
2025-01-09 12:30:00,Machine_C,68.78073444448492,3.3391656767323417
2025-01-09 12:40:00,Machine_C,68.74084204350498,
2025-01-09 12:50:00,Machine_C,69.16343484967045,3.439138929971028
2025-01-09 13:00:00,Machine_C,69.19431719718924,3.241474824248083
2025-01-09 13:10:00,Machine_C,68.68716480590071,3.6483414457623953
2025-01-09 13:20:00,Machine_C,69.30649478519062,3.3094089354995164
2025-01-09 13:30:00,Machine_C,69.35898692253761,3.007523358441997
2025-01-09 13:40:00,Machine_C,68.73617414728929,3.414827330905793
2025-01-09 13:50:00,Machine_C,70.93624922717585,3.2744359020434937
2025-01-09 14:00:00,Machine_C,69.29724753460798,3.276382850349542
2025-01-09 14:10:00,Machine_C,69.04648197981031,3.439512997437769
2025-01-09 14:20:00,Machine_C,68.32626739956363,3.2216340614580266
2025-01-09 14:30:00,Machine_C,68.88701018132438,3.2047774060394327
2025-01-09 14:40:00,Machine_C,68.87379766056904,3.019085580624936
2025-01-09 14:50:00,Machine_C,68.57769123243274,3.1364751617008784
2025-01-09 15:00:00,Machine_C,69.6097945393045,3.2622938938300523
2025-01-09 15:10:00,Machine_C,67.00338857568585,3.0981961164102034
2025-01-09 15:20:00,Machine_C,67.94545318985745,2.8887669347531624
2025-01-09 15:30:00,Machine_C,68.7017333159778,3.2912110499317024
2025-01-09 15:40:00,Machine_C,67.29018740898616,3.2827556586850357
2025-01-09 15:50:00,Machine_C,66.64321049501397,3.2677859595330343
2025-01-09 16:00:00,Machine_C,67.33488810414502,2.9584023772910175
2025-01-09 16:10:00,Machine_C,68.45126908266079,3.1040714575444475
2025-01-09 16:20:00,Machine_C,66.78079597409169,3.1333144212634534
2025-01-09 16:30:00,Machine_C,67.05425065469558,3.179234256055546
2025-01-09 16:40:00,Machine_C,67.53425615501507,3.1649560164201795
2025-01-09 16:50:00,Machine_C,66.58902797328504,2.7810117773873295
2025-01-09 17:00:00,Machine_C,66.55390573340173,3.326454350950249
2025-01-09 17:10:00,Machine_C,66.23589845801382,2.779872417126854
2025-01-09 17:20:00,Machine_C,66.15354511923152,2.6845321619159237
2025-01-09 17:30:00,Machine_C,65.52649325421783,2.4306645777636096
2025-01-09 17:40:00,Machine_C,66.09921818867774,3.064955686030402
2025-01-09 17:50:00,Machine_C,67.0040549072858,3.1804208299270096
2025-01-09 18:00:00,Machine_C,67.26624741706911,2.786156946663417
2025-01-09 18:10:00,Machine_C,66.84718437450917,2.5621337169176384
2025-01-09 18:20:00,Machine_C,65.80511140268239,3.0181967574615847
2025-01-09 18:30:00,Machine_C,66.87023836484371,2.607645175891112
2025-01-09 18:40:00,Machine_C,67.23451892469963,2.9332765793155695
2025-01-09 18:50:00,Machine_C,65.38748359037149,2.6361949969724146
2025-01-09 19:00:00,Machine_C,64.30168186269127,2.70449755862852
2025-01-09 19:10:00,Machine_C,65.99707896309633,2.82214651056533
2025-01-09 19:20:00,Machine_C,63.84014123226362,2.80488705339303
2025-01-09 19:30:00,Machine_C,63.95140099482556,2.7470081692646082
2025-01-09 19:40:00,Machine_C,62.85480877795726,2.974453592353898
2025-01-09 19:50:00,Machine_C,64.96581053569184,3.0007919542861115
2025-01-09 20:00:00,Machine_C,62.397644539552445,2.997618005288267
2025-01-09 20:10:00,Machine_C,64.91373223625993,2.626522970118585
2025-01-09 20:20:00,Machine_C,65.4400363299428,2.6609850929501593
2025-01-09 20:30:00,Machine_C,65.25155582842635,2.8741479034204604
2025-01-09 20:40:00,Machine_C,62.737586560783576,2.4934371685203507
2025-01-09 20:50:00,Machine_C,,2.5186284323315116
2025-01-09 21:00:00,Machine_C,63.01113809839996,2.585554876511484
2025-01-09 21:10:00,Machine_C,64.12288307030579,2.5647528980712857
2025-01-09 21:20:00,Machine_C,64.28187537441555,2.5037272850334222
2025-01-09 21:30:00,Machine_C,63.75486289661953,2.3746946058646823
2025-01-09 21:40:00,Machine_C,63.55537207554617,2.6851485841942044
2025-01-09 21:50:00,Machine_C,64.93693388925519,2.450744211929246
2025-01-09 22:00:00,Machine_C,62.58647575004732,2.5384325624940476
2025-01-09 22:10:00,Machine_C,62.273081898086545,2.4995805495484986
2025-01-09 22:20:00,Machine_C,61.8766181041247,2.6137339947769895
2025-01-09 22:30:00,Machine_C,63.11279437022238,2.566378467371705
2025-01-09 22:40:00,Machine_C,62.56743495597462,2.4311868515080155
2025-01-09 22:50:00,Machine_C,63.321973923941286,2.396134105921375
2025-01-09 23:00:00,Machine_C,62.2588200715178,2.4453993756552936
2025-01-09 23:10:00,Machine_C,63.085989654784484,2.26090290266178
2025-01-09 23:20:00,Machine_C,62.24608789687159,
2025-01-09 23:30:00,Machine_C,62.39977911248301,2.549340251181187
2025-01-09 23:40:00,Machine_C,62.458926377235024,2.505598798844147
2025-01-09 23:50:00,Machine_C,61.14308995870298,2.276542006664132
2025-01-10 00:00:00,Machine_C,62.388012144450876,2.428430275426976
2025-01-10 00:10:00,Machine_C,62.95304548277609,2.1690691800584356
2025-01-10 00:20:00,Machine_C,61.7228292951707,2.4760576469276305
2025-01-10 00:30:00,Machine_C,64.0580411398039,2.3933438273268877
2025-01-10 00:40:00,Machine_C,62.55708145720143,2.8339456204164413
2025-01-10 00:50:00,Machine_C,62.081522233022675,2.566354474825928
2025-01-10 01:00:00,Machine_C,62.09345638914292,2.2937655105296177
2025-01-10 01:10:00,Machine_C,63.75839991980879,2.29678235723282
2025-01-10 01:20:00,Machine_C,62.05123039409585,2.5919301607371774
2025-01-10 01:30:00,Machine_C,63.0048993706036,
2025-01-10 01:40:00,Machine_C,63.53435168275216,
2025-01-10 01:50:00,Machine_C,63.338834674339914,2.708989766770533
2025-01-10 02:00:00,Machine_C,62.518769248700046,2.596174549207449
2025-01-10 02:10:00,Machine_C,63.719507332543635,2.7766440048162258
2025-01-10 02:20:00,Machine_C,63.257589009682526,2.5448052874364566
2025-01-10 02:30:00,Machine_C,61.84730977409875,2.5484029466450786
2025-01-10 02:40:00,Machine_C,64.29745693376142,2.337001155946455
2025-01-10 02:50:00,Machine_C,62.92866066333231,2.8397317444191446
2025-01-10 03:00:00,Machine_C,63.384643262057374,2.6056323245567232
2025-01-10 03:10:00,Machine_C,,2.57823335902358
2025-01-10 03:20:00,Machine_C,63.32472981782718,2.4678247377978653
2025-01-10 03:30:00,Machine_C,64.47486117606402,2.8466250953876413
2025-01-10 03:40:00,Machine_C,63.109410131957645,2.819465440227472
2025-01-10 03:50:00,Machine_C,63.65994696349117,2.4958127073404146
2025-01-10 04:00:00,Machine_C,65.23057856152442,2.766886896768984
2025-01-10 04:10:00,Machine_C,64.40410146419616,2.8354902905769106
2025-01-10 04:20:00,Machine_C,63.67538473925524,2.4854920255147195
2025-01-10 04:30:00,Machine_C,64.72359056035114,2.8432154714188376
2025-01-10 04:40:00,Machine_C,65.12425251223252,2.8254696193683166
2025-01-10 04:50:00,Machine_C,63.678714297072396,2.876854517780649
2025-01-10 05:00:00,Machine_C,66.41756074571336,3.1411393044943408
2025-01-10 05:10:00,Machine_C,66.67398420266186,3.3357009644746647
2025-01-10 05:20:00,Machine_C,65.48823197265772,3.0443797246602937
2025-01-10 05:30:00,Machine_C,65.38309299954281,2.888151992535355
2025-01-10 05:40:00,Machine_C,65.71331017079396,2.9756634036496292
2025-01-10 05:50:00,Machine_C,66.56177293233121,2.9584962245751076
2025-01-10 06:00:00,Machine_C,66.36208747971581,3.3233149945747815
2025-01-10 06:10:00,Machine_C,66.34405041623667,2.944361413590057
2025-01-10 06:20:00,Machine_C,67.41090916386031,2.8646529503885785
2025-01-10 06:30:00,Machine_C,67.36159270681966,
2025-01-10 06:40:00,Machine_C,65.8398376738026,3.3539313666520316
2025-01-10 06:50:00,Machine_C,67.46745531432168,2.8230417467251603
2025-01-10 07:00:00,Machine_C,67.82716314331016,2.895527246152664
2025-01-10 07:10:00,Machine_C,,2.9044125097451086
2025-01-10 07:20:00,Machine_C,67.67629723546682,2.8384350815135684
2025-01-10 07:30:00,Machine_C,67.09344154840568,2.90099688619513
2025-01-10 07:40:00,Machine_C,66.51562773007161,3.259445704544968
2025-01-10 07:50:00,Machine_C,69.12594299608716,3.147353172403787
2025-01-10 08:00:00,Machine_C,66.67843041686578,2.8921058908280113
2025-01-10 08:10:00,Machine_C,,3.2652069136381154
2025-01-10 08:20:00,Machine_C,,3.220291208371731
2025-01-10 08:30:00,Machine_C,69.12861670449108,3.345237854272355
2025-01-10 08:40:00,Machine_C,68.2680894246534,3.0805338884750086
2025-01-10 08:50:00,Machine_C,69.11449435028695,2.983139257729631
2025-01-10 09:00:00,Machine_C,68.83395729727957,3.3405766536897428
2025-01-10 09:10:00,Machine_C,68.04496939226243,3.3802924102848895
2025-01-10 09:20:00,Machine_C,68.78845122140734,3.0459203310221508
2025-01-10 09:30:00,Machine_C,68.66239236430738,3.2998669898835002
2025-01-10 09:40:00,Machine_C,69.38141652087947,3.1576911131061163
2025-01-10 09:50:00,Machine_C,69.06510303701728,3.4543339389891425
2025-01-10 10:00:00,Machine_C,69.26001442036518,3.4089028314380583
2025-01-10 10:10:00,Machine_C,68.28384069884461,3.5185282961515503
2025-01-10 10:20:00,Machine_C,68.1495717506718,3.1564172771174226
2025-01-10 10:30:00,Machine_C,69.29008062674818,3.1915948683070834
2025-01-10 10:40:00,Machine_C,69.43416586158577,3.2561552428454608
2025-01-10 10:50:00,Machine_C,68.49675549789998,3.233763502836973
2025-01-10 11:00:00,Machine_C,69.83798564884276,3.4009879818238726
2025-01-10 11:10:00,Machine_C,69.90907170650058,3.1454587677709713
2025-01-10 11:20:00,Machine_C,69.57173396289764,3.616980139852765
2025-01-10 11:30:00,Machine_C,69.4826478785942,3.6600391995756048
2025-01-10 11:40:00,Machine_C,68.4726839105935,3.5479873053450426
2025-01-10 11:50:00,Machine_C,,3.43958676725753
2025-01-10 12:00:00,Machine_C,69.81576715808248,3.3278306691210524
2025-01-10 12:10:00,Machine_C,68.83425173569141,
2025-01-10 12:20:00,Machine_C,68.8804709629828,3.2121551559727277
2025-01-10 12:30:00,Machine_C,69.69308672538783,3.374487829391792
2025-01-10 12:40:00,Machine_C,71.07694913360058,3.4035257431617136
2025-01-10 12:50:00,Machine_C,69.09908314922568,3.1907705441110394
2025-01-10 13:00:00,Machine_C,71.02128333067358,3.6265201248895913
2025-01-10 13:10:00,Machine_C,69.27700429056605,3.3140118705040558
2025-01-10 13:20:00,Machine_C,69.74000673679947,3.137691317729564
2025-01-10 13:30:00,Machine_C,70.00135130605442,3.2787901804857977
2025-01-10 13:40:00,Machine_C,69.9980912331889,3.199385515606369
2025-01-10 13:50:00,Machine_C,69.37578968288543,3.1479027897580223
2025-01-10 14:00:00,Machine_C,68.84734033868497,3.572549820184606
2025-01-10 14:10:00,Machine_C,,3.281317933443574
2025-01-10 14:20:00,Machine_C,69.20623809773173,3.4539794358861013
2025-01-10 14:30:00,Machine_C,68.42804406220809,3.3310705116672388
2025-01-10 14:40:00,Machine_C,69.80842581775636,3.330512806077361
2025-01-10 14:50:00,Machine_C,68.94638958910441,3.2293098149812627
2025-01-10 15:00:00,Machine_C,67.87552184500181,3.140438802184284
2025-01-10 15:10:00,Machine_C,67.67163903343396,3.4380095843797767
2025-01-10 15:20:00,Machine_C,69.81688993316877,3.307018798926231
2025-01-10 15:30:00,Machine_C,67.73657297464587,3.141387960272612
2025-01-10 15:40:00,Machine_C,68.6098735692529,3.3370990385882826
2025-01-10 15:50:00,Machine_C,68.18203173714653,3.4136081024143614
2025-01-10 16:00:00,Machine_C,68.32515966160749,3.190888589574199
2025-01-10 16:10:00,Machine_C,69.14557101823729,3.3870409945414726
2025-01-10 16:20:00,Machine_C,68.27701678103953,
2025-01-10 16:30:00,Machine_C,68.00800859235314,2.9102739002847247
2025-01-10 16:40:00,Machine_C,67.0395723055094,2.992174002698242
2025-01-10 16:50:00,Machine_C,,3.042741833183611
2025-01-10 17:00:00,Machine_C,68.84143920365126,
2025-01-10 17:10:00,Machine_C,66.72406969701196,2.9288303123246853
2025-01-10 17:20:00,Machine_C,66.52241738050354,3.0473043785557343
2025-01-10 17:30:00,Machine_C,66.68787595691954,3.156911217745951
2025-01-10 17:40:00,Machine_C,66.45820918851666,3.023360081628798
2025-01-10 17:50:00,Machine_C,67.42688882727579,2.83078705951497
2025-01-10 18:00:00,Machine_C,66.4316854680248,2.669849781552274
2025-01-10 18:10:00,Machine_C,64.79939268824845,3.0997670567909394
2025-01-10 18:20:00,Machine_C,65.16724445676726,2.671331603988694
2025-01-10 18:30:00,Machine_C,65.55172585478135,2.7731039560760964
2025-01-10 18:40:00,Machine_C,66.21274425548278,2.827967912929746
2025-01-10 18:50:00,Machine_C,64.02611746950136,3.0300202278873916
2025-01-10 19:00:00,Machine_C,65.48923949870877,2.963118792295142
2025-01-10 19:10:00,Machine_C,65.53257992765157,2.7913841411232085
2025-01-10 19:20:00,Machine_C,65.50882263775415,2.964391213140267
2025-01-10 19:30:00,Machine_C,64.5965373919727,2.985677651487679
2025-01-10 19:40:00,Machine_C,65.3602279814743,2.6240205198254687
2025-01-10 19:50:00,Machine_C,,2.6214372599476703
2025-01-10 20:00:00,Machine_C,65.00639386296918,2.809854988416865
2025-01-10 20:10:00,Machine_C,64.07013462934438,2.9636747199969764
2025-01-10 20:20:00,Machine_C,64.02679095215086,2.516820048722673
2025-01-10 20:30:00,Machine_C,63.89475277921853,2.294475430160445
2025-01-10 20:40:00,Machine_C,64.2703406578012,2.7276730805509133
2025-01-10 20:50:00,Machine_C,62.75158926626762,2.841564740366904
2025-01-10 21:00:00,Machine_C,64.23335867818616,2.6051084886699156
2025-01-10 21:10:00,Machine_C,64.1162189923082,3.0423497404153492
2025-01-10 21:20:00,Machine_C,63.07765785213358,2.4045925422939183
2025-01-10 21:30:00,Machine_C,63.22523743903831,2.4093968362846305
2025-01-10 21:40:00,Machine_C,62.44541126992024,2.3953433036223237
2025-01-10 21:50:00,Machine_C,62.11982973916567,2.5361516597023104
2025-01-10 22:00:00,Machine_C,63.12684296022087,2.5300905961931828
2025-01-10 22:10:00,Machine_C,63.05856010587192,2.362284989285271
2025-01-10 22:20:00,Machine_C,62.558272519072496,2.6943615773334546
2025-01-10 22:30:00,Machine_C,61.7665983996159,2.532459337435214
2025-01-10 22:40:00,Machine_C,63.076721744615035,2.29087105245972
2025-01-10 22:50:00,Machine_C,62.372947354219974,2.5812991046189246
2025-01-10 23:00:00,Machine_C,62.01978644762698,2.3896686455866254
2025-01-10 23:10:00,Machine_C,63.60370956376881,2.478950650989552
2025-01-10 23:20:00,Machine_C,61.77304906522836,2.6165533389378717
2025-01-10 23:30:00,Machine_C,62.97947707277167,2.633689386548568
2025-01-10 23:40:00,Machine_C,61.31368787750009,2.616694125958122
2025-01-10 23:50:00,Machine_C,61.35435858160598,2.4593738670286456
2025-01-11 00:00:00,Machine_C,62.88614272647675,2.2745360991091883
2025-01-11 00:10:00,Machine_C,62.23442183306396,2.393077929483178
2025-01-11 00:20:00,Machine_C,61.57824032307231,2.4558873265995405
2025-01-11 00:30:00,Machine_C,,2.732162637653415
2025-01-11 00:40:00,Machine_C,,2.362143429950448
2025-01-11 00:50:00,Machine_C,60.88065341933864,2.4969829252629183
2025-01-11 01:00:00,Machine_C,63.386780844528175,2.2434000564180687
2025-01-11 01:10:00,Machine_C,,2.532123218601453
2025-01-11 01:20:00,Machine_C,61.344760999298366,2.468961655984763
2025-01-11 01:30:00,Machine_C,62.109972881888254,2.460993561022147
2025-01-11 01:40:00,Machine_C,62.79448094717042,2.644554612908933
2025-01-11 01:50:00,Machine_C,62.957363145971804,2.377411191800271
2025-01-11 02:00:00,Machine_C,61.66101889751051,
2025-01-11 02:10:00,Machine_C,61.91764862626884,
2025-01-11 02:20:00,Machine_C,62.524243220972664,2.777271227878807
2025-01-11 02:30:00,Machine_C,62.66564925759164,2.2556817250805263
2025-01-11 02:40:00,Machine_C,63.92828351624564,2.6103318668267566
2025-01-11 02:50:00,Machine_C,63.08887205280569,2.6780786185362464
2025-01-11 03:00:00,Machine_C,64.11923026097838,2.517047097997734
2025-01-11 03:10:00,Machine_C,64.51209414213253,2.6459852613437422
2025-01-11 03:20:00,Machine_C,64.19477976838311,2.545298595354309
2025-01-11 03:30:00,Machine_C,61.410047003577,2.7066540211679877
2025-01-11 03:40:00,Machine_C,63.749268956558545,2.6869557219426805
2025-01-11 03:50:00,Machine_C,63.986406744459465,3.0572628204301835
2025-01-11 04:00:00,Machine_C,64.20646097929134,2.4268553209436114
2025-01-11 04:10:00,Machine_C,62.71813659149471,2.7283798976299543
2025-01-11 04:20:00,Machine_C,63.90956765649659,2.634076702389074
2025-01-11 04:30:00,Machine_C,63.570812618302156,2.75021363759424
2025-01-11 04:40:00,Machine_C,64.06167941677498,2.7216370540267647
2025-01-11 04:50:00,Machine_C,64.74057854009112,2.70194924635031
2025-01-11 05:00:00,Machine_C,64.50089125897199,2.6893813066979972
2025-01-11 05:10:00,Machine_C,64.56005130054797,2.931190233039529
2025-01-11 05:20:00,Machine_C,65.23385582470873,2.754694584810457
2025-01-11 05:30:00,Machine_C,65.14939209445538,2.837352714213014
2025-01-11 05:40:00,Machine_C,65.85470682730596,2.8942151619779373
2025-01-11 05:50:00,Machine_C,65.51144719132984,2.749957373077779
2025-01-11 06:00:00,Machine_C,64.7459127903586,3.0096700140736563
2025-01-11 06:10:00,Machine_C,65.32780200072999,2.7470731331563916
2025-01-11 06:20:00,Machine_C,66.04260456143845,3.0280211557724086
2025-01-11 06:30:00,Machine_C,66.09846129855451,3.0310764044598377
2025-01-11 06:40:00,Machine_C,65.47698280599867,2.9541982502424275
2025-01-11 06:50:00,Machine_C,67.29880298489437,2.800324015040082
2025-01-11 07:00:00,Machine_C,67.15564542174975,3.0176815084514113
2025-01-11 07:10:00,Machine_C,66.57183627327039,2.8494944746748176
2025-01-11 07:20:00,Machine_C,67.06611789115257,3.0337505198622896
2025-01-11 07:30:00,Machine_C,66.48189319649917,3.2142090154478593
2025-01-11 07:40:00,Machine_C,68.1616182097719,3.087397741158979
2025-01-11 07:50:00,Machine_C,69.27126443145951,3.333513256832491
2025-01-11 08:00:00,Machine_C,67.23433045026643,3.178115032204454
2025-01-11 08:10:00,Machine_C,68.85969450830677,3.2809798809184234
2025-01-11 08:20:00,Machine_C,67.31888376422704,3.2871174846344307
2025-01-11 08:30:00,Machine_C,67.70509583561513,
2025-01-11 08:40:00,Machine_C,69.39670881937285,2.9543339067532983
2025-01-11 08:50:00,Machine_C,68.26869449714599,3.1098771641750926
2025-01-11 09:00:00,Machine_C,69.02446068354205,3.223219748178438
2025-01-11 09:10:00,Machine_C,68.36490195179584,3.3758974455837403
2025-01-11 09:20:00,Machine_C,67.2389670469019,3.2750261073712745
2025-01-11 09:30:00,Machine_C,70.64666613348095,3.2558544288111
2025-01-11 09:40:00,Machine_C,68.69361363802375,3.4540872184162015
2025-01-11 09:50:00,Machine_C,69.07676409596205,3.218735902958937
2025-01-11 10:00:00,Machine_C,68.44506673739583,3.2205472820522694
2025-01-11 10:10:00,Machine_C,69.72864321525458,3.3929013251344564
2025-01-11 10:20:00,Machine_C,69.73734630163345,3.7387620708625837
2025-01-11 10:30:00,Machine_C,67.9877746257004,3.3121981177184545
2025-01-11 10:40:00,Machine_C,69.42580384259459,3.2065552505141515
2025-01-11 10:50:00,Machine_C,70.03969012963955,3.2271250824259194
2025-01-11 11:00:00,Machine_C,70.34108988535017,3.268802647272202
2025-01-11 11:10:00,Machine_C,69.93419520671002,3.578021514663836
2025-01-11 11:20:00,Machine_C,70.03429711015531,3.277274361757803
2025-01-11 11:30:00,Machine_C,69.03798204980562,3.400974850799776
2025-01-11 11:40:00,Machine_C,68.50345048176753,3.3317356302005368
2025-01-11 11:50:00,Machine_C,69.24796972363494,3.1132054984854673
2025-01-11 12:00:00,Machine_C,68.49858769070886,3.2910124106156418
2025-01-11 12:10:00,Machine_C,68.90544390673244,2.9041686012123784
2025-01-11 12:20:00,Machine_C,68.88349960701142,3.3798057500470073
2025-01-11 12:30:00,Machine_C,68.71749339698371,3.434268298804595
2025-01-11 12:40:00,Machine_C,69.87265613907388,3.190955394008818
2025-01-11 12:50:00,Machine_C,68.60685421418945,3.2417561331351847
2025-01-11 13:00:00,Machine_C,70.8492047422966,3.0933731144674
2025-01-11 13:10:00,Machine_C,70.12932935973285,2.9302329148866577
2025-01-11 13:20:00,Machine_C,70.2405191603908,3.0517499358221842
2025-01-11 13:30:00,Machine_C,68.68225335888442,3.4331065647043193
2025-01-11 13:40:00,Machine_C,69.3323145064661,
2025-01-11 13:50:00,Machine_C,68.2702221612392,3.336841495433371
2025-01-11 14:00:00,Machine_C,69.20497354853512,3.6570819025237857
2025-01-11 14:10:00,Machine_C,85.5376933686608,8.45930825556979
2025-01-11 14:20:00,Machine_C,69.71686966054051,3.365644854112666
2025-01-11 14:30:00,Machine_C,68.26082043194876,3.1697571750563203
2025-01-11 14:40:00,Machine_C,68.92343142233021,3.525410524679461
2025-01-11 14:50:00,Machine_C,68.97124999966088,
2025-01-11 15:00:00,Machine_C,68.03170249786436,3.3789612969640554
2025-01-11 15:10:00,Machine_C,67.72595698356223,3.2031299331282646
2025-01-11 15:20:00,Machine_C,68.15359044606632,3.0228381548878005
2025-01-11 15:30:00,Machine_C,68.77303754857653,3.4470595468859644
2025-01-11 15:40:00,Machine_C,67.88992918433128,3.3148021250332254
2025-01-11 15:50:00,Machine_C,68.36291485798459,3.1051421914608337
2025-01-11 16:00:00,Machine_C,68.38527323133317,3.0751809618479493
2025-01-11 16:10:00,Machine_C,67.46215784091387,2.8879033098876925
2025-01-11 16:20:00,Machine_C,67.38902271497128,3.2270427573698584
2025-01-11 16:30:00,Machine_C,67.45043791626881,3.1028945150196137
2025-01-11 16:40:00,Machine_C,68.11099420210593,3.12550539523231
2025-01-11 16:50:00,Machine_C,66.77784502282819,3.2027713136906475
2025-01-11 17:00:00,Machine_C,67.81606707852187,3.1464188100544384
2025-01-11 17:10:00,Machine_C,66.96164061032573,2.839901236309432
2025-01-11 17:20:00,Machine_C,66.01847987502823,2.982169744081696
2025-01-11 17:30:00,Machine_C,66.4232465917873,3.0330407644480735
2025-01-11 17:40:00,Machine_C,65.40853787145385,3.027104756627125
2025-01-11 17:50:00,Machine_C,65.075862038488,2.633379526643557
2025-01-11 18:00:00,Machine_C,66.48547939884325,2.718914210653995
2025-01-11 18:10:00,Machine_C,66.48554728126514,2.9986931714385068
2025-01-11 18:20:00,Machine_C,65.66853590328166,2.9763563609217254
2025-01-11 18:30:00,Machine_C,,3.1310069773041542
2025-01-11 18:40:00,Machine_C,64.93082044432181,2.5428488905978566
2025-01-11 18:50:00,Machine_C,65.37836489132418,2.964172966763306
2025-01-11 19:00:00,Machine_C,66.67931635883274,2.851271420494804
2025-01-11 19:10:00,Machine_C,65.75528707793785,2.5755188186333315
2025-01-11 19:20:00,Machine_C,64.74208363521866,2.4279424231525795
2025-01-11 19:30:00,Machine_C,64.53005650291345,2.897156414533992
2025-01-11 19:40:00,Machine_C,64.21972328009035,2.532786256122824
2025-01-11 19:50:00,Machine_C,63.25502596900504,2.455664764892659
2025-01-11 20:00:00,Machine_C,63.86366972221729,2.7566355859890574
2025-01-11 20:10:00,Machine_C,64.65883680478889,2.6564758222768736
2025-01-11 20:20:00,Machine_C,63.24686786199132,2.7453244150090343
2025-01-11 20:30:00,Machine_C,63.64528914152191,2.7035620866145322
2025-01-11 20:40:00,Machine_C,62.85569845232683,3.2129310201287025
2025-01-11 20:50:00,Machine_C,64.26378997738934,2.7262147970008312
2025-01-11 21:00:00,Machine_C,62.506540963336526,2.7005254305264943
2025-01-11 21:10:00,Machine_C,63.893671646974035,2.4094182905967347
2025-01-11 21:20:00,Machine_C,64.14175693714205,2.8365045907313875
2025-01-11 21:30:00,Machine_C,62.9645626322571,2.4520328960336113
2025-01-11 21:40:00,Machine_C,62.58342911262104,2.367510891745885
2025-01-11 21:50:00,Machine_C,63.428224302325624,
2025-01-11 22:00:00,Machine_C,64.25085120325559,2.5895078176982866
2025-01-11 22:10:00,Machine_C,63.968804132716215,2.4177163419460497
2025-01-11 22:20:00,Machine_C,62.768914392353814,2.334403828573034
2025-01-11 22:30:00,Machine_C,62.05987558062523,2.322655168549731
2025-01-11 22:40:00,Machine_C,62.52540185203117,2.5141669579407653
2025-01-11 22:50:00,Machine_C,61.31006358453357,2.571686016810678
2025-01-11 23:00:00,Machine_C,62.17469550816105,2.5809587508167304
2025-01-11 23:10:00,Machine_C,62.94340073163536,2.180652883106572
2025-01-11 23:20:00,Machine_C,62.259007197228016,2.307332278877845
2025-01-11 23:30:00,Machine_C,62.04958367317039,2.6214679127546745
2025-01-11 23:40:00,Machine_C,62.46892767318511,2.3753540531423205
2025-01-11 23:50:00,Machine_C,62.28784817112486,2.4869044573658585
2025-01-12 00:00:00,Machine_C,63.1043945123443,2.9227358424406007
2025-01-12 00:10:00,Machine_C,61.44192626402795,
2025-01-12 00:20:00,Machine_C,62.93449260837064,2.4284482471154663
2025-01-12 00:30:00,Machine_C,62.49303229255931,2.5812761954099823
2025-01-12 00:40:00,Machine_C,62.90059539298624,2.2801229451564824
2025-01-12 00:50:00,Machine_C,61.47168239114492,2.4363901594477517
2025-01-12 01:00:00,Machine_C,63.32569666595865,2.249288498559302
2025-01-12 01:10:00,Machine_C,63.096423107719254,2.574830157348473
2025-01-12 01:20:00,Machine_C,64.04964183576071,2.3563426249337915
2025-01-12 01:30:00,Machine_C,62.100232113342514,2.406728107174785
2025-01-12 01:40:00,Machine_C,62.359941863005176,2.6535729971151643
2025-01-12 01:50:00,Machine_C,61.46811596611683,2.600944058946592
2025-01-12 02:00:00,Machine_C,62.31003241061905,2.6854959691865874
2025-01-12 02:10:00,Machine_C,64.19557326171942,2.836824728103121
2025-01-12 02:20:00,Machine_C,63.369018135974414,2.5446439457376435
2025-01-12 02:30:00,Machine_C,62.64217777722856,2.923993150498239
2025-01-12 02:40:00,Machine_C,,2.590140703535024
2025-01-12 02:50:00,Machine_C,63.37028898542671,2.8053999082285177
2025-01-12 03:00:00,Machine_C,61.99782138289768,2.576617800920075
2025-01-12 03:10:00,Machine_C,62.25290874000237,2.747247397276281
2025-01-12 03:20:00,Machine_C,64.63566306630533,2.533902011959989
2025-01-12 03:30:00,Machine_C,64.45862360983499,2.8671555069324466
2025-01-12 03:40:00,Machine_C,62.804858531606875,2.8490746317182225
2025-01-12 03:50:00,Machine_C,64.01795794675581,2.6197599318152065
2025-01-12 04:00:00,Machine_C,63.6774361338228,2.7031210219656243
2025-01-12 04:10:00,Machine_C,65.25495006599616,2.522259520584632
2025-01-12 04:20:00,Machine_C,64.87889142637877,2.8772305257698108
2025-01-12 04:30:00,Machine_C,63.77692402339788,2.8791006998787454
2025-01-12 04:40:00,Machine_C,64.89912216581934,2.52421795002512
2025-01-12 04:50:00,Machine_C,64.91464111600382,3.155550598550764
2025-01-12 05:00:00,Machine_C,65.06343579470571,2.8550924643107867
2025-01-12 05:10:00,Machine_C,64.83436584318385,2.7607908428095316
2025-01-12 05:20:00,Machine_C,65.41209166149444,3.0376254763312622
2025-01-12 05:30:00,Machine_C,64.86254248055687,2.7472958967913503
2025-01-12 05:40:00,Machine_C,64.7447085747156,3.096033474217339
2025-01-12 05:50:00,Machine_C,64.85009415689339,2.668645061055418
2025-01-12 06:00:00,Machine_C,65.16071628329863,
2025-01-12 06:10:00,Machine_C,66.49049435938136,2.9038927078178203
2025-01-12 06:20:00,Machine_C,66.66462256969288,2.8412920851090826
2025-01-12 06:30:00,Machine_C,67.6252619075507,2.826125046795174
2025-01-12 06:40:00,Machine_C,66.42499337597637,2.8905085388865372
2025-01-12 06:50:00,Machine_C,67.3186660045236,2.90157828448964
2025-01-12 07:00:00,Machine_C,66.94351674840614,2.932034649944377
2025-01-12 07:10:00,Machine_C,67.29214888447264,3.293474136052462
2025-01-12 07:20:00,Machine_C,67.84376444568618,3.1319139888602607
2025-01-12 07:30:00,Machine_C,67.80502967773975,3.0563558827528774
2025-01-12 07:40:00,Machine_C,67.56591590787443,3.22787771269034
2025-01-12 07:50:00,Machine_C,67.12525941080986,3.090625668354971
2025-01-12 08:00:00,Machine_C,67.97063872726483,2.9820616426189295
2025-01-12 08:10:00,Machine_C,68.97198956480891,2.852758863271412
2025-01-12 08:20:00,Machine_C,68.14778344504343,3.3360978552680183
2025-01-12 08:30:00,Machine_C,67.81439227106408,2.7733169177573296
2025-01-12 08:40:00,Machine_C,68.90687687618778,2.917700578406035
2025-01-12 08:50:00,Machine_C,67.25646701410713,3.294845086153195
2025-01-12 09:00:00,Machine_C,68.18691093143133,3.215090037201938
2025-01-12 09:10:00,Machine_C,67.79585074271412,3.4944265441462505
2025-01-12 09:20:00,Machine_C,68.58396664649004,3.128771610123778
2025-01-12 09:30:00,Machine_C,69.77392069204139,3.395505618180998
2025-01-12 09:40:00,Machine_C,69.37973586481665,3.236858566219697
2025-01-12 09:50:00,Machine_C,67.45750436888571,3.3783851080787923
2025-01-12 10:00:00,Machine_C,68.53611755752576,3.320300969188164
2025-01-12 10:10:00,Machine_C,67.905286131521,3.3898797794192888
2025-01-12 10:20:00,Machine_C,70.01870859710736,3.3465335978467294
2025-01-12 10:30:00,Machine_C,68.76760463191802,3.368575724959122
2025-01-12 10:40:00,Machine_C,69.34963842937057,3.1269228314588067
2025-01-12 10:50:00,Machine_C,69.43724326648325,3.342792032008923
2025-01-12 11:00:00,Machine_C,69.54542452788996,3.4431437584924263
2025-01-12 11:10:00,Machine_C,67.10284439416412,3.3300357714721898
2025-01-12 11:20:00,Machine_C,69.73572908485431,3.3248543529251258
2025-01-12 11:30:00,Machine_C,69.03128656368077,3.0072199337732877
2025-01-12 11:40:00,Machine_C,70.16332239453737,3.6244241060893994
2025-01-12 11:50:00,Machine_C,69.65887779079752,3.103396801339663
2025-01-12 12:00:00,Machine_C,,3.2387325917092706
2025-01-12 12:10:00,Machine_C,68.91413685542587,3.207669756988578
2025-01-12 12:20:00,Machine_C,68.5835465532037,3.401702938447633
2025-01-12 12:30:00,Machine_C,70.18233649265972,3.407703260028757
2025-01-12 12:40:00,Machine_C,69.89755073946598,3.4618448625478955
2025-01-12 12:50:00,Machine_C,69.59480755133148,3.4660181250494513
2025-01-12 13:00:00,Machine_C,69.55736191212453,3.64489012061002
2025-01-12 13:10:00,Machine_C,69.67451141246202,3.274196874299663
2025-01-12 13:20:00,Machine_C,68.25511689917622,3.1732358833459426
2025-01-12 13:30:00,Machine_C,70.0940327141895,3.273478136627714
2025-01-12 13:40:00,Machine_C,69.04883266357899,3.1088963487690493
2025-01-12 13:50:00,Machine_C,69.00410777221087,3.2370101869563643
2025-01-12 14:00:00,Machine_C,68.69659637356592,3.0105199044996938
2025-01-12 14:10:00,Machine_C,66.97622699780845,3.1290963425304907
2025-01-12 14:20:00,Machine_C,69.3271898075327,2.9648739889116995
2025-01-12 14:30:00,Machine_C,67.97802601531912,3.4745417980355766
2025-01-12 14:40:00,Machine_C,68.76760215155227,3.264716774154648
2025-01-12 14:50:00,Machine_C,67.92430130286664,3.570231880796507
2025-01-12 15:00:00,Machine_C,68.20005311344703,3.418099261093574
2025-01-12 15:10:00,Machine_C,68.04524328222998,3.4216720520807957
2025-01-12 15:20:00,Machine_C,67.57508317038503,3.164111974457805
2025-01-12 15:30:00,Machine_C,67.94994833452074,3.262148326793188
2025-01-12 15:40:00,Machine_C,67.62278952378912,2.9967555833847848
2025-01-12 15:50:00,Machine_C,67.0481767581122,3.0459585196352794
2025-01-12 16:00:00,Machine_C,68.68829659508448,3.127521837434579
2025-01-12 16:10:00,Machine_C,66.97496782300337,2.7947380409257736
2025-01-12 16:20:00,Machine_C,67.92882312108843,2.999009030941476
2025-01-12 16:30:00,Machine_C,67.87398289986939,3.214938671256632
2025-01-12 16:40:00,Machine_C,67.93621629685417,
2025-01-12 16:50:00,Machine_C,66.61608266958216,2.9027928409318
2025-01-12 17:00:00,Machine_C,66.74687501351019,2.9472672538928157
2025-01-12 17:10:00,Machine_C,66.62326533957304,3.132045171220723
2025-01-12 17:20:00,Machine_C,67.02954020904635,3.043116967719504
2025-01-12 17:30:00,Machine_C,66.26294301027093,2.9181851131192755
2025-01-12 17:40:00,Machine_C,66.67182898799895,2.9423934269494905
2025-01-12 17:50:00,Machine_C,65.94803427399694,3.0738938969418625
2025-01-12 18:00:00,Machine_C,66.89375693147343,3.1353299876907608
2025-01-12 18:10:00,Machine_C,65.83793762260407,2.7949116482730547
2025-01-12 18:20:00,Machine_C,65.5892789188182,
2025-01-12 18:30:00,Machine_C,65.81476454192806,3.0653339903773604
2025-01-12 18:40:00,Machine_C,66.70063161594454,2.9159756436237267
2025-01-12 18:50:00,Machine_C,64.75831312919227,2.5500773796787604
2025-01-12 19:00:00,Machine_C,65.92567333834812,
2025-01-12 19:10:00,Machine_C,64.29346073240467,2.6095038171299936
2025-01-12 19:20:00,Machine_C,64.8379928165084,2.671267756051769
2025-01-12 19:30:00,Machine_C,64.02478745138735,2.7943626548711475
2025-01-12 19:40:00,Machine_C,64.22378647218518,3.0491620890403555
2025-01-12 19:50:00,Machine_C,63.84104300423075,2.677278001026944
2025-01-12 20:00:00,Machine_C,64.808574040643,2.7937130470478833
2025-01-12 20:10:00,Machine_C,63.721656059146724,2.8623015864614034
2025-01-12 20:20:00,Machine_C,64.41664808405541,2.909517746976667
2025-01-12 20:30:00,Machine_C,63.44787182036931,2.8303256600249505
2025-01-12 20:40:00,Machine_C,63.745812682726424,2.476295324274359
2025-01-12 20:50:00,Machine_C,64.80151305612219,2.33486010701462
2025-01-12 21:00:00,Machine_C,62.928733250391474,2.468649841484722
2025-01-12 21:10:00,Machine_C,62.83830670644959,2.5985524213351905
2025-01-12 21:20:00,Machine_C,63.12187766761519,2.421534487914343
2025-01-12 21:30:00,Machine_C,63.20919815007009,2.2504711495845107
2025-01-12 21:40:00,Machine_C,63.62961118900419,2.3126159200242795
2025-01-12 21:50:00,Machine_C,63.08251785412878,3.0616582819186116
2025-01-12 22:00:00,Machine_C,63.165068758899935,2.4708152295233226
2025-01-12 22:10:00,Machine_C,61.97200008438641,2.8248690723423016
2025-01-12 22:20:00,Machine_C,63.06917756824082,2.449909654523363
2025-01-12 22:30:00,Machine_C,63.02906234211457,2.6269263311638227
2025-01-12 22:40:00,Machine_C,63.248355999428064,2.451364559841651
2025-01-12 22:50:00,Machine_C,62.399309134856466,2.4721436724089236
2025-01-12 23:00:00,Machine_C,62.613872291378364,
2025-01-12 23:10:00,Machine_C,63.14804938499646,2.3882274468842124
2025-01-12 23:20:00,Machine_C,61.7062592878289,2.2418893656493903
2025-01-12 23:30:00,Machine_C,61.09395906381301,2.3089134342325215
2025-01-12 23:40:00,Machine_C,61.626159394515426,2.3058044633450705
2025-01-12 23:50:00,Machine_C,61.99187536062947,2.4655074400961747
2025-01-13 00:00:00,Machine_C,63.35792486919746,2.10871894002058
2025-01-13 00:10:00,Machine_C,64.12673287339044,2.505366424842452
2025-01-13 00:20:00,Machine_C,61.78576419932779,2.6796460733199363
2025-01-13 00:30:00,Machine_C,62.46258907236096,2.3624016666955585
2025-01-13 00:40:00,Machine_C,62.1316866183192,2.3390027428450213
2025-01-13 00:50:00,Machine_C,62.967920054390255,2.814785318692847
2025-01-13 01:00:00,Machine_C,62.84317614317376,2.7302895981271083
2025-01-13 01:10:00,Machine_C,61.96072348163344,2.547791042608952
2025-01-13 01:20:00,Machine_C,62.2141607240578,2.3425842342344083
2025-01-13 01:30:00,Machine_C,62.652005195015015,2.5893495041942987
2025-01-13 01:40:00,Machine_C,63.81212513081109,2.3106290205987428
2025-01-13 01:50:00,Machine_C,62.3724295379797,2.2627132354593145
2025-01-13 02:00:00,Machine_C,61.72782371003721,2.591680721988659
2025-01-13 02:10:00,Machine_C,64.0905480437383,2.43438465378244
2025-01-13 02:20:00,Machine_C,63.5308023906951,2.1671937643320223
2025-01-13 02:30:00,Machine_C,62.29295394088249,2.6486084056464003
2025-01-13 02:40:00,Machine_C,63.56391872057992,2.8181112251902474
2025-01-13 02:50:00,Machine_C,64.06886321153257,2.686958524151922
2025-01-13 03:00:00,Machine_C,63.60012268211528,2.492016966422571
2025-01-13 03:10:00,Machine_C,64.72549576168284,2.210718737114804
2025-01-13 03:20:00,Machine_C,64.19450588386023,2.6370889800487807
2025-01-13 03:30:00,Machine_C,64.11373138732773,2.5078160955766218
2025-01-13 03:40:00,Machine_C,64.15558973017906,2.4796651176116598
2025-01-13 03:50:00,Machine_C,64.22816686213562,2.3077984058611536
2025-01-13 04:00:00,Machine_C,64.9524544071833,3.0128604038111795
2025-01-13 04:10:00,Machine_C,64.2642141779463,2.4947180183493893
2025-01-13 04:20:00,Machine_C,65.28046269821954,2.3819351119924486
2025-01-13 04:30:00,Machine_C,64.91015808715468,3.0328279722774716
2025-01-13 04:40:00,Machine_C,64.88737941575063,2.7516821570213463
2025-01-13 04:50:00,Machine_C,64.70109937562223,2.7423547356317495
2025-01-13 05:00:00,Machine_C,64.85518310340818,2.8392230693707496
2025-01-13 05:10:00,Machine_C,65.49767696566877,2.881026097523164
2025-01-13 05:20:00,Machine_C,66.2027141199494,2.8602393641906887
2025-01-13 05:30:00,Machine_C,,2.5700470796880626
2025-01-13 05:40:00,Machine_C,65.12337729527444,2.5756119123183767
2025-01-13 05:50:00,Machine_C,64.56819025146764,2.749155988471017
2025-01-13 06:00:00,Machine_C,66.59180654718195,2.8081814204275095
2025-01-13 06:10:00,Machine_C,68.2990424761496,2.854823321382773
2025-01-13 06:20:00,Machine_C,66.08435613769183,2.980361499136974
2025-01-13 06:30:00,Machine_C,66.0859510025273,2.9084146042098538
2025-01-13 06:40:00,Machine_C,67.26418958854408,2.8556163908412784
2025-01-13 06:50:00,Machine_C,66.0688321711165,3.06844598191686
2025-01-13 07:00:00,Machine_C,68.10282534172082,3.144957453035517
2025-01-13 07:10:00,Machine_C,67.38231845349178,2.889735938092053
2025-01-13 07:20:00,Machine_C,67.17578098007094,2.8076796641196347
2025-01-13 07:30:00,Machine_C,66.72009982966297,3.1046419656453126
2025-01-13 07:40:00,Machine_C,68.184819113951,3.014460755684701
2025-01-13 07:50:00,Machine_C,67.2607623038084,3.2582820855397503
2025-01-13 08:00:00,Machine_C,68.31737174710945,2.9476615632687677
2025-01-13 08:10:00,Machine_C,68.1998201051597,2.9247423966969355
2025-01-13 08:20:00,Machine_C,69.04065682263486,3.0441092996966477
2025-01-13 08:30:00,Machine_C,68.25784714636205,3.2675036094237693
2025-01-13 08:40:00,Machine_C,70.7428350603173,3.1259620233475003
2025-01-13 08:50:00,Machine_C,68.80854294993493,3.188068056244231
2025-01-13 09:00:00,Machine_C,68.59188974244239,3.1290594975317982
2025-01-13 09:10:00,Machine_C,68.26923462278987,3.414564849670753
2025-01-13 09:20:00,Machine_C,69.38249197913001,3.3316694375422253
2025-01-13 09:30:00,Machine_C,68.483450215217,2.9829404776873782
2025-01-13 09:40:00,Machine_C,68.24766926612438,3.4308307957221023
2025-01-13 09:50:00,Machine_C,68.57692229102167,3.3857985750951083
2025-01-13 10:00:00,Machine_C,68.87736576484006,3.4849712956597756
2025-01-13 10:10:00,Machine_C,70.90436513434892,3.203985454738616
2025-01-13 10:20:00,Machine_C,69.40605568840675,3.138817444553431
2025-01-13 10:30:00,Machine_C,68.70477404707302,3.300863664885412
2025-01-13 10:40:00,Machine_C,70.15995907925512,3.352209864529999
2025-01-13 10:50:00,Machine_C,69.48881675516571,3.5425355463103094
2025-01-13 11:00:00,Machine_C,70.41655113714155,3.4492410252091426
2025-01-13 11:10:00,Machine_C,70.94644226596769,3.3661689160139
2025-01-13 11:20:00,Machine_C,68.25341852550447,3.3202089250386226
2025-01-13 11:30:00,Machine_C,67.56998079684818,3.3488964483521313
2025-01-13 11:40:00,Machine_C,71.07985659522708,3.2773103775947146
2025-01-13 11:50:00,Machine_C,68.94681083533054,3.4717803883980003
2025-01-13 12:00:00,Machine_C,68.14119206480322,3.0886063834630533
2025-01-13 12:10:00,Machine_C,69.0767784250333,3.351136731383979
2025-01-13 12:20:00,Machine_C,68.71259275517716,3.5362328153850027
2025-01-13 12:30:00,Machine_C,68.85204315867652,3.1417237232833912
2025-01-13 12:40:00,Machine_C,70.1314218903882,3.6932035707709434
2025-01-13 12:50:00,Machine_C,69.12951839620473,3.145421241476247
2025-01-13 13:00:00,Machine_C,68.08644211540815,3.2438220230682715
2025-01-13 13:10:00,Machine_C,69.36404140864859,3.5138407851418036
2025-01-13 13:20:00,Machine_C,68.60800281797981,3.584227660615152
2025-01-13 13:30:00,Machine_C,69.03410020339473,3.3800921159755286
2025-01-13 13:40:00,Machine_C,69.01839360938835,3.3674428827683833
2025-01-13 13:50:00,Machine_C,69.78092374343996,3.620971603630858
2025-01-13 14:00:00,Machine_C,68.62677857993592,3.0434522674756184
2025-01-13 14:10:00,Machine_C,69.51009677238156,2.9690559419969778
2025-01-13 14:20:00,Machine_C,67.59093957711745,2.9222343526383723
2025-01-13 14:30:00,Machine_C,69.49574842601105,3.103782326699645
2025-01-13 14:40:00,Machine_C,69.72029981150214,3.1158236066961367
2025-01-13 14:50:00,Machine_C,68.39628257888943,3.3002776740622886
2025-01-13 15:00:00,Machine_C,67.82000154755372,3.399593309428377
2025-01-13 15:10:00,Machine_C,67.50248501668304,3.3675654724279642
2025-01-13 15:20:00,Machine_C,68.2293670042584,3.347542519680625
2025-01-13 15:30:00,Machine_C,69.10352253682682,3.0014931552873416
2025-01-13 15:40:00,Machine_C,67.66689499737707,3.2273728767886287
2025-01-13 15:50:00,Machine_C,68.7697024263184,3.00970257602532
2025-01-13 16:00:00,Machine_C,66.82889301191449,3.2331610438923977
2025-01-13 16:10:00,Machine_C,67.33488581316388,3.1154671152078777
2025-01-13 16:20:00,Machine_C,67.4442870885318,3.2494671443981917
2025-01-13 16:30:00,Machine_C,67.51250791267617,3.499933589151053
2025-01-13 16:40:00,Machine_C,66.93086236827264,3.047998719379592
2025-01-13 16:50:00,Machine_C,68.04978494329404,2.836716027856525
2025-01-13 17:00:00,Machine_C,67.915741695251,2.7228515754016342
2025-01-13 17:10:00,Machine_C,66.61768229406542,2.8359724264015194
2025-01-13 17:20:00,Machine_C,66.19137125474347,3.170172331965664
2025-01-13 17:30:00,Machine_C,65.9765096051566,3.0459465809701096
2025-01-13 17:40:00,Machine_C,67.13255839745645,2.980674834792592
2025-01-13 17:50:00,Machine_C,65.62065536529124,2.9882894904878676
2025-01-13 18:00:00,Machine_C,64.8308879488514,3.0294864626726374
2025-01-13 18:10:00,Machine_C,64.7976055171785,2.6001030799477647
2025-01-13 18:20:00,Machine_C,66.22853549790749,3.0383063806381845
2025-01-13 18:30:00,Machine_C,64.45087092934473,2.911354120317783
2025-01-13 18:40:00,Machine_C,65.07309442685026,2.562526307155936
2025-01-13 18:50:00,Machine_C,65.32418825597645,2.8629811348784324
2025-01-13 19:00:00,Machine_C,63.74844926640293,2.549096153919121
2025-01-13 19:10:00,Machine_C,65.09334778911442,2.856514744084606
2025-01-13 19:20:00,Machine_C,64.54327456668378,2.7676775653812307
2025-01-13 19:30:00,Machine_C,63.13476365708288,2.5461388095347366
2025-01-13 19:40:00,Machine_C,64.67701660403874,2.784252656821715
2025-01-13 19:50:00,Machine_C,64.70052065785138,2.837838738271899
2025-01-13 20:00:00,Machine_C,,2.5717704349805763
2025-01-13 20:10:00,Machine_C,64.52290056396728,2.799023092979824
2025-01-13 20:20:00,Machine_C,64.19897656554768,2.5917559248102195
2025-01-13 20:30:00,Machine_C,64.45345668971925,2.783431997625554
2025-01-13 20:40:00,Machine_C,62.993553601271486,2.5934755645229703
2025-01-13 20:50:00,Machine_C,62.51797282622285,2.8071517877557812
2025-01-13 21:00:00,Machine_C,62.59606897785711,2.41735283117348
2025-01-13 21:10:00,Machine_C,62.76980262766122,2.408988446811637
2025-01-13 21:20:00,Machine_C,64.9364093719597,2.413440376749667
2025-01-13 21:30:00,Machine_C,62.58061340632266,2.565789622549211
2025-01-13 21:40:00,Machine_C,62.71555110451587,2.5039709794702665
2025-01-13 21:50:00,Machine_C,62.860681674937304,2.572054661917053
2025-01-13 22:00:00,Machine_C,62.683512693764165,2.3007457319761184
2025-01-13 22:10:00,Machine_C,64.34763012870626,2.371696859031826
2025-01-13 22:20:00,Machine_C,61.44743883946815,2.7208771481715126
2025-01-13 22:30:00,Machine_C,64.51471902283845,2.5511401493823027
2025-01-13 22:40:00,Machine_C,62.826831197803784,2.5893844674009436
2025-01-13 22:50:00,Machine_C,,2.424873186038577
2025-01-13 23:00:00,Machine_C,62.635554851945294,2.5184041844205796
2025-01-13 23:10:00,Machine_C,63.23517925628149,2.3751887741070234
2025-01-13 23:20:00,Machine_C,61.79768519202096,2.123787966027
2025-01-13 23:30:00,Machine_C,61.44596476862091,2.6402285587246936
2025-01-13 23:40:00,Machine_C,64.58781537083581,2.484504558832654
2025-01-13 23:50:00,Machine_C,64.03410847142855,2.318661112607794
2025-01-14 00:00:00,Machine_C,61.656977316296015,2.4502271692431483
2025-01-14 00:10:00,Machine_C,63.076568946651065,2.3665203640865218
2025-01-14 00:20:00,Machine_C,63.43962008825941,2.7214369579367723
2025-01-14 00:30:00,Machine_C,63.058093577078026,2.574730427117671
2025-01-14 00:40:00,Machine_C,62.38651081182214,2.2502255915543805
2025-01-14 00:50:00,Machine_C,64.20256343050617,2.22966190271547
2025-01-14 01:00:00,Machine_C,63.16938970702427,2.510430592478034
2025-01-14 01:10:00,Machine_C,61.919667739773956,2.49501280332511
2025-01-14 01:20:00,Machine_C,62.40156678633875,2.570373012584098
2025-01-14 01:30:00,Machine_C,61.910440072511385,2.4584553883505236
2025-01-14 01:40:00,Machine_C,62.742005264212665,2.375640297653937
2025-01-14 01:50:00,Machine_C,62.78366575230223,2.5925817055148
2025-01-14 02:00:00,Machine_C,63.57320117944924,2.61722619701189
2025-01-14 02:10:00,Machine_C,63.640648466696845,2.746819256773157
2025-01-14 02:20:00,Machine_C,63.44363927396374,2.6635833795258224
2025-01-14 02:30:00,Machine_C,,2.39236112046072
2025-01-14 02:40:00,Machine_C,64.15345785341518,2.6014413126870153
2025-01-14 02:50:00,Machine_C,63.2388591261936,2.516780491939722
2025-01-14 03:00:00,Machine_C,61.610676855142685,2.4117007192151485
2025-01-14 03:10:00,Machine_C,65.3242086353042,2.2739854943755833
2025-01-14 03:20:00,Machine_C,63.02165146882557,3.015339298994015
2025-01-14 03:30:00,Machine_C,64.42570831138036,2.5254543488102152
2025-01-14 03:40:00,Machine_C,,2.6191765015772006
2025-01-14 03:50:00,Machine_C,65.23787614281402,2.6977808233661404
2025-01-14 04:00:00,Machine_C,63.48064670797932,2.6951032873643066
2025-01-14 04:10:00,Machine_C,63.81525145479621,2.2383302051147016
2025-01-14 04:20:00,Machine_C,64.12262262444112,2.679988890954578
2025-01-14 04:30:00,Machine_C,65.10404470468735,3.0466004104365902
2025-01-14 04:40:00,Machine_C,64.98135913928265,2.707960526361912
2025-01-14 04:50:00,Machine_C,65.39969628819502,3.059003232005347
2025-01-14 05:00:00,Machine_C,65.19553897713243,2.78918634801366
2025-01-14 05:10:00,Machine_C,65.98808446645414,2.739396896020664
2025-01-14 05:20:00,Machine_C,66.15127090245728,2.8478536120110136
2025-01-14 05:30:00,Machine_C,66.75474256543643,2.84802584056018
2025-01-14 05:40:00,Machine_C,65.96999216428715,2.863539949444725
2025-01-14 05:50:00,Machine_C,66.11854893728238,2.7755988806320397
2025-01-14 06:00:00,Machine_C,67.41360690130783,2.6545027906590226
2025-01-14 06:10:00,Machine_C,67.11058994489751,3.0206539835342245
2025-01-14 06:20:00,Machine_C,66.720032648318,2.9562921049267428
2025-01-14 06:30:00,Machine_C,65.34126298775153,3.2583351864905272
2025-01-14 06:40:00,Machine_C,65.26082350308306,2.972138125026377
2025-01-14 06:50:00,Machine_C,67.24770371247881,2.7249048222038836
2025-01-14 07:00:00,Machine_C,67.42900651401953,3.0745027042698485
2025-01-14 07:10:00,Machine_C,66.47424108253647,3.0489833939580295
2025-01-14 07:20:00,Machine_C,67.48018828297566,2.9763542355604207
2025-01-14 07:30:00,Machine_C,66.60887555481928,3.1835239388101657
2025-01-14 07:40:00,Machine_C,67.93690742307217,3.1797501989427386
2025-01-14 07:50:00,Machine_C,68.09469679679346,2.8923425426611304
2025-01-14 08:00:00,Machine_C,68.22339412350486,3.040787857982281
2025-01-14 08:10:00,Machine_C,68.14897715249143,3.338781299571688
2025-01-14 08:20:00,Machine_C,67.77221971112837,2.9817572894036175
2025-01-14 08:30:00,Machine_C,67.9613101298738,3.1429177141146423
2025-01-14 08:40:00,Machine_C,69.17703549939223,3.2301465057088388
2025-01-14 08:50:00,Machine_C,68.69649761122778,2.99631524321348
2025-01-14 09:00:00,Machine_C,68.86534493388696,3.200483155586879
2025-01-14 09:10:00,Machine_C,68.64966253276019,3.208150658302612
2025-01-14 09:20:00,Machine_C,69.20231541972701,3.18649360025753
2025-01-14 09:30:00,Machine_C,69.54388124187489,2.9815088176159428
2025-01-14 09:40:00,Machine_C,68.36465850851124,
2025-01-14 09:50:00,Machine_C,69.42606788795136,3.1681840171926776
2025-01-14 10:00:00,Machine_C,68.85022182262388,3.4815514170103325
2025-01-14 10:10:00,Machine_C,69.3556205812706,3.3739760923354094
2025-01-14 10:20:00,Machine_C,69.84026649225055,3.167971936829742
2025-01-14 10:30:00,Machine_C,68.0722173288689,3.244560502448553
2025-01-14 10:40:00,Machine_C,68.42186830330168,3.3453844365122545
2025-01-14 10:50:00,Machine_C,68.81049488760424,3.2576991851733252
2025-01-14 11:00:00,Machine_C,68.79646480823484,3.0619368378411638
2025-01-14 11:10:00,Machine_C,69.28715690419754,3.3919582770880754
2025-01-14 11:20:00,Machine_C,70.80073183831233,3.4378738335625068
2025-01-14 11:30:00,Machine_C,70.4128145231086,3.479512151019939
2025-01-14 11:40:00,Machine_C,69.02220960264333,3.5172615793250994
2025-01-14 11:50:00,Machine_C,70.19177546360737,3.2004666161261777
2025-01-14 12:00:00,Machine_C,69.46542186104901,3.4912561396919384
2025-01-14 12:10:00,Machine_C,69.77166820351471,3.1440507626456444
2025-01-14 12:20:00,Machine_C,68.70199398070466,3.412576193450694
2025-01-14 12:30:00,Machine_C,68.41351017397281,3.2185843020571254
2025-01-14 12:40:00,Machine_C,70.0327059625875,3.418459239266692
2025-01-14 12:50:00,Machine_C,69.44331267394384,3.067919495228492
2025-01-14 13:00:00,Machine_C,69.79881811446243,3.432357962650326
2025-01-14 13:10:00,Machine_C,70.61300740285401,3.187570307857158
2025-01-14 13:20:00,Machine_C,69.09788414437465,3.409773460984911
2025-01-14 13:30:00,Machine_C,69.04987004698751,3.3828392542544035
2025-01-14 13:40:00,Machine_C,70.58700624629164,3.3772128301469344
2025-01-14 13:50:00,Machine_C,69.118129340431,3.307723116948053
2025-01-14 14:00:00,Machine_C,68.38844311423826,3.079622449574025
2025-01-14 14:10:00,Machine_C,69.54041578777917,3.5477855591889194
2025-01-14 14:20:00,Machine_C,68.67689123959211,3.245228468430308
2025-01-14 14:30:00,Machine_C,68.11862611682638,3.23316856087067
2025-01-14 14:40:00,Machine_C,,3.4939910150290565
2025-01-14 14:50:00,Machine_C,,3.0717653676141223
2025-01-14 15:00:00,Machine_C,67.54752804932835,3.2096510819026247
2025-01-14 15:10:00,Machine_C,67.41861710283938,3.234572225088747
2025-01-14 15:20:00,Machine_C,68.18570938599848,3.147539525188176
2025-01-14 15:30:00,Machine_C,67.25063885914861,3.223128342063606
2025-01-14 15:40:00,Machine_C,66.9866593816522,3.0534742180398977
2025-01-14 15:50:00,Machine_C,67.88544148282062,3.1295100292636593
2025-01-14 16:00:00,Machine_C,68.63485637887707,3.1486282385110864
2025-01-14 16:10:00,Machine_C,68.24653403237113,3.353849914759622
2025-01-14 16:20:00,Machine_C,67.39361109365936,3.3882940568005804
2025-01-14 16:30:00,Machine_C,68.36544960466148,3.1027174696403783
2025-01-14 16:40:00,Machine_C,68.58503816305492,3.2697718246862135
2025-01-14 16:50:00,Machine_C,67.44544749135584,2.9048028186778567
2025-01-14 17:00:00,Machine_C,66.61291334693992,3.4217058055714644
2025-01-14 17:10:00,Machine_C,68.00763130851998,2.953348543762639
2025-01-14 17:20:00,Machine_C,67.82260746698994,2.9722318826456036
2025-01-14 17:30:00,Machine_C,66.65955859556156,3.0545046520665453
2025-01-14 17:40:00,Machine_C,67.28332149166718,3.092675865995738
2025-01-14 17:50:00,Machine_C,65.527640132642,2.888769076209896
2025-01-14 18:00:00,Machine_C,64.34620777547279,2.5385240340621187
2025-01-14 18:10:00,Machine_C,65.07038085893697,2.9984265840960242
2025-01-14 18:20:00,Machine_C,65.86021064449885,2.696962988725907
2025-01-14 18:30:00,Machine_C,65.48381461535512,2.9806203096760604
2025-01-14 18:40:00,Machine_C,66.16172164268662,2.9572743664048162
2025-01-14 18:50:00,Machine_C,64.05393695162297,2.837266484112941
2025-01-14 19:00:00,Machine_C,63.92124407824193,2.9463066773311346
2025-01-14 19:10:00,Machine_C,65.55737327419929,2.6764263259140844
2025-01-14 19:20:00,Machine_C,63.654188172698795,
2025-01-14 19:30:00,Machine_C,64.44400519347762,2.7571205150312204
2025-01-14 19:40:00,Machine_C,64.5404864303844,2.6764635780734545
2025-01-14 19:50:00,Machine_C,63.863488498011435,2.8976419834537124
2025-01-14 20:00:00,Machine_C,64.71228897127703,2.5552666220199436
2025-01-14 20:10:00,Machine_C,62.46995745562159,2.279357501767327
2025-01-14 20:20:00,Machine_C,65.45802494471803,2.4173110949767715
2025-01-14 20:30:00,Machine_C,63.60522617023959,2.884371514657896
2025-01-14 20:40:00,Machine_C,63.614025875814974,2.655738417829745
2025-01-14 20:50:00,Machine_C,65.79029603528645,2.626609964430705
2025-01-14 21:00:00,Machine_C,62.43720590166358,2.745735572122643
2025-01-14 21:10:00,Machine_C,62.58345095809879,2.6214257690297273
2025-01-14 21:20:00,Machine_C,64.44244227155926,2.505746182437674
2025-01-14 21:30:00,Machine_C,61.97809251551319,2.464039434936721
2025-01-14 21:40:00,Machine_C,63.52911219766742,2.319804949437696
2025-01-14 21:50:00,Machine_C,62.563104940575435,
2025-01-14 22:00:00,Machine_C,61.675998637280344,2.541736500193541
2025-01-14 22:10:00,Machine_C,63.31694156844207,2.4728188854056494
2025-01-14 22:20:00,Machine_C,63.27292865833933,2.5800140818266586
2025-01-14 22:30:00,Machine_C,62.767530320084894,2.468815498613082
2025-01-14 22:40:00,Machine_C,64.36634698326881,2.285620962702154
2025-01-14 22:50:00,Machine_C,62.04479281276228,2.5150369130740255
2025-01-14 23:00:00,Machine_C,63.31251850704692,2.4987424874842867
2025-01-14 23:10:00,Machine_C,62.84483718598187,2.4637741831738693
2025-01-14 23:20:00,Machine_C,63.33039027653911,2.485138408968525
2025-01-14 23:30:00,Machine_C,62.126673521887525,2.807674425761557
2025-01-14 23:40:00,Machine_C,61.40558304225027,2.237179787219333
2025-01-14 23:50:00,Machine_C,61.95772206172745,2.278133178318141
2025-01-15 00:00:00,Machine_C,62.44897714909752,2.1436613579870722
2025-01-15 00:10:00,Machine_C,63.048047655632146,2.467089290010698
2025-01-15 00:20:00,Machine_C,62.52714796769186,2.103235913280046
2025-01-15 00:30:00,Machine_C,62.70200460224449,2.4942005502920095
2025-01-15 00:40:00,Machine_C,63.93362261334535,2.446723695816707
2025-01-15 00:50:00,Machine_C,62.563586336515364,2.357371899940777
2025-01-15 01:00:00,Machine_C,62.193360714651945,2.5502738479305433
2025-01-15 01:10:00,Machine_C,63.014250404837796,2.5242143900246354
2025-01-15 01:20:00,Machine_C,61.338423308026776,2.766055821816087
2025-01-15 01:30:00,Machine_C,61.392055884827286,2.5946031691437224
2025-01-15 01:40:00,Machine_C,,2.480797244525201
2025-01-15 01:50:00,Machine_C,62.14914161011918,2.090209579573689
2025-01-15 02:00:00,Machine_C,62.482320340164314,2.677623261240935
2025-01-15 02:10:00,Machine_C,63.79594869478342,2.689255535727343
2025-01-15 02:20:00,Machine_C,63.5539638030932,2.7696362899366025
2025-01-15 02:30:00,Machine_C,63.16168327008386,2.131196454406861
2025-01-15 02:40:00,Machine_C,63.385217303989045,2.5921950760226244
2025-01-15 02:50:00,Machine_C,63.079917525555565,2.686762590352786
2025-01-15 03:00:00,Machine_C,64.20459898909432,2.7980832200936536
2025-01-15 03:10:00,Machine_C,82.26946770235345,7.704326018785107
2025-01-15 03:20:00,Machine_C,64.54298964538107,2.621647411881113
2025-01-15 03:30:00,Machine_C,64.62527659531169,2.4427535851852604
2025-01-15 03:40:00,Machine_C,64.0357209846272,2.6208164177681796
2025-01-15 03:50:00,Machine_C,63.560882989792326,2.728203446117045
2025-01-15 04:00:00,Machine_C,64.11615646253281,2.8159112053660977
2025-01-15 04:10:00,Machine_C,64.47717948568639,2.406690104941325
2025-01-15 04:20:00,Machine_C,63.98161484609161,2.7630027700875943
2025-01-15 04:30:00,Machine_C,65.96450331052304,2.4626909628095266
2025-01-15 04:40:00,Machine_C,66.1108184316533,2.7939491384913078
2025-01-15 04:50:00,Machine_C,64.85147541352173,2.5581507293739745
2025-01-15 05:00:00,Machine_C,65.9188373402842,2.523790020694702
2025-01-15 05:10:00,Machine_C,65.69047856348838,3.1284878295664775
2025-01-15 05:20:00,Machine_C,64.99493468563081,2.573070970899984
2025-01-15 05:30:00,Machine_C,65.87276671329104,2.726660366430777
2025-01-15 05:40:00,Machine_C,,2.857113053341029
2025-01-15 05:50:00,Machine_C,65.1433298290146,2.505539148623206
2025-01-15 06:00:00,Machine_C,66.3815227404679,3.041371906657488
2025-01-15 06:10:00,Machine_C,66.54371431530136,2.7934986132088855
2025-01-15 06:20:00,Machine_C,68.46031512788716,2.755589589301472
2025-01-15 06:30:00,Machine_C,66.33246574876728,3.1251269948178253
2025-01-15 06:40:00,Machine_C,66.18459743211554,2.7376847839319125
2025-01-15 06:50:00,Machine_C,67.49574202346723,3.0779723027779577
2025-01-15 07:00:00,Machine_C,66.88582153792895,3.020708232248167
2025-01-15 07:10:00,Machine_C,66.5343740310554,3.0456297522951172
2025-01-15 07:20:00,Machine_C,66.72841985744584,
2025-01-15 07:30:00,Machine_C,67.19576661470136,3.0953571710734296
2025-01-15 07:40:00,Machine_C,68.32272477583558,2.6802996741540737
2025-01-15 07:50:00,Machine_C,67.96142093516939,2.9504241012350505
2025-01-15 08:00:00,Machine_C,67.08328609764631,2.9606136004668246
2025-01-15 08:10:00,Machine_C,69.34832320881083,3.3411373763051264
2025-01-15 08:20:00,Machine_C,67.28161364275844,3.186661362426146
2025-01-15 08:30:00,Machine_C,67.5408025607147,3.1759851889095683
2025-01-15 08:40:00,Machine_C,69.18337798640991,3.523268847499116
2025-01-15 08:50:00,Machine_C,69.56261437269245,2.839611084116994
2025-01-15 09:00:00,Machine_C,68.75771915947863,3.4728052509604317
2025-01-15 09:10:00,Machine_C,67.54798088862505,3.233897797115854
2025-01-15 09:20:00,Machine_C,68.7586740457387,
2025-01-15 09:30:00,Machine_C,67.68308581501908,3.1608399588291176
2025-01-15 09:40:00,Machine_C,70.85482819156822,3.178949461030401
2025-01-15 09:50:00,Machine_C,69.18160441565766,3.5495401261944077
2025-01-15 10:00:00,Machine_C,69.67228426334917,3.3327658602943004
2025-01-15 10:10:00,Machine_C,68.80831745821783,3.4227177575556036
2025-01-15 10:20:00,Machine_C,70.61661099431412,3.1742491916576685
2025-01-15 10:30:00,Machine_C,68.83159549123451,3.3357567155568586
2025-01-15 10:40:00,Machine_C,68.60186601530546,3.486534581385825
2025-01-15 10:50:00,Machine_C,69.58191725352629,3.531882319750508
2025-01-15 11:00:00,Machine_C,70.0847919006586,3.093510975494607
2025-01-15 11:10:00,Machine_C,71.11999185936187,3.4848761655988185
2025-01-15 11:20:00,Machine_C,70.73826542209459,3.3169082291237286
2025-01-15 11:30:00,Machine_C,70.42612492651551,3.41191746608163
2025-01-15 11:40:00,Machine_C,68.93852125909025,3.253246718218225
2025-01-15 11:50:00,Machine_C,68.93159647332371,3.6242179939036223
2025-01-15 12:00:00,Machine_C,68.7977228975842,3.3968322336121597
2025-01-15 12:10:00,Machine_C,69.37614565666327,3.2437309848459144
2025-01-15 12:20:00,Machine_C,67.95606182924384,3.2602812203449556
2025-01-15 12:30:00,Machine_C,70.56242333040753,3.5008439546548087
2025-01-15 12:40:00,Machine_C,68.62715778102634,3.4730382464587097
2025-01-15 12:50:00,Machine_C,68.49855719766097,3.353835887354029
2025-01-15 13:00:00,Machine_C,69.05607497015515,3.2650395576913342
2025-01-15 13:10:00,Machine_C,68.2641029024495,3.5010954021385357
2025-01-15 13:20:00,Machine_C,69.80435664723265,3.2281515746072196
2025-01-15 13:30:00,Machine_C,68.46076052611525,3.211982107767095
2025-01-15 13:40:00,Machine_C,69.57325267399088,3.7625334356922786
2025-01-15 13:50:00,Machine_C,69.84444263041358,3.367321227713597
2025-01-15 14:00:00,Machine_C,68.5916029679047,3.2749118968160102
2025-01-15 14:10:00,Machine_C,68.3779076023916,3.199546329596057
2025-01-15 14:20:00,Machine_C,68.22529867104198,3.230770146866093
2025-01-15 14:30:00,Machine_C,67.91096089927747,3.481624522735339
2025-01-15 14:40:00,Machine_C,68.3448695681772,3.3938641901091335
2025-01-15 14:50:00,Machine_C,68.6343751607723,3.114967349121317
2025-01-15 15:00:00,Machine_C,67.36846092983957,3.1587901055118848
2025-01-15 15:10:00,Machine_C,67.8509716018939,2.967236915055866
2025-01-15 15:20:00,Machine_C,68.37597791658018,3.2366282343410986
2025-01-15 15:30:00,Machine_C,68.15840574137434,2.4597545830269967
2025-01-15 15:40:00,Machine_C,65.87376585690451,2.8807163697353313
2025-01-15 15:50:00,Machine_C,68.3874540917132,3.1583988767410776
2025-01-15 16:00:00,Machine_C,68.74075968606549,2.652576410459369
2025-01-15 16:10:00,Machine_C,67.15800699773327,3.5189405271883643
2025-01-15 16:20:00,Machine_C,66.09123793477136,2.9305785517105263
2025-01-15 16:30:00,Machine_C,66.72788185499343,3.1592902234780516
2025-01-15 16:40:00,Machine_C,66.56196526548119,3.282110171521807
2025-01-15 16:50:00,Machine_C,68.0123545666825,3.0836585199593043
2025-01-15 17:00:00,Machine_C,66.03094823117041,3.0155475543633496
2025-01-15 17:10:00,Machine_C,66.47111101457794,2.8951987406261743
2025-01-15 17:20:00,Machine_C,67.95035787014088,2.740888671419931
2025-01-15 17:30:00,Machine_C,66.58562612107204,2.8731262399262323
2025-01-15 17:40:00,Machine_C,66.46152304257768,2.957765718044299
2025-01-15 17:50:00,Machine_C,66.07171027848139,2.9149587295460404
2025-01-15 18:00:00,Machine_C,66.78214932289865,2.728113408807982
2025-01-15 18:10:00,Machine_C,66.17057305713757,3.0717908877393048
2025-01-15 18:20:00,Machine_C,67.17778930997667,2.603279110623652
2025-01-15 18:30:00,Machine_C,67.11328960555713,2.9483470059435497
2025-01-15 18:40:00,Machine_C,65.64320486138601,2.974985199097671
2025-01-15 18:50:00,Machine_C,65.21268063080535,2.8454457097970063
2025-01-15 19:00:00,Machine_C,65.22502998036117,3.0830312760943697
2025-01-15 19:10:00,Machine_C,64.49438558309407,2.8376857100054265
2025-01-15 19:20:00,Machine_C,64.90992544528389,2.994268895880686
2025-01-15 19:30:00,Machine_C,63.506933340585604,2.247761297601347
2025-01-15 19:40:00,Machine_C,,2.8786508692634944
2025-01-15 19:50:00,Machine_C,65.01306941618034,2.797635082461169
2025-01-15 20:00:00,Machine_C,64.68044350114788,2.771273914875196
2025-01-15 20:10:00,Machine_C,64.01761920299325,2.7693082266925644
2025-01-15 20:20:00,Machine_C,64.32759704009194,2.5552896107047167
2025-01-15 20:30:00,Machine_C,65.07426028979185,2.7626553147185833
2025-01-15 20:40:00,Machine_C,63.44175194459651,2.9313945414582783
2025-01-15 20:50:00,Machine_C,62.48727277242406,2.257975977022594
2025-01-15 21:00:00,Machine_C,64.02689098357894,2.7959916757125645
2025-01-15 21:10:00,Machine_C,63.848533438817434,2.5450383142413386
2025-01-15 21:20:00,Machine_C,63.92660134863527,2.436557483597901
2025-01-15 21:30:00,Machine_C,62.26548752439861,
2025-01-15 21:40:00,Machine_C,61.932774731642404,
2025-01-15 21:50:00,Machine_C,63.260081455576696,2.805333188453256
2025-01-15 22:00:00,Machine_C,63.12486806704343,2.440281504547892
2025-01-15 22:10:00,Machine_C,62.60972005663772,2.6208482375814888
2025-01-15 22:20:00,Machine_C,63.98531613498601,2.4902728728570898
2025-01-15 22:30:00,Machine_C,62.75850945284391,2.188428709944426
2025-01-15 22:40:00,Machine_C,63.69589346780177,2.4448572791483345
2025-01-15 22:50:00,Machine_C,63.36456555768935,2.351183429015994
2025-01-15 23:00:00,Machine_C,61.74733734487077,2.2829076417637615
2025-01-15 23:10:00,Machine_C,61.87341836822827,2.3832071371819796
2025-01-15 23:20:00,Machine_C,61.5274033420341,2.3995333063576325
2025-01-15 23:30:00,Machine_C,62.8749520821037,2.635031447221153
2025-01-15 23:40:00,Machine_C,62.591804776631875,2.45595648203454
2025-01-15 23:50:00,Machine_C,63.58340636313968,2.1975565385817855
2025-01-16 00:00:00,Machine_C,62.976066154098675,2.667184150869557
2025-01-16 00:10:00,Machine_C,61.464961899291175,2.5197479970596945
2025-01-16 00:20:00,Machine_C,,2.5022771174765146
2025-01-16 00:30:00,Machine_C,60.84159379608679,2.611084397765347
2025-01-16 00:40:00,Machine_C,62.78787114011266,2.4529476296136914
2025-01-16 00:50:00,Machine_C,64.81556264939921,2.3641141684118865
2025-01-16 01:00:00,Machine_C,62.72391422659235,2.5277165303725364
2025-01-16 01:10:00,Machine_C,62.82293896789916,2.5829545249102632
2025-01-16 01:20:00,Machine_C,62.69722184142651,2.545795164980633
2025-01-16 01:30:00,Machine_C,63.05110292353125,2.630237714218484
2025-01-16 01:40:00,Machine_C,62.70293523028929,2.51024291150989
2025-01-16 01:50:00,Machine_C,63.389746414881465,2.3216393745433415
2025-01-16 02:00:00,Machine_C,,2.3970371026107067
2025-01-16 02:10:00,Machine_C,62.46334958488207,2.7675431639970793
2025-01-16 02:20:00,Machine_C,62.098984006915735,2.5372733853482328
2025-01-16 02:30:00,Machine_C,63.19724238905262,
2025-01-16 02:40:00,Machine_C,,2.335346131447564
2025-01-16 02:50:00,Machine_C,64.58155843262362,2.3272133961476795
2025-01-16 03:00:00,Machine_C,63.18037377961204,2.7300956156470413
2025-01-16 03:10:00,Machine_C,62.06022182308814,2.6517416300058243
2025-01-16 03:20:00,Machine_C,62.84190293363685,2.9427975574686602
2025-01-16 03:30:00,Machine_C,63.97736968084045,
2025-01-16 03:40:00,Machine_C,64.5143664160262,2.756423169143645
2025-01-16 03:50:00,Machine_C,64.40259325536756,
2025-01-16 04:00:00,Machine_C,63.59212829268205,2.5006174518430355
2025-01-16 04:10:00,Machine_C,63.92689622172918,2.4221729727885526
2025-01-16 04:20:00,Machine_C,63.97016385250867,2.809341963959681
2025-01-16 04:30:00,Machine_C,65.11391609633425,2.6838612576091205
2025-01-16 04:40:00,Machine_C,64.89596560645157,2.7996479443477638
2025-01-16 04:50:00,Machine_C,,2.9851398344543516
2025-01-16 05:00:00,Machine_C,64.56656551905887,2.920612001485036
2025-01-16 05:10:00,Machine_C,64.8241093300212,3.0755761017540584
2025-01-16 05:20:00,Machine_C,65.39902045073502,2.658403940134404
2025-01-16 05:30:00,Machine_C,66.61581561944432,3.0027902998337908
2025-01-16 05:40:00,Machine_C,65.84423229376475,2.721729664318469
2025-01-16 05:50:00,Machine_C,65.57804768819484,3.1807794417893147
2025-01-16 06:00:00,Machine_C,65.66837284743876,2.9806620053222406
2025-01-16 06:10:00,Machine_C,67.51418340571091,3.010866508376908
2025-01-16 06:20:00,Machine_C,66.96482620354195,2.8344591669771098
2025-01-16 06:30:00,Machine_C,67.23981056170939,2.8630893213054525
2025-01-16 06:40:00,Machine_C,67.20568090870873,3.0510930231916835
2025-01-16 06:50:00,Machine_C,,3.312085387674177
2025-01-16 07:00:00,Machine_C,67.86409540821661,3.3012976954066184
2025-01-16 07:10:00,Machine_C,65.87821966426581,3.0998440284809314
2025-01-16 07:20:00,Machine_C,68.43782354111741,2.978074672747237
2025-01-16 07:30:00,Machine_C,67.93310315198232,3.175331190069077
2025-01-16 07:40:00,Machine_C,67.86788392104208,3.315981680829816
2025-01-16 07:50:00,Machine_C,67.01053108697214,3.145910732035234
2025-01-16 08:00:00,Machine_C,68.4947673110519,3.0552894220055187
2025-01-16 08:10:00,Machine_C,68.79658638515977,3.264027743816711
2025-01-16 08:20:00,Machine_C,67.44399039531318,3.1149667061382527
2025-01-16 08:30:00,Machine_C,67.59148287005846,3.1100229053246866
2025-01-16 08:40:00,Machine_C,67.42286954834813,3.1791489022873494
2025-01-16 08:50:00,Machine_C,68.80295731811528,3.324004150657166
2025-01-16 09:00:00,Machine_C,68.3963480079018,3.1781421326537624
2025-01-16 09:10:00,Machine_C,70.2784574073851,3.225076307417305
2025-01-16 09:20:00,Machine_C,67.45388341495568,3.2705424143984443
2025-01-16 09:30:00,Machine_C,68.08024138097802,3.188282477124626
2025-01-16 09:40:00,Machine_C,68.87665262284503,3.547538211395563
2025-01-16 09:50:00,Machine_C,69.48387915029122,3.611250123958841
2025-01-16 10:00:00,Machine_C,69.52688506473466,3.2352061288948177
2025-01-16 10:10:00,Machine_C,69.1721351915291,3.1555856066231236
2025-01-16 10:20:00,Machine_C,69.45399114429101,3.2243199939327316
2025-01-16 10:30:00,Machine_C,69.32832528063935,3.395993673647846
2025-01-16 10:40:00,Machine_C,70.1284166503648,3.3073815119477956
2025-01-16 10:50:00,Machine_C,68.89300535630422,3.0989876923672126
2025-01-16 11:00:00,Machine_C,69.02634767245932,3.3066199866994035
2025-01-16 11:10:00,Machine_C,69.96858241033165,3.41260392083285
2025-01-16 11:20:00,Machine_C,70.70469903664235,3.520398384462488
2025-01-16 11:30:00,Machine_C,68.96265824328619,3.662394152571903
2025-01-16 11:40:00,Machine_C,69.67962748744331,3.2676315691344473
2025-01-16 11:50:00,Machine_C,69.1939271798727,3.2373543122586472
2025-01-16 12:00:00,Machine_C,69.94381263127386,3.3049027532550155
2025-01-16 12:10:00,Machine_C,68.18364887697996,3.1793716314251985
2025-01-16 12:20:00,Machine_C,69.21010250452908,3.2222431799854556
2025-01-16 12:30:00,Machine_C,69.01068983847091,3.2211788965884294
2025-01-16 12:40:00,Machine_C,,3.402005801829832
2025-01-16 12:50:00,Machine_C,67.38593050760123,3.1894196176565397
2025-01-16 13:00:00,Machine_C,71.00029849406458,3.48311222359713
2025-01-16 13:10:00,Machine_C,67.34265291315796,3.536015785303685
2025-01-16 13:20:00,Machine_C,69.66988950875219,3.120209998581306
2025-01-16 13:30:00,Machine_C,68.19844334187006,3.0808535689539327
2025-01-16 13:40:00,Machine_C,68.17630674552684,3.21136596163205
2025-01-16 13:50:00,Machine_C,69.21495619219505,3.2269159766830793
2025-01-16 14:00:00,Machine_C,69.5840865203385,3.5176026892484593
2025-01-16 14:10:00,Machine_C,,3.2704657363047365
2025-01-16 14:20:00,Machine_C,67.98058850917475,3.344166105842474
2025-01-16 14:30:00,Machine_C,67.74081677861126,3.3322252712360303
2025-01-16 14:40:00,Machine_C,68.85292118671944,3.08621425228009
2025-01-16 14:50:00,Machine_C,67.74271468532848,3.1866493077323708
2025-01-16 15:00:00,Machine_C,,3.215894290957151
2025-01-16 15:10:00,Machine_C,67.44153894663953,3.271981239274584
2025-01-16 15:20:00,Machine_C,68.68319729575649,2.9310883929642033
2025-01-16 15:30:00,Machine_C,69.36640474562351,3.066917117631339
2025-01-16 15:40:00,Machine_C,68.06257421890668,3.160181144078839
2025-01-16 15:50:00,Machine_C,66.44825798371777,3.062653391565717
2025-01-16 16:00:00,Machine_C,,2.872608946648693
2025-01-16 16:10:00,Machine_C,67.41906568264,2.977740437560145
2025-01-16 16:20:00,Machine_C,67.4458499815315,2.8395338683291445
2025-01-16 16:30:00,Machine_C,68.60822789870933,3.320777643228476
2025-01-16 16:40:00,Machine_C,67.23833017440198,2.996373945404973
2025-01-16 16:50:00,Machine_C,67.46321622746443,3.0235261118314147
2025-01-16 17:00:00,Machine_C,66.37622589338018,
2025-01-16 17:10:00,Machine_C,66.53304603979588,3.0389258075819425
2025-01-16 17:20:00,Machine_C,67.50632062778709,3.1032538891184815
2025-01-16 17:30:00,Machine_C,66.56590361840672,2.793819387016059
2025-01-16 17:40:00,Machine_C,66.5334126937619,2.778348247745547
2025-01-16 17:50:00,Machine_C,66.95355743156762,2.830421790528658
2025-01-16 18:00:00,Machine_C,67.30415744014084,2.6479841628138554
2025-01-16 18:10:00,Machine_C,64.92267103186826,2.948811889072775
2025-01-16 18:20:00,Machine_C,65.30170685546274,2.9973997598674234
2025-01-16 18:30:00,Machine_C,66.70961864326267,2.583400195233797
2025-01-16 18:40:00,Machine_C,66.98622770511773,2.9804352672932604
2025-01-16 18:50:00,Machine_C,65.03289684620975,2.9613128430588613
2025-01-16 19:00:00,Machine_C,65.31120038385741,2.2721797730686397
2025-01-16 19:10:00,Machine_C,65.22847798778368,2.566011776122686
2025-01-16 19:20:00,Machine_C,64.99035761524188,2.636908924780382
2025-01-16 19:30:00,Machine_C,64.85867877293863,2.8301026584405524
2025-01-16 19:40:00,Machine_C,65.6127219939761,2.7886591582406846
2025-01-16 19:50:00,Machine_C,62.943285408789805,2.525726980376078
2025-01-16 20:00:00,Machine_C,63.72579896831161,2.9674252962885537
2025-01-16 20:10:00,Machine_C,64.63044279436782,2.532202530953904
2025-01-16 20:20:00,Machine_C,63.59549802438092,2.491546132448244
2025-01-16 20:30:00,Machine_C,64.09851106761629,2.4171028445867178
2025-01-16 20:40:00,Machine_C,64.61950089004152,2.5786025550188607
2025-01-16 20:50:00,Machine_C,64.91553755289756,2.7587346312035854
2025-01-16 21:00:00,Machine_C,63.74708353193572,2.4195688678304013
2025-01-16 21:10:00,Machine_C,64.61113201205835,2.6057410732994413
2025-01-16 21:20:00,Machine_C,63.432335087649285,2.5918847710680017
2025-01-16 21:30:00,Machine_C,62.98043610360648,
2025-01-16 21:40:00,Machine_C,61.898474361139606,2.58936114236102
2025-01-16 21:50:00,Machine_C,62.24549834677834,2.6835705216639827
2025-01-16 22:00:00,Machine_C,62.9726838554883,2.5594259343826637
2025-01-16 22:10:00,Machine_C,62.9159817232275,2.6892644920999693
2025-01-16 22:20:00,Machine_C,63.011476267708176,2.2941502299500915
2025-01-16 22:30:00,Machine_C,64.2356166121623,2.4046556388853895
2025-01-16 22:40:00,Machine_C,63.31197809238495,2.2793471563684387
2025-01-16 22:50:00,Machine_C,63.30556354493023,2.569448693887895
2025-01-16 23:00:00,Machine_C,64.08164220731271,2.685263355267013
2025-01-16 23:10:00,Machine_C,62.29780675842091,2.4049274977364274
2025-01-16 23:20:00,Machine_C,62.14604502068528,2.5075142527126406
2025-01-16 23:30:00,Machine_C,63.507907861674944,2.1848323318227387
2025-01-16 23:40:00,Machine_C,62.90198507421961,2.455591604027884
2025-01-16 23:50:00,Machine_C,62.46785425474103,2.1492595413932696
2025-01-17 00:00:00,Machine_C,62.45155251949963,2.4609136476476845
2025-01-17 00:10:00,Machine_C,62.36575548725598,2.1042217846867457
2025-01-17 00:20:00,Machine_C,62.43252124354334,2.756718566938698
2025-01-17 00:30:00,Machine_C,62.52770852706205,2.444733682611801
2025-01-17 00:40:00,Machine_C,62.315208920565574,2.440666397386385
2025-01-17 00:50:00,Machine_C,63.027293195759654,2.804167423864339
2025-01-17 01:00:00,Machine_C,63.21649293037808,2.47722442014838
2025-01-17 01:10:00,Machine_C,62.210242578665444,2.1811164491848603
2025-01-17 01:20:00,Machine_C,63.43317237023542,2.399592894046937
2025-01-17 01:30:00,Machine_C,61.74932415535727,2.834385606703922
2025-01-17 01:40:00,Machine_C,63.23092859610468,2.3310161611291167
2025-01-17 01:50:00,Machine_C,63.33846346684325,2.421546249649186
2025-01-17 02:00:00,Machine_C,62.9019266470143,2.788695999341016
2025-01-17 02:10:00,Machine_C,63.0940415514047,2.3816921477247397
2025-01-17 02:20:00,Machine_C,62.94619111019389,2.514206078725733
2025-01-17 02:30:00,Machine_C,62.81714197158681,2.786072720762073
2025-01-17 02:40:00,Machine_C,63.31924917045955,2.4520029704885875
2025-01-17 02:50:00,Machine_C,62.98248987111922,2.4244855971621218
2025-01-17 03:00:00,Machine_C,64.43675327574562,2.250060206194067
2025-01-17 03:10:00,Machine_C,61.95340050946278,
2025-01-17 03:20:00,Machine_C,63.64258251178507,2.4517316301645065
2025-01-17 03:30:00,Machine_C,62.34872553816717,2.560694351554843
2025-01-17 03:40:00,Machine_C,63.1414027679771,2.7062020080526534
2025-01-17 03:50:00,Machine_C,63.65800415942701,2.650181916274962
2025-01-17 04:00:00,Machine_C,65.3216699064925,2.4533213851335924
2025-01-17 04:10:00,Machine_C,65.30682473316539,2.9370955091059554
2025-01-17 04:20:00,Machine_C,64.57899002124826,2.5114569794998918
2025-01-17 04:30:00,Machine_C,64.71169812182339,3.052450321569341
2025-01-17 04:40:00,Machine_C,65.63292007119794,2.7733203119916063
2025-01-17 04:50:00,Machine_C,65.85261335415443,2.952848502118852
2025-01-17 05:00:00,Machine_C,64.63429550514363,2.878909398854111
2025-01-17 05:10:00,Machine_C,65.78067082393717,3.0736369725682584
2025-01-17 05:20:00,Machine_C,64.62707250677761,2.814052422131181
2025-01-17 05:30:00,Machine_C,65.23158558691166,2.7932807914541344
2025-01-17 05:40:00,Machine_C,66.17031788557203,2.9156285710786043
2025-01-17 05:50:00,Machine_C,65.32117237047885,2.8308191297678023
2025-01-17 06:00:00,Machine_C,65.71600767963186,2.981643040520223
2025-01-17 06:10:00,Machine_C,64.82567885430538,3.1985937851300186
2025-01-17 06:20:00,Machine_C,66.66570188971527,2.634930273445566
2025-01-17 06:30:00,Machine_C,65.75079350418025,2.9450527896788348
2025-01-17 06:40:00,Machine_C,65.95086305344377,3.3742486829217357
2025-01-17 06:50:00,Machine_C,67.84172759020082,2.9271439803866977
2025-01-17 07:00:00,Machine_C,66.3559975027218,3.198939592166617
2025-01-17 07:10:00,Machine_C,67.65445954131448,3.1920299407304054
2025-01-17 07:20:00,Machine_C,68.07645317795212,2.7950982104279207
2025-01-17 07:30:00,Machine_C,68.07323081056526,3.1256330651386874
2025-01-17 07:40:00,Machine_C,67.27983757083958,3.12972010128707
2025-01-17 07:50:00,Machine_C,67.27436356012662,3.680615006687381
2025-01-17 08:00:00,Machine_C,67.01934688442282,2.6523209886760335
2025-01-17 08:10:00,Machine_C,66.47134271098882,2.850085053257071
2025-01-17 08:20:00,Machine_C,68.62530000836112,3.1169405150324576
2025-01-17 08:30:00,Machine_C,68.67242020035707,3.1095699821912857
2025-01-17 08:40:00,Machine_C,68.63133664883463,3.0302254887143976
2025-01-17 08:50:00,Machine_C,66.09406214039113,3.056465676350291
2025-01-17 09:00:00,Machine_C,68.33310277088856,3.3413673669352173
2025-01-17 09:10:00,Machine_C,69.0840998597876,3.080537186154884
2025-01-17 09:20:00,Machine_C,69.71039804765229,3.147323208261072
2025-01-17 09:30:00,Machine_C,69.01586837784217,
2025-01-17 09:40:00,Machine_C,69.02214616789303,3.420381641396702
2025-01-17 09:50:00,Machine_C,68.40879602485266,3.1935625277471327
2025-01-17 10:00:00,Machine_C,69.3339333867007,3.0258995970073386
2025-01-17 10:10:00,Machine_C,68.91507144501645,3.457425240561727
2025-01-17 10:20:00,Machine_C,68.58858497411953,3.1386663571497397
2025-01-17 10:30:00,Machine_C,68.3076381266617,3.5482784685895394
2025-01-17 10:40:00,Machine_C,68.53235143256715,3.3983504050739666
2025-01-17 10:50:00,Machine_C,69.597945828715,3.294384048828602
2025-01-17 11:00:00,Machine_C,,3.41359343132748
2025-01-17 11:10:00,Machine_C,69.18174980818061,2.9879683310647565
2025-01-17 11:20:00,Machine_C,70.49307459902917,3.6096049473022234
2025-01-17 11:30:00,Machine_C,68.32276229676603,3.30849658562616
2025-01-17 11:40:00,Machine_C,69.8460876481842,3.378340328542771
2025-01-17 11:50:00,Machine_C,69.93441236029942,3.2458105552940166
2025-01-17 12:00:00,Machine_C,69.2669665706911,3.319262572095789
2025-01-17 12:10:00,Machine_C,69.99437692476175,3.637210854643135
2025-01-17 12:20:00,Machine_C,69.33625143144943,3.2996836774877494
2025-01-17 12:30:00,Machine_C,70.10627846283954,3.2709749915436745
2025-01-17 12:40:00,Machine_C,68.59236038385683,3.466137387618181
2025-01-17 12:50:00,Machine_C,70.92827577914352,3.3952080715431907
2025-01-17 13:00:00,Machine_C,70.53054086118685,3.6143449338967657
2025-01-17 13:10:00,Machine_C,67.55423603575147,2.96625864147193
2025-01-17 13:20:00,Machine_C,70.2268641087247,3.2399706629593226
2025-01-17 13:30:00,Machine_C,68.77196232140598,3.0592781929027453
2025-01-17 13:40:00,Machine_C,70.31808511048631,3.5294860986177814
2025-01-17 13:50:00,Machine_C,69.91163351833748,3.0665554919386246
2025-01-17 14:00:00,Machine_C,68.16135510067248,3.3490714461949525
2025-01-17 14:10:00,Machine_C,69.4119383086968,3.0442861195849225
2025-01-17 14:20:00,Machine_C,68.30635776658247,3.17873314441613
2025-01-17 14:30:00,Machine_C,69.20716738215926,3.077854214182176
2025-01-17 14:40:00,Machine_C,68.71798419900657,3.243481456244997
2025-01-17 14:50:00,Machine_C,67.99687859022632,3.5968234145130578
2025-01-17 15:00:00,Machine_C,67.40528870977225,2.9616154163075707
2025-01-17 15:10:00,Machine_C,68.54862387317118,2.999242729771588
2025-01-17 15:20:00,Machine_C,68.621014559046,3.2967109918717497
2025-01-17 15:30:00,Machine_C,68.00438775656146,3.1464327480772667
2025-01-17 15:40:00,Machine_C,67.38821755206745,2.929037691781061
2025-01-17 15:50:00,Machine_C,67.49397735674759,3.056996981582162
2025-01-17 16:00:00,Machine_C,66.8730167205972,2.852546205376102
2025-01-17 16:10:00,Machine_C,68.20500244496074,3.0195570589190437
2025-01-17 16:20:00,Machine_C,65.75169904812776,2.915249122596067
2025-01-17 16:30:00,Machine_C,68.10077188927947,3.1281745093022715
2025-01-17 16:40:00,Machine_C,67.13632039190321,3.169673170938317
2025-01-17 16:50:00,Machine_C,67.46978342764919,2.557614928191044
2025-01-17 17:00:00,Machine_C,67.40167155711191,3.035739476415933
2025-01-17 17:10:00,Machine_C,66.85137214315475,2.582824265525211
2025-01-17 17:20:00,Machine_C,66.29574527250797,2.979277083863184
2025-01-17 17:30:00,Machine_C,67.34174806914348,3.2452110253521558
2025-01-17 17:40:00,Machine_C,64.93278968453758,2.87651513579804
2025-01-17 17:50:00,Machine_C,67.19410206909501,2.9656924214815183
2025-01-17 18:00:00,Machine_C,65.10133969006671,3.03272975167597
2025-01-17 18:10:00,Machine_C,65.58684583528218,3.019591843754462
2025-01-17 18:20:00,Machine_C,66.84000499070429,3.01097865793865
2025-01-17 18:30:00,Machine_C,67.32673004155968,2.9195929086314507
2025-01-17 18:40:00,Machine_C,65.53780825166884,2.6861902943232
2025-01-17 18:50:00,Machine_C,64.15877700389005,2.918598711839231
2025-01-17 19:00:00,Machine_C,65.77727287976413,3.0517181733519156
2025-01-17 19:10:00,Machine_C,64.91630628073544,2.851972335148546
2025-01-17 19:20:00,Machine_C,63.95330016533977,2.7803175740859873
2025-01-17 19:30:00,Machine_C,64.83594415767453,2.4263162257150253
2025-01-17 19:40:00,Machine_C,63.473044482316396,2.518463754621965
2025-01-17 19:50:00,Machine_C,64.53991751811915,2.5628351696697544
2025-01-17 20:00:00,Machine_C,63.51380519134068,2.4772366743662686
2025-01-17 20:10:00,Machine_C,62.54506141978021,2.628632904182568
2025-01-17 20:20:00,Machine_C,62.66310331466428,2.474748217517974
2025-01-17 20:30:00,Machine_C,63.383256987025995,2.7819850962438677
2025-01-17 20:40:00,Machine_C,64.15173771556583,2.538972610605609
2025-01-17 20:50:00,Machine_C,64.63868974184403,2.3951634166795968
2025-01-17 21:00:00,Machine_C,64.66717935317104,2.4157124195166433
2025-01-17 21:10:00,Machine_C,62.20993147067789,
2025-01-17 21:20:00,Machine_C,63.13921913886913,2.504492643290107
2025-01-17 21:30:00,Machine_C,62.73507506329137,2.5505094154039103
2025-01-17 21:40:00,Machine_C,63.047911105938276,2.48699934802851
2025-01-17 21:50:00,Machine_C,64.17649940074129,2.829712063453459
2025-01-17 22:00:00,Machine_C,63.09783267890432,2.6644767206721593
2025-01-17 22:10:00,Machine_C,63.58967565230253,2.346030625419377
2025-01-17 22:20:00,Machine_C,64.59709870775184,2.1419339992576756
2025-01-17 22:30:00,Machine_C,,2.4194594440346666
2025-01-17 22:40:00,Machine_C,62.331122822279056,2.2724633895885815
2025-01-17 22:50:00,Machine_C,63.11897159780381,2.1596996752341795
2025-01-17 23:00:00,Machine_C,62.83250076318119,2.580252964385686
2025-01-17 23:10:00,Machine_C,63.421891197650915,2.458802537888349
2025-01-17 23:20:00,Machine_C,62.2461302885681,2.658894214335704
2025-01-17 23:30:00,Machine_C,62.69473842812497,2.4405442674674918
2025-01-17 23:40:00,Machine_C,61.90834120675006,2.4123699661590132
2025-01-17 23:50:00,Machine_C,63.3544219957258,2.221007817303143
2025-01-18 00:00:00,Machine_C,62.53367418729982,2.337320995431224
2025-01-18 00:10:00,Machine_C,63.62634743271624,2.1274451107074426
2025-01-18 00:20:00,Machine_C,63.64217540655531,2.638720303991727
2025-01-18 00:30:00,Machine_C,61.504648391507125,2.216818417064291
2025-01-18 00:40:00,Machine_C,63.805138972480215,2.4965665951795217
2025-01-18 00:50:00,Machine_C,63.32783319134171,2.4162623657434206
2025-01-18 01:00:00,Machine_C,62.49401400258862,2.5352927203891737
2025-01-18 01:10:00,Machine_C,63.334972677766764,2.4770300039395496
2025-01-18 01:20:00,Machine_C,62.30476616776111,2.239040560886441
2025-01-18 01:30:00,Machine_C,63.85525811433843,2.4243703380339916
2025-01-18 01:40:00,Machine_C,62.90727050045937,2.7201809090267597
2025-01-18 01:50:00,Machine_C,63.605825480041034,2.352677388961616
2025-01-18 02:00:00,Machine_C,62.46422765595444,2.7186344511726017
2025-01-18 02:10:00,Machine_C,63.2734963428545,2.639566708455039
2025-01-18 02:20:00,Machine_C,63.84172330386881,2.556455098412579
2025-01-18 02:30:00,Machine_C,63.46946375394566,2.4099218987495306
2025-01-18 02:40:00,Machine_C,63.76796344619697,2.604325373893827
2025-01-18 02:50:00,Machine_C,,2.4763711921492497
2025-01-18 03:00:00,Machine_C,63.76875618465985,2.7806329302452926
2025-01-18 03:10:00,Machine_C,63.03175941811847,2.3642550791857597
2025-01-18 03:20:00,Machine_C,63.73555391242059,2.66618486961461
2025-01-18 03:30:00,Machine_C,63.474988472644625,2.6312337773354906
2025-01-18 03:40:00,Machine_C,63.82878128849281,2.7010257680627183
2025-01-18 03:50:00,Machine_C,62.71815003508273,2.787414680984509
2025-01-18 04:00:00,Machine_C,64.27117287169254,2.5151136969776666
2025-01-18 04:10:00,Machine_C,64.29785600743092,2.5321699940782922
2025-01-18 04:20:00,Machine_C,63.308525662724115,2.748588090165694
2025-01-18 04:30:00,Machine_C,64.93362074310029,2.901427279850397
2025-01-18 04:40:00,Machine_C,65.46374783672955,2.7012343845607756
2025-01-18 04:50:00,Machine_C,65.19974895849451,3.023503126808006
2025-01-18 05:00:00,Machine_C,65.72268074179937,
2025-01-18 05:10:00,Machine_C,64.82087633655756,2.6745156886154344
2025-01-18 05:20:00,Machine_C,65.22200536798807,2.90362421889558
2025-01-18 05:30:00,Machine_C,65.60249872822757,2.742955141875383
2025-01-18 05:40:00,Machine_C,65.81174718931223,2.764714218013395
2025-01-18 05:50:00,Machine_C,63.96759465797386,2.9271713946432723
2025-01-18 06:00:00,Machine_C,65.26329149566534,3.0677369369200207
2025-01-18 06:10:00,Machine_C,66.9545432320025,2.9740496883621033
2025-01-18 06:20:00,Machine_C,65.67917837973717,2.9587141987229413
2025-01-18 06:30:00,Machine_C,66.25930660383094,
2025-01-18 06:40:00,Machine_C,66.56606548326957,3.1035034690460157
2025-01-18 06:50:00,Machine_C,65.68525756774022,2.936469504812674
2025-01-18 07:00:00,Machine_C,68.16999800801713,3.2149554084598297
2025-01-18 07:10:00,Machine_C,67.02742249071562,2.9922042399309525
2025-01-18 07:20:00,Machine_C,66.5119017731701,3.162548900758454
2025-01-18 07:30:00,Machine_C,67.85815721004484,3.1694321947735586
2025-01-18 07:40:00,Machine_C,67.24178470569763,3.0906588339304895
2025-01-18 07:50:00,Machine_C,67.66314090705978,2.9774381535675967
2025-01-18 08:00:00,Machine_C,68.8770842465343,3.120040224154014
2025-01-18 08:10:00,Machine_C,67.44759384317338,3.0564487700322136
2025-01-18 08:20:00,Machine_C,68.92174552161745,3.205505556031758
2025-01-18 08:30:00,Machine_C,67.85690729415352,3.2499899137559165
2025-01-18 08:40:00,Machine_C,68.30435948854694,2.8345459166366074
2025-01-18 08:50:00,Machine_C,68.60706928911016,3.2647937342763944
2025-01-18 09:00:00,Machine_C,68.19918257613719,3.744748519060675
2025-01-18 09:10:00,Machine_C,67.7670816643313,3.1747596080672023
2025-01-18 09:20:00,Machine_C,69.04369382959351,3.422725962061761
2025-01-18 09:30:00,Machine_C,69.67392631708422,3.3905635391920637
2025-01-18 09:40:00,Machine_C,69.36847727534654,2.9730061847145253
2025-01-18 09:50:00,Machine_C,69.4302117243645,3.369112863095063
2025-01-18 10:00:00,Machine_C,68.66501778903793,3.1383988299969676
2025-01-18 10:10:00,Machine_C,69.65522640348185,3.263602206607137
2025-01-18 10:20:00,Machine_C,69.4585913968716,3.0451655449021082
2025-01-18 10:30:00,Machine_C,69.92389520557774,3.3953560701114074
2025-01-18 10:40:00,Machine_C,69.36786811372733,3.2614757275602457
2025-01-18 10:50:00,Machine_C,69.81542339160204,3.5713250820618954
2025-01-18 11:00:00,Machine_C,68.99415603204903,3.0899405605691577
2025-01-18 11:10:00,Machine_C,69.97332921322099,
2025-01-18 11:20:00,Machine_C,68.43911531209949,3.4190066116696367
2025-01-18 11:30:00,Machine_C,,3.191650379734346
2025-01-18 11:40:00,Machine_C,68.9288056565257,3.0700803720010597
2025-01-18 11:50:00,Machine_C,72.30136589837244,3.2973871143764937
2025-01-18 12:00:00,Machine_C,70.02170680867879,3.392597821799524
2025-01-18 12:10:00,Machine_C,68.62962116647486,3.157768323878341
2025-01-18 12:20:00,Machine_C,68.39249735589212,3.1774651604999793
2025-01-18 12:30:00,Machine_C,68.07349653247223,3.5244318617986354
2025-01-18 12:40:00,Machine_C,68.53504708021406,3.2024961508421246
2025-01-18 12:50:00,Machine_C,68.73802492542336,3.443716894231604
2025-01-18 13:00:00,Machine_C,68.60045776139779,3.554060911712309
2025-01-18 13:10:00,Machine_C,68.9642990205264,3.184406441717006
2025-01-18 13:20:00,Machine_C,69.95652542201894,3.0979474851255526
2025-01-18 13:30:00,Machine_C,69.07427358177469,3.472705524509599
2025-01-18 13:40:00,Machine_C,69.74239834509639,3.2540508388912572
2025-01-18 13:50:00,Machine_C,68.25246840878077,3.2201711934565522
2025-01-18 14:00:00,Machine_C,68.72505146113593,3.546866621916194
2025-01-18 14:10:00,Machine_C,68.20147768285825,3.2313137957753444
2025-01-18 14:20:00,Machine_C,69.2212092687768,3.318595922581887
2025-01-18 14:30:00,Machine_C,68.63181325816721,2.966942104193453
2025-01-18 14:40:00,Machine_C,70.09961795565937,3.230976700929202
2025-01-18 14:50:00,Machine_C,68.0441294081395,3.073144422924255
2025-01-18 15:00:00,Machine_C,67.64319128077143,3.126944539868717
2025-01-18 15:10:00,Machine_C,68.6019575371616,3.102160627674462
2025-01-18 15:20:00,Machine_C,68.1087867066227,3.423504609207418
2025-01-18 15:30:00,Machine_C,68.53267434908055,3.05457880674844
2025-01-18 15:40:00,Machine_C,67.95817984695117,3.0618511725265067
2025-01-18 15:50:00,Machine_C,67.76799609410635,3.417999366031819
2025-01-18 16:00:00,Machine_C,67.21562448658685,3.060770502953518
2025-01-18 16:10:00,Machine_C,67.40044843516924,2.9961059635427905
2025-01-18 16:20:00,Machine_C,66.25542869511693,
2025-01-18 16:30:00,Machine_C,68.29752701317977,3.075078302780078
2025-01-18 16:40:00,Machine_C,68.21281309444794,3.0697034839849735
2025-01-18 16:50:00,Machine_C,67.80247512758152,3.0891166896512616
2025-01-18 17:00:00,Machine_C,66.53959285390533,3.2575989843108015
2025-01-18 17:10:00,Machine_C,66.25492787031713,2.8112857270732126
2025-01-18 17:20:00,Machine_C,67.00704494817373,3.1841377722036395
2025-01-18 17:30:00,Machine_C,65.6955342165183,2.6898675465823225
2025-01-18 17:40:00,Machine_C,67.21437140052421,2.7924534835025474
2025-01-18 17:50:00,Machine_C,64.24778792325291,2.7582352233753693
2025-01-18 18:00:00,Machine_C,65.63845064538806,2.8746120134492053
2025-01-18 18:10:00,Machine_C,64.99565800786728,2.745330922219282
2025-01-18 18:20:00,Machine_C,66.69248444297773,3.089559659487136
2025-01-18 18:30:00,Machine_C,66.40193803540497,2.9348795908011036
2025-01-18 18:40:00,Machine_C,65.8437300530699,2.819226658356869
2025-01-18 18:50:00,Machine_C,66.77496239535637,2.644529776502819
2025-01-18 19:00:00,Machine_C,65.10214292919598,3.03577598718682
2025-01-18 19:10:00,Machine_C,65.45253603766082,2.78238691736775
2025-01-18 19:20:00,Machine_C,63.52485912286713,2.7009498894856487
2025-01-18 19:30:00,Machine_C,64.4045024170332,2.703300715847608
2025-01-18 19:40:00,Machine_C,64.60887133103341,2.6698812444442117
2025-01-18 19:50:00,Machine_C,63.650509857075335,2.844513204249735
2025-01-18 20:00:00,Machine_C,64.4544179494364,2.8784635993276635
2025-01-18 20:10:00,Machine_C,62.544460114382545,2.4915452801386184
2025-01-18 20:20:00,Machine_C,64.39258779342923,2.524479221648324
2025-01-18 20:30:00,Machine_C,63.521632980857795,2.5176233549802087
2025-01-18 20:40:00,Machine_C,63.1203640966727,2.6683210843156187
2025-01-18 20:50:00,Machine_C,64.23012645774993,2.775635479358699
2025-01-18 21:00:00,Machine_C,64.69619680083007,2.334654958641312
2025-01-18 21:10:00,Machine_C,64.13297926652032,2.379878007676555
2025-01-18 21:20:00,Machine_C,62.66969478287128,2.4934324713093527
2025-01-18 21:30:00,Machine_C,63.75778701295853,2.6390674388934965
2025-01-18 21:40:00,Machine_C,62.928206410919195,2.3620065620164126
2025-01-18 21:50:00,Machine_C,63.95167579390538,2.4509822473700917
2025-01-18 22:00:00,Machine_C,63.14580425156518,2.380423604948259
2025-01-18 22:10:00,Machine_C,61.71580043952784,2.637198103703105
2025-01-18 22:20:00,Machine_C,62.634277274403026,2.472444210579061
2025-01-18 22:30:00,Machine_C,62.10619743651841,2.3530878349250544
2025-01-18 22:40:00,Machine_C,62.08929898761192,2.265397514263132
2025-01-18 22:50:00,Machine_C,62.402044484899655,2.399538909013436
2025-01-18 23:00:00,Machine_C,62.838629862562385,2.417821397248702
2025-01-18 23:10:00,Machine_C,63.30940274348518,2.613183213424119
2025-01-18 23:20:00,Machine_C,62.13283363303398,2.6401079108554084
2025-01-18 23:30:00,Machine_C,63.500083635528526,2.240896009206125
2025-01-18 23:40:00,Machine_C,61.15139572483093,2.628935110353631
2025-01-18 23:50:00,Machine_C,61.83301413739779,2.5786939617972697
2025-01-19 00:00:00,Machine_C,64.13861016938247,2.3544141752700223
2025-01-19 00:10:00,Machine_C,61.58924097230456,2.5868569638956576
2025-01-19 00:20:00,Machine_C,63.514340176648034,2.3091270061569453
2025-01-19 00:30:00,Machine_C,62.509159302486054,2.526866544683129
2025-01-19 00:40:00,Machine_C,62.49648553371292,2.8933779153691583
2025-01-19 00:50:00,Machine_C,63.33117322706058,2.5021655876763926
2025-01-19 01:00:00,Machine_C,,2.4038124132815812
2025-01-19 01:10:00,Machine_C,63.728991724730854,2.2343432153699467
2025-01-19 01:20:00,Machine_C,62.5134315637332,2.4919189973904485
2025-01-19 01:30:00,Machine_C,62.880814401957785,2.663876816911669
2025-01-19 01:40:00,Machine_C,62.62776803763255,2.3644763075171373
2025-01-19 01:50:00,Machine_C,62.005952806697124,2.5982160899026767
2025-01-19 02:00:00,Machine_C,63.105414083082906,2.462891371189199
2025-01-19 02:10:00,Machine_C,62.91622024552069,2.4487504470800974
2025-01-19 02:20:00,Machine_C,61.63586008521519,2.6194534271942795
2025-01-19 02:30:00,Machine_C,64.11077814385095,2.2022174444706573
2025-01-19 02:40:00,Machine_C,63.437327024625105,2.520837045892325
2025-01-19 02:50:00,Machine_C,62.859346251929395,2.745895491199171
2025-01-19 03:00:00,Machine_C,63.791066498633135,2.548537169875549
2025-01-19 03:10:00,Machine_C,63.21614619684361,2.597246688855552
2025-01-19 03:20:00,Machine_C,63.911438980372864,2.586855840565372
2025-01-19 03:30:00,Machine_C,,2.9703286974721506
2025-01-19 03:40:00,Machine_C,64.31148278470562,2.7111626123627546
2025-01-19 03:50:00,Machine_C,63.72979880185885,2.428524858096886
2025-01-19 04:00:00,Machine_C,63.425241697713105,2.519128260868481
2025-01-19 04:10:00,Machine_C,63.81240906849989,2.7091240235661496
2025-01-19 04:20:00,Machine_C,65.17046730294581,
2025-01-19 04:30:00,Machine_C,64.61535187578365,2.8467927955510626
2025-01-19 04:40:00,Machine_C,65.25073179884177,
2025-01-19 04:50:00,Machine_C,64.72380801596904,2.5613251393390977
2025-01-19 05:00:00,Machine_C,64.34742284963562,2.8970716983492473
2025-01-19 05:10:00,Machine_C,65.72166007211676,2.6698008484116063
2025-01-19 05:20:00,Machine_C,64.74511356119707,2.800255919456749
2025-01-19 05:30:00,Machine_C,65.21681287719419,
2025-01-19 05:40:00,Machine_C,64.71582273651222,2.7584274688955643
2025-01-19 05:50:00,Machine_C,65.09917185148227,2.6211201329352707
2025-01-19 06:00:00,Machine_C,66.7165781857389,2.833743968885526
2025-01-19 06:10:00,Machine_C,66.9909588976558,2.9414194095596606
2025-01-19 06:20:00,Machine_C,67.17822569866622,3.0621446302597524
2025-01-19 06:30:00,Machine_C,67.33278233034268,2.7987001139054106
2025-01-19 06:40:00,Machine_C,66.32454320724493,2.8784031518823525
2025-01-19 06:50:00,Machine_C,67.28985302482803,3.0361376645659437
2025-01-19 07:00:00,Machine_C,67.74817666272176,3.114716741208129
2025-01-19 07:10:00,Machine_C,66.35439908632613,3.071838749159447
2025-01-19 07:20:00,Machine_C,67.35208833866572,3.0275325469627448
2025-01-19 07:30:00,Machine_C,,2.9390927638253848
2025-01-19 07:40:00,Machine_C,65.98208389268824,3.2498623880311692
2025-01-19 07:50:00,Machine_C,67.87663800535458,3.3262241783856004
2025-01-19 08:00:00,Machine_C,67.17834283292608,3.0197992056488094
2025-01-19 08:10:00,Machine_C,68.72152813341305,3.0563929747094005
2025-01-19 08:20:00,Machine_C,67.39763562989104,3.281169611379111
2025-01-19 08:30:00,Machine_C,68.39395416126911,3.204054024495734
2025-01-19 08:40:00,Machine_C,68.33950045772333,3.293996323591936
2025-01-19 08:50:00,Machine_C,66.9861785349358,3.252798523870347
2025-01-19 09:00:00,Machine_C,68.21860042362735,3.2865471883674884
2025-01-19 09:10:00,Machine_C,68.86629340822768,3.158477426631462
2025-01-19 09:20:00,Machine_C,69.49996150436073,2.885083347185914
2025-01-19 09:30:00,Machine_C,68.7915666030609,3.2918077945151647
2025-01-19 09:40:00,Machine_C,69.59190354875427,3.3928048310033527
2025-01-19 09:50:00,Machine_C,69.3817632834383,3.330975131862059
2025-01-19 10:00:00,Machine_C,69.48773908521845,3.155430141337734
2025-01-19 10:10:00,Machine_C,69.59696084571605,3.1949707489380463
2025-01-19 10:20:00,Machine_C,68.95241901687511,3.750115311693081
2025-01-19 10:30:00,Machine_C,68.44226257834391,3.379064570918051
2025-01-19 10:40:00,Machine_C,70.54472791893292,2.9002695376925614
2025-01-19 10:50:00,Machine_C,69.9526718243017,3.2258099378053187
2025-01-19 11:00:00,Machine_C,69.32595889080176,3.295598805098971
2025-01-19 11:10:00,Machine_C,69.9107637634401,3.116426721600783
2025-01-19 11:20:00,Machine_C,69.76473814336791,3.3197915821233814
2025-01-19 11:30:00,Machine_C,68.78674957738241,3.2574245945681057
2025-01-19 11:40:00,Machine_C,69.21642233903687,3.383540729990626
2025-01-19 11:50:00,Machine_C,70.55782122771002,3.2983084790335995
2025-01-19 12:00:00,Machine_C,69.49576101646379,3.223992624420317
2025-01-19 12:10:00,Machine_C,69.79685378618527,3.2885821309491727
2025-01-19 12:20:00,Machine_C,70.49437583465621,3.500758270971718
2025-01-19 12:30:00,Machine_C,69.46340408439202,3.357684572027941
2025-01-19 12:40:00,Machine_C,68.70174954607499,3.3044304702840215
2025-01-19 12:50:00,Machine_C,69.50768448756234,3.4025571505046357
2025-01-19 13:00:00,Machine_C,68.9340635853793,3.33438115510087
2025-01-19 13:10:00,Machine_C,68.22474834218097,3.129991144569956
2025-01-19 13:20:00,Machine_C,69.93136183969034,3.446439458085404
2025-01-19 13:30:00,Machine_C,69.02852124338999,3.203362402763289
2025-01-19 13:40:00,Machine_C,66.78386694883406,3.2461786641809582
2025-01-19 13:50:00,Machine_C,69.30735510040587,3.0267102292722217
2025-01-19 14:00:00,Machine_C,69.243753332951,3.4376622201716303
2025-01-19 14:10:00,Machine_C,,3.301965602695941
2025-01-19 14:20:00,Machine_C,68.86369982235098,3.319892277180613
2025-01-19 14:30:00,Machine_C,69.63082526710099,3.4034941207293525
2025-01-19 14:40:00,Machine_C,69.19840443061885,3.3927489994894984
2025-01-19 14:50:00,Machine_C,68.10893290061324,3.105000516079233
2025-01-19 15:00:00,Machine_C,68.75350827229656,3.220379871690527
2025-01-19 15:10:00,Machine_C,68.2330306752704,3.188562524120675
2025-01-19 15:20:00,Machine_C,67.69956058301621,3.1567454672643214
2025-01-19 15:30:00,Machine_C,67.71741093537953,3.029129783701457
2025-01-19 15:40:00,Machine_C,67.48568169096858,3.4146144204584683
2025-01-19 15:50:00,Machine_C,67.87279802265917,3.324334431553511
2025-01-19 16:00:00,Machine_C,67.74621874001427,3.204815609123648
2025-01-19 16:10:00,Machine_C,67.17628381814883,3.3520112647912117
2025-01-19 16:20:00,Machine_C,67.31261524384674,3.175576550577357
2025-01-19 16:30:00,Machine_C,65.83861961642513,3.017649456266307
2025-01-19 16:40:00,Machine_C,66.39030912289645,2.97804248851838
2025-01-19 16:50:00,Machine_C,66.81851515585136,3.1047478645371887
2025-01-19 17:00:00,Machine_C,68.24320794317033,2.768405182904168
2025-01-19 17:10:00,Machine_C,67.26412791981691,3.1534008223845316
2025-01-19 17:20:00,Machine_C,65.82592079651425,2.685016385595177
2025-01-19 17:30:00,Machine_C,67.74870344073209,3.1571641315557275
2025-01-19 17:40:00,Machine_C,66.30375963192144,3.0286263101726525
2025-01-19 17:50:00,Machine_C,65.24496252114926,3.270760959655338
2025-01-19 18:00:00,Machine_C,65.93686836602267,2.932414497448259
2025-01-19 18:10:00,Machine_C,66.63540247068757,2.9984434863304656
2025-01-19 18:20:00,Machine_C,64.78797956900405,2.986238334463982
2025-01-19 18:30:00,Machine_C,64.71424879172902,2.6818592515767894
2025-01-19 18:40:00,Machine_C,66.8372862532358,2.62973176480894
2025-01-19 18:50:00,Machine_C,65.47960323600988,2.6345220233172895
2025-01-19 19:00:00,Machine_C,64.71680603425067,2.7776398788916943
2025-01-19 19:10:00,Machine_C,64.86255915487256,2.7633758345458164
2025-01-19 19:20:00,Machine_C,65.03134802501587,2.752220792392021
2025-01-19 19:30:00,Machine_C,64.50584524084796,2.8167397568598282
2025-01-19 19:40:00,Machine_C,65.60070009983764,2.576112324795403
2025-01-19 19:50:00,Machine_C,64.46302403869907,2.8432313184579523
2025-01-19 20:00:00,Machine_C,64.78096679482742,2.7524950165029565
2025-01-19 20:10:00,Machine_C,64.18610383807504,2.942740012782142
2025-01-19 20:20:00,Machine_C,63.96260429757866,2.7194580665251737
2025-01-19 20:30:00,Machine_C,64.58369974820863,2.613556127510751
2025-01-19 20:40:00,Machine_C,64.48138027354055,2.9972922985011348
2025-01-19 20:50:00,Machine_C,62.32857726724214,2.5808712759125743
2025-01-19 21:00:00,Machine_C,63.50970341846415,2.6339129222336988
2025-01-19 21:10:00,Machine_C,65.05929672244751,2.646442565769802
2025-01-19 21:20:00,Machine_C,62.961915038885266,2.7228698596078242
2025-01-19 21:30:00,Machine_C,63.58651787383966,2.5583838603464057
2025-01-19 21:40:00,Machine_C,64.1307765271441,3.0294474069255832
2025-01-19 21:50:00,Machine_C,62.16161560167627,2.4172804282530604
2025-01-19 22:00:00,Machine_C,62.67028922656473,2.778412983553526
2025-01-19 22:10:00,Machine_C,61.63795374256492,2.2376187899450573
2025-01-19 22:20:00,Machine_C,62.91149009375125,2.3149435786588906
2025-01-19 22:30:00,Machine_C,63.07428803850518,2.2041321102936386
2025-01-19 22:40:00,Machine_C,63.22583847676937,2.310598305459272
2025-01-19 22:50:00,Machine_C,63.92101113825165,2.1763440732385004
2025-01-19 23:00:00,Machine_C,62.67006710876179,2.4848071963085396
2025-01-19 23:10:00,Machine_C,61.66086704546873,2.299946897952368
2025-01-19 23:20:00,Machine_C,79.84842245223754,7.729498188906968
2025-01-19 23:30:00,Machine_C,61.92012109210064,2.544330766201244
2025-01-19 23:40:00,Machine_C,62.67947145579995,2.463707550229166
2025-01-19 23:50:00,Machine_C,64.38331081341288,2.4982641468970144
2025-01-20 00:00:00,Machine_C,62.44236639811487,2.5662870861236167
2025-01-20 00:10:00,Machine_C,63.6025755079243,2.665117515245348
2025-01-20 00:20:00,Machine_C,62.42207665176048,2.3622089909434365
2025-01-20 00:30:00,Machine_C,,2.3311616592260016
2025-01-20 00:40:00,Machine_C,61.90006602202595,2.531496963135382
2025-01-20 00:50:00,Machine_C,61.99969681716926,2.743076888729016
2025-01-20 01:00:00,Machine_C,62.521461438749576,2.2201878192518016
2025-01-20 01:10:00,Machine_C,62.986430176237434,2.5426825821890695
2025-01-20 01:20:00,Machine_C,62.18424154810283,2.7095130555117937
2025-01-20 01:30:00,Machine_C,63.398913538217904,2.595069603787054
2025-01-20 01:40:00,Machine_C,63.66569424954134,2.551925924207896
2025-01-20 01:50:00,Machine_C,62.6847802701191,2.5981104141757223
2025-01-20 02:00:00,Machine_C,63.70342379875617,2.8348961250671616
2025-01-20 02:10:00,Machine_C,61.494342073247914,2.663566384294635
2025-01-20 02:20:00,Machine_C,61.24637728626714,2.2521802481156645
2025-01-20 02:30:00,Machine_C,63.88949440667897,2.527769932220989
2025-01-20 02:40:00,Machine_C,62.98131185683914,2.5710409757952215
2025-01-20 02:50:00,Machine_C,65.1824547554761,2.752880881737777
2025-01-20 03:00:00,Machine_C,63.4508428121598,2.5967912758117944
2025-01-20 03:10:00,Machine_C,62.835209567314294,2.5988690063033615
2025-01-20 03:20:00,Machine_C,65.09959595253102,2.618428680646634
2025-01-20 03:30:00,Machine_C,64.39396352739217,2.6692317731055306
2025-01-20 03:40:00,Machine_C,65.23150271221522,2.625078761386934
2025-01-20 03:50:00,Machine_C,63.65022781685847,2.582771254669127
2025-01-20 04:00:00,Machine_C,64.54156183716412,2.6484116286169948
2025-01-20 04:10:00,Machine_C,63.68340826762537,2.7471364977278268
2025-01-20 04:20:00,Machine_C,63.12413255487427,2.8215420969871237
2025-01-20 04:30:00,Machine_C,65.25455749816325,3.220352513339905
2025-01-20 04:40:00,Machine_C,64.43745676457439,2.5068318120334894
2025-01-20 04:50:00,Machine_C,64.15089008461538,2.8703747126462233
2025-01-20 05:00:00,Machine_C,63.98362545932512,3.0491709414948667
2025-01-20 05:10:00,Machine_C,65.38864598994539,2.6633739501067195
2025-01-20 05:20:00,Machine_C,65.44354386222217,2.9450991319236137
2025-01-20 05:30:00,Machine_C,65.15638571609568,2.7755845674813497
2025-01-20 05:40:00,Machine_C,65.15559952517938,2.7678263879905054
2025-01-20 05:50:00,Machine_C,66.46019673040163,
2025-01-20 06:00:00,Machine_C,64.01420105758204,2.883674770467894
2025-01-20 06:10:00,Machine_C,66.65744461580199,2.8965530587350896
2025-01-20 06:20:00,Machine_C,66.67721636469278,3.074813642368176
2025-01-20 06:30:00,Machine_C,65.4725351030804,2.69879073721898
2025-01-20 06:40:00,Machine_C,65.06031379262987,3.131144942287138
2025-01-20 06:50:00,Machine_C,85.22838589604669,8.146400106227365
2025-01-20 07:00:00,Machine_C,65.966812226411,3.0720788501611915
2025-01-20 07:10:00,Machine_C,68.31118280226207,3.447124205649798
2025-01-20 07:20:00,Machine_C,68.891524391687,3.2759255416536908
2025-01-20 07:30:00,Machine_C,67.6807976055699,2.9820471383543965
2025-01-20 07:40:00,Machine_C,67.39803281717928,2.876068213113562
2025-01-20 07:50:00,Machine_C,67.44089985204394,2.983978716675277
2025-01-20 08:00:00,Machine_C,66.38524780022512,3.020418733985683
2025-01-20 08:10:00,Machine_C,67.65196971251366,2.8127077460605427
2025-01-20 08:20:00,Machine_C,67.64057492346473,3.2470785172732812
2025-01-20 08:30:00,Machine_C,,2.9374476342201734
2025-01-20 08:40:00,Machine_C,68.56319056268188,3.2311979672456093
2025-01-20 08:50:00,Machine_C,68.46961325897038,3.3728305337433717
2025-01-20 09:00:00,Machine_C,69.10382448717854,3.4701039715013615
2025-01-20 09:10:00,Machine_C,68.22561885434217,3.186520566034262
2025-01-20 09:20:00,Machine_C,69.16325253722118,3.115789632963769
2025-01-20 09:30:00,Machine_C,68.78309833371857,3.4975630776382354
2025-01-20 09:40:00,Machine_C,69.34415226903309,3.5397752072566298
2025-01-20 09:50:00,Machine_C,68.88969762273565,3.4024010593924294
2025-01-20 10:00:00,Machine_C,70.45351913136177,3.165168873147237
2025-01-20 10:10:00,Machine_C,67.15120962717283,3.0620982933468306
2025-01-20 10:20:00,Machine_C,69.67257120001692,3.5087606600526913
2025-01-20 10:30:00,Machine_C,69.91874691405465,3.304652111494044
2025-01-20 10:40:00,Machine_C,68.2755169753918,3.5460225466089037
2025-01-20 10:50:00,Machine_C,70.79798162560718,3.209433409528474
2025-01-20 11:00:00,Machine_C,69.39861680292546,3.534232871721947
2025-01-20 11:10:00,Machine_C,69.31728291193416,3.5926825968212985
2025-01-20 11:20:00,Machine_C,69.74386553919724,3.299598112921062
2025-01-20 11:30:00,Machine_C,70.18006021112646,3.4016983776098106
2025-01-20 11:40:00,Machine_C,69.59245479743362,3.1392729814331375
2025-01-20 11:50:00,Machine_C,69.5772125681453,
2025-01-20 12:00:00,Machine_C,70.1702706267876,3.4071128962562525
2025-01-20 12:10:00,Machine_C,70.27174530687,3.2523433196106386
2025-01-20 12:20:00,Machine_C,69.75594207971555,3.3916151187088346
2025-01-20 12:30:00,Machine_C,68.23196853730462,3.375642433053681
2025-01-20 12:40:00,Machine_C,68.63199090000519,3.46061251977666
2025-01-20 12:50:00,Machine_C,70.28477022452698,3.434679200675883
2025-01-20 13:00:00,Machine_C,69.15829222870538,3.5003657872872043
2025-01-20 13:10:00,Machine_C,68.8591156014381,3.3700355081965214
2025-01-20 13:20:00,Machine_C,69.64089592614152,3.3781752385826116
2025-01-20 13:30:00,Machine_C,69.48634560206516,3.3153723845963063
2025-01-20 13:40:00,Machine_C,68.99756899042075,3.496790688280556
2025-01-20 13:50:00,Machine_C,69.69937919058427,3.630427552634295
2025-01-20 14:00:00,Machine_C,68.0166772091402,3.4246510991953794
2025-01-20 14:10:00,Machine_C,67.56592455291151,3.3690693663377607
2025-01-20 14:20:00,Machine_C,70.06909835569213,3.2294954853541245
2025-01-20 14:30:00,Machine_C,67.87849188631354,3.300743621206446
2025-01-20 14:40:00,Machine_C,67.50071812967988,3.1736212677586364
2025-01-20 14:50:00,Machine_C,68.31953835236938,3.1209167181788224
2025-01-20 15:00:00,Machine_C,68.45119254926539,
2025-01-20 15:10:00,Machine_C,67.98186562925494,3.5261474295622417
2025-01-20 15:20:00,Machine_C,68.06700503251776,3.173999055276268
2025-01-20 15:30:00,Machine_C,66.99356515302237,3.466156632500161
2025-01-20 15:40:00,Machine_C,68.57853426082447,2.9831264231390593
2025-01-20 15:50:00,Machine_C,66.65684928368775,
2025-01-20 16:00:00,Machine_C,67.76800587948081,3.2547259266021005
2025-01-20 16:10:00,Machine_C,67.80325374018729,3.2467759966531675
2025-01-20 16:20:00,Machine_C,67.9982829552648,2.8952388463783567
2025-01-20 16:30:00,Machine_C,67.52126865609809,2.8533684260280343
2025-01-20 16:40:00,Machine_C,66.32642919589647,3.1654055219448924
2025-01-20 16:50:00,Machine_C,66.72348565037711,2.9357300572631586
2025-01-20 17:00:00,Machine_C,66.34268426385066,3.1306699585843933
2025-01-20 17:10:00,Machine_C,65.49911910680218,3.25584129170667
2025-01-20 17:20:00,Machine_C,66.9562278081346,2.8600440800484335
2025-01-20 17:30:00,Machine_C,65.85151343962214,2.864740760229934
2025-01-20 17:40:00,Machine_C,66.42402726518833,2.5745074404680706
2025-01-20 17:50:00,Machine_C,66.06378092275668,3.0638271328479485
2025-01-20 18:00:00,Machine_C,65.09130767012522,3.283473304032751
2025-01-20 18:10:00,Machine_C,64.88517903780257,2.655937822829519
2025-01-20 18:20:00,Machine_C,65.42690028284105,3.084692782007087
2025-01-20 18:30:00,Machine_C,64.49235561261402,3.081644552224171
2025-01-20 18:40:00,Machine_C,66.18325212098296,2.9629753992678785
2025-01-20 18:50:00,Machine_C,66.31841885237588,2.693609037567471
2025-01-20 19:00:00,Machine_C,65.72055677617216,2.7397177474158587
2025-01-20 19:10:00,Machine_C,65.22678606235095,2.864113197728982
2025-01-20 19:20:00,Machine_C,64.85195193283107,2.840252263190854
2025-01-20 19:30:00,Machine_C,63.822314220918784,2.6827001296890316
2025-01-20 19:40:00,Machine_C,65.18288491135546,2.7926947219593976
2025-01-20 19:50:00,Machine_C,65.48055152049281,2.6272152208305566
2025-01-20 20:00:00,Machine_C,63.97845688906636,2.6547387710868855
2025-01-20 20:10:00,Machine_C,64.09038661908228,2.621702467015251
2025-01-20 20:20:00,Machine_C,63.34620799117953,2.8389587350793897
2025-01-20 20:30:00,Machine_C,63.60434528306319,2.3689254359702137
2025-01-20 20:40:00,Machine_C,62.744204484156555,2.7277270005456753
2025-01-20 20:50:00,Machine_C,63.40402859823029,2.6606509938771317
2025-01-20 21:00:00,Machine_C,63.87127906277706,2.1733491065340695
2025-01-20 21:10:00,Machine_C,63.679656861719614,
2025-01-20 21:20:00,Machine_C,63.519395311381615,2.7345215022476683
2025-01-20 21:30:00,Machine_C,61.27023244245038,2.4700516786275033
2025-01-20 21:40:00,Machine_C,63.17137463577493,2.6186401492196643
2025-01-20 21:50:00,Machine_C,63.53865194255386,2.568644559910847
2025-01-20 22:00:00,Machine_C,62.96189725984283,2.912030137243648
2025-01-20 22:10:00,Machine_C,63.80379095224243,2.5912809769075924
2025-01-20 22:20:00,Machine_C,62.74817146886903,2.51119909208519
2025-01-20 22:30:00,Machine_C,63.08414998872786,2.6813445531876536
2025-01-20 22:40:00,Machine_C,61.908907943848995,2.7665228854562454
2025-01-20 22:50:00,Machine_C,63.13096881226582,2.8437894031499384
2025-01-20 23:00:00,Machine_C,63.24867730465511,2.357771688228082
2025-01-20 23:10:00,Machine_C,62.012096301390464,2.5380268947406264
2025-01-20 23:20:00,Machine_C,61.40960510419722,2.345026990785704
2025-01-20 23:30:00,Machine_C,62.16928425632996,2.8716577217397505
2025-01-20 23:40:00,Machine_C,61.714790316087004,2.460227550463066
2025-01-20 23:50:00,Machine_C,62.982445899320865,2.6227016180627283
2025-01-21 00:00:00,Machine_C,62.108892612245775,2.4202359535759275
2025-01-21 00:10:00,Machine_C,63.07805800560508,2.540266842870431
2025-01-21 00:20:00,Machine_C,61.26227707264934,2.1266599459388593
2025-01-21 00:30:00,Machine_C,61.86731669093311,2.6410804873385607
2025-01-21 00:40:00,Machine_C,61.94211160994772,2.691310695142743
2025-01-21 00:50:00,Machine_C,62.80347034938722,2.3540030132395997
2025-01-21 01:00:00,Machine_C,60.958165983734645,2.1395549733492993
2025-01-21 01:10:00,Machine_C,62.44223802644734,2.737744438344961
2025-01-21 01:20:00,Machine_C,62.4195230247649,2.7212216493419596
2025-01-21 01:30:00,Machine_C,63.05567193105544,2.6266383979087014
2025-01-21 01:40:00,Machine_C,62.868248808741384,2.458837909877243
2025-01-21 01:50:00,Machine_C,62.131857405061986,2.450435190701216
2025-01-21 02:00:00,Machine_C,61.16191152049326,2.7504144511766757
2025-01-21 02:10:00,Machine_C,62.43159997542732,2.4627379987218316
2025-01-21 02:20:00,Machine_C,62.119537941169426,2.5597229889174344
2025-01-21 02:30:00,Machine_C,62.256502594049024,2.542041497520127
2025-01-21 02:40:00,Machine_C,62.73099115352644,2.6143104709298584
2025-01-21 02:50:00,Machine_C,64.07364590202728,2.548903194478114
2025-01-21 03:00:00,Machine_C,62.509766975656845,2.583546449194677
2025-01-21 03:10:00,Machine_C,62.151441061495944,2.918456629417961
2025-01-21 03:20:00,Machine_C,63.2866511310938,
2025-01-21 03:30:00,Machine_C,63.64660940783926,2.694937594824268
2025-01-21 03:40:00,Machine_C,63.71629141218561,
2025-01-21 03:50:00,Machine_C,63.591790177781796,2.4568277311889766
2025-01-21 04:00:00,Machine_C,64.05425553482509,
2025-01-21 04:10:00,Machine_C,64.5562857333955,2.746728530065535
2025-01-21 04:20:00,Machine_C,63.823220987902694,2.598750419743889
2025-01-21 04:30:00,Machine_C,65.46233674895578,2.710468325267049
2025-01-21 04:40:00,Machine_C,64.65648331604083,2.842059901832348
2025-01-21 04:50:00,Machine_C,65.73106229873794,2.7801975402174466
2025-01-21 05:00:00,Machine_C,65.3049620887464,2.979041068987895
2025-01-21 05:10:00,Machine_C,64.23425491464569,2.6673303166939903
2025-01-21 05:20:00,Machine_C,63.828264182516065,2.619346141903403
2025-01-21 05:30:00,Machine_C,66.3951492008553,2.7040981619325146
2025-01-21 05:40:00,Machine_C,64.96500401711738,2.787039483825398
2025-01-21 05:50:00,Machine_C,65.76960878051528,2.9045222013645633
2025-01-21 06:00:00,Machine_C,65.5178165209757,2.840338558521331
2025-01-21 06:10:00,Machine_C,67.22659378749542,2.7059425763753606
2025-01-21 06:20:00,Machine_C,66.24530533153357,
2025-01-21 06:30:00,Machine_C,65.35261629166693,2.72862701168297
2025-01-21 06:40:00,Machine_C,66.39671639543774,2.926238849194799
2025-01-21 06:50:00,Machine_C,67.6572710134181,2.8513996533510255
2025-01-21 07:00:00,Machine_C,66.20982496225164,2.947382687133831
2025-01-21 07:10:00,Machine_C,65.80311469282536,3.2742695347605006
2025-01-21 07:20:00,Machine_C,67.78122078579008,2.843368198966667
2025-01-21 07:30:00,Machine_C,66.55623996532833,3.1261357414027002
2025-01-21 07:40:00,Machine_C,66.11917821635366,2.8769146042232894
2025-01-21 07:50:00,Machine_C,66.85992870209678,2.8674993934483086
2025-01-21 08:00:00,Machine_C,67.92777529071876,3.1918325386372772
2025-01-21 08:10:00,Machine_C,68.19002208484065,3.263273363565342
2025-01-21 08:20:00,Machine_C,68.2826632142177,3.30013501349741
2025-01-21 08:30:00,Machine_C,67.26786191679868,3.373916120728195
2025-01-21 08:40:00,Machine_C,68.92723958862224,3.1573442986271387
2025-01-21 08:50:00,Machine_C,68.91146152749525,3.253509856226065
2025-01-21 09:00:00,Machine_C,68.82096625380056,3.1488345701989267
2025-01-21 09:10:00,Machine_C,67.69675386537811,3.464503994816326
2025-01-21 09:20:00,Machine_C,68.16029133294657,3.0806830071717197
2025-01-21 09:30:00,Machine_C,69.00199646392541,3.3471550889608186
2025-01-21 09:40:00,Machine_C,69.30393354810953,3.076878521002201
2025-01-21 09:50:00,Machine_C,68.11535976658085,3.29932451919854
2025-01-21 10:00:00,Machine_C,70.40511271575636,3.0005529775386437
2025-01-21 10:10:00,Machine_C,68.96888150405893,3.3399419073481753
2025-01-21 10:20:00,Machine_C,69.90582880753655,3.6631795312552806
2025-01-21 10:30:00,Machine_C,68.21503056716989,3.2151882131355243
2025-01-21 10:40:00,Machine_C,69.4292404984881,3.279240539607023
2025-01-21 10:50:00,Machine_C,,3.485179176608303
2025-01-21 11:00:00,Machine_C,69.47763308003627,3.342695537225163
2025-01-21 11:10:00,Machine_C,69.76297784958824,3.559314993852898
2025-01-21 11:20:00,Machine_C,69.83715360742903,3.414007200139345
2025-01-21 11:30:00,Machine_C,68.85587484375777,3.503744822571837
2025-01-21 11:40:00,Machine_C,,2.992298466119742
2025-01-21 11:50:00,Machine_C,69.73066819451073,3.366123651305173
2025-01-21 12:00:00,Machine_C,69.15713792864315,3.1505908262712667
2025-01-21 12:10:00,Machine_C,69.15338982121497,3.2784824634510112
2025-01-21 12:20:00,Machine_C,68.72498244960268,3.4260608370260255
2025-01-21 12:30:00,Machine_C,69.40307906665568,3.304814874806499
2025-01-21 12:40:00,Machine_C,69.41911338414175,3.202008945094636
2025-01-21 12:50:00,Machine_C,70.2370494918838,3.5650819060322485
2025-01-21 13:00:00,Machine_C,,3.515966221351384
2025-01-21 13:10:00,Machine_C,68.25578209576891,3.0822309122546683
2025-01-21 13:20:00,Machine_C,69.63286325011052,3.460105700688603
2025-01-21 13:30:00,Machine_C,67.44829938107156,3.346378808668226
2025-01-21 13:40:00,Machine_C,68.56980681543827,3.3502887899114557
2025-01-21 13:50:00,Machine_C,70.98020737216727,3.5791532102183004
2025-01-21 14:00:00,Machine_C,68.7849068871684,3.3175926012608508
2025-01-21 14:10:00,Machine_C,69.48739877830036,3.4080816835835477
2025-01-21 14:20:00,Machine_C,67.49764058514279,3.307145249979879
2025-01-21 14:30:00,Machine_C,69.31281116250396,3.296523707881566
2025-01-21 14:40:00,Machine_C,68.35533810596009,3.0781595785581866
2025-01-21 14:50:00,Machine_C,68.78793545591294,3.6734762787051136
2025-01-21 15:00:00,Machine_C,68.89631816716252,2.66459314952844
2025-01-21 15:10:00,Machine_C,67.92898982804688,3.0734129067304674
2025-01-21 15:20:00,Machine_C,,3.1012788728798446
2025-01-21 15:30:00,Machine_C,67.21010831155944,3.3374569453993854
2025-01-21 15:40:00,Machine_C,68.02660048935932,2.9041342320066406
2025-01-21 15:50:00,Machine_C,68.27257123186796,3.1101785811510494
2025-01-21 16:00:00,Machine_C,67.2944483289704,3.2666398424799783
2025-01-21 16:10:00,Machine_C,66.82192070553248,2.8885698136167983
2025-01-21 16:20:00,Machine_C,67.09019981814242,3.065525513866975
2025-01-21 16:30:00,Machine_C,68.18754054633727,3.041956985018838
2025-01-21 16:40:00,Machine_C,67.9225415163358,2.946272256800163
2025-01-21 16:50:00,Machine_C,67.6371141622155,3.041931752917031
2025-01-21 17:00:00,Machine_C,68.11213173290183,2.939873157565076
2025-01-21 17:10:00,Machine_C,66.76257664274732,3.171570576219004
2025-01-21 17:20:00,Machine_C,66.74848362340117,3.0734292029751167
2025-01-21 17:30:00,Machine_C,64.8624693160636,2.9255546137564385
2025-01-21 17:40:00,Machine_C,65.57703017237591,
2025-01-21 17:50:00,Machine_C,66.56184596194537,2.8495963265013287
2025-01-21 18:00:00,Machine_C,66.69457727082624,3.1406180617378947
2025-01-21 18:10:00,Machine_C,64.81312700834641,2.9617710154853856
2025-01-21 18:20:00,Machine_C,65.62048347739488,2.8355863830856105
2025-01-21 18:30:00,Machine_C,67.27068982427727,2.920204747108214
2025-01-21 18:40:00,Machine_C,65.32205817299902,3.161838681127576
2025-01-21 18:50:00,Machine_C,66.39832976115801,2.679218720020655
2025-01-21 19:00:00,Machine_C,65.3719640355583,2.9427513306153337
2025-01-21 19:10:00,Machine_C,65.39662460901852,2.839244781777479
2025-01-21 19:20:00,Machine_C,64.07534580718738,
2025-01-21 19:30:00,Machine_C,63.37344660326102,2.596459852075297
2025-01-21 19:40:00,Machine_C,65.09876248929817,2.8644727012979647
2025-01-21 19:50:00,Machine_C,64.62956351481742,2.744554422626562
2025-01-21 20:00:00,Machine_C,64.29845464563736,2.9348841285991303
2025-01-21 20:10:00,Machine_C,63.05776668626574,2.868449690253154
2025-01-21 20:20:00,Machine_C,63.70707212129254,2.6959712947487087
2025-01-21 20:30:00,Machine_C,,2.496095343181742
2025-01-21 20:40:00,Machine_C,63.335242917860946,2.980520856521603
2025-01-21 20:50:00,Machine_C,63.81821589341868,2.4845116807880268
2025-01-21 21:00:00,Machine_C,64.09010965025415,2.7313013753326207
2025-01-21 21:10:00,Machine_C,63.648389989667855,2.2493110401293634
2025-01-21 21:20:00,Machine_C,63.47441342179059,2.8379990784057134
2025-01-21 21:30:00,Machine_C,63.31407823186269,2.1768904446144894
2025-01-21 21:40:00,Machine_C,62.99314934089365,2.474945034394309
2025-01-21 21:50:00,Machine_C,62.38359714547366,2.3292857473293855
2025-01-21 22:00:00,Machine_C,63.0063879446705,2.7614804381763562
2025-01-21 22:10:00,Machine_C,63.49328295097399,2.367254130320071
2025-01-21 22:20:00,Machine_C,62.7356852342273,2.5873452013824454
2025-01-21 22:30:00,Machine_C,62.03013092171717,2.532307053891995
2025-01-21 22:40:00,Machine_C,61.754560282461455,2.217030873942016
2025-01-21 22:50:00,Machine_C,61.8989647684445,2.6560423159576865
2025-01-21 23:00:00,Machine_C,61.7042727763911,2.462456625689631
2025-01-21 23:10:00,Machine_C,64.89593345495142,2.7320427181985405
2025-01-21 23:20:00,Machine_C,61.850989785383824,2.5672655995732643
2025-01-21 23:30:00,Machine_C,62.4991985365824,2.317044248855104
2025-01-21 23:40:00,Machine_C,62.44390270921208,2.4155085574383617
2025-01-21 23:50:00,Machine_C,63.63398309118628,2.4090925600403086
2025-01-22 00:00:00,Machine_C,62.843499260325004,2.590039324187913
2025-01-22 00:10:00,Machine_C,62.842926832901085,2.584563843731826
2025-01-22 00:20:00,Machine_C,62.65282708910484,
2025-01-22 00:30:00,Machine_C,62.750017587591486,2.624339644764322
2025-01-22 00:40:00,Machine_C,62.81097698939439,2.5300234154734937
2025-01-22 00:50:00,Machine_C,62.081037864421546,2.5811573243469765
2025-01-22 01:00:00,Machine_C,,2.5585426080144957
2025-01-22 01:10:00,Machine_C,62.70890431492124,2.6200508936600535
2025-01-22 01:20:00,Machine_C,62.28153744731353,2.3092321954924864
2025-01-22 01:30:00,Machine_C,62.91391496725778,2.518469658580695
2025-01-22 01:40:00,Machine_C,61.96451036368705,2.6734968578635665
2025-01-22 01:50:00,Machine_C,61.71645567762104,2.701674898378971
2025-01-22 02:00:00,Machine_C,61.94545223084891,2.710840578344161
2025-01-22 02:10:00,Machine_C,62.989027338601616,2.361007659280429
2025-01-22 02:20:00,Machine_C,61.84051289838249,2.905466098980553
2025-01-22 02:30:00,Machine_C,64.7829911108618,2.8607062370522405
2025-01-22 02:40:00,Machine_C,64.88063022491984,2.3994871084927407
2025-01-22 02:50:00,Machine_C,64.12792393507821,2.51440096864779
2025-01-22 03:00:00,Machine_C,63.229598967974226,2.7051286950788485
2025-01-22 03:10:00,Machine_C,63.24855309579304,2.466125099021792
2025-01-22 03:20:00,Machine_C,63.987472031664126,2.7154556479696104
2025-01-22 03:30:00,Machine_C,64.3466314115749,2.6641677859764425
2025-01-22 03:40:00,Machine_C,,2.873855068090292
2025-01-22 03:50:00,Machine_C,63.071072655496145,2.735564484044738
2025-01-22 04:00:00,Machine_C,64.09807303434292,2.309503746185988
2025-01-22 04:10:00,Machine_C,64.81049245766079,2.8474895915964034
2025-01-22 04:20:00,Machine_C,62.63160537191241,2.9311550164588347
2025-01-22 04:30:00,Machine_C,63.77635909511309,2.7164381457252986
2025-01-22 04:40:00,Machine_C,65.22362510920533,2.7727090851036826
2025-01-22 04:50:00,Machine_C,64.69781792724964,2.7918777408365236
2025-01-22 05:00:00,Machine_C,64.84523458695726,2.6781738615941415
2025-01-22 05:10:00,Machine_C,66.12921464728267,3.247112244769869
2025-01-22 05:20:00,Machine_C,65.34918268296148,2.68102582341263
2025-01-22 05:30:00,Machine_C,65.16439492198116,3.0082938580245955
2025-01-22 05:40:00,Machine_C,65.44809605500738,3.02698245528147
2025-01-22 05:50:00,Machine_C,65.62681567468049,2.7979563887129584
2025-01-22 06:00:00,Machine_C,65.33236789703686,2.7314496977085754
2025-01-22 06:10:00,Machine_C,65.97464333347324,2.9004633470246772
2025-01-22 06:20:00,Machine_C,65.39312332864985,3.064733171370559
2025-01-22 06:30:00,Machine_C,66.19018319493638,3.0139576429550297
2025-01-22 06:40:00,Machine_C,66.19489718125156,3.3049951882134803
2025-01-22 06:50:00,Machine_C,66.94262155802325,2.8916215994015833
2025-01-22 07:00:00,Machine_C,68.1174860536868,2.915059704559405
2025-01-22 07:10:00,Machine_C,67.26012401873292,3.194020272397459
2025-01-22 07:20:00,Machine_C,67.27958904421699,2.7536130207431895
2025-01-22 07:30:00,Machine_C,67.52646065556237,2.970846097828105
2025-01-22 07:40:00,Machine_C,66.78891171939435,3.066668740360459
2025-01-22 07:50:00,Machine_C,68.17768521333046,3.1052223023971814
2025-01-22 08:00:00,Machine_C,68.0751213136293,3.033615363580581
2025-01-22 08:10:00,Machine_C,67.84455856239452,2.813435274075622
2025-01-22 08:20:00,Machine_C,68.29150009018366,3.4127528796021354
2025-01-22 08:30:00,Machine_C,68.3927818326929,3.419092322417935
2025-01-22 08:40:00,Machine_C,68.51332603216127,2.8896423709421986
2025-01-22 08:50:00,Machine_C,69.15997863528202,3.32530565047923
2025-01-22 09:00:00,Machine_C,67.8683742655897,
2025-01-22 09:10:00,Machine_C,69.6294408618419,3.3324782850130967
2025-01-22 09:20:00,Machine_C,67.39902893436941,3.295227877936765
2025-01-22 09:30:00,Machine_C,69.30624837383296,2.99470272291563
2025-01-22 09:40:00,Machine_C,69.00124040978841,3.4129838082788186
2025-01-22 09:50:00,Machine_C,68.18154173919953,3.1801711208174726
2025-01-22 10:00:00,Machine_C,69.85437135519197,2.822364556101781
2025-01-22 10:10:00,Machine_C,67.65372648798805,3.3350113416036766
2025-01-22 10:20:00,Machine_C,70.47225545085867,3.0264644219246235
2025-01-22 10:30:00,Machine_C,71.03902988580967,3.5218049408160503
2025-01-22 10:40:00,Machine_C,69.1583640466811,3.2704788796623645
2025-01-22 10:50:00,Machine_C,68.51583464277871,3.343379056040664
2025-01-22 11:00:00,Machine_C,68.91855068462438,3.428209341302809
2025-01-22 11:10:00,Machine_C,70.19712764181634,3.358221672293403
2025-01-22 11:20:00,Machine_C,69.18892725637603,3.236778145179817
2025-01-22 11:30:00,Machine_C,67.12166435766218,3.549474683535484
2025-01-22 11:40:00,Machine_C,69.79342333823482,3.3287477822486182
2025-01-22 11:50:00,Machine_C,70.21173982430723,3.147217406882075
2025-01-22 12:00:00,Machine_C,69.91144953460126,3.4138605925876737
2025-01-22 12:10:00,Machine_C,70.03532659596114,3.335079923301824
2025-01-22 12:20:00,Machine_C,70.77029980029855,3.344156041773885
2025-01-22 12:30:00,Machine_C,69.30088857479033,3.3687852884238225
2025-01-22 12:40:00,Machine_C,70.82148760765999,3.353239580072652
2025-01-22 12:50:00,Machine_C,69.2935383927555,3.6016805981063165
2025-01-22 13:00:00,Machine_C,70.28206164244276,3.19047814693658
2025-01-22 13:10:00,Machine_C,69.2240810394913,2.9546261119742114
2025-01-22 13:20:00,Machine_C,70.91956883335843,3.3229675170672253
2025-01-22 13:30:00,Machine_C,69.75191243445636,3.465478133275008
2025-01-22 13:40:00,Machine_C,69.09513952824884,3.0262840464496352
2025-01-22 13:50:00,Machine_C,68.14487174378259,3.3647704437610138
2025-01-22 14:00:00,Machine_C,69.19605949470323,3.036517694377231
2025-01-22 14:10:00,Machine_C,68.29644828041445,3.4314029439321247
2025-01-22 14:20:00,Machine_C,69.2198321107756,3.2705604062212528
2025-01-22 14:30:00,Machine_C,69.30391098943163,3.0986340405159356
2025-01-22 14:40:00,Machine_C,69.51344427585366,2.9560844123626713
2025-01-22 14:50:00,Machine_C,69.01063599924537,3.624368945752898
2025-01-22 15:00:00,Machine_C,68.53892010416178,3.633142038755335
2025-01-22 15:10:00,Machine_C,69.42422158120925,3.009783919520725
2025-01-22 15:20:00,Machine_C,69.40213082542391,2.9907838727171225
2025-01-22 15:30:00,Machine_C,,3.1881776279927645
2025-01-22 15:40:00,Machine_C,69.41717977333583,3.0887000572682335
2025-01-22 15:50:00,Machine_C,68.8637855563931,3.0830897951276772
2025-01-22 16:00:00,Machine_C,67.06750879721825,3.1760720065658545
2025-01-22 16:10:00,Machine_C,66.11281280685716,3.452980629603413
2025-01-22 16:20:00,Machine_C,68.44274184401658,
2025-01-22 16:30:00,Machine_C,67.50438852337976,3.0145615061766002
2025-01-22 16:40:00,Machine_C,66.83279527344396,3.1838895616009637
2025-01-22 16:50:00,Machine_C,67.30361145556843,2.7028494532869725
2025-01-22 17:00:00,Machine_C,67.85488927484434,3.040930549931637
2025-01-22 17:10:00,Machine_C,65.13227678933445,2.954801023377391
2025-01-22 17:20:00,Machine_C,66.70871514763714,3.151563521491934
2025-01-22 17:30:00,Machine_C,66.50276485438563,
2025-01-22 17:40:00,Machine_C,67.50220994711486,
2025-01-22 17:50:00,Machine_C,66.81549407747748,3.00247289906496
2025-01-22 18:00:00,Machine_C,66.65538251816261,2.821962076446173
2025-01-22 18:10:00,Machine_C,65.49224659262377,3.054547347858642
2025-01-22 18:20:00,Machine_C,66.23061764478726,2.943604576509655
2025-01-22 18:30:00,Machine_C,,2.8120588338069945
2025-01-22 18:40:00,Machine_C,65.3052390877466,2.8396319643948695
2025-01-22 18:50:00,Machine_C,65.70157137487197,2.9545383457988836
2025-01-22 19:00:00,Machine_C,,2.9524961700404737
2025-01-22 19:10:00,Machine_C,65.20051950255201,2.703079204628016
2025-01-22 19:20:00,Machine_C,65.85336500795258,2.5852217940069497
2025-01-22 19:30:00,Machine_C,64.36863512128366,2.645775778453406
2025-01-22 19:40:00,Machine_C,63.69075632746124,2.637078742069737
2025-01-22 19:50:00,Machine_C,63.65847020334368,2.7143985309439485
2025-01-22 20:00:00,Machine_C,63.35041882403726,2.890535661101885
2025-01-22 20:10:00,Machine_C,65.40539741154237,2.5735193191067087
2025-01-22 20:20:00,Machine_C,64.51587507659791,2.7117340638204337
2025-01-22 20:30:00,Machine_C,64.72576185731579,2.5928964569198767
2025-01-22 20:40:00,Machine_C,64.46326979446904,2.6141859257696707
2025-01-22 20:50:00,Machine_C,63.47671188423756,2.650517551617238
2025-01-22 21:00:00,Machine_C,64.82903656072146,2.798088341947745
2025-01-22 21:10:00,Machine_C,62.86680796488104,2.6127475036803687
2025-01-22 21:20:00,Machine_C,64.92874160684848,2.0905975705551088
2025-01-22 21:30:00,Machine_C,63.32223311027349,2.5071497504193108
2025-01-22 21:40:00,Machine_C,64.56391957798836,2.813820188108865
2025-01-22 21:50:00,Machine_C,62.20884678982428,2.7260487898638104
2025-01-22 22:00:00,Machine_C,62.623759903567624,2.6526017193034512
2025-01-22 22:10:00,Machine_C,61.61314867166506,2.7131259035776467
2025-01-22 22:20:00,Machine_C,63.66172101181044,2.640485608120139
2025-01-22 22:30:00,Machine_C,62.96899690865302,2.6930450895366107
2025-01-22 22:40:00,Machine_C,64.3243657660181,2.2759877913907864
2025-01-22 22:50:00,Machine_C,62.274803958890594,2.460052726150868
2025-01-22 23:00:00,Machine_C,63.688926150033694,2.491893132958812
2025-01-22 23:10:00,Machine_C,62.646896058686536,2.47039521076817
2025-01-22 23:20:00,Machine_C,62.47814151374659,2.35296439990841
2025-01-22 23:30:00,Machine_C,62.298436477378004,2.4801874850338494
2025-01-22 23:40:00,Machine_C,61.83720075448409,2.1456705028501
2025-01-22 23:50:00,Machine_C,62.80272955937011,2.5319982005402655
2025-01-23 00:00:00,Machine_C,62.66911338907135,2.3287183379676053
2025-01-23 00:10:00,Machine_C,61.245185009045215,2.0587409717441654
2025-01-23 00:20:00,Machine_C,60.504348421890676,2.4546849079825743
2025-01-23 00:30:00,Machine_C,62.2795457194741,2.7325104669117195
2025-01-23 00:40:00,Machine_C,63.48276907852247,2.114680252206698
2025-01-23 00:50:00,Machine_C,62.760620868414584,2.416918927835092
2025-01-23 01:00:00,Machine_C,61.57708656258082,2.1733534331784976
2025-01-23 01:10:00,Machine_C,61.242913925389544,2.517097132973101
2025-01-23 01:20:00,Machine_C,63.634912889596144,2.6339257422531626
2025-01-23 01:30:00,Machine_C,61.44398786420736,2.3385909053604936
2025-01-23 01:40:00,Machine_C,,2.4159111754956166
2025-01-23 01:50:00,Machine_C,63.350695650610724,2.4740822789570522
2025-01-23 02:00:00,Machine_C,64.27663990615146,2.7333821113083485
2025-01-23 02:10:00,Machine_C,62.54481053563253,2.2688029791588633
2025-01-23 02:20:00,Machine_C,63.88441210949356,2.4496839510494937
2025-01-23 02:30:00,Machine_C,64.34316081195595,2.825718750596715
2025-01-23 02:40:00,Machine_C,62.249143505802586,2.4243561541156464
2025-01-23 02:50:00,Machine_C,63.52597889346896,2.4972149223538027
2025-01-23 03:00:00,Machine_C,63.4928169540228,2.614225366447603
2025-01-23 03:10:00,Machine_C,62.78441092018484,
2025-01-23 03:20:00,Machine_C,63.96169120780126,2.409618376786277
2025-01-23 03:30:00,Machine_C,62.93414191193452,2.762022044438311
2025-01-23 03:40:00,Machine_C,64.29821261785999,2.4280878868895543
2025-01-23 03:50:00,Machine_C,65.85845889696046,2.476856289454672
2025-01-23 04:00:00,Machine_C,64.0866132111481,2.582580711272048
2025-01-23 04:10:00,Machine_C,64.30796680992451,2.775884858240234
2025-01-23 04:20:00,Machine_C,65.65404272194812,2.610868335408152
2025-01-23 04:30:00,Machine_C,65.66819832706298,2.751717140296176
2025-01-23 04:40:00,Machine_C,64.30881321125787,2.6169415575224697
2025-01-23 04:50:00,Machine_C,65.49810215573541,2.779350265974561
2025-01-23 05:00:00,Machine_C,62.73202964813298,2.5499451430094937
2025-01-23 05:10:00,Machine_C,64.43916669480669,2.573491146382627
2025-01-23 05:20:00,Machine_C,66.24813642190352,2.7294219650811375
2025-01-23 05:30:00,Machine_C,,2.951258212467996
2025-01-23 05:40:00,Machine_C,65.53468939910078,2.895663260407245
2025-01-23 05:50:00,Machine_C,65.10787579461275,2.7409841225659477
2025-01-23 06:00:00,Machine_C,65.13221901016676,2.6963174973274904
2025-01-23 06:10:00,Machine_C,64.15572383819759,3.1057146026298823
2025-01-23 06:20:00,Machine_C,66.01452472046834,3.1846038707199082
2025-01-23 06:30:00,Machine_C,66.8293299479929,3.0501271756459998
2025-01-23 06:40:00,Machine_C,66.80524886395835,3.0421393309175944
2025-01-23 06:50:00,Machine_C,66.09192578907107,2.6125940323788606
2025-01-23 07:00:00,Machine_C,65.76267326784861,3.123323673883748
2025-01-23 07:10:00,Machine_C,66.75336896543034,3.321232272058955
2025-01-23 07:20:00,Machine_C,66.13389581647968,3.246907410694519
2025-01-23 07:30:00,Machine_C,66.7253354949689,3.255457745894928
2025-01-23 07:40:00,Machine_C,67.58244850843028,2.7922199481120504
2025-01-23 07:50:00,Machine_C,66.91891505905858,2.98101067824574
2025-01-23 08:00:00,Machine_C,68.77905189527853,3.098928891884578
2025-01-23 08:10:00,Machine_C,67.0438955743471,3.0136887495886384
2025-01-23 08:20:00,Machine_C,67.52369289840324,2.9493318901213383
2025-01-23 08:30:00,Machine_C,68.81044979802822,3.2493835001321707
2025-01-23 08:40:00,Machine_C,68.80209616641675,3.368667894655441
2025-01-23 08:50:00,Machine_C,68.77786176409033,
2025-01-23 09:00:00,Machine_C,67.96443519867837,3.405023267871248
2025-01-23 09:10:00,Machine_C,69.04777333600279,3.271960350586719
2025-01-23 09:20:00,Machine_C,69.31480719085732,3.536865992486673
2025-01-23 09:30:00,Machine_C,69.13008955692814,3.4000785496136663
2025-01-23 09:40:00,Machine_C,68.84114166708477,3.2919993054512973
2025-01-23 09:50:00,Machine_C,69.41354518669496,3.304317747297795
2025-01-23 10:00:00,Machine_C,68.97046899797198,3.290094880758695
2025-01-23 10:10:00,Machine_C,69.4276804514861,3.6264988974943413
2025-01-23 10:20:00,Machine_C,69.23176843305362,3.4180083030356747
2025-01-23 10:30:00,Machine_C,68.02502736310723,3.2495084937380967
2025-01-23 10:40:00,Machine_C,68.82194364608355,3.425331902475771
2025-01-23 10:50:00,Machine_C,71.00237794476956,3.4130683415226595
2025-01-23 11:00:00,Machine_C,67.83081665145599,3.2585593188834197
2025-01-23 11:10:00,Machine_C,70.65882538005124,3.1917065436493743
2025-01-23 11:20:00,Machine_C,69.9472505305031,3.55591522641477
2025-01-23 11:30:00,Machine_C,69.49743567056055,3.2989187836015934
2025-01-23 11:40:00,Machine_C,68.1423512740158,3.2909488861122806
2025-01-23 11:50:00,Machine_C,69.4957491320646,3.4542990779362155
2025-01-23 12:00:00,Machine_C,68.90294148722363,3.2568002523866975
2025-01-23 12:10:00,Machine_C,70.44785159287069,3.3907269247102554
2025-01-23 12:20:00,Machine_C,68.95332225360632,3.2798439165127675
2025-01-23 12:30:00,Machine_C,69.2493948564852,2.8818797160163205
2025-01-23 12:40:00,Machine_C,69.64377132261339,3.412706545272425
2025-01-23 12:50:00,Machine_C,68.90141337641123,3.3864613314147283
2025-01-23 13:00:00,Machine_C,70.14761264696713,3.3983552901734098
2025-01-23 13:10:00,Machine_C,69.1012972303436,2.9555738987894515
2025-01-23 13:20:00,Machine_C,67.78425313196634,3.079740004495658
2025-01-23 13:30:00,Machine_C,69.35419169514245,3.524999650602873
2025-01-23 13:40:00,Machine_C,69.81797656968132,3.32114084033432
2025-01-23 13:50:00,Machine_C,70.25496262566014,2.9583243587320975
2025-01-23 14:00:00,Machine_C,69.47322408686375,3.3049376436348576
2025-01-23 14:10:00,Machine_C,,2.9969626659837423
2025-01-23 14:20:00,Machine_C,69.25959645913957,3.1654254362484644
2025-01-23 14:30:00,Machine_C,68.00920326790957,3.302653332284352
2025-01-23 14:40:00,Machine_C,68.05616811455226,3.2906241618935543
2025-01-23 14:50:00,Machine_C,66.7414592400926,
2025-01-23 15:00:00,Machine_C,68.30138998088007,3.3019470287918335
2025-01-23 15:10:00,Machine_C,68.88682163959909,3.299105187925828
2025-01-23 15:20:00,Machine_C,66.98750281067127,3.120589732012538
2025-01-23 15:30:00,Machine_C,69.16584410113529,3.020870804079386
2025-01-23 15:40:00,Machine_C,67.92528352743876,3.166915398093494
2025-01-23 15:50:00,Machine_C,67.16344426841209,3.325401484190003
2025-01-23 16:00:00,Machine_C,66.48365223103528,3.2736917000694086
2025-01-23 16:10:00,Machine_C,68.94496332715022,
2025-01-23 16:20:00,Machine_C,68.42484154693247,3.0794427652321796
2025-01-23 16:30:00,Machine_C,67.0166658036222,2.9097788769585837
2025-01-23 16:40:00,Machine_C,67.94027772451798,3.261000248098349
2025-01-23 16:50:00,Machine_C,66.8848248601106,3.326039131311271
2025-01-23 17:00:00,Machine_C,66.42232060893237,3.0955476898840835
2025-01-23 17:10:00,Machine_C,66.23494246982604,2.7029742709385696
2025-01-23 17:20:00,Machine_C,66.42205513925177,3.099353522210897
2025-01-23 17:30:00,Machine_C,66.13799749544917,3.2565518818188384
2025-01-23 17:40:00,Machine_C,66.3542181699543,2.7378910029424106
2025-01-23 17:50:00,Machine_C,67.43934474036156,3.071881178226819
2025-01-23 18:00:00,Machine_C,67.82266951996606,2.866158471427818
2025-01-23 18:10:00,Machine_C,64.88528163539922,3.104263416321992
2025-01-23 18:20:00,Machine_C,66.06252394023952,2.6523809901966313
2025-01-23 18:30:00,Machine_C,65.71086239436445,2.7632031176655674
2025-01-23 18:40:00,Machine_C,65.81660537052782,2.5396323861292465
2025-01-23 18:50:00,Machine_C,64.88231701303128,2.8637188483460627
2025-01-23 19:00:00,Machine_C,65.52941946495467,2.8830898348189233
2025-01-23 19:10:00,Machine_C,63.84378389443411,2.826596606554256
2025-01-23 19:20:00,Machine_C,67.50872379934829,2.6532611989623036
2025-01-23 19:30:00,Machine_C,64.8930953222913,2.6486979696768356
2025-01-23 19:40:00,Machine_C,65.10485970887252,2.6509252421461484
2025-01-23 19:50:00,Machine_C,63.4892749379577,2.851569749951131
2025-01-23 20:00:00,Machine_C,63.69388146397835,2.4135251941432294
2025-01-23 20:10:00,Machine_C,62.944585597595015,2.596914596204351
2025-01-23 20:20:00,Machine_C,65.15751070390174,2.376871838153215
2025-01-23 20:30:00,Machine_C,62.98157659699029,
2025-01-23 20:40:00,Machine_C,63.599167802094414,2.60818536439582
2025-01-23 20:50:00,Machine_C,63.519881604482485,2.9740673701840468
2025-01-23 21:00:00,Machine_C,63.90368848830529,2.461613811130756
2025-01-23 21:10:00,Machine_C,62.385593045674796,2.7530978430268664
2025-01-23 21:20:00,Machine_C,64.00653480058745,2.2474182125797997
2025-01-23 21:30:00,Machine_C,64.21924819923218,2.5501538181642354
2025-01-23 21:40:00,Machine_C,,2.538154178061922
2025-01-23 21:50:00,Machine_C,63.01885679954787,2.654616894199302
2025-01-23 22:00:00,Machine_C,63.47014730169858,2.4119713177212763
2025-01-23 22:10:00,Machine_C,63.099920327905984,2.359562476240086
2025-01-23 22:20:00,Machine_C,62.02814715960377,2.1177428749283376
2025-01-23 22:30:00,Machine_C,63.32743277624125,2.543842794099575
2025-01-23 22:40:00,Machine_C,63.92123123372367,2.361567671480215
2025-01-23 22:50:00,Machine_C,63.86963201182552,2.6554056597927245
2025-01-23 23:00:00,Machine_C,63.07947955467808,2.5574525564415924
2025-01-23 23:10:00,Machine_C,63.19574230160388,2.6740561507675062
2025-01-23 23:20:00,Machine_C,62.24182239956445,2.299600560164998
2025-01-23 23:30:00,Machine_C,61.796152652526,2.490663608314547
2025-01-23 23:40:00,Machine_C,62.45835250331524,2.485904326284171
2025-01-23 23:50:00,Machine_C,64.3148801428202,2.361127782635107
2025-01-24 00:00:00,Machine_C,62.07520252035311,2.6714660906648406
2025-01-24 00:10:00,Machine_C,62.850861744810814,2.5910688925544516
2025-01-24 00:20:00,Machine_C,62.81552862083981,2.8172454904353335
2025-01-24 00:30:00,Machine_C,62.230487049788294,2.5788876159632457
2025-01-24 00:40:00,Machine_C,63.74007345938954,2.7932358692656174
2025-01-24 00:50:00,Machine_C,63.854012306126194,2.792971457125186
2025-01-24 01:00:00,Machine_C,64.75290539265262,2.3768547185957782
2025-01-24 01:10:00,Machine_C,62.02326614644444,2.206309238877888
2025-01-24 01:20:00,Machine_C,63.036753610927725,2.780723838512056
2025-01-24 01:30:00,Machine_C,62.83726872587192,2.609142362679037
2025-01-24 01:40:00,Machine_C,62.278791873656296,2.5859909485450006
2025-01-24 01:50:00,Machine_C,62.362512256459915,2.420088491254857
2025-01-24 02:00:00,Machine_C,63.102371543925905,2.5817758149691805
2025-01-24 02:10:00,Machine_C,62.67458839886776,2.703543870089435
2025-01-24 02:20:00,Machine_C,62.3492432028134,2.649927122108148
2025-01-24 02:30:00,Machine_C,63.32213018546802,2.4325027805992407
2025-01-24 02:40:00,Machine_C,62.43382434779926,2.8329028122017363
2025-01-24 02:50:00,Machine_C,63.046444858536034,
2025-01-24 03:00:00,Machine_C,63.81453515205646,2.704054880349249
2025-01-24 03:10:00,Machine_C,63.52735859367854,2.7472884541488782
2025-01-24 03:20:00,Machine_C,63.54430690394569,2.9944568354680987
2025-01-24 03:30:00,Machine_C,65.31642022384773,
2025-01-24 03:40:00,Machine_C,65.11458083543329,2.6324820936366295
2025-01-24 03:50:00,Machine_C,,3.002683442805126
2025-01-24 04:00:00,Machine_C,63.43854625521663,2.874438795311942
2025-01-24 04:10:00,Machine_C,65.03248734148193,2.7473085521006295
2025-01-24 04:20:00,Machine_C,66.54177964322345,2.7535763680975323
2025-01-24 04:30:00,Machine_C,65.75260188140234,2.374983458542323
2025-01-24 04:40:00,Machine_C,63.76283278852814,2.7303463943584005
2025-01-24 04:50:00,Machine_C,64.78941691058421,2.5122438338312163
2025-01-24 05:00:00,Machine_C,64.50774666753368,2.3029889637043235
2025-01-24 05:10:00,Machine_C,64.50160372906426,2.6953303318638073
2025-01-24 05:20:00,Machine_C,66.30026688038576,2.573196491769344
2025-01-24 05:30:00,Machine_C,66.43433098453455,2.777345450645249
2025-01-24 05:40:00,Machine_C,67.1153084281256,2.9162307804532412
2025-01-24 05:50:00,Machine_C,66.39001136832645,2.9720190490761165
2025-01-24 06:00:00,Machine_C,65.9641766211561,2.8803280907895275
2025-01-24 06:10:00,Machine_C,66.30298129557157,2.687646344906519
2025-01-24 06:20:00,Machine_C,65.5805799024594,
2025-01-24 06:30:00,Machine_C,67.55292126212058,2.766903252296989
2025-01-24 06:40:00,Machine_C,66.01480459412372,3.230747358945038
2025-01-24 06:50:00,Machine_C,66.43065207767616,2.970824711023441
2025-01-24 07:00:00,Machine_C,66.66291178097377,2.811416032682098
2025-01-24 07:10:00,Machine_C,64.59567914128279,2.8461343797214136
2025-01-24 07:20:00,Machine_C,67.89112022298382,3.055158905252221
2025-01-24 07:30:00,Machine_C,66.58120275058356,3.082675404523233
2025-01-24 07:40:00,Machine_C,68.0307560734855,3.05534314347988
2025-01-24 07:50:00,Machine_C,67.25727212892951,3.2866697758757017
2025-01-24 08:00:00,Machine_C,67.38406497238718,2.9519025243034367
2025-01-24 08:10:00,Machine_C,66.99209165707484,3.3224325343000642
2025-01-24 08:20:00,Machine_C,69.11826847215274,3.1411977363667924
2025-01-24 08:30:00,Machine_C,69.41965360787093,3.329202433348832
2025-01-24 08:40:00,Machine_C,69.0496676040247,3.0766508443849307
2025-01-24 08:50:00,Machine_C,68.57665492729582,3.34407678518896
2025-01-24 09:00:00,Machine_C,68.58344845790728,3.0729397244684167
2025-01-24 09:10:00,Machine_C,69.44974484633372,3.528297046285263
2025-01-24 09:20:00,Machine_C,,3.2303230316855807
2025-01-24 09:30:00,Machine_C,69.83086057168094,3.1794631232879222
2025-01-24 09:40:00,Machine_C,68.09692845263282,3.0573492543556386
2025-01-24 09:50:00,Machine_C,69.73713592642291,3.309873266087712
2025-01-24 10:00:00,Machine_C,70.05916317224352,3.26295786610593
2025-01-24 10:10:00,Machine_C,68.22604741835511,3.0584854114829776
2025-01-24 10:20:00,Machine_C,68.50085402590338,3.175297621517147
2025-01-24 10:30:00,Machine_C,69.19800149995714,2.963991959502909
2025-01-24 10:40:00,Machine_C,69.62742206663214,3.1195180402258753
2025-01-24 10:50:00,Machine_C,68.84393334285626,3.3070413348028738
2025-01-24 11:00:00,Machine_C,69.45449792528193,3.3983149337171876
2025-01-24 11:10:00,Machine_C,67.76406432011186,3.281052203757928
2025-01-24 11:20:00,Machine_C,70.05882101202546,3.4280453917612506
2025-01-24 11:30:00,Machine_C,70.1196850683241,3.1735968045150886
2025-01-24 11:40:00,Machine_C,70.7034811626326,3.4281644707731638
2025-01-24 11:50:00,Machine_C,,3.335673336506117
2025-01-24 12:00:00,Machine_C,69.20394507820818,3.3129184473929953
2025-01-24 12:10:00,Machine_C,68.68520646462274,3.348930686254939
2025-01-24 12:20:00,Machine_C,68.83617025792627,3.240421506137039
2025-01-24 12:30:00,Machine_C,69.39900049526764,
2025-01-24 12:40:00,Machine_C,68.76935715250454,3.155032383655326
2025-01-24 12:50:00,Machine_C,68.80229862192517,3.0852029947314694
2025-01-24 13:00:00,Machine_C,69.35052153646414,
2025-01-24 13:10:00,Machine_C,68.04872561203861,3.452060164873419
2025-01-24 13:20:00,Machine_C,68.49631347439151,3.589916466712719
2025-01-24 13:30:00,Machine_C,69.40832595983565,3.232733979964106
2025-01-24 13:40:00,Machine_C,69.38527714845053,3.2788983521753243
2025-01-24 13:50:00,Machine_C,69.79644434188124,3.638023484049172
2025-01-24 14:00:00,Machine_C,69.15504776190701,3.2172207236568804
2025-01-24 14:10:00,Machine_C,68.97660991688382,3.166719596387246
2025-01-24 14:20:00,Machine_C,69.37665700349446,3.2451460184485925
2025-01-24 14:30:00,Machine_C,68.92897812291402,3.1806001975536264
2025-01-24 14:40:00,Machine_C,67.90347098607646,3.1225802350336087
2025-01-24 14:50:00,Machine_C,67.94082652044445,2.978378188938658
2025-01-24 15:00:00,Machine_C,69.81613498771424,3.5048707526284977
2025-01-24 15:10:00,Machine_C,70.93815259608697,3.3031439663888196
2025-01-24 15:20:00,Machine_C,68.83863707857566,3.480215672040364
2025-01-24 15:30:00,Machine_C,67.32393388948438,3.3457881921608763
2025-01-24 15:40:00,Machine_C,69.52668979498195,3.160917559547357
2025-01-24 15:50:00,Machine_C,67.53636036094248,2.8411625322641156
2025-01-24 16:00:00,Machine_C,68.08992610602752,2.9613589726379947
2025-01-24 16:10:00,Machine_C,67.59979846062178,3.045027985006089
2025-01-24 16:20:00,Machine_C,67.62794880928821,2.916678124873673
2025-01-24 16:30:00,Machine_C,66.98716610657364,2.744675732507569
2025-01-24 16:40:00,Machine_C,68.23537806480569,2.8935459117014024
2025-01-24 16:50:00,Machine_C,66.90491055958249,3.0003849225694097
2025-01-24 17:00:00,Machine_C,67.39602483147809,3.3026541023675
2025-01-24 17:10:00,Machine_C,67.23039963711945,2.876236281896728
2025-01-24 17:20:00,Machine_C,66.51942500524564,3.096107041779593
2025-01-24 17:30:00,Machine_C,65.25307105434906,2.782919033679595
2025-01-24 17:40:00,Machine_C,65.64311292834815,2.8988267996914376
2025-01-24 17:50:00,Machine_C,66.72224780811062,2.91344099616207
2025-01-24 18:00:00,Machine_C,66.2459332233458,3.1880268077211342
2025-01-24 18:10:00,Machine_C,65.19530713290598,2.3997213173267298
2025-01-24 18:20:00,Machine_C,65.72991745453903,2.7147304465589697
2025-01-24 18:30:00,Machine_C,65.71088173989278,2.8857076251531004
2025-01-24 18:40:00,Machine_C,65.85844125776951,2.8971020976496757
2025-01-24 18:50:00,Machine_C,66.69867441604016,2.5907275754202246
2025-01-24 19:00:00,Machine_C,63.26783425004549,2.776597549249127
2025-01-24 19:10:00,Machine_C,65.9160871737695,2.7669959426710853
2025-01-24 19:20:00,Machine_C,64.97667934418455,3.0109754756727503
2025-01-24 19:30:00,Machine_C,63.83639362097669,2.765313071500087
2025-01-24 19:40:00,Machine_C,64.65274485735044,2.6842974273790934
2025-01-24 19:50:00,Machine_C,65.5410102438836,2.565542790791398
2025-01-24 20:00:00,Machine_C,65.64655641943334,2.7843724497512676
2025-01-24 20:10:00,Machine_C,63.3025235662793,2.612345067851965
2025-01-24 20:20:00,Machine_C,63.31360161882692,2.5399008166345824
2025-01-24 20:30:00,Machine_C,62.83493778776079,2.449636855502123
2025-01-24 20:40:00,Machine_C,63.936659495565586,2.5573077258323296
2025-01-24 20:50:00,Machine_C,63.861317235959675,2.721714823533218
2025-01-24 21:00:00,Machine_C,64.31512181105658,2.4894496536269437
2025-01-24 21:10:00,Machine_C,63.77258001692813,2.574424828313741
2025-01-24 21:20:00,Machine_C,64.0336418596624,2.4550327301250756
2025-01-24 21:30:00,Machine_C,62.11370601191233,2.5736648491298726
2025-01-24 21:40:00,Machine_C,64.53518055392746,
2025-01-24 21:50:00,Machine_C,64.08591607571007,2.3787806338003725
2025-01-24 22:00:00,Machine_C,62.54555295949731,2.6600210597288507
2025-01-24 22:10:00,Machine_C,62.2656843801639,2.238747378732623
2025-01-24 22:20:00,Machine_C,63.424904475204706,2.6965032193368046
2025-01-24 22:30:00,Machine_C,61.51712413762339,2.543503400179236
2025-01-24 22:40:00,Machine_C,62.1229097825649,2.582956775238064
2025-01-24 22:50:00,Machine_C,61.83978247162729,2.173713393250559
2025-01-24 23:00:00,Machine_C,62.54179581041632,2.4561493890608372
2025-01-24 23:10:00,Machine_C,62.22778665465649,2.7367368004243593
2025-01-24 23:20:00,Machine_C,61.92484036211036,2.4306783198789277
2025-01-24 23:30:00,Machine_C,61.823009084712574,
2025-01-24 23:40:00,Machine_C,62.00207691483055,2.245764151212916
2025-01-24 23:50:00,Machine_C,61.55125254039385,2.191394844343484
2025-01-25 00:00:00,Machine_C,62.93413846111288,2.4914692255241793
2025-01-25 00:10:00,Machine_C,63.40425765617908,2.328373504219429
2025-01-25 00:20:00,Machine_C,62.83454841900631,2.352032779999018
2025-01-25 00:30:00,Machine_C,63.63618817128134,2.4652241611616867
2025-01-25 00:40:00,Machine_C,61.88072432920857,2.5803826277048074
2025-01-25 00:50:00,Machine_C,61.9840354781619,2.55529565689953
2025-01-25 01:00:00,Machine_C,62.97307442587595,2.4832714493669905
2025-01-25 01:10:00,Machine_C,63.11977896573503,2.630510030247943
2025-01-25 01:20:00,Machine_C,62.723309423485965,2.665043035954186
2025-01-25 01:30:00,Machine_C,62.746565938413596,2.4605648860520986
2025-01-25 01:40:00,Machine_C,61.97501282366705,2.7924571726638474
2025-01-25 01:50:00,Machine_C,60.76704368756161,2.30514070110705
2025-01-25 02:00:00,Machine_C,63.41498101129421,2.2343462082593195
2025-01-25 02:10:00,Machine_C,63.83358895796161,2.769485169454628
2025-01-25 02:20:00,Machine_C,62.78405833005908,2.4053693094664657
2025-01-25 02:30:00,Machine_C,62.78156724370981,2.0619440382115664
2025-01-25 02:40:00,Machine_C,62.791822295161786,2.4966187190174987
2025-01-25 02:50:00,Machine_C,63.119381271448304,2.789385212971532
2025-01-25 03:00:00,Machine_C,64.3301179112538,2.5264570190686224
2025-01-25 03:10:00,Machine_C,62.887641309151746,2.2764444938752213
2025-01-25 03:20:00,Machine_C,64.26661898605632,2.5586162958391196
2025-01-25 03:30:00,Machine_C,63.47115359124177,2.59263334563377
2025-01-25 03:40:00,Machine_C,62.39726538975915,2.5813963902396106
2025-01-25 03:50:00,Machine_C,63.84482217146525,2.5287751177033453
2025-01-25 04:00:00,Machine_C,65.5615391533637,2.5540948355994413
2025-01-25 04:10:00,Machine_C,63.83557974798339,2.823205153790783
2025-01-25 04:20:00,Machine_C,64.33106538201474,2.605443573948793
2025-01-25 04:30:00,Machine_C,64.66707566499927,2.7568469219315084
2025-01-25 04:40:00,Machine_C,64.9608171664873,2.774503048698153
2025-01-25 04:50:00,Machine_C,66.18140584802933,2.6537535802486567
2025-01-25 05:00:00,Machine_C,64.45978341113725,2.6481006646767553
2025-01-25 05:10:00,Machine_C,65.25096373766667,2.815193361674404
2025-01-25 05:20:00,Machine_C,65.99914911864082,2.5244449590303444
2025-01-25 05:30:00,Machine_C,64.97186731389856,3.2001592347589978
2025-01-25 05:40:00,Machine_C,65.7534285283543,2.7576924765221285
2025-01-25 05:50:00,Machine_C,66.63302644449887,2.810058141255988
2025-01-25 06:00:00,Machine_C,65.58417818539715,3.032583728683274
2025-01-25 06:10:00,Machine_C,66.01408798116809,2.889064149323769
2025-01-25 06:20:00,Machine_C,65.38378175737883,2.8640581936139067
2025-01-25 06:30:00,Machine_C,67.21437645175843,2.7180186787963114
2025-01-25 06:40:00,Machine_C,66.73461119565994,2.996484787146222
2025-01-25 06:50:00,Machine_C,66.41721536114393,2.8989671141991207
2025-01-25 07:00:00,Machine_C,66.65920248189826,3.3911090638589867
2025-01-25 07:10:00,Machine_C,67.04525279380626,2.99836137996644
2025-01-25 07:20:00,Machine_C,67.46442004747897,2.645860635714804
2025-01-25 07:30:00,Machine_C,66.81721192277573,3.243238421512613
2025-01-25 07:40:00,Machine_C,,2.910173408082477
2025-01-25 07:50:00,Machine_C,67.40545738424049,3.1269139568763946
2025-01-25 08:00:00,Machine_C,67.87081590905944,3.3778784145220637
2025-01-25 08:10:00,Machine_C,69.16529594019688,3.0862001310659104
2025-01-25 08:20:00,Machine_C,67.36532763266317,3.12125988523869
2025-01-25 08:30:00,Machine_C,66.80828348636952,3.342180728777496
2025-01-25 08:40:00,Machine_C,69.36969433551964,3.4458577278288645
2025-01-25 08:50:00,Machine_C,67.6622352597666,3.1792974658877986
2025-01-25 09:00:00,Machine_C,69.64890983629628,3.5822675313330326
2025-01-25 09:10:00,Machine_C,69.57533605526328,2.9188328895743534
2025-01-25 09:20:00,Machine_C,69.11659604278111,3.082242587252985
2025-01-25 09:30:00,Machine_C,69.74913082580899,3.1710487788329837
2025-01-25 09:40:00,Machine_C,67.40177327789809,3.4587887052855173
2025-01-25 09:50:00,Machine_C,67.86996840054576,3.321009938304455
2025-01-25 10:00:00,Machine_C,69.25837954952569,3.1682054756198563
2025-01-25 10:10:00,Machine_C,,3.09648366211807
2025-01-25 10:20:00,Machine_C,68.54403666143526,3.0389996449150534
2025-01-25 10:30:00,Machine_C,69.87995457652187,3.408660970727566
2025-01-25 10:40:00,Machine_C,69.49492818227827,3.252768661139762
2025-01-25 10:50:00,Machine_C,70.17746093931946,3.5117586914843097
2025-01-25 11:00:00,Machine_C,69.08322034379547,3.076628541830849
2025-01-25 11:10:00,Machine_C,69.40389396673498,3.4162264988319966
2025-01-25 11:20:00,Machine_C,70.67853486976773,3.3355227865569486
2025-01-25 11:30:00,Machine_C,68.44334343324167,3.235711031870243
2025-01-25 11:40:00,Machine_C,69.41773931789427,3.250910667791386
2025-01-25 11:50:00,Machine_C,68.79714432508493,3.3681001978514544
2025-01-25 12:00:00,Machine_C,70.85639000410826,3.3443270791454953
2025-01-25 12:10:00,Machine_C,71.42127219446623,3.189076622084386
2025-01-25 12:20:00,Machine_C,69.65457681700533,3.4410967665940713
2025-01-25 12:30:00,Machine_C,69.86417539042809,3.563061476118362
2025-01-25 12:40:00,Machine_C,69.36385680034894,3.299260833549633
2025-01-25 12:50:00,Machine_C,69.30316197360247,3.444034080936939
2025-01-25 13:00:00,Machine_C,69.44758326020695,
2025-01-25 13:10:00,Machine_C,68.25884548414469,3.763018201178693
2025-01-25 13:20:00,Machine_C,69.81715973089416,3.325360559561582
2025-01-25 13:30:00,Machine_C,68.44528448851905,3.4420028950594137
2025-01-25 13:40:00,Machine_C,68.88899709977886,3.517946059551845
2025-01-25 13:50:00,Machine_C,69.13108274909209,3.183802312980453
2025-01-25 14:00:00,Machine_C,68.4213696272401,3.4167906682130047
2025-01-25 14:10:00,Machine_C,69.43008389895509,3.4347528175977073
2025-01-25 14:20:00,Machine_C,68.48669258718107,3.34599408357186
2025-01-25 14:30:00,Machine_C,69.62918771816437,3.3943859544072543
2025-01-25 14:40:00,Machine_C,67.98418806026794,3.128057711589313
2025-01-25 14:50:00,Machine_C,68.4469619533557,3.61828750628239
2025-01-25 15:00:00,Machine_C,67.61737054148942,2.7864805999744653
2025-01-25 15:10:00,Machine_C,69.15054846807243,3.05259805642531
2025-01-25 15:20:00,Machine_C,68.00102445840989,2.9484664396672216
2025-01-25 15:30:00,Machine_C,67.68496580338663,3.484064515005274
2025-01-25 15:40:00,Machine_C,67.85555406806319,3.1345362394257603
2025-01-25 15:50:00,Machine_C,67.79293388043976,2.9717444025652338
2025-01-25 16:00:00,Machine_C,68.0742517089636,3.0159931003230818
2025-01-25 16:10:00,Machine_C,68.04741628397933,2.833306038769922
2025-01-25 16:20:00,Machine_C,67.35789664588101,3.2031123105378705
2025-01-25 16:30:00,Machine_C,67.30810878432402,3.2032510887304757
2025-01-25 16:40:00,Machine_C,64.7115296862805,3.1085472434861923
2025-01-25 16:50:00,Machine_C,66.69086415981853,2.9064490878760187
2025-01-25 17:00:00,Machine_C,68.05041491107423,3.2911673482074653
2025-01-25 17:10:00,Machine_C,67.1164948089582,3.1381332207235215
2025-01-25 17:20:00,Machine_C,65.74926028049575,2.6641050279288288
2025-01-25 17:30:00,Machine_C,66.14682744644334,2.923851912817088
2025-01-25 17:40:00,Machine_C,65.8276851189455,2.7309896346463534
2025-01-25 17:50:00,Machine_C,67.00875493017057,3.1845720172102734
2025-01-25 18:00:00,Machine_C,,2.8192868865256333
2025-01-25 18:10:00,Machine_C,65.2225260593605,2.6321066206171397
2025-01-25 18:20:00,Machine_C,65.70285575049522,2.8344678344780965
2025-01-25 18:30:00,Machine_C,64.63613684200917,3.1274297585675757
2025-01-25 18:40:00,Machine_C,64.8909391309074,2.977464222799037
2025-01-25 18:50:00,Machine_C,64.7706569673784,2.708762923585621
2025-01-25 19:00:00,Machine_C,64.53232353589506,2.752208197686001
2025-01-25 19:10:00,Machine_C,65.24049333232463,2.9437744019983922
2025-01-25 19:20:00,Machine_C,65.88224507775826,
2025-01-25 19:30:00,Machine_C,64.61238936929983,2.448659277537949
2025-01-25 19:40:00,Machine_C,63.67687956905106,2.7374694824484958
2025-01-25 19:50:00,Machine_C,64.55036525040147,2.6283369578031217
2025-01-25 20:00:00,Machine_C,64.41757911827442,2.587236914316073
2025-01-25 20:10:00,Machine_C,63.96845310477543,2.8997800831855547
2025-01-25 20:20:00,Machine_C,65.47977431648428,2.397994113157763
2025-01-25 20:30:00,Machine_C,64.06463661517834,2.770961100002491
2025-01-25 20:40:00,Machine_C,64.20930084361075,2.199969061220692
2025-01-25 20:50:00,Machine_C,61.841666353127074,2.4654606032791517
2025-01-25 21:00:00,Machine_C,62.75481317814772,2.587877156088501
2025-01-25 21:10:00,Machine_C,63.83065657317595,2.3322088745593197
2025-01-25 21:20:00,Machine_C,63.545896797428924,2.9519623512152338
2025-01-25 21:30:00,Machine_C,62.920468168491574,2.413882311507857
2025-01-25 21:40:00,Machine_C,63.49581990820223,2.387797909579428
2025-01-25 21:50:00,Machine_C,63.78997009344461,2.395631025177969
2025-01-25 22:00:00,Machine_C,62.590649950079836,2.61534553971007
2025-01-25 22:10:00,Machine_C,62.397061031161805,2.664175523634531
2025-01-25 22:20:00,Machine_C,62.623135605711205,2.413282538006212
2025-01-25 22:30:00,Machine_C,63.164931388434226,2.541251238571701
2025-01-25 22:40:00,Machine_C,62.25299963812301,2.5481457751865033
2025-01-25 22:50:00,Machine_C,63.34432534608011,2.211396031893189
2025-01-25 23:00:00,Machine_C,62.23364952908375,2.443896052301648
2025-01-25 23:10:00,Machine_C,62.13531320222449,2.347166848880992
2025-01-25 23:20:00,Machine_C,64.43033234994904,
2025-01-25 23:30:00,Machine_C,61.54227568970117,2.492232877907441
2025-01-25 23:40:00,Machine_C,63.138692987572824,2.6343819437921074
2025-01-25 23:50:00,Machine_C,61.05817948827508,2.458325477911097
2025-01-26 00:00:00,Machine_C,63.02654215880729,1.9870980365585984
2025-01-26 00:10:00,Machine_C,64.65676696351508,2.3681812435727214
2025-01-26 00:20:00,Machine_C,63.35895236563574,2.2908678753723346
2025-01-26 00:30:00,Machine_C,63.60039817662891,2.7742035561770417
2025-01-26 00:40:00,Machine_C,62.476306955290326,2.3957901166769466
2025-01-26 00:50:00,Machine_C,63.336778726019844,
2025-01-26 01:00:00,Machine_C,62.81818594619793,2.457086814446012
2025-01-26 01:10:00,Machine_C,64.28276155442046,2.5852165912645595
2025-01-26 01:20:00,Machine_C,61.82576757721104,2.4949450611330435
2025-01-26 01:30:00,Machine_C,63.716409086179105,2.339776630398417
2025-01-26 01:40:00,Machine_C,63.170084933578586,2.409603054748734
2025-01-26 01:50:00,Machine_C,62.165216906886094,2.6386436432743894
2025-01-26 02:00:00,Machine_C,62.74934329444162,2.5284957962982713
2025-01-26 02:10:00,Machine_C,61.76736954675817,2.8849927687967973
2025-01-26 02:20:00,Machine_C,60.521102660972375,2.549032995035172
2025-01-26 02:30:00,Machine_C,62.263620025534735,2.267949209203177
2025-01-26 02:40:00,Machine_C,63.0084103548039,2.5193360919349974
2025-01-26 02:50:00,Machine_C,63.48447929809698,2.466829195967198
2025-01-26 03:00:00,Machine_C,62.47729965330426,2.3023724489381587
2025-01-26 03:10:00,Machine_C,63.3821518826882,2.619478448941608
2025-01-26 03:20:00,Machine_C,63.93937375177453,
2025-01-26 03:30:00,Machine_C,63.40821047926744,2.6529558126610313
2025-01-26 03:40:00,Machine_C,63.12779642272646,2.971309330935558
2025-01-26 03:50:00,Machine_C,63.534374392219405,2.6349407469462602
2025-01-26 04:00:00,Machine_C,65.31926611016063,2.859416528889386
2025-01-26 04:10:00,Machine_C,63.00251480692101,2.6577241406911845
2025-01-26 04:20:00,Machine_C,65.44431810059145,2.784602606670592
2025-01-26 04:30:00,Machine_C,65.75289016639958,2.749353279653036
2025-01-26 04:40:00,Machine_C,64.5179323956533,2.7942278008309946
2025-01-26 04:50:00,Machine_C,65.3156448103484,2.740999728647503
2025-01-26 05:00:00,Machine_C,64.46940122446273,3.044596594831896
2025-01-26 05:10:00,Machine_C,65.45663231907885,2.9163462893812993
2025-01-26 05:20:00,Machine_C,67.17338444803589,2.8426780121087734
2025-01-26 05:30:00,Machine_C,66.56007882041926,3.004804824736387
2025-01-26 05:40:00,Machine_C,65.29213715054324,2.883921002974729
2025-01-26 05:50:00,Machine_C,64.79195446852451,3.081375411133481
2025-01-26 06:00:00,Machine_C,65.76506148582384,2.6876480177281747
2025-01-26 06:10:00,Machine_C,66.3713032107227,3.3033180021793944
2025-01-26 06:20:00,Machine_C,66.88233464059134,2.970235448766717
2025-01-26 06:30:00,Machine_C,66.36946936491957,2.753316500616679
2025-01-26 06:40:00,Machine_C,68.03659767711368,3.1129701677571706
2025-01-26 06:50:00,Machine_C,66.78361628609244,3.23025055965796
2025-01-26 07:00:00,Machine_C,66.5255697369947,2.831988917946258
2025-01-26 07:10:00,Machine_C,67.47210363793026,2.9503931381560013
2025-01-26 07:20:00,Machine_C,67.75711442448316,3.2365990770826683
2025-01-26 07:30:00,Machine_C,66.72912156125741,3.1738280023620917
2025-01-26 07:40:00,Machine_C,66.72827505411439,3.0109606286940522
2025-01-26 07:50:00,Machine_C,66.30255586795887,3.0629349745744334
2025-01-26 08:00:00,Machine_C,67.5188435987074,2.8999183731846405
2025-01-26 08:10:00,Machine_C,68.85395521990274,
2025-01-26 08:20:00,Machine_C,68.54041099733669,2.85698838635416
2025-01-26 08:30:00,Machine_C,69.02975819808405,3.111236883514155
2025-01-26 08:40:00,Machine_C,67.72626051232339,
2025-01-26 08:50:00,Machine_C,68.23385771221456,3.1560521525809344
2025-01-26 09:00:00,Machine_C,66.95028396959944,3.4191792789098505
2025-01-26 09:10:00,Machine_C,69.38676536218865,3.1155124711250446
2025-01-26 09:20:00,Machine_C,69.7553487959353,2.9763395729942412
2025-01-26 09:30:00,Machine_C,,3.4648809413146844
2025-01-26 09:40:00,Machine_C,,3.334718582401056
2025-01-26 09:50:00,Machine_C,68.76427867538246,3.500463515328731
2025-01-26 10:00:00,Machine_C,68.1644679951742,3.229117916962195
2025-01-26 10:10:00,Machine_C,68.85178523544712,3.585440381944611
2025-01-26 10:20:00,Machine_C,69.67481577482351,3.114034970587709
2025-01-26 10:30:00,Machine_C,69.1904928908419,3.2640396082446372
2025-01-26 10:40:00,Machine_C,68.82649563277101,3.396241817697641
2025-01-26 10:50:00,Machine_C,69.81186911018297,3.2447198920995715
2025-01-26 11:00:00,Machine_C,69.92831935934755,3.3756245095797857
2025-01-26 11:10:00,Machine_C,69.27789937484096,3.5639211405991547
2025-01-26 11:20:00,Machine_C,69.16142054419532,3.4109684860366585
2025-01-26 11:30:00,Machine_C,69.03356494188901,3.3140463464801275
2025-01-26 11:40:00,Machine_C,69.86953629598207,3.569021856350067
2025-01-26 11:50:00,Machine_C,68.21328341957496,3.4418133021157296
2025-01-26 12:00:00,Machine_C,68.88989151489879,3.3485621622294595
2025-01-26 12:10:00,Machine_C,69.36703640828667,3.3351958373784742
2025-01-26 12:20:00,Machine_C,68.85609765370248,3.2821084846667334
2025-01-26 12:30:00,Machine_C,69.67323794189326,3.497906297296524
2025-01-26 12:40:00,Machine_C,69.57752644339192,3.501677671769963
2025-01-26 12:50:00,Machine_C,71.40156847120959,3.5670903905731084
2025-01-26 13:00:00,Machine_C,68.77173299910575,3.4121085551680066
2025-01-26 13:10:00,Machine_C,69.32909418553419,3.2312006121032844
2025-01-26 13:20:00,Machine_C,68.52337493699302,3.3823974605548437
2025-01-26 13:30:00,Machine_C,70.78542035568398,3.2145299342695197
2025-01-26 13:40:00,Machine_C,70.53305337106293,3.3370126970919065
2025-01-26 13:50:00,Machine_C,67.85020206450523,3.5529197699558934
2025-01-26 14:00:00,Machine_C,68.89951196986983,3.502337105760482
2025-01-26 14:10:00,Machine_C,68.98069635882126,3.442484616192737
2025-01-26 14:20:00,Machine_C,68.59488239203068,3.2645414864927087
2025-01-26 14:30:00,Machine_C,68.38963333045344,3.418277734148463
2025-01-26 14:40:00,Machine_C,69.29787746208646,3.129385903257083
2025-01-26 14:50:00,Machine_C,,2.9686553521779224
2025-01-26 15:00:00,Machine_C,69.12051784199217,3.267137968402019
2025-01-26 15:10:00,Machine_C,69.05588465937178,3.1364469313289605
2025-01-26 15:20:00,Machine_C,67.96589011521843,3.5104071781154174
2025-01-26 15:30:00,Machine_C,68.9445358351077,3.467767720980115
2025-01-26 15:40:00,Machine_C,68.81875575998468,3.0340952800528123
2025-01-26 15:50:00,Machine_C,67.50083785373916,3.266826655156027
2025-01-26 16:00:00,Machine_C,67.5635289263856,2.769579365073679
2025-01-26 16:10:00,Machine_C,66.35594206375728,3.1688673187004115
2025-01-26 16:20:00,Machine_C,66.39709895965804,3.1466725220226563
2025-01-26 16:30:00,Machine_C,66.99240563942875,2.893466740864953
2025-01-26 16:40:00,Machine_C,66.34125098414322,3.083627444083305
2025-01-26 16:50:00,Machine_C,67.69600028666687,2.8682213800489866
2025-01-26 17:00:00,Machine_C,66.77869035695939,3.169811625066697
2025-01-26 17:10:00,Machine_C,67.18359904926126,3.030920622974203
2025-01-26 17:20:00,Machine_C,65.63114467609371,3.2468376436038833
2025-01-26 17:30:00,Machine_C,67.4958516585819,2.683180198595056
2025-01-26 17:40:00,Machine_C,66.69669899445545,2.7829661712019074
2025-01-26 17:50:00,Machine_C,66.47623934608613,2.832327869393211
2025-01-26 18:00:00,Machine_C,66.75748861841122,2.988289908380723
2025-01-26 18:10:00,Machine_C,66.10234816913983,2.9291426690861853
2025-01-26 18:20:00,Machine_C,64.88422909296425,2.9373082839265265
2025-01-26 18:30:00,Machine_C,66.04467258281726,2.724416671665211
2025-01-26 18:40:00,Machine_C,64.76229955184667,2.479325910096618
2025-01-26 18:50:00,Machine_C,65.41117327117436,2.6658148085667768
2025-01-26 19:00:00,Machine_C,64.47587273984348,3.037006638714222
2025-01-26 19:10:00,Machine_C,,2.6530123471142963
2025-01-26 19:20:00,Machine_C,65.3386534609518,2.7779859881297204
2025-01-26 19:30:00,Machine_C,65.46656200371366,2.7387616734350293
2025-01-26 19:40:00,Machine_C,63.913447048418305,2.7428813189797503
2025-01-26 19:50:00,Machine_C,64.62300679550995,2.451859610960633
2025-01-26 20:00:00,Machine_C,,2.822244165738303
2025-01-26 20:10:00,Machine_C,64.20770868850433,2.6403310434450087
2025-01-26 20:20:00,Machine_C,62.442542170475484,3.0577415066603697
2025-01-26 20:30:00,Machine_C,65.44076069636625,2.5589271406822984
2025-01-26 20:40:00,Machine_C,63.71947185369446,2.786627591170428
2025-01-26 20:50:00,Machine_C,64.03688189330863,2.526162062140585
2025-01-26 21:00:00,Machine_C,,2.927260899767118
2025-01-26 21:10:00,Machine_C,64.59053076359871,2.6997537738933803
2025-01-26 21:20:00,Machine_C,64.42235974607969,2.3239286805727426
2025-01-26 21:30:00,Machine_C,63.906765182157606,2.7962614184274255
2025-01-26 21:40:00,Machine_C,63.35124651915879,2.6709259059321253
2025-01-26 21:50:00,Machine_C,64.91654665466018,2.4363769500556702
2025-01-26 22:00:00,Machine_C,63.755389878603246,2.2199180209507317
2025-01-26 22:10:00,Machine_C,61.80256431586515,2.716481375495206
2025-01-26 22:20:00,Machine_C,63.00751215252393,2.8031353321747523
2025-01-26 22:30:00,Machine_C,63.2334217511409,2.6856966127673103
2025-01-26 22:40:00,Machine_C,62.795116453061944,2.6336755718773026
2025-01-26 22:50:00,Machine_C,63.12047460532585,2.5711991527938047
2025-01-26 23:00:00,Machine_C,63.772246316318295,2.6559650326363697
2025-01-26 23:10:00,Machine_C,62.43204031947371,2.4135129970642617
2025-01-26 23:20:00,Machine_C,62.249250534596825,2.130199980851739
2025-01-26 23:30:00,Machine_C,61.66153256705188,
2025-01-26 23:40:00,Machine_C,61.0205695764741,2.5223785102600624
2025-01-26 23:50:00,Machine_C,62.253536186226604,2.1977807863636545
2025-01-27 00:00:00,Machine_C,61.95817064259752,2.055289108631682
2025-01-27 00:10:00,Machine_C,62.33802643342148,2.4650751967939177
2025-01-27 00:20:00,Machine_C,62.0451384108058,2.423739429043018
2025-01-27 00:30:00,Machine_C,61.670397282321666,2.4106493799383024
2025-01-27 00:40:00,Machine_C,62.112783053263804,2.561158084148065
2025-01-27 00:50:00,Machine_C,62.99337671970793,2.3265409399205277
2025-01-27 01:00:00,Machine_C,62.19105902509929,2.5890394968029735
2025-01-27 01:10:00,Machine_C,62.51105584487697,2.595842998931344
2025-01-27 01:20:00,Machine_C,64.38679698973424,1.9982310211138201
2025-01-27 01:30:00,Machine_C,63.62655822203768,2.4718950118963727
2025-01-27 01:40:00,Machine_C,63.010207513781346,2.528183962653879
2025-01-27 01:50:00,Machine_C,63.10425162813248,2.635499867211099
2025-01-27 02:00:00,Machine_C,62.40066248825343,2.6091057819748387
2025-01-27 02:10:00,Machine_C,62.71219848180271,2.2053065914097285
2025-01-27 02:20:00,Machine_C,62.91113777718561,2.548600931354744
2025-01-27 02:30:00,Machine_C,63.307269080894386,2.496287109856106
2025-01-27 02:40:00,Machine_C,63.28355164294614,2.7487542994279104
2025-01-27 02:50:00,Machine_C,62.516773116440675,2.3524723157708713
2025-01-27 03:00:00,Machine_C,64.00195999154532,2.581338987989271
2025-01-27 03:10:00,Machine_C,63.176639748326906,2.7528232473825742
2025-01-27 03:20:00,Machine_C,65.28812003623042,2.7476194659817263
2025-01-27 03:30:00,Machine_C,64.8690392498056,2.5982666576221485
2025-01-27 03:40:00,Machine_C,62.66324038601777,2.854248012365771
2025-01-27 03:50:00,Machine_C,63.916883492220876,2.526620037432573
2025-01-27 04:00:00,Machine_C,65.53662652687767,2.8067893205429724
2025-01-27 04:10:00,Machine_C,64.9140408707419,2.853891495903144
2025-01-27 04:20:00,Machine_C,64.59209478653133,2.463551554692311
2025-01-27 04:30:00,Machine_C,62.80042196756394,2.96231196606227
2025-01-27 04:40:00,Machine_C,64.62887569851958,2.449350156462478
2025-01-27 04:50:00,Machine_C,65.11581952953418,2.8319546496395085
2025-01-27 05:00:00,Machine_C,63.44935543118697,2.699144761674521
2025-01-27 05:10:00,Machine_C,65.73316279604295,2.9848251372336767
2025-01-27 05:20:00,Machine_C,64.8307557562685,2.8812204673449067
2025-01-27 05:30:00,Machine_C,,3.1636253721019294
2025-01-27 05:40:00,Machine_C,65.80041584076808,3.0653945626476866
2025-01-27 05:50:00,Machine_C,65.64299002183583,2.904103972786472
2025-01-27 06:00:00,Machine_C,66.63325509462227,3.1169017028562256
2025-01-27 06:10:00,Machine_C,66.3776977311711,2.9010542478474104
2025-01-27 06:20:00,Machine_C,68.47776306205316,2.7431607545173007
2025-01-27 06:30:00,Machine_C,67.87917281713507,2.876402714739483
2025-01-27 06:40:00,Machine_C,65.79781102344509,2.957482780993727
2025-01-27 06:50:00,Machine_C,67.70699146752101,2.437990249073111
2025-01-27 07:00:00,Machine_C,66.31656089609906,3.2655281833939895
2025-01-27 07:10:00,Machine_C,66.11302082906869,3.0178562364406707
2025-01-27 07:20:00,Machine_C,66.0161724177097,3.227436342871968
2025-01-27 07:30:00,Machine_C,67.05286727249988,3.10110117815472
2025-01-27 07:40:00,Machine_C,68.28386149108574,2.8127448921916343
2025-01-27 07:50:00,Machine_C,67.74280826810995,3.1220830788530956
2025-01-27 08:00:00,Machine_C,68.15676706891871,3.103427057008845
2025-01-27 08:10:00,Machine_C,65.29889104180047,3.0183589952952183
2025-01-27 08:20:00,Machine_C,67.82430406527808,3.087855625321236
2025-01-27 08:30:00,Machine_C,67.28867503743696,3.1787150851526658
2025-01-27 08:40:00,Machine_C,66.98577189470738,
2025-01-27 08:50:00,Machine_C,67.40147898954058,3.268825556294097
2025-01-27 09:00:00,Machine_C,68.53161375871518,3.3269180494722637
2025-01-27 09:10:00,Machine_C,69.10667940567117,3.321940301244443
2025-01-27 09:20:00,Machine_C,67.95283740402107,3.1940595540513317
2025-01-27 09:30:00,Machine_C,69.248005550999,3.6105544459431407
2025-01-27 09:40:00,Machine_C,69.52016207313716,3.360596017851838
2025-01-27 09:50:00,Machine_C,69.21556464786362,3.2043119409864347
2025-01-27 10:00:00,Machine_C,68.34448241527495,3.0667151408397064
2025-01-27 10:10:00,Machine_C,68.70666519004183,3.0534680183559524
2025-01-27 10:20:00,Machine_C,69.43429739055286,3.379815749921759
2025-01-27 10:30:00,Machine_C,68.66102873064668,3.4456800481199097
2025-01-27 10:40:00,Machine_C,69.80623749813715,3.3452300521542977
2025-01-27 10:50:00,Machine_C,68.45161352386648,3.3189908135877655
2025-01-27 11:00:00,Machine_C,69.6855011033814,3.273627528742265
2025-01-27 11:10:00,Machine_C,70.1425874806796,3.4280069768033252
2025-01-27 11:20:00,Machine_C,69.59999841732518,3.203485761819746
2025-01-27 11:30:00,Machine_C,68.6776683754102,3.342629357209159
2025-01-27 11:40:00,Machine_C,68.18233414225915,3.3649537096082534
2025-01-27 11:50:00,Machine_C,68.61084889156483,3.4533928129323144
2025-01-27 12:00:00,Machine_C,69.8899126827161,3.20270804415707
2025-01-27 12:10:00,Machine_C,69.33190032554518,
2025-01-27 12:20:00,Machine_C,,3.3572503220731544
2025-01-27 12:30:00,Machine_C,69.78824520974086,3.3834118670892006
2025-01-27 12:40:00,Machine_C,67.85805799019064,3.3422117513680973
2025-01-27 12:50:00,Machine_C,69.2073187931433,2.850853092093816
2025-01-27 13:00:00,Machine_C,68.49535858547327,3.394528385940616
2025-01-27 13:10:00,Machine_C,68.25758293030498,3.791487873900836
2025-01-27 13:20:00,Machine_C,68.87725980487824,3.4881387821272494
2025-01-27 13:30:00,Machine_C,71.21131552487952,2.9636453389381927
2025-01-27 13:40:00,Machine_C,69.67779302137833,3.2348669426323275
2025-01-27 13:50:00,Machine_C,68.20005906554744,3.26400206152272
2025-01-27 14:00:00,Machine_C,69.99982335109755,3.2319502534196825
2025-01-27 14:10:00,Machine_C,67.90653467556393,3.0565221053800986
2025-01-27 14:20:00,Machine_C,70.08087533761605,3.1078724758037843
2025-01-27 14:30:00,Machine_C,68.07151484401759,3.4250979024119808
2025-01-27 14:40:00,Machine_C,68.76878460288872,3.3792064863111264
2025-01-27 14:50:00,Machine_C,70.2489735498239,3.2116771757916824
2025-01-27 15:00:00,Machine_C,68.19457644964831,3.388855236917287
2025-01-27 15:10:00,Machine_C,69.83476061889513,3.085786370929705
2025-01-27 15:20:00,Machine_C,68.1920479329619,3.1275450313915902
2025-01-27 15:30:00,Machine_C,68.06098083724369,3.10829968199859
2025-01-27 15:40:00,Machine_C,67.29865618166251,2.878855402739212
2025-01-27 15:50:00,Machine_C,69.01048025418854,3.0957352230658177
2025-01-27 16:00:00,Machine_C,67.35351447413355,3.4198185170088844
2025-01-27 16:10:00,Machine_C,69.14024579446348,3.382927620847316
2025-01-27 16:20:00,Machine_C,66.97694335518555,3.111276970774715
2025-01-27 16:30:00,Machine_C,66.97515168525382,3.0328364325253108
2025-01-27 16:40:00,Machine_C,68.0002342483526,3.3723154527186168
2025-01-27 16:50:00,Machine_C,66.96568844352288,2.9909231562320686
2025-01-27 17:00:00,Machine_C,67.13660780601667,2.923142179923832
2025-01-27 17:10:00,Machine_C,65.71033753779366,3.1696768619662024
2025-01-27 17:20:00,Machine_C,66.6959315413113,2.670143253233323
2025-01-27 17:30:00,Machine_C,66.75369553810582,2.9387637919242353
2025-01-27 17:40:00,Machine_C,67.68448145756358,2.927401783337369
2025-01-27 17:50:00,Machine_C,65.76992673586291,3.0123863802253505
2025-01-27 18:00:00,Machine_C,,2.7933894027066355
2025-01-27 18:10:00,Machine_C,66.81550896943506,2.8497621472058463
2025-01-27 18:20:00,Machine_C,65.72905442392101,
2025-01-27 18:30:00,Machine_C,66.41209441307882,2.7954602919495986
2025-01-27 18:40:00,Machine_C,67.39085008159702,2.7884722247547957
2025-01-27 18:50:00,Machine_C,65.2661296925999,2.9525009696713598
2025-01-27 19:00:00,Machine_C,66.15303747698512,2.888110101681168
2025-01-27 19:10:00,Machine_C,65.3594034560338,2.8579227818703483
2025-01-27 19:20:00,Machine_C,65.4888866089014,2.4502598042955683
2025-01-27 19:30:00,Machine_C,65.22461804371949,
2025-01-27 19:40:00,Machine_C,65.37403553567525,2.5585109414906198
2025-01-27 19:50:00,Machine_C,65.18411271009363,3.0506814431361877
2025-01-27 20:00:00,Machine_C,64.19378477265866,2.6733463900247507
2025-01-27 20:10:00,Machine_C,63.674669669813014,2.6229182902803823
2025-01-27 20:20:00,Machine_C,64.33278293777656,2.9153117891905027
2025-01-27 20:30:00,Machine_C,62.70685931481999,2.8436019205738177
2025-01-27 20:40:00,Machine_C,64.24514110537585,2.5680471886604996
2025-01-27 20:50:00,Machine_C,64.23213707458234,2.3841877819958803
2025-01-27 21:00:00,Machine_C,63.382039782694335,2.264348495017152
2025-01-27 21:10:00,Machine_C,63.45487371608406,2.379684781125928
2025-01-27 21:20:00,Machine_C,64.04833176496896,2.6130611884773502
2025-01-27 21:30:00,Machine_C,63.82098100885505,2.5164107471569173
2025-01-27 21:40:00,Machine_C,63.874399169003574,2.3627380612899667
2025-01-27 21:50:00,Machine_C,63.669732309668724,2.449880992102086
2025-01-27 22:00:00,Machine_C,63.053953846493194,2.819344816252903
2025-01-27 22:10:00,Machine_C,62.88356302028345,2.7023755579738844
2025-01-27 22:20:00,Machine_C,63.16578498539014,2.8076473997837583
2025-01-27 22:30:00,Machine_C,63.92921609255107,2.3600884208041335
2025-01-27 22:40:00,Machine_C,62.922495212434846,2.6223913107521684
2025-01-27 22:50:00,Machine_C,63.70611752918019,2.597412092408865
2025-01-27 23:00:00,Machine_C,60.99306012412253,2.7296382957363123
2025-01-27 23:10:00,Machine_C,62.840253549878675,2.462749503261109
2025-01-27 23:20:00,Machine_C,62.61928849634981,2.315939842973018
2025-01-27 23:30:00,Machine_C,61.197297068438715,2.291533523489832
2025-01-27 23:40:00,Machine_C,61.30115546150001,2.449317666972983
2025-01-27 23:50:00,Machine_C,62.87238772437325,2.4643536427494155
2025-01-28 00:00:00,Machine_C,62.585703828245,2.49908490179881
2025-01-28 00:10:00,Machine_C,63.1357044909951,2.199167272943413
2025-01-28 00:20:00,Machine_C,60.435873593171934,2.6846125149105986
2025-01-28 00:30:00,Machine_C,63.38547399697704,2.2103460785206233
2025-01-28 00:40:00,Machine_C,63.4146084580298,2.68916274074123
2025-01-28 00:50:00,Machine_C,61.47635638666177,2.4025448914340366
2025-01-28 01:00:00,Machine_C,63.745656028344115,2.7975334615890004
2025-01-28 01:10:00,Machine_C,64.09431785119482,2.1565725112234904
2025-01-28 01:20:00,Machine_C,61.64415874196756,2.6887266561571286
2025-01-28 01:30:00,Machine_C,62.85253656991945,2.298709020354443
2025-01-28 01:40:00,Machine_C,62.986473620799245,2.293729700304241
2025-01-28 01:50:00,Machine_C,61.45735023808682,2.798947016203461
2025-01-28 02:00:00,Machine_C,62.70487926034384,2.6458129922590716
2025-01-28 02:10:00,Machine_C,64.17141268781899,2.254461960680522
2025-01-28 02:20:00,Machine_C,62.444988312545064,2.567725252938536
2025-01-28 02:30:00,Machine_C,64.6861930114042,2.7958532497291455
2025-01-28 02:40:00,Machine_C,63.613682933684615,2.6557954842575935
2025-01-28 02:50:00,Machine_C,62.78642876755336,2.5737899230120203
2025-01-28 03:00:00,Machine_C,63.56122383975391,2.78895973143962
2025-01-28 03:10:00,Machine_C,62.46466654680074,2.662343272860085
2025-01-28 03:20:00,Machine_C,64.09283132451019,2.312014452496128
2025-01-28 03:30:00,Machine_C,63.715526348688805,2.6433464356325587
2025-01-28 03:40:00,Machine_C,63.651515352564076,2.7290511195409524
2025-01-28 03:50:00,Machine_C,62.962569188371276,2.6982737716436067
2025-01-28 04:00:00,Machine_C,64.18525955123312,2.6021517411925945
2025-01-28 04:10:00,Machine_C,64.5479832942657,2.774623664788413
2025-01-28 04:20:00,Machine_C,63.42456611270731,2.7428741295649144
2025-01-28 04:30:00,Machine_C,65.52550996601815,2.3692614838977573
2025-01-28 04:40:00,Machine_C,65.02526293509534,2.5073634087576595
2025-01-28 04:50:00,Machine_C,64.2688793846865,2.8205101680069067
2025-01-28 05:00:00,Machine_C,65.01779301606783,2.9177659000414295
2025-01-28 05:10:00,Machine_C,65.9120040993873,2.6625816936873337
2025-01-28 05:20:00,Machine_C,66.48794418247205,2.954528295956884
2025-01-28 05:30:00,Machine_C,66.81272001593356,2.931344027467926
2025-01-28 05:40:00,Machine_C,67.13513773088742,2.8267534208789216
2025-01-28 05:50:00,Machine_C,64.78301595775095,2.957200157697012
2025-01-28 06:00:00,Machine_C,65.43198060263661,2.972841095495086
2025-01-28 06:10:00,Machine_C,65.03172945110755,3.0774084239956863
2025-01-28 06:20:00,Machine_C,67.1778283420287,3.105567062845573
2025-01-28 06:30:00,Machine_C,66.31853965459476,2.7711906364143477
2025-01-28 06:40:00,Machine_C,67.6179507771963,2.846218747646791
2025-01-28 06:50:00,Machine_C,65.62379031454755,3.263184595880933
2025-01-28 07:00:00,Machine_C,66.35451986475782,3.1753886135578178
2025-01-28 07:10:00,Machine_C,66.4138504780224,3.150256509451429
2025-01-28 07:20:00,Machine_C,68.18781155980845,3.19691321463845
2025-01-28 07:30:00,Machine_C,67.90000587418774,3.2770643956880225
2025-01-28 07:40:00,Machine_C,65.85594671203556,3.114241698382823
2025-01-28 07:50:00,Machine_C,67.24321573317597,
2025-01-28 08:00:00,Machine_C,68.51754552776741,3.2259910475856137
2025-01-28 08:10:00,Machine_C,68.77137030524783,3.137035708907875
2025-01-28 08:20:00,Machine_C,68.33843088275731,
2025-01-28 08:30:00,Machine_C,68.27524862404438,3.450129323120743
2025-01-28 08:40:00,Machine_C,67.50524456432312,3.349624939563757
2025-01-28 08:50:00,Machine_C,69.22071809596821,2.9741821647683104
2025-01-28 09:00:00,Machine_C,67.51733464184399,3.0210854782390233
2025-01-28 09:10:00,Machine_C,67.29139314279375,2.9950553212761353
2025-01-28 09:20:00,Machine_C,68.84728800716634,3.278297391803101
2025-01-28 09:30:00,Machine_C,68.42213818781113,3.42315070983922
2025-01-28 09:40:00,Machine_C,69.44586716355016,3.2132117432079617
2025-01-28 09:50:00,Machine_C,69.33947382386769,3.1631879932289295
2025-01-28 10:00:00,Machine_C,70.39730477229821,3.308393689334015
2025-01-28 10:10:00,Machine_C,69.4281769471847,3.158050367150802
2025-01-28 10:20:00,Machine_C,70.01993993997532,3.3556930239446507
2025-01-28 10:30:00,Machine_C,68.55249220350561,3.2719627309791663
2025-01-28 10:40:00,Machine_C,69.8581990031703,3.204591563831458
2025-01-28 10:50:00,Machine_C,69.11673086394084,3.3499248596937226
2025-01-28 11:00:00,Machine_C,68.98555588828813,3.494421746819349
2025-01-28 11:10:00,Machine_C,68.69501935370862,3.0658952531242596
2025-01-28 11:20:00,Machine_C,70.68072391349384,3.3734266847158016
2025-01-28 11:30:00,Machine_C,69.4645526947267,2.9683349166070054
2025-01-28 11:40:00,Machine_C,68.85594893676583,3.302445471672856
2025-01-28 11:50:00,Machine_C,70.03913278142663,3.4747086722071963
2025-01-28 12:00:00,Machine_C,69.14803680622319,3.5340162454096737
2025-01-28 12:10:00,Machine_C,68.85791099513519,3.255118491160744
2025-01-28 12:20:00,Machine_C,71.80841795116402,3.2519174532028834
2025-01-28 12:30:00,Machine_C,68.50303904768542,3.3047645499375666
2025-01-28 12:40:00,Machine_C,70.93891286304206,3.1447257125101284
2025-01-28 12:50:00,Machine_C,68.7687270327811,3.3686102545069563
2025-01-28 13:00:00,Machine_C,69.88154323338676,3.1542017240219518
2025-01-28 13:10:00,Machine_C,69.25672694159668,3.4293434602797532
2025-01-28 13:20:00,Machine_C,69.87805520879594,3.193850786255345
2025-01-28 13:30:00,Machine_C,68.12799364481896,3.258206730526075
2025-01-28 13:40:00,Machine_C,67.96882478112941,3.3977260528609725
2025-01-28 13:50:00,Machine_C,69.71809226908553,3.41353786337615
2025-01-28 14:00:00,Machine_C,67.60694978385831,3.3959072150457037
2025-01-28 14:10:00,Machine_C,68.01696711405948,3.326977661398269
2025-01-28 14:20:00,Machine_C,68.79525600373111,3.0730224033768145
2025-01-28 14:30:00,Machine_C,67.74141508104523,3.251343264982327
2025-01-28 14:40:00,Machine_C,67.74780071956444,3.213374588227853
2025-01-28 14:50:00,Machine_C,68.25162379502878,3.156043064191884
2025-01-28 15:00:00,Machine_C,66.72725218408245,3.2315309334402853
2025-01-28 15:10:00,Machine_C,67.24384975931339,3.0488811926797226
2025-01-28 15:20:00,Machine_C,69.32186333161458,3.183004838555814
2025-01-28 15:30:00,Machine_C,68.89619425828329,3.1199889059560157
2025-01-28 15:40:00,Machine_C,69.819636356238,
2025-01-28 15:50:00,Machine_C,68.35633972568836,2.940827291824185
2025-01-28 16:00:00,Machine_C,68.79129349103398,2.9192729370006374
2025-01-28 16:10:00,Machine_C,67.27889405510264,3.34940092095173
2025-01-28 16:20:00,Machine_C,67.32946920358151,3.110843289365516
2025-01-28 16:30:00,Machine_C,67.66971688565415,3.398417031335686
2025-01-28 16:40:00,Machine_C,65.68202549977144,3.3890349139513267
2025-01-28 16:50:00,Machine_C,67.48908823992113,3.256654354782595
2025-01-28 17:00:00,Machine_C,66.40681403897702,2.7857369812877666
2025-01-28 17:10:00,Machine_C,66.39263070749466,3.251381492381193
2025-01-28 17:20:00,Machine_C,67.4055768322505,2.955377719533511
2025-01-28 17:30:00,Machine_C,65.2151602334655,2.908758928324124
2025-01-28 17:40:00,Machine_C,66.34917618901255,2.863534730664103
2025-01-28 17:50:00,Machine_C,66.51094684189792,2.8565256055097605
2025-01-28 18:00:00,Machine_C,65.57572094557399,2.9718931577346774
2025-01-28 18:10:00,Machine_C,65.8771937050101,3.2943318238231543
2025-01-28 18:20:00,Machine_C,65.76330077764783,
2025-01-28 18:30:00,Machine_C,66.26110667038508,3.1910763966843887
2025-01-28 18:40:00,Machine_C,65.2462991883136,3.093495264896639
2025-01-28 18:50:00,Machine_C,64.24062284388687,2.7706147050841183
2025-01-28 19:00:00,Machine_C,64.6318057488197,2.693952832552491
2025-01-28 19:10:00,Machine_C,64.66850678230395,2.5222081587445997
2025-01-28 19:20:00,Machine_C,64.16215309712418,2.5826307817600904
2025-01-28 19:30:00,Machine_C,64.81214307913669,2.6184987301036915
2025-01-28 19:40:00,Machine_C,64.63412481645773,2.691250872694888
2025-01-28 19:50:00,Machine_C,64.45576445787144,2.686892381830487
2025-01-28 20:00:00,Machine_C,,2.8120048541007976
2025-01-28 20:10:00,Machine_C,64.22328450630019,2.775459985065532
2025-01-28 20:20:00,Machine_C,65.0231229564482,
2025-01-28 20:30:00,Machine_C,64.10497730271668,2.618204941097036
2025-01-28 20:40:00,Machine_C,64.6081056866924,2.8165093549033586
2025-01-28 20:50:00,Machine_C,63.72256885994093,2.7471012629098595
2025-01-28 21:00:00,Machine_C,63.01532027016501,2.6618958864202176
2025-01-28 21:10:00,Machine_C,64.10780078751708,2.495189860617087
2025-01-28 21:20:00,Machine_C,62.19302856153274,2.7542965662130534
2025-01-28 21:30:00,Machine_C,62.77662257615197,2.693267687114527
2025-01-28 21:40:00,Machine_C,63.019937995316575,2.4871093108238216
2025-01-28 21:50:00,Machine_C,63.57034406901771,2.1753254451219273
2025-01-28 22:00:00,Machine_C,63.98856684430266,2.5273896061658863
2025-01-28 22:10:00,Machine_C,63.57263939101816,2.376228854014885
2025-01-28 22:20:00,Machine_C,63.424824689207895,2.6212653187566355
2025-01-28 22:30:00,Machine_C,63.458102105321444,
2025-01-28 22:40:00,Machine_C,63.514266497923096,2.176046675096917
2025-01-28 22:50:00,Machine_C,61.75188827930885,2.5238854229601433
2025-01-28 23:00:00,Machine_C,64.38310362936218,2.7740533791762965
2025-01-28 23:10:00,Machine_C,63.47073964044502,2.4331643557730396
2025-01-28 23:20:00,Machine_C,62.40838688210256,2.455327490499131
2025-01-28 23:30:00,Machine_C,62.82698852004585,2.392101277025856
2025-01-28 23:40:00,Machine_C,61.46255534143446,2.464686613075338
2025-01-28 23:50:00,Machine_C,62.29546144846264,2.727651820863036
2025-01-29 00:00:00,Machine_C,62.22630146428323,2.639995216422752
2025-01-29 00:10:00,Machine_C,62.1638069661188,2.3467817568798948
2025-01-29 00:20:00,Machine_C,63.16485788087305,2.438613807546446
2025-01-29 00:30:00,Machine_C,62.61335815090612,2.452449561705272
2025-01-29 00:40:00,Machine_C,61.59766335616303,2.5309358451930484
2025-01-29 00:50:00,Machine_C,61.64255732463975,2.5380822047376075
2025-01-29 01:00:00,Machine_C,61.04739598197886,2.448079606174092
2025-01-29 01:10:00,Machine_C,63.36576121622275,2.246753372214487
2025-01-29 01:20:00,Machine_C,62.53138395690005,2.4565003500748
2025-01-29 01:30:00,Machine_C,63.37016494805621,2.4190120715364123
2025-01-29 01:40:00,Machine_C,65.33997963936676,2.330621072277096
2025-01-29 01:50:00,Machine_C,62.17638091188064,2.6427549299378743
2025-01-29 02:00:00,Machine_C,63.230490354716345,2.513747241198756
2025-01-29 02:10:00,Machine_C,64.20268752915909,
2025-01-29 02:20:00,Machine_C,62.74177393814242,2.8877779558372487
2025-01-29 02:30:00,Machine_C,62.95188707590434,2.617960532567375
2025-01-29 02:40:00,Machine_C,63.74310275423309,2.6978293948973535
2025-01-29 02:50:00,Machine_C,65.45384647775947,2.7568775516106316
2025-01-29 03:00:00,Machine_C,64.03422134967096,2.503298979148443
2025-01-29 03:10:00,Machine_C,62.96119618709833,2.693842640325828
2025-01-29 03:20:00,Machine_C,63.172740538211045,2.2633742975698072
2025-01-29 03:30:00,Machine_C,,2.799282228926063
2025-01-29 03:40:00,Machine_C,62.536816761205166,2.6296378835337078
2025-01-29 03:50:00,Machine_C,63.99198304186297,2.753025762037938
2025-01-29 04:00:00,Machine_C,64.25597305647497,2.662365236366355
2025-01-29 04:10:00,Machine_C,64.42072468793643,3.0193995873506108
2025-01-29 04:20:00,Machine_C,63.36093487429879,2.9301723898275047
2025-01-29 04:30:00,Machine_C,64.9368506246049,2.257829580863359
2025-01-29 04:40:00,Machine_C,64.01576778844488,2.8455890674285675
2025-01-29 04:50:00,Machine_C,64.75638084215659,2.713921895343579
2025-01-29 05:00:00,Machine_C,64.50005714886949,2.890140365689123
2025-01-29 05:10:00,Machine_C,66.16618607552782,2.9067120263864243
2025-01-29 05:20:00,Machine_C,64.8440726393971,2.6881210006604537
2025-01-29 05:30:00,Machine_C,66.61964287463049,2.820420059847515
2025-01-29 05:40:00,Machine_C,,2.677289118357304
2025-01-29 05:50:00,Machine_C,66.18321739074835,3.1478604207348795
2025-01-29 06:00:00,Machine_C,66.06662229360022,2.9589113623094803
2025-01-29 06:10:00,Machine_C,65.4708549029944,2.9974723281664906
2025-01-29 06:20:00,Machine_C,66.62986057136064,2.993929548364798
2025-01-29 06:30:00,Machine_C,66.11289606142564,2.767970744802059
2025-01-29 06:40:00,Machine_C,66.86185632947031,3.0920489497827646
2025-01-29 06:50:00,Machine_C,67.24067561425649,3.3187265788139566
2025-01-29 07:00:00,Machine_C,,2.7363706464480235
2025-01-29 07:10:00,Machine_C,67.42917224095788,3.0497705708643754
2025-01-29 07:20:00,Machine_C,67.96237074140527,3.1906390248837426
2025-01-29 07:30:00,Machine_C,67.86781512296548,2.937474894713759
2025-01-29 07:40:00,Machine_C,67.29917512527007,3.2219922290824017
2025-01-29 07:50:00,Machine_C,68.15940427652068,3.1158846877994635
2025-01-29 08:00:00,Machine_C,67.65057707256328,2.996735785908082
2025-01-29 08:10:00,Machine_C,67.55021604817105,2.6900620696938504
2025-01-29 08:20:00,Machine_C,67.13563993873407,3.1402276669205884
2025-01-29 08:30:00,Machine_C,68.65284348600717,3.16074505650618
2025-01-29 08:40:00,Machine_C,67.79522975789992,3.4258141297064886
2025-01-29 08:50:00,Machine_C,68.86732507035738,3.265005917775109
2025-01-29 09:00:00,Machine_C,68.47862353205028,3.122806200733219
2025-01-29 09:10:00,Machine_C,68.3531207773577,2.948933138204484
2025-01-29 09:20:00,Machine_C,67.99029560291149,3.4021383908598177
2025-01-29 09:30:00,Machine_C,69.8173671331226,3.2781475856607085
2025-01-29 09:40:00,Machine_C,68.55291962574425,
2025-01-29 09:50:00,Machine_C,70.22113613614465,3.182117396475285
2025-01-29 10:00:00,Machine_C,68.37651955567726,3.5135315440599433
2025-01-29 10:10:00,Machine_C,70.310677383814,3.5495873964815683
2025-01-29 10:20:00,Machine_C,69.23923022585524,3.1950280814060137
2025-01-29 10:30:00,Machine_C,69.9221622571581,2.902050677202385
2025-01-29 10:40:00,Machine_C,68.24848630982507,3.2844459075709436
2025-01-29 10:50:00,Machine_C,68.29372339345825,3.369870290659989
2025-01-29 11:00:00,Machine_C,69.58714298641749,3.3477048432629575
2025-01-29 11:10:00,Machine_C,68.6059381733502,3.055951335723776
2025-01-29 11:20:00,Machine_C,70.51001784360797,3.6191131517244752
2025-01-29 11:30:00,Machine_C,,3.0112720953450154
2025-01-29 11:40:00,Machine_C,68.97133995886675,3.213480298452849
2025-01-29 11:50:00,Machine_C,68.7606363785559,3.165621677262746
2025-01-29 12:00:00,Machine_C,69.26917271265242,3.1565381891041597
2025-01-29 12:10:00,Machine_C,69.0424057664015,2.9567006936501015
2025-01-29 12:20:00,Machine_C,69.88291388763102,3.359202362023535
2025-01-29 12:30:00,Machine_C,69.40866363015814,3.6007657303781047
2025-01-29 12:40:00,Machine_C,70.38152812269252,3.3135178573410586
2025-01-29 12:50:00,Machine_C,69.92281237588264,3.15795983575874
2025-01-29 13:00:00,Machine_C,68.68715668653451,3.588393441402972
2025-01-29 13:10:00,Machine_C,68.9975652701721,
2025-01-29 13:20:00,Machine_C,68.59731535262411,3.170846391394206
2025-01-29 13:30:00,Machine_C,68.5426859125001,3.37376728400319
2025-01-29 13:40:00,Machine_C,67.73585371647876,3.50206257941606
2025-01-29 13:50:00,Machine_C,69.85753762352522,3.1364547210865146
2025-01-29 14:00:00,Machine_C,70.06494502132975,3.3116171451181273
2025-01-29 14:10:00,Machine_C,68.1618247826713,3.209599503147796
2025-01-29 14:20:00,Machine_C,67.99643367218259,3.053968090400369
2025-01-29 14:30:00,Machine_C,69.2254789036143,3.2869315192712603
2025-01-29 14:40:00,Machine_C,68.02565548641628,3.322547026760041
2025-01-29 14:50:00,Machine_C,69.5997308040256,3.239695750987754
2025-01-29 15:00:00,Machine_C,67.90147820630517,3.071278434903257
2025-01-29 15:10:00,Machine_C,66.65383138792961,3.5821565164953237
2025-01-29 15:20:00,Machine_C,68.14554705285578,3.10112605418244
2025-01-29 15:30:00,Machine_C,67.65681337103733,3.274455054018686
2025-01-29 15:40:00,Machine_C,68.12534655444946,3.3034303507529494
2025-01-29 15:50:00,Machine_C,67.60141894391019,2.6934193186083735
2025-01-29 16:00:00,Machine_C,68.21123337310367,3.274286107284484
2025-01-29 16:10:00,Machine_C,67.95462146241502,3.1093968216441827
2025-01-29 16:20:00,Machine_C,67.73975258979702,3.042820148510249
2025-01-29 16:30:00,Machine_C,67.49200955775184,3.0500679267174813
2025-01-29 16:40:00,Machine_C,67.19657196011994,3.1588274158025382
2025-01-29 16:50:00,Machine_C,65.93461966051377,2.624455904621804
2025-01-29 17:00:00,Machine_C,67.21728964307621,3.0222186257046078
2025-01-29 17:10:00,Machine_C,67.34310367077539,3.074983876211017
2025-01-29 17:20:00,Machine_C,66.88695664846946,3.3671332520035535
2025-01-29 17:30:00,Machine_C,66.29563455487539,2.715697775588588
2025-01-29 17:40:00,Machine_C,66.7773202291185,3.0190315765657587
2025-01-29 17:50:00,Machine_C,66.34196667322995,2.8325082806322874
2025-01-29 18:00:00,Machine_C,66.56808619683737,2.9872101924928702
2025-01-29 18:10:00,Machine_C,65.7772700763622,3.0363662123256594
2025-01-29 18:20:00,Machine_C,64.55306815069363,2.728449469976245
2025-01-29 18:30:00,Machine_C,65.40014439111125,3.193186729605486
2025-01-29 18:40:00,Machine_C,64.63329839909103,3.0597409368167137
2025-01-29 18:50:00,Machine_C,64.87155907923602,2.9444810474425602
2025-01-29 19:00:00,Machine_C,65.1633592950053,2.7193124512200417
2025-01-29 19:10:00,Machine_C,65.73957539036526,2.6648674382341118
2025-01-29 19:20:00,Machine_C,65.3357346296449,2.8252202916724416
2025-01-29 19:30:00,Machine_C,64.82766187200653,2.6568479531074014
2025-01-29 19:40:00,Machine_C,65.51933567572542,2.6155534288712023
2025-01-29 19:50:00,Machine_C,64.42177940088963,3.0369519382762
2025-01-29 20:00:00,Machine_C,,2.7735582962089453
2025-01-29 20:10:00,Machine_C,63.81614201469446,2.8064544077127564
2025-01-29 20:20:00,Machine_C,63.136934332490085,2.9796774276640132
2025-01-29 20:30:00,Machine_C,64.31487341167617,2.6410187798851505
2025-01-29 20:40:00,Machine_C,62.49576599158604,2.496898298181194
2025-01-29 20:50:00,Machine_C,62.890432240512894,2.4033519169796627
2025-01-29 21:00:00,Machine_C,63.66713956204207,2.8256047276458034
2025-01-29 21:10:00,Machine_C,62.740336642829995,2.50110968459109
2025-01-29 21:20:00,Machine_C,63.33307544136831,2.0235040651778555
2025-01-29 21:30:00,Machine_C,63.34116280440457,2.063883363015128
2025-01-29 21:40:00,Machine_C,62.68474115205078,2.2657929820866944
2025-01-29 21:50:00,Machine_C,63.09226155442735,2.4528440682363843
2025-01-29 22:00:00,Machine_C,63.00234418165527,2.4695135654555895
2025-01-29 22:10:00,Machine_C,61.98299493751977,2.595525965747338
2025-01-29 22:20:00,Machine_C,63.265171933695264,2.2875136762585573
2025-01-29 22:30:00,Machine_C,61.14173512007066,2.5235648702866422
2025-01-29 22:40:00,Machine_C,64.21382038617799,2.636277705499592
2025-01-29 22:50:00,Machine_C,63.08925500084706,2.444912624736956
2025-01-29 23:00:00,Machine_C,63.43618805161738,2.3816799751505773
2025-01-29 23:10:00,Machine_C,63.11232376471932,2.3046705346461827
2025-01-29 23:20:00,Machine_C,62.51892969806642,2.6631057872129618
2025-01-29 23:30:00,Machine_C,61.912388214216506,2.2072577932133273
2025-01-29 23:40:00,Machine_C,62.49366019130247,2.735559843331865
2025-01-29 23:50:00,Machine_C,63.172224947015074,2.4463647337054377
2025-01-30 00:00:00,Machine_C,61.841872395049016,2.263037930029289
2025-01-30 00:10:00,Machine_C,62.628951078251326,2.601764846368851
2025-01-30 00:20:00,Machine_C,61.065164832387715,2.5431794869604785
2025-01-30 00:30:00,Machine_C,61.88323886780626,2.5286782940117085
2025-01-30 00:40:00,Machine_C,61.86623902969834,2.5835622357039574
2025-01-30 00:50:00,Machine_C,63.927243938174826,
2025-01-30 01:00:00,Machine_C,61.54930734252762,2.54791196336502
2025-01-30 01:10:00,Machine_C,62.98083335357446,2.715758799777759
2025-01-30 01:20:00,Machine_C,63.98665391903932,2.5135933598675972
2025-01-30 01:30:00,Machine_C,63.57075227639569,2.6317932855622628
2025-01-30 01:40:00,Machine_C,64.04508287110714,2.0962349434284535
2025-01-30 01:50:00,Machine_C,64.23142311025919,2.559214633340718
2025-01-30 02:00:00,Machine_C,63.01385630017906,2.96440124963095
2025-01-30 02:10:00,Machine_C,63.42821440239074,2.1988571183489154
2025-01-30 02:20:00,Machine_C,63.28890895800383,2.891453307335327
2025-01-30 02:30:00,Machine_C,63.60787813284604,2.6727798403869776
2025-01-30 02:40:00,Machine_C,,2.2497874605650847
2025-01-30 02:50:00,Machine_C,64.79344496216595,
2025-01-30 03:00:00,Machine_C,63.75855044267323,2.654193248344085
2025-01-30 03:10:00,Machine_C,62.87241680761501,2.760019417169448
2025-01-30 03:20:00,Machine_C,64.22691320132985,2.5323878498985093
2025-01-30 03:30:00,Machine_C,64.45397886073023,2.751379825106962
2025-01-30 03:40:00,Machine_C,63.334919188242054,2.89123787214372
2025-01-30 03:50:00,Machine_C,63.42916695358494,2.817780777345744
2025-01-30 04:00:00,Machine_C,65.01067487947219,2.889774960405805
2025-01-30 04:10:00,Machine_C,63.957450824439015,2.6120141687866516
2025-01-30 04:20:00,Machine_C,64.18997022498215,2.833180732972973
2025-01-30 04:30:00,Machine_C,64.29143138530574,
2025-01-30 04:40:00,Machine_C,64.9990336691842,
2025-01-30 04:50:00,Machine_C,65.83011561063229,2.8406483686963124
2025-01-30 05:00:00,Machine_C,65.62904201029124,2.5828258702206197
2025-01-30 05:10:00,Machine_C,64.87265032476719,3.0284497862144626
2025-01-30 05:20:00,Machine_C,66.46268411974897,2.466026117379198
2025-01-30 05:30:00,Machine_C,66.23869942976548,2.7390356541989354
2025-01-30 05:40:00,Machine_C,84.48892625644561,
2025-01-30 05:50:00,Machine_C,66.61527444029784,2.791343893423039
2025-01-30 06:00:00,Machine_C,65.58832881515485,2.8890153922569546
2025-01-30 06:10:00,Machine_C,65.41678501666539,3.1439923369057836
2025-01-30 06:20:00,Machine_C,66.03430673311018,2.9142670066946317
2025-01-30 06:30:00,Machine_C,67.24932537666128,2.5929161490998416
2025-01-30 06:40:00,Machine_C,65.66386874868364,2.78549757027773
2025-01-30 06:50:00,Machine_C,65.70545374092579,3.234658647007304
2025-01-30 07:00:00,Machine_C,65.45484199824412,3.2813315291003606
2025-01-30 07:10:00,Machine_C,,2.674025925745414
2025-01-30 07:20:00,Machine_C,66.56579956123034,2.8830005241907046
2025-01-30 07:30:00,Machine_C,67.43898808962233,2.951190976717905
2025-01-30 07:40:00,Machine_C,66.55798417329117,3.0216479861433694
2025-01-30 07:50:00,Machine_C,68.14567868445307,2.940584234901437
2025-01-30 08:00:00,Machine_C,67.78605537188255,3.1440641553016966
2025-01-30 08:10:00,Machine_C,66.24625190447713,3.038643947285715
2025-01-30 08:20:00,Machine_C,67.99269869498681,3.0809730157649913
2025-01-30 08:30:00,Machine_C,68.24389037133218,2.9700428335260076
2025-01-30 08:40:00,Machine_C,69.78295919927756,3.3303308754324763
2025-01-30 08:50:00,Machine_C,68.55819137833977,2.9543244008777103
2025-01-30 09:00:00,Machine_C,67.0594576683139,3.2869115541520717
2025-01-30 09:10:00,Machine_C,68.7641453742615,3.4123696190301422
2025-01-30 09:20:00,Machine_C,68.8206825497653,3.603087862069949
2025-01-30 09:30:00,Machine_C,69.26066775276618,3.347096911658204
2025-01-30 09:40:00,Machine_C,70.97658962427495,
2025-01-30 09:50:00,Machine_C,68.52261351162947,2.975263344338098
2025-01-30 10:00:00,Machine_C,68.50898990249445,
2025-01-30 10:10:00,Machine_C,69.47979870962216,3.3248862127098557
2025-01-30 10:20:00,Machine_C,70.63252820275476,3.3635217146691754
2025-01-30 10:30:00,Machine_C,69.77041520106604,3.3869220668979536
2025-01-30 10:40:00,Machine_C,69.01481081121783,3.3434265655730844
2025-01-30 10:50:00,Machine_C,70.1258970383955,3.3305950497603716
2025-01-30 11:00:00,Machine_C,70.81582670274423,3.2690440864152097
2025-01-30 11:10:00,Machine_C,68.8020045992857,3.470191749368746
2025-01-30 11:20:00,Machine_C,68.6462778093277,3.073112045211179
2025-01-30 11:30:00,Machine_C,69.51474752272316,3.0722519020205423
2025-01-30 11:40:00,Machine_C,69.72760035055866,3.195804603714753
2025-01-30 11:50:00,Machine_C,70.60391387739772,3.574339809097101
2025-01-30 12:00:00,Machine_C,,3.4301481407217853
2025-01-30 12:10:00,Machine_C,69.81817196483728,3.2353363117510683
2025-01-30 12:20:00,Machine_C,70.73220049131037,3.204179852013046
2025-01-30 12:30:00,Machine_C,69.64924013653075,3.331854414608557
2025-01-30 12:40:00,Machine_C,69.13065283495602,3.415212298727128
2025-01-30 12:50:00,Machine_C,69.87319366933832,3.5842940650851465
2025-01-30 13:00:00,Machine_C,69.11644942940806,3.7041703848287932
2025-01-30 13:10:00,Machine_C,69.6081067538161,3.3065119462474355
2025-01-30 13:20:00,Machine_C,69.13979749123943,3.7192414316341766
2025-01-30 13:30:00,Machine_C,69.11810738257365,3.3300810454258216
2025-01-30 13:40:00,Machine_C,68.84979846876014,3.3622587471483985
2025-01-30 13:50:00,Machine_C,68.64557256681063,3.475333593665348
2025-01-30 14:00:00,Machine_C,69.82627618568138,3.492006708947895
2025-01-30 14:10:00,Machine_C,69.10385121336496,3.5630984461125146
2025-01-30 14:20:00,Machine_C,69.88607643923623,3.037185946271005
2025-01-30 14:30:00,Machine_C,66.97642509641304,3.279007192634784
2025-01-30 14:40:00,Machine_C,68.26531008839501,3.4706428375761287
2025-01-30 14:50:00,Machine_C,67.98792030865269,3.039530113758102
2025-01-30 15:00:00,Machine_C,68.27171593537237,2.881233565024029
2025-01-30 15:10:00,Machine_C,67.5389675627111,2.9365005075716293
2025-01-30 15:20:00,Machine_C,66.96393991741785,3.1673520997369082
2025-01-30 15:30:00,Machine_C,68.66846872073299,3.53783543825759
2025-01-30 15:40:00,Machine_C,67.53295342649314,2.8865825272879335
2025-01-30 15:50:00,Machine_C,68.32507574269951,
2025-01-30 16:00:00,Machine_C,66.80735311182784,3.0344045018981243
2025-01-30 16:10:00,Machine_C,66.3073132830016,2.92898518761659
2025-01-30 16:20:00,Machine_C,67.67214412954458,2.878784937381269
2025-01-30 16:30:00,Machine_C,67.84553871485299,2.7052529666322225
2025-01-30 16:40:00,Machine_C,66.70462663468166,2.9588333815561834
2025-01-30 16:50:00,Machine_C,66.23881233744262,3.3881489812553713
2025-01-30 17:00:00,Machine_C,67.9052847492056,3.116329424133341
2025-01-30 17:10:00,Machine_C,66.71175606796238,3.2091312427615204
2025-01-30 17:20:00,Machine_C,65.80926780976031,2.8692729004947943
2025-01-30 17:30:00,Machine_C,65.2591675938648,2.807080060444026
2025-01-30 17:40:00,Machine_C,65.75431047858524,3.0330759879880262
2025-01-30 17:50:00,Machine_C,65.83721084851167,2.934729601697732
2025-01-30 18:00:00,Machine_C,66.61028838754443,2.889997719909493
2025-01-30 18:10:00,Machine_C,65.83397755259365,3.18228260559943
2025-01-30 18:20:00,Machine_C,65.586563747302,2.715849765625243
2025-01-30 18:30:00,Machine_C,64.81086971775494,2.6714519987828234
2025-01-30 18:40:00,Machine_C,,2.9751452933386506
2025-01-30 18:50:00,Machine_C,66.0236505614397,2.931666294841729
2025-01-30 19:00:00,Machine_C,65.81149293354683,2.59559967642031
2025-01-30 19:10:00,Machine_C,64.89884675554144,2.7789083980865903
2025-01-30 19:20:00,Machine_C,65.12374853809301,2.423259303559377
2025-01-30 19:30:00,Machine_C,62.600576911227854,2.7814353859408136
2025-01-30 19:40:00,Machine_C,64.68279353321005,2.6255313653740533
2025-01-30 19:50:00,Machine_C,65.92218520944782,2.6479521549059903
2025-01-30 20:00:00,Machine_C,63.7857148997429,2.4698123075095086
2025-01-30 20:10:00,Machine_C,63.33096770396388,2.87327346198727
2025-01-30 20:20:00,Machine_C,63.878578076596064,2.68911402110355
2025-01-30 20:30:00,Machine_C,63.180184345055665,2.804911964363781
2025-01-30 20:40:00,Machine_C,63.010938196561,2.591870084026824
2025-01-30 20:50:00,Machine_C,63.84744079577105,2.8101357326081855
2025-01-30 21:00:00,Machine_C,64.1847249773286,
2025-01-30 21:10:00,Machine_C,63.63877392606866,2.5692726160977815
2025-01-30 21:20:00,Machine_C,62.40179879468803,2.7703980593277797
2025-01-30 21:30:00,Machine_C,62.687894732891806,2.186406609099577
2025-01-30 21:40:00,Machine_C,63.38982996330967,2.5546464529936035
2025-01-30 21:50:00,Machine_C,63.57405270923782,2.6243592742302715
2025-01-30 22:00:00,Machine_C,62.802497013667505,2.441089217653342
2025-01-30 22:10:00,Machine_C,62.18081149828709,2.679862685231859
2025-01-30 22:20:00,Machine_C,63.44745986825611,2.6730018227908907
2025-01-30 22:30:00,Machine_C,64.21639946798678,2.372986644690675
2025-01-30 22:40:00,Machine_C,63.610121235893395,2.4075124304911566
2025-01-30 22:50:00,Machine_C,64.24952276697113,2.2617653723494726
2025-01-30 23:00:00,Machine_C,62.122150586551136,2.522511258104531
2025-01-30 23:10:00,Machine_C,63.40808221661613,2.497115355112078
2025-01-30 23:20:00,Machine_C,63.58388925903283,
2025-01-30 23:30:00,Machine_C,62.140244080608575,2.471970714858583
2025-01-30 23:40:00,Machine_C,61.852812205277054,2.297417284974241
2025-01-30 23:50:00,Machine_C,61.734445696922904,2.193232665066481
2025-01-15 11:50:00,Machine_B,68.76459320838353,3.2369262822843696
2025-01-14 18:10:00,Machine_B,66.51981845070009,3.3311543706596605
2025-01-03 02:40:00,Machine_A,59.30212317391226,2.119405502563555
2025-01-27 22:40:00,Machine_C,62.922495212434846,2.6223913107521684
2025-01-17 18:50:00,Machine_A,61.51493272433704,2.362347494315274
2025-01-14 20:00:00,Machine_B,65.18459109131268,2.7779666525143893
2025-01-28 06:20:00,Machine_B,74.88844058215663,4.5734734895717395
2025-01-19 10:30:00,Machine_A,65.9171985454428,2.820143520862125
2025-01-14 09:30:00,Machine_B,68.64743223856753,3.4394409080742485
2025-01-07 03:40:00,Machine_B,60.46814929835863,2.3325115043131963
2025-01-10 10:10:00,Machine_B,67.29178696483922,3.194215697789982
2025-01-04 13:10:00,Machine_A,,2.615632070956928
2025-01-01 01:20:00,Machine_A,58.335496318501356,2.2830367975879087
2025-01-02 10:20:00,Machine_B,67.47369872105254,3.12886631253098
2025-01-29 12:00:00,Machine_B,79.32250273897135,5.086813732223707
2025-01-24 10:30:00,Machine_A,64.4143554910804,3.0777538758963923
2025-01-08 11:40:00,Machine_A,66.68728927582855,2.507590422175076
2025-01-18 06:00:00,Machine_A,61.560354291273136,2.244483627166306
2025-01-15 08:10:00,Machine_B,,3.1612068566720293
2025-01-12 01:40:00,Machine_C,62.359941863005176,2.6535729971151643
2025-01-09 23:40:00,Machine_B,60.776541393340864,2.249850332149789
2025-01-18 19:50:00,Machine_B,68.04599926551606,3.1478175273936064
2025-01-04 17:40:00,Machine_A,63.11007934698836,2.462744288640035
2025-01-05 13:20:00,Machine_C,67.62599863966409,3.3585260888277326
2025-01-17 05:00:00,Machine_A,61.80643987295701,2.185415728304659
2025-01-15 21:20:00,Machine_B,63.74253985725055,2.7592838096217793
2025-01-12 15:50:00,Machine_C,67.0481767581122,3.0459585196352794
2025-01-30 23:40:00,Machine_C,61.852812205277054,2.297417284974241
2025-01-09 15:00:00,Machine_B,66.7862792712943,2.9619376389575365
2025-01-06 08:20:00,Machine_B,65.4357768954014,2.8131693943449427
2025-01-07 13:40:00,Machine_C,68.00354816218031,3.0981464852795613
2025-01-29 11:30:00,Machine_C,,3.0112720953450154
2025-01-01 22:30:00,Machine_B,60.467659191426144,2.00075900679193
2025-01-24 00:50:00,Machine_C,63.854012306126194,2.792971457125186
2025-01-05 06:40:00,Machine_C,67.60031755394893,3.190181049042825
2025-01-08 11:00:00,Machine_C,69.64319068860053,3.5875314411784744
2025-01-12 06:10:00,Machine_A,61.00204547312478,2.558481047397079
2025-01-15 17:00:00,Machine_B,66.9853654329096,3.72732241711617
2025-01-23 00:50:00,Machine_B,69.21608526313298,3.5206714903537346
2025-01-30 02:40:00,Machine_A,60.34612108424207,2.0980893179329603
2025-01-05 08:00:00,Machine_C,66.0254513923077,2.9782751092454074
2025-01-25 22:30:00,Machine_C,63.164931388434226,2.541251238571701
2025-01-10 22:00:00,Machine_B,61.00216132086131,2.3876158013776565
2025-01-16 18:50:00,Machine_C,65.03289684620975,2.9613128430588613
2025-01-06 17:40:00,Machine_B,65.59792649200882,2.5663509912371953
2025-01-09 12:40:00,Machine_C,68.74084204350498,
2025-01-01 11:10:00,Machine_B,67.91630817146708,3.1270120364725065
2025-01-10 04:30:00,Machine_A,61.04980930178314,2.4724465643852342
2025-01-08 16:30:00,Machine_A,62.49665956273889,2.568589769245753
2025-01-13 01:50:00,Machine_A,60.26395278194177,2.108502972978344
2025-01-22 04:20:00,Machine_B,70.42684778453958,4.093812012788428
2025-01-22 18:20:00,Machine_B,70.7826402386548,4.234423219638959
2025-01-21 16:50:00,Machine_B,72.30780468414743,4.072723459577465
2025-01-29 17:20:00,Machine_C,66.88695664846946,3.3671332520035535
2025-01-18 03:40:00,Machine_B,65.82566385030538,
2025-01-19 02:40:00,Machine_A,60.036497406593284,2.043170056912024
2025-01-10 14:10:00,Machine_B,66.72216617536121,3.299921109702473
2025-01-21 00:20:00,Machine_A,58.02782641439315,2.098102858950341
2025-01-07 01:50:00,Machine_B,60.3778414436373,2.130898271682954
2025-01-24 06:30:00,Machine_C,67.55292126212058,2.766903252296989
2025-01-18 03:10:00,Machine_C,63.03175941811847,2.3642550791857597
2025-01-07 05:10:00,Machine_A,61.761429261288356,2.393373987337023
2025-01-21 23:30:00,Machine_A,58.15941389552335,2.028001352212911
2025-01-21 14:40:00,Machine_A,63.224672910477615,2.9001387098377185
2025-01-11 00:40:00,Machine_C,,2.362143429950448
2025-01-20 10:30:00,Machine_C,69.91874691405465,3.304652111494044
2025-01-26 02:40:00,Machine_B,71.99543286671243,4.21142390807117
2025-01-24 11:10:00,Machine_A,64.83441826299448,2.9924626942068864
2025-01-14 03:30:00,Machine_C,64.42570831138036,2.5254543488102152
2025-01-06 17:40:00,Machine_C,66.27218867562986,3.1619590236980883
2025-01-27 08:20:00,Machine_C,67.82430406527808,3.087855625321236
2025-01-21 05:10:00,Machine_C,64.23425491464569,2.6673303166939903
2025-01-15 19:00:00,Machine_C,65.22502998036117,3.0830312760943697
2025-01-21 01:10:00,Machine_B,67.40179807853221,3.2901255397280043
2025-01-13 06:20:00,Machine_B,64.69604266846208,
2025-01-09 01:20:00,Machine_C,61.89614438996219,2.2914921164217215
2025-01-08 22:20:00,Machine_A,58.7078782757457,2.1883945206171878
2025-01-11 18:10:00,Machine_C,66.48554728126514,2.9986931714385068
2025-01-12 10:30:00,Machine_B,69.25594958023946,2.8393029775454095
2025-01-28 05:30:00,Machine_C,66.81272001593356,2.931344027467926
2025-01-27 15:00:00,Machine_A,63.69877432584921,2.8849243999291367
2025-01-09 22:10:00,Machine_B,61.644864694700566,2.2988301254469152
2025-01-26 05:40:00,Machine_B,73.16990866458323,4.590647837184424
2025-01-05 12:50:00,Machine_A,64.53181529792643,2.4638715852119693
2025-01-01 06:20:00,Machine_C,65.16857354682499,2.9449115483912145
2025-01-13 00:30:00,Machine_B,61.69357319637313,2.435511314051135
2025-01-28 16:40:00,Machine_A,64.73582713749981,2.4384993772051176
2025-01-16 09:30:00,Machine_B,71.22386651239128,3.678431000705632
2025-01-22 03:40:00,Machine_C,,2.873855068090292
2025-01-23 06:40:00,Machine_C,66.80524886395835,3.0421393309175944
2025-01-08 13:00:00,Machine_A,66.20496715523721,
2025-01-22 20:20:00,Machine_A,59.42638175691372,2.083742977262888
2025-01-05 08:50:00,Machine_C,,3.4011941243092725
2025-01-10 04:40:00,Machine_C,65.12425251223252,2.8254696193683166
2025-01-18 21:20:00,Machine_A,60.49018624008553,1.9256418368152377
2025-01-19 06:00:00,Machine_A,61.645564783097214,2.33379878521721
2025-01-28 08:40:00,Machine_B,76.54612059042684,4.944638881039369
2025-01-06 00:00:00,Machine_A,58.746241415113644,2.0398372469047947
2025-01-22 20:20:00,Machine_C,64.51587507659791,2.7117340638204337
2025-01-25 10:30:00,Machine_B,75.67104704649792,4.947597888207805
2025-01-25 17:30:00,Machine_B,74.60725188753396,4.551244194034398
2025-01-26 16:20:00,Machine_A,64.2256663739653,2.9719570596354346
2025-01-25 22:50:00,Machine_C,63.34432534608011,2.211396031893189
2025-01-11 22:10:00,Machine_B,62.12710612489061,2.282540404479106
2025-01-13 11:50:00,Machine_C,68.94681083533054,3.4717803883980003
2025-01-03 03:50:00,Machine_A,60.99847285237587,2.0611402736405404
2025-01-03 16:10:00,Machine_A,63.73643517550359,2.584628175612395
2025-01-01 16:30:00,Machine_A,63.151722306577696,2.1729049477550957
2025-01-19 20:30:00,Machine_C,64.58369974820863,2.613556127510751
2025-01-28 05:30:00,Machine_B,,4.369553913341137
2025-01-21 18:30:00,Machine_C,67.27068982427727,2.920204747108214
2025-01-18 15:40:00,Machine_B,69.45930851800527,3.754491692856618
2025-01-30 10:10:00,Machine_C,69.47979870962216,3.3248862127098557
2025-01-11 11:00:00,Machine_B,68.22638309148086,3.3875225044288695
2025-01-08 23:00:00,Machine_B,60.14857399001575,2.3819551725798562
2025-01-12 02:30:00,Machine_A,58.64086095599737,1.845162941589067
2025-01-15 18:00:00,Machine_B,67.12394855817588,3.3886807914371664
2025-01-18 02:10:00,Machine_C,63.2734963428545,2.639566708455039
2025-01-17 08:50:00,Machine_A,64.47927650052861,2.542510052318021
2025-01-03 03:50:00,Machine_C,64.43755064548402,3.0242991851664263
2025-01-05 19:30:00,Machine_B,62.90521063394943,
2025-01-21 16:10:00,Machine_C,66.82192070553248,2.8885698136167983
2025-01-01 10:30:00,Machine_A,64.27661306452497,2.8513707897516523
2025-01-20 09:00:00,Machine_B,71.85508832122919,4.10569457567009
2025-01-09 06:00:00,Machine_B,63.443583427914845,2.896661705711937
2025-01-01 07:50:00,Machine_A,64.46181792729774,2.61362013835699
2025-01-16 15:20:00,Machine_A,63.088816081861644,3.0749956941842265
2025-01-28 15:50:00,Machine_B,76.37063497346904,5.314038687822354
2025-01-25 16:20:00,Machine_C,67.35789664588101,3.2031123105378705
